2026-06-01 14:20:28,251 - baseUtils.py - INFO - 配置文件读取成功：E:\develop\PythonProject\OrangeHRM\Config\配置文件.ini
2026-06-01 14:20:28,251 - globalManager.py - INFO - 全局变量管理器初始化成功
2026-06-01 14:20:29,074 - baseUtils.py - INFO - 配置文件读取成功：E:\develop\PythonProject\OrangeHRM\Config\配置文件.ini
2026-06-01 14:20:29,074 - globalManager.py - INFO - 全局变量管理器初始化成功
2026-06-01 14:20:29,090 - runClient.py - INFO - 🔍 正在收集测试用例，请稍候...
2026-06-01 14:20:29,795 - baseUtils.py - INFO - 配置文件读取成功：E:\develop\PythonProject\OrangeHRM\Config\配置文件.ini
2026-06-01 14:20:29,796 - globalManager.py - INFO - 全局变量管理器初始化成功
2026-06-01 14:20:30,161 - baseUtils.py - INFO - 配置文件读取成功：E:\develop\PythonProject\OrangeHRM\Config\配置文件.ini
2026-06-01 14:20:30,756 - baseUtils.py - INFO - 配置文件读取成功：E:\develop\PythonProject\OrangeHRM\Config\配置文件.ini
2026-06-01 14:20:30,757 - baseUtils.py - INFO - 配置文件读取成功：E:\develop\PythonProject\OrangeHRM\Config\配置文件.ini
2026-06-01 14:20:31,111 - baseUtils.py - INFO - 配置文件读取成功：E:\develop\PythonProject\OrangeHRM\Config\配置文件.ini
2026-06-01 14:20:31,112 - baseData.py - INFO - 数据驱动读取成功：01登录接口
2026-06-01 14:20:31,114 - baseUtils.py - INFO - 配置文件读取成功：E:\develop\PythonProject\OrangeHRM\Config\配置文件.ini
2026-06-01 14:20:31,115 - baseData.py - INFO - 数据驱动读取成功：02添加员工接口
2026-06-01 14:20:31,116 - baseUtils.py - INFO - 配置文件读取成功：E:\develop\PythonProject\OrangeHRM\Config\配置文件.ini
2026-06-01 14:20:31,117 - baseData.py - INFO - 数据驱动读取成功：03指定查询
2026-06-01 14:20:31,118 - baseUtils.py - INFO - 配置文件读取成功：E:\develop\PythonProject\OrangeHRM\Config\配置文件.ini
2026-06-01 14:20:31,119 - baseData.py - INFO - 数据驱动读取成功：04删除员工
2026-06-01 14:20:31,124 - baseYaml.py - INFO - YAML写入成功：E:\develop\PythonProject\OrangeHRM\Data\Temp\tempcases.yaml
2026-06-01 14:20:31,124 - conftest.py - INFO - ✅ 用例信息已导出：E:\develop\PythonProject\OrangeHRM\Data\Temp\tempcases.yaml
2026-06-01 14:20:31,526 - runClient.py - INFO - ✅ 用例收集完成，启动用例选择器
2026-06-01 14:20:32,227 - baseUtils.py - INFO - 配置文件读取成功：E:\develop\PythonProject\OrangeHRM\Config\配置文件.ini
2026-06-01 14:20:32,228 - globalManager.py - INFO - 全局变量管理器初始化成功
2026-06-01 14:20:36,264 - baseYaml.py - INFO - YAML写入成功：E:\develop\PythonProject\OrangeHRM\Data\Temp\testcases.yaml
2026-06-01 14:20:36,264 - caseSelector.py - INFO - 用例导出成功：E:\develop\PythonProject\OrangeHRM\Data\Temp\testcases.yaml
2026-06-01 14:20:39,181 - runClient.py - INFO - 🚀 开始执行选中用例，共 18 条
2026-06-01 14:20:39,468 - baseUtils.py - INFO - 配置文件读取成功：E:\develop\PythonProject\OrangeHRM\Config\配置文件.ini
2026-06-01 14:20:39,633 - baseUtils.py - INFO - 配置文件读取成功：E:\develop\PythonProject\OrangeHRM\Config\配置文件.ini
2026-06-01 14:20:39,634 - baseUtils.py - INFO - 配置文件读取成功：E:\develop\PythonProject\OrangeHRM\Config\配置文件.ini
2026-06-01 14:20:40,457 - baseUtils.py - INFO - 配置文件读取成功：E:\develop\PythonProject\OrangeHRM\Config\配置文件.ini
2026-06-01 14:20:40,460 - baseData.py - INFO - 数据驱动读取成功：01登录接口
2026-06-01 14:20:40,463 - baseUtils.py - INFO - 配置文件读取成功：E:\develop\PythonProject\OrangeHRM\Config\配置文件.ini
2026-06-01 14:20:40,465 - baseData.py - INFO - 数据驱动读取成功：02添加员工接口
2026-06-01 14:20:40,466 - baseUtils.py - INFO - 配置文件读取成功：E:\develop\PythonProject\OrangeHRM\Config\配置文件.ini
2026-06-01 14:20:40,468 - baseData.py - INFO - 数据驱动读取成功：03指定查询
2026-06-01 14:20:40,470 - baseUtils.py - INFO - 配置文件读取成功：E:\develop\PythonProject\OrangeHRM\Config\配置文件.ini
2026-06-01 14:20:40,472 - baseData.py - INFO - 数据驱动读取成功：04删除员工
2026-06-01 14:20:40,490 - baseUtils.py - INFO - 配置文件读取成功：E:\develop\PythonProject\OrangeHRM\Config\配置文件.ini
2026-06-01 14:20:40,960 - baseAutoHttp.py - INFO - 【01登录页面接口信息:login_api】接口调用开始
2026-06-01 14:20:40,961 - baseData.py - INFO - 动态参数替换成功：{'_token': 'f.QJRLszSY8rkN3f4SGM-rko8uMgRl-EI1r_A2FidLfY0.FM4G_37-x8k0pZ9XbKDy8ftAZGIjvSRa3cgDWwosBMUIpgGDYM6TjGvwiQ', 'username': 'admin', 'password': 'Keepmoving624.'}
2026-06-01 14:20:40,962 - baseAutoHttp.py - INFO - 请求方式: POST
2026-06-01 14:20:40,962 - baseAutoHttp.py - INFO - 请求地址: http://127.0.0.1:8080/web/index.php/auth/validate
2026-06-01 14:20:40,962 - baseAutoHttp.py - INFO - 请求头: {'User-Agent': 'Mozilla/5.0 (Windows NT 10.0; Win64; x64) AppleWebKit/537.36 (KHTML, like Gecko) Chrome/148.0.0.0 Safari/537.36', 'Content-Type': 'application/x-www-form-urlencoded'}
2026-06-01 14:20:40,962 - baseAutoHttp.py - INFO - 请求参数: params=None | data={'_token': 'f.QJRLszSY8rkN3f4SGM-rko8uMgRl-EI1r_A2FidLfY0.FM4G_37-x8k0pZ9XbKDy8ftAZGIjvSRa3cgDWwosBMUIpgGDYM6TjGvwiQ', 'username': 'admin', 'password': 'Keepmoving624.'} | json=None
2026-06-01 14:20:41,535 - baseAutoHttp.py - INFO - 响应状态码: 200
2026-06-01 14:20:41,535 - baseAutoHttp.py - INFO - 响应耗时: 0.139403s
2026-06-01 14:20:41,535 - baseAutoHttp.py - INFO - 响应文本: <!DOCTYPE html>
<html>
<head>
  <meta charset="UTF-8">
  <meta http-equiv="X-UA-Compatible" content="IE=edge">
  <meta name="viewport" content="width=device-width,initial-scale=1">
  <title>OrangeHRM</title>
    <link rel="icon" href="/web/dist/favicon.ico?v=1775433284510">
  <link href="/web/dist/css/chunk-vendors.css?v=1775433284510" rel="preload" as="style">
  <link href="/web/dist/css/app.css?v=1775433284510" rel="preload" as="style">
  <link href="/web/dist/js/chunk-vendors.js?v=1775433284510" rel="preload" as="script">
  <link href="/web/dist/js/app.js?v=1775433284510" rel="preload" as="script">
    <link href="/web/dist/css/chunk-vendors.css?v=1775433284510" rel="stylesheet"/>
  <link href="/web/dist/css/app.css?v=1775433284510" rel="stylesheet"/>
</head>
<body>
  <style>
    :root {
            --oxd-primary-one-color:#FF7B1D;
            --oxd-primary-font-color:#FFFFFF;
            --oxd-secondary-four-color:#76BC21;
            --oxd-secondary-font-color:#FFFFFF;
            --oxd-primary-gradient-start-color:#FF920B;
            --oxd-primary-gradient-end-color:#F35C17;
            --oxd-secondary-gradient-start-color:#FF920B;
            --oxd-secondary-gradient-end-color:#F35C17;
            --oxd-primary-one-lighten-5-color:#ff8a37;
            --oxd-primary-one-lighten-30-color:#ffd4b6;
            --oxd-primary-one-darken-5-color:#ff6c03;
            --oxd-primary-one-alpha-10-color:rgba(255, 123, 29, 0.1);
            --oxd-primary-one-alpha-15-color:rgba(255, 123, 29, 0.15);
            --oxd-primary-one-alpha-20-color:rgba(255, 123, 29, 0.2);
            --oxd-primary-one-alpha-50-color:rgba(255, 123, 29, 0.5);
            --oxd-secondary-four-lighten-5-color:#84d225;
            --oxd-secondary-four-darken-5-color:#68a61d;
            --oxd-secondary-four-alpha-10-color:rgba(118, 188, 33, 0.1);
            --oxd-secondary-four-alpha-15-color:rgba(118, 188, 33, 0.15);
            --oxd-secondary-four-alpha-20-color:rgba(118, 188, 33, 0.2);
            --oxd-secondary-four-alpha-50-color:rgba(118, 188, 33, 0.5);
        }
  </style>
  <noscript>
    <strong>
      We're sorry but orangehrm doesn't work properly without JavaScript enabled. Please enable it to continue.
    </strong>
  </noscript>

  <div id="app">
    <oxd-layout
        home-url="https://www.orangehrm.com/"
        :sidepanel-menu-items="[{&quot;id&quot;:1,&quot;name&quot;:&quot;\u7ba1\u7406\u5458&quot;,&quot;url&quot;:&quot;\/web\/index.php\/admin\/viewAdminModule&quot;,&quot;icon&quot;:&quot;admin&quot;},{&quot;id&quot;:30,&quot;name&quot;:&quot;\u4e2a\u4eba\u4fe1\u606f\u7ba1\u7406\u7cfb\u7edf&quot;,&quot;url&quot;:&quot;\/web\/index.php\/pim\/viewPimModule&quot;,&quot;icon&quot;:&quot;pim&quot;},{&quot;id&quot;:41,&quot;name&quot;:&quot;\u4f11\u5047&quot;,&quot;url&quot;:&quot;\/web\/index.php\/leave\/viewLeaveModule&quot;,&quot;icon&quot;:&quot;leave&quot;},{&quot;id&quot;:52,&quot;name&quot;:&quot;\u65f6\u95f4&quot;,&quot;url&quot;:&quot;\/web\/index.php\/time\/viewTimeModule&quot;,&quot;icon&quot;:&quot;time&quot;},{&quot;id&quot;:65,&quot;name&quot;:&quot;\u62db\u8058&quot;,&quot;url&quot;:&quot;\/web\/index.php\/recruitment\/viewRecruitmentModule&quot;,&quot;icon&quot;:&quot;recruitment&quot;},{&quot;id&quot;:40,&quot;name&quot;:&quot;\u6211\u7684\u4fe1\u606f&quot;,&quot;url&quot;:&quot;\/web\/index.php\/pim\/viewMyDetails&quot;,&quot;icon&quot;:&quot;myinfo&quot;},{&quot;id&quot;:83,&quot;name&quot;:&quot;\u7ee9\u6548&quot;,&quot;url&quot;:&quot;\/web\/index.php\/performance\/viewPerformanceModule&quot;,&quot;icon&quot;:&quot;performance&quot;},{&quot;id&quot;:82,&quot;name&quot;:&quot;\u4eea\u8868\u76d8&quot;,&quot;url&quot;:&quot;\/web\/index.php\/dashboard\/index&quot;,&quot;icon&quot;:&quot;dashboard&quot;,&quot;active&quot;:true},{&quot;id&quot;:93,&quot;name&quot;:&quot;Directory&quot;,&quot;url&quot;:&quot;\/web\/index.php\/directory\/viewDirectory&quot;,&quot;icon&quot;:&quot;directory&quot;},{&quot;id&quot;:96,&quot;name&quot;:&quot;Maintenance&quot;,&quot;url&quot;:&quot;\/web\/index.php\/maintenance\/viewMaintenanceModule&quot;,&quot;icon&quot;:&quot;maintenance&quot;},{&quot;id&quot;:105,&quot;name&quot;:&quot;Claim&quot;,&quot;url&quot;:&quot;\/web\/index.php\/claim\/viewClaimModule&quot;,&quot;icon&quot;:&quot;claim&quot;},{&quot;id&quot;:101,&quot;name&quot;:&quot;\u6fc0\u52a8&quot;,&quot;url&quot;:&quot;\/web\/index.php\/buzz\/viewBuzz&quot;,&quot;icon&quot;:&quot;buzz&quot;}]"
        :topbar-menu-items="[]"
        :user="{&quot;firstName&quot;:&quot;\u8c22&quot;,&quot;lastName&quot;:&quot;\u5b89&quot;,&quot;profImgSrc&quot;:&quot;\/web\/index.php\/pim\/viewPhoto\/empNumber\/1&quot;,&quot;hasPassword&quot;:true}"
        brand-logo-src="/web/images/orange.png?v=1775433284510"
        brand-banner-src="/web/images/orangehrm-logo.png?v=1775433284510"
        logout-url="/web/index.php/auth/logout"
        support-url="/web/index.php/help/support"
        :update-password-url="&quot;/web/index.php/pim/updatePassword&quot;"
        :permissions="{&quot;dashboard_buzz_widget&quot;:{&quot;canRead&quot;:true,&quot;canCreate&quot;:false,&quot;canUpdate&quot;:false,&quot;canDelete&quot;:false},&quot;dashboard_employees_on_leave_today_config&quot;:{&quot;canRead&quot;:true,&quot;canCreate&quot;:false,&quot;canUpdate&quot;:true,&quot;canDelete&quot;:false},&quot;dashboard_leave_widget&quot;:{&quot;canRead&quot;:true,&quot;canCreate&quot;:false,&quot;canUpdate&quot;:false,&quot;canDelete&quot;:false},&quot;dashboard_location_widget&quot;:{&quot;canRead&quot;:true,&quot;canCreate&quot;:false,&quot;canUpdate&quot;:false,&quot;canDelete&quot;:false},&quot;dashboard_subunit_widget&quot;:{&quot;canRead&quot;:true,&quot;canCreate&quot;:false,&quot;canUpdate&quot;:false,&quot;canDelete&quot;:false},&quot;dashboard_time_widget&quot;:{&quot;canRead&quot;:true,&quot;canCreate&quot;:false,&quot;canUpdate&quot;:false,&quot;canDelete&quot;:false}}"
        :breadcrumb="{&quot;moduleName&quot;:&quot;\u4eea\u8868\u76d8&quot;,&quot;level&quot;:null}"
        :date-format="{&quot;id&quot;:&quot;Y-m-d&quot;,&quot;label&quot;:&quot;yyyy-mm-dd&quot;}"
        help-url="/web/index.php/help/help?label=dashboard_index"
        :show-upgrade="1"
    >
      <view-dashboard
            >
    </view-dashboard>
    <template v-slot:footer><oxd-text tag="p" class="orangehrm-copyright">OrangeHRM OS 5.8.1</oxd-text>
<oxd-text tag="p" class="orangehrm-copyright">&copy; 2005 - 2026 <a href="http://www.orangehrm.com" target="_blank">OrangeHRM, Inc</a>. All rights reserved.</oxd-text>
<br></template>
    </oxd-layout>
  </div>
  <script type="text/javascript">
      window.appGlobal = {
        baseUrl: "/web/index.php",
        publicPath: "/web",
      };
  </script>
  <script src="/web/dist/js/chunk-vendors.js?v=1775433284510"></script>
  <script src="/web/dist/js/app.js?v=1775433284510"></script>
</body>
</html>

2026-06-01 14:20:41,535 - baseAutoHttp.py - INFO - 【01登录页面接口信息:login_api】接口调用结束

2026-06-01 14:20:41,535 - web_login_page.py - INFO - 【管理员正常登录】断言成功
2026-06-01 14:20:41,535 - baseAutoHttp.py - INFO - 接口会话已关闭
2026-06-01 14:20:41,536 - test_web_ohrm.py - INFO - 【管理员正常登录】用例执行成功
2026-06-01 14:20:41,542 - baseUtils.py - INFO - 配置文件读取成功：E:\develop\PythonProject\OrangeHRM\Config\配置文件.ini
2026-06-01 14:20:41,617 - baseAutoHttp.py - INFO - 【02登录页面未携带token:login_not_token_api】接口调用开始
2026-06-01 14:20:41,619 - baseData.py - INFO - 动态参数替换成功：{'username': 'admin', 'password': 'Keepmoving624.'}
2026-06-01 14:20:41,619 - baseAutoHttp.py - INFO - 请求方式: POST
2026-06-01 14:20:41,619 - baseAutoHttp.py - INFO - 请求地址: http://127.0.0.1:8080/web/index.php/auth/validate
2026-06-01 14:20:41,619 - baseAutoHttp.py - INFO - 请求头: {'User-Agent': 'Mozilla/5.0 (Windows NT 10.0; Win64; x64) AppleWebKit/537.36 (KHTML, like Gecko) Chrome/148.0.0.0 Safari/537.36', 'Content-Type': 'application/x-www-form-urlencoded'}
2026-06-01 14:20:41,619 - baseAutoHttp.py - INFO - 请求参数: params=None | data={'username': 'admin', 'password': 'Keepmoving624.'} | json=None
2026-06-01 14:20:41,808 - baseAutoHttp.py - INFO - 响应状态码: 200
2026-06-01 14:20:41,808 - baseAutoHttp.py - INFO - 响应耗时: 0.09658s
2026-06-01 14:20:41,808 - baseAutoHttp.py - INFO - 响应文本: <!DOCTYPE html>
<html>
<head>
  <meta charset="UTF-8">
  <meta http-equiv="X-UA-Compatible" content="IE=edge">
  <meta name="viewport" content="width=device-width,initial-scale=1">
  <title>OrangeHRM</title>
      <link rel="icon" href="/web/dist/favicon.ico?v=1775433284510">
    <link href="/web/dist/css/chunk-vendors.css?v=1775433284510" rel="preload" as="style">
    <link href="/web/dist/css/app.css?v=1775433284510" rel="preload" as="style">
    <link href="/web/dist/js/chunk-vendors.js?v=1775433284510" rel="preload" as="script">
    <link href="/web/dist/js/app.js?v=1775433284510" rel="preload" as="script">
      <link href="/web/dist/css/chunk-vendors.css?v=1775433284510" rel="stylesheet"/>
    <link href="/web/dist/css/app.css?v=1775433284510" rel="stylesheet"/>
</head>
<body>
  <style>
    :root {
            --oxd-primary-one-color:#FF7B1D;
            --oxd-primary-font-color:#FFFFFF;
            --oxd-secondary-four-color:#76BC21;
            --oxd-secondary-font-color:#FFFFFF;
            --oxd-primary-gradient-start-color:#FF920B;
            --oxd-primary-gradient-end-color:#F35C17;
            --oxd-secondary-gradient-start-color:#FF920B;
            --oxd-secondary-gradient-end-color:#F35C17;
            --oxd-primary-one-lighten-5-color:#ff8a37;
            --oxd-primary-one-lighten-30-color:#ffd4b6;
            --oxd-primary-one-darken-5-color:#ff6c03;
            --oxd-primary-one-alpha-10-color:rgba(255, 123, 29, 0.1);
            --oxd-primary-one-alpha-15-color:rgba(255, 123, 29, 0.15);
            --oxd-primary-one-alpha-20-color:rgba(255, 123, 29, 0.2);
            --oxd-primary-one-alpha-50-color:rgba(255, 123, 29, 0.5);
            --oxd-secondary-four-lighten-5-color:#84d225;
            --oxd-secondary-four-darken-5-color:#68a61d;
            --oxd-secondary-four-alpha-10-color:rgba(118, 188, 33, 0.1);
            --oxd-secondary-four-alpha-15-color:rgba(118, 188, 33, 0.15);
            --oxd-secondary-four-alpha-20-color:rgba(118, 188, 33, 0.2);
            --oxd-secondary-four-alpha-50-color:rgba(118, 188, 33, 0.5);
        }
  </style>
    <noscript>
        <strong>
            We're sorry but orangehrm doesn't work properly without JavaScript enabled. Please enable it to continue.
        </strong>
    </noscript>

    <div id="app">
    <auth-login
            :error="{&quot;error&quot;:&quot;invalid_csrf_token&quot;,&quot;message&quot;:&quot;CSRF token validation failed&quot;}"
            :token="&quot;6e24763a3c08ca8aa36942cf7ce.-t560IlAFhLJW5YrGs-hZMBOmx5NZhwVGV30gxdQx1k.j6s3uMwaVUCIOaZ9V6LPSZUYzFcYBUZWLjCCwVFirBHCqR2V-nRRVpsYxw&quot;"
            :login-logo-src="&quot;\/web\/images\/ohrm_logo.png&quot;"
            :login-banner-src="&quot;\/web\/images\/ohrm_branding.png?v=1775433284510&quot;"
            :show-social-media="true"
            :is-demo-mode="false"
            :authenticators="[]"
        >
    <template v-slot:footer>
        <div class="orangehrm-copyright-wrapper">
            <oxd-text tag="p" class="orangehrm-copyright">OrangeHRM OS 5.8.1</oxd-text>
<oxd-text tag="p" class="orangehrm-copyright">&copy; 2005 - 2026 <a href="http://www.orangehrm.com" target="_blank">OrangeHRM, Inc</a>. All rights reserved.</oxd-text>
        </div>
    </template>
    </auth-login>
    </div>
    <script type="text/javascript">
        window.appGlobal = {
          baseUrl: "/web/index.php",
          publicPath: "/web",
        };
    </script>
    <script src="/web/dist/js/chunk-vendors.js?v=1775433284510"></script>
    <script src="/web/dist/js/app.js?v=1775433284510"></script>
</body>
</html>

2026-06-01 14:20:41,808 - baseAutoHttp.py - INFO - 【02登录页面未携带token:login_not_token_api】接口调用结束

2026-06-01 14:20:41,808 - web_login_page.py - INFO - 【未携带CSRF令牌】断言成功
2026-06-01 14:20:41,808 - baseAutoHttp.py - INFO - 接口会话已关闭
2026-06-01 14:20:41,809 - test_web_ohrm.py - INFO - 【未携带CSRF令牌】用例执行成功
2026-06-01 14:20:41,814 - baseUtils.py - INFO - 配置文件读取成功：E:\develop\PythonProject\OrangeHRM\Config\配置文件.ini
2026-06-01 14:20:41,940 - baseAutoHttp.py - INFO - 【01登录页面接口信息:login_api】接口调用开始
2026-06-01 14:20:41,942 - baseData.py - INFO - 动态参数替换成功：{'_token': '56.YVPZ29Mu1_fOrj-3zZ5cAs9KtXL-HBlRseU9Rbf6yA8.Uhn0jv5KsMSLwXHznvsuSq1-4UKVW0wZ5NxIFI-umGY3aqicvFuTsozbBw', 'username': 'admin', 'password': 'Keepmoving624.'}
2026-06-01 14:20:41,942 - baseAutoHttp.py - INFO - 请求方式: POST
2026-06-01 14:20:41,942 - baseAutoHttp.py - INFO - 请求地址: http://127.0.0.1:8080/web/index.php/auth/validate
2026-06-01 14:20:41,942 - baseAutoHttp.py - INFO - 请求头: {'User-Agent': 'Mozilla/5.0 (Windows NT 10.0; Win64; x64) AppleWebKit/537.36 (KHTML, like Gecko) Chrome/148.0.0.0 Safari/537.36', 'Content-Type': 'application/x-www-form-urlencoded'}
2026-06-01 14:20:41,942 - baseAutoHttp.py - INFO - 请求参数: params=None | data={'_token': '56.YVPZ29Mu1_fOrj-3zZ5cAs9KtXL-HBlRseU9Rbf6yA8.Uhn0jv5KsMSLwXHznvsuSq1-4UKVW0wZ5NxIFI-umGY3aqicvFuTsozbBw', 'username': 'admin', 'password': 'Keepmoving624.'} | json=None
2026-06-01 14:20:42,030 - baseAutoHttp.py - INFO - 响应状态码: 200
2026-06-01 14:20:42,031 - baseAutoHttp.py - INFO - 响应耗时: 0.049652s
2026-06-01 14:20:42,031 - baseAutoHttp.py - INFO - 响应文本: <!DOCTYPE html>
<html>
<head>
  <meta charset="UTF-8">
  <meta http-equiv="X-UA-Compatible" content="IE=edge">
  <meta name="viewport" content="width=device-width,initial-scale=1">
  <title>OrangeHRM</title>
      <link rel="icon" href="/web/dist/favicon.ico?v=1775433284510">
    <link href="/web/dist/css/chunk-vendors.css?v=1775433284510" rel="preload" as="style">
    <link href="/web/dist/css/app.css?v=1775433284510" rel="preload" as="style">
    <link href="/web/dist/js/chunk-vendors.js?v=1775433284510" rel="preload" as="script">
    <link href="/web/dist/js/app.js?v=1775433284510" rel="preload" as="script">
      <link href="/web/dist/css/chunk-vendors.css?v=1775433284510" rel="stylesheet"/>
    <link href="/web/dist/css/app.css?v=1775433284510" rel="stylesheet"/>
</head>
<body>
  <style>
    :root {
            --oxd-primary-one-color:#FF7B1D;
            --oxd-primary-font-color:#FFFFFF;
            --oxd-secondary-four-color:#76BC21;
            --oxd-secondary-font-color:#FFFFFF;
            --oxd-primary-gradient-start-color:#FF920B;
            --oxd-primary-gradient-end-color:#F35C17;
            --oxd-secondary-gradient-start-color:#FF920B;
            --oxd-secondary-gradient-end-color:#F35C17;
            --oxd-primary-one-lighten-5-color:#ff8a37;
            --oxd-primary-one-lighten-30-color:#ffd4b6;
            --oxd-primary-one-darken-5-color:#ff6c03;
            --oxd-primary-one-alpha-10-color:rgba(255, 123, 29, 0.1);
            --oxd-primary-one-alpha-15-color:rgba(255, 123, 29, 0.15);
            --oxd-primary-one-alpha-20-color:rgba(255, 123, 29, 0.2);
            --oxd-primary-one-alpha-50-color:rgba(255, 123, 29, 0.5);
            --oxd-secondary-four-lighten-5-color:#84d225;
            --oxd-secondary-four-darken-5-color:#68a61d;
            --oxd-secondary-four-alpha-10-color:rgba(118, 188, 33, 0.1);
            --oxd-secondary-four-alpha-15-color:rgba(118, 188, 33, 0.15);
            --oxd-secondary-four-alpha-20-color:rgba(118, 188, 33, 0.2);
            --oxd-secondary-four-alpha-50-color:rgba(118, 188, 33, 0.5);
        }
  </style>
    <noscript>
        <strong>
            We're sorry but orangehrm doesn't work properly without JavaScript enabled. Please enable it to continue.
        </strong>
    </noscript>

    <div id="app">
    <auth-login
            :error="{&quot;error&quot;:&quot;invalid_csrf_token&quot;,&quot;message&quot;:&quot;CSRF token validation failed&quot;}"
            :token="&quot;1c78defa2c.acDWRs6jG55F9zkYC5QfNrSoGbdkYLev71D0Z_7IDao.GqbuMZnFVfQQom41RddKA-LZbO82JuT83GDBU4TxfclY-bd2lO586g_AeA&quot;"
            :login-logo-src="&quot;\/web\/images\/ohrm_logo.png&quot;"
            :login-banner-src="&quot;\/web\/images\/ohrm_branding.png?v=1775433284510&quot;"
            :show-social-media="true"
            :is-demo-mode="false"
            :authenticators="[]"
        >
    <template v-slot:footer>
        <div class="orangehrm-copyright-wrapper">
            <oxd-text tag="p" class="orangehrm-copyright">OrangeHRM OS 5.8.1</oxd-text>
<oxd-text tag="p" class="orangehrm-copyright">&copy; 2005 - 2026 <a href="http://www.orangehrm.com" target="_blank">OrangeHRM, Inc</a>. All rights reserved.</oxd-text>
        </div>
    </template>
    </auth-login>
    </div>
    <script type="text/javascript">
        window.appGlobal = {
          baseUrl: "/web/index.php",
          publicPath: "/web",
        };
    </script>
    <script src="/web/dist/js/chunk-vendors.js?v=1775433284510"></script>
    <script src="/web/dist/js/app.js?v=1775433284510"></script>
</body>
</html>

2026-06-01 14:20:42,031 - baseAutoHttp.py - INFO - 【01登录页面接口信息:login_api】接口调用结束

2026-06-01 14:20:42,031 - web_login_page.py - INFO - 【跨会话使用Token】断言成功
2026-06-01 14:20:42,031 - baseAutoHttp.py - INFO - 接口会话已关闭
2026-06-01 14:20:42,032 - test_web_ohrm.py - INFO - 【携带过期CSRF令牌】用例执行成功
2026-06-01 14:20:42,038 - baseUtils.py - INFO - 配置文件读取成功：E:\develop\PythonProject\OrangeHRM\Config\配置文件.ini
2026-06-01 14:20:42,038 - baseAutoHttp.py - INFO - 【01登录页面接口信息:login_api】接口调用开始
2026-06-01 14:20:42,039 - baseData.py - INFO - 动态参数替换成功：{'_token': 'JKqQKp4Jf^GdHs9d!N54', 'username': 'admin', 'password': 'Keepmoving624.'}
2026-06-01 14:20:42,039 - baseAutoHttp.py - INFO - 请求方式: POST
2026-06-01 14:20:42,039 - baseAutoHttp.py - INFO - 请求地址: http://127.0.0.1:8080/web/index.php/auth/validate
2026-06-01 14:20:42,039 - baseAutoHttp.py - INFO - 请求头: {'User-Agent': 'Mozilla/5.0 (Windows NT 10.0; Win64; x64) AppleWebKit/537.36 (KHTML, like Gecko) Chrome/148.0.0.0 Safari/537.36', 'Content-Type': 'application/x-www-form-urlencoded'}
2026-06-01 14:20:42,039 - baseAutoHttp.py - INFO - 请求参数: params=None | data={'_token': 'JKqQKp4Jf^GdHs9d!N54', 'username': 'admin', 'password': 'Keepmoving624.'} | json=None
2026-06-01 14:20:42,179 - baseAutoHttp.py - INFO - 响应状态码: 200
2026-06-01 14:20:42,180 - baseAutoHttp.py - INFO - 响应耗时: 0.075464s
2026-06-01 14:20:42,180 - baseAutoHttp.py - INFO - 响应文本: <!DOCTYPE html>
<html>
<head>
  <meta charset="UTF-8">
  <meta http-equiv="X-UA-Compatible" content="IE=edge">
  <meta name="viewport" content="width=device-width,initial-scale=1">
  <title>OrangeHRM</title>
      <link rel="icon" href="/web/dist/favicon.ico?v=1775433284510">
    <link href="/web/dist/css/chunk-vendors.css?v=1775433284510" rel="preload" as="style">
    <link href="/web/dist/css/app.css?v=1775433284510" rel="preload" as="style">
    <link href="/web/dist/js/chunk-vendors.js?v=1775433284510" rel="preload" as="script">
    <link href="/web/dist/js/app.js?v=1775433284510" rel="preload" as="script">
      <link href="/web/dist/css/chunk-vendors.css?v=1775433284510" rel="stylesheet"/>
    <link href="/web/dist/css/app.css?v=1775433284510" rel="stylesheet"/>
</head>
<body>
  <style>
    :root {
            --oxd-primary-one-color:#FF7B1D;
            --oxd-primary-font-color:#FFFFFF;
            --oxd-secondary-four-color:#76BC21;
            --oxd-secondary-font-color:#FFFFFF;
            --oxd-primary-gradient-start-color:#FF920B;
            --oxd-primary-gradient-end-color:#F35C17;
            --oxd-secondary-gradient-start-color:#FF920B;
            --oxd-secondary-gradient-end-color:#F35C17;
            --oxd-primary-one-lighten-5-color:#ff8a37;
            --oxd-primary-one-lighten-30-color:#ffd4b6;
            --oxd-primary-one-darken-5-color:#ff6c03;
            --oxd-primary-one-alpha-10-color:rgba(255, 123, 29, 0.1);
            --oxd-primary-one-alpha-15-color:rgba(255, 123, 29, 0.15);
            --oxd-primary-one-alpha-20-color:rgba(255, 123, 29, 0.2);
            --oxd-primary-one-alpha-50-color:rgba(255, 123, 29, 0.5);
            --oxd-secondary-four-lighten-5-color:#84d225;
            --oxd-secondary-four-darken-5-color:#68a61d;
            --oxd-secondary-four-alpha-10-color:rgba(118, 188, 33, 0.1);
            --oxd-secondary-four-alpha-15-color:rgba(118, 188, 33, 0.15);
            --oxd-secondary-four-alpha-20-color:rgba(118, 188, 33, 0.2);
            --oxd-secondary-four-alpha-50-color:rgba(118, 188, 33, 0.5);
        }
  </style>
    <noscript>
        <strong>
            We're sorry but orangehrm doesn't work properly without JavaScript enabled. Please enable it to continue.
        </strong>
    </noscript>

    <div id="app">
    <auth-login
            :error="{&quot;error&quot;:&quot;invalid_csrf_token&quot;,&quot;message&quot;:&quot;CSRF token validation failed&quot;}"
            :token="&quot;7309b.hNw_yDinYiV980la6M5J-CoeR87TSxSFS9yM9OENm9Q.6O5ckGrXEHwrgAYqkqcgzXx7FrixDljJA7XEl6t-64XeqAexf-E4TUTGJg&quot;"
            :login-logo-src="&quot;\/web\/images\/ohrm_logo.png&quot;"
            :login-banner-src="&quot;\/web\/images\/ohrm_branding.png?v=1775433284510&quot;"
            :show-social-media="true"
            :is-demo-mode="false"
            :authenticators="[]"
        >
    <template v-slot:footer>
        <div class="orangehrm-copyright-wrapper">
            <oxd-text tag="p" class="orangehrm-copyright">OrangeHRM OS 5.8.1</oxd-text>
<oxd-text tag="p" class="orangehrm-copyright">&copy; 2005 - 2026 <a href="http://www.orangehrm.com" target="_blank">OrangeHRM, Inc</a>. All rights reserved.</oxd-text>
        </div>
    </template>
    </auth-login>
    </div>
    <script type="text/javascript">
        window.appGlobal = {
          baseUrl: "/web/index.php",
          publicPath: "/web",
        };
    </script>
    <script src="/web/dist/js/chunk-vendors.js?v=1775433284510"></script>
    <script src="/web/dist/js/app.js?v=1775433284510"></script>
</body>
</html>

2026-06-01 14:20:42,180 - baseAutoHttp.py - INFO - 【01登录页面接口信息:login_api】接口调用结束

2026-06-01 14:20:42,180 - web_login_page.py - INFO - 【携带错误格式Token】断言成功
2026-06-01 14:20:42,180 - baseAutoHttp.py - INFO - 接口会话已关闭
2026-06-01 14:20:42,180 - test_web_ohrm.py - INFO - 【携带错误格式Token】用例执行成功
2026-06-01 14:20:42,188 - baseUtils.py - INFO - 配置文件读取成功：E:\develop\PythonProject\OrangeHRM\Config\配置文件.ini
2026-06-01 14:20:42,236 - baseAutoHttp.py - INFO - 【01登录页面接口信息:login_api】接口调用开始
2026-06-01 14:20:42,237 - baseData.py - INFO - 动态参数替换成功：{'_token': '197ca06df6.6UMEtIQ0dD_0y_jMguwKlHnA4dIQ1zspI8p0QChdCW0.gwky_ecEBX6OqZv05604xQGPpZVXu1oRdJoQJ3lpaAufEjDg_EQ1d5abkw', 'username': 'wrong', 'password': 'wrong'}
2026-06-01 14:20:42,238 - baseAutoHttp.py - INFO - 请求方式: POST
2026-06-01 14:20:42,238 - baseAutoHttp.py - INFO - 请求地址: http://127.0.0.1:8080/web/index.php/auth/validate
2026-06-01 14:20:42,238 - baseAutoHttp.py - INFO - 请求头: {'User-Agent': 'Mozilla/5.0 (Windows NT 10.0; Win64; x64) AppleWebKit/537.36 (KHTML, like Gecko) Chrome/148.0.0.0 Safari/537.36', 'Content-Type': 'application/x-www-form-urlencoded'}
2026-06-01 14:20:42,238 - baseAutoHttp.py - INFO - 请求参数: params=None | data={'_token': '197ca06df6.6UMEtIQ0dD_0y_jMguwKlHnA4dIQ1zspI8p0QChdCW0.gwky_ecEBX6OqZv05604xQGPpZVXu1oRdJoQJ3lpaAufEjDg_EQ1d5abkw', 'username': 'wrong', 'password': 'wrong'} | json=None
2026-06-01 14:20:42,339 - baseAutoHttp.py - INFO - 响应状态码: 200
2026-06-01 14:20:42,339 - baseAutoHttp.py - INFO - 响应耗时: 0.04804s
2026-06-01 14:20:42,339 - baseAutoHttp.py - INFO - 响应文本: <!DOCTYPE html>
<html>
<head>
  <meta charset="UTF-8">
  <meta http-equiv="X-UA-Compatible" content="IE=edge">
  <meta name="viewport" content="width=device-width,initial-scale=1">
  <title>OrangeHRM</title>
      <link rel="icon" href="/web/dist/favicon.ico?v=1775433284510">
    <link href="/web/dist/css/chunk-vendors.css?v=1775433284510" rel="preload" as="style">
    <link href="/web/dist/css/app.css?v=1775433284510" rel="preload" as="style">
    <link href="/web/dist/js/chunk-vendors.js?v=1775433284510" rel="preload" as="script">
    <link href="/web/dist/js/app.js?v=1775433284510" rel="preload" as="script">
      <link href="/web/dist/css/chunk-vendors.css?v=1775433284510" rel="stylesheet"/>
    <link href="/web/dist/css/app.css?v=1775433284510" rel="stylesheet"/>
</head>
<body>
  <style>
    :root {
            --oxd-primary-one-color:#FF7B1D;
            --oxd-primary-font-color:#FFFFFF;
            --oxd-secondary-four-color:#76BC21;
            --oxd-secondary-font-color:#FFFFFF;
            --oxd-primary-gradient-start-color:#FF920B;
            --oxd-primary-gradient-end-color:#F35C17;
            --oxd-secondary-gradient-start-color:#FF920B;
            --oxd-secondary-gradient-end-color:#F35C17;
            --oxd-primary-one-lighten-5-color:#ff8a37;
            --oxd-primary-one-lighten-30-color:#ffd4b6;
            --oxd-primary-one-darken-5-color:#ff6c03;
            --oxd-primary-one-alpha-10-color:rgba(255, 123, 29, 0.1);
            --oxd-primary-one-alpha-15-color:rgba(255, 123, 29, 0.15);
            --oxd-primary-one-alpha-20-color:rgba(255, 123, 29, 0.2);
            --oxd-primary-one-alpha-50-color:rgba(255, 123, 29, 0.5);
            --oxd-secondary-four-lighten-5-color:#84d225;
            --oxd-secondary-four-darken-5-color:#68a61d;
            --oxd-secondary-four-alpha-10-color:rgba(118, 188, 33, 0.1);
            --oxd-secondary-four-alpha-15-color:rgba(118, 188, 33, 0.15);
            --oxd-secondary-four-alpha-20-color:rgba(118, 188, 33, 0.2);
            --oxd-secondary-four-alpha-50-color:rgba(118, 188, 33, 0.5);
        }
  </style>
    <noscript>
        <strong>
            We're sorry but orangehrm doesn't work properly without JavaScript enabled. Please enable it to continue.
        </strong>
    </noscript>

    <div id="app">
    <auth-login
            :error="{&quot;error&quot;:&quot;invalid_credentials&quot;,&quot;message&quot;:&quot;Invalid credentials&quot;}"
            :token="&quot;864e4ef9211d8c6972cc0fb2116993.fcQb41W-fj7zbEOIrUUcRkk84ICPZcqgVYaQzW58NVQ.F44tqjaOD3-JDiCwyAQuFzFzpMfICauYAtb0qj9IVDILlS-3Lc4_dpE8KA&quot;"
            :login-logo-src="&quot;\/web\/images\/ohrm_logo.png&quot;"
            :login-banner-src="&quot;\/web\/images\/ohrm_branding.png?v=1775433284510&quot;"
            :show-social-media="true"
            :is-demo-mode="false"
            :authenticators="[]"
        >
    <template v-slot:footer>
        <div class="orangehrm-copyright-wrapper">
            <oxd-text tag="p" class="orangehrm-copyright">OrangeHRM OS 5.8.1</oxd-text>
<oxd-text tag="p" class="orangehrm-copyright">&copy; 2005 - 2026 <a href="http://www.orangehrm.com" target="_blank">OrangeHRM, Inc</a>. All rights reserved.</oxd-text>
        </div>
    </template>
    </auth-login>
    </div>
    <script type="text/javascript">
        window.appGlobal = {
          baseUrl: "/web/index.php",
          publicPath: "/web",
        };
    </script>
    <script src="/web/dist/js/chunk-vendors.js?v=1775433284510"></script>
    <script src="/web/dist/js/app.js?v=1775433284510"></script>
</body>
</html>

2026-06-01 14:20:42,339 - baseAutoHttp.py - INFO - 【01登录页面接口信息:login_api】接口调用结束

2026-06-01 14:20:42,339 - web_login_page.py - INFO - 【wrong/wrong】断言成功
2026-06-01 14:20:42,339 - baseAutoHttp.py - INFO - 接口会话已关闭
2026-06-01 14:20:42,339 - test_web_ohrm.py - INFO - 【错误用户名/密码】用例执行成功
2026-06-01 14:20:42,345 - baseUtils.py - INFO - 配置文件读取成功：E:\develop\PythonProject\OrangeHRM\Config\配置文件.ini
2026-06-01 14:20:42,398 - baseAutoHttp.py - INFO - 【01登录页面接口信息:login_api】接口调用开始
2026-06-01 14:20:42,399 - baseData.py - INFO - 动态参数替换成功：{'_token': '7bcf833b9428e2b4800abab78244c00.fnI0h8Dr8SOvwB5_7qdmDKKftcD3Wiz-dSu8ZlTf894.NjVy7POzi2HEpGYpu81eQdju07W4LU-2LwbtNSarm7cSRkfm86GzUuOzfQ', 'username': '', 'password': 'Keepmoving624.'}
2026-06-01 14:20:42,400 - baseAutoHttp.py - INFO - 请求方式: POST
2026-06-01 14:20:42,400 - baseAutoHttp.py - INFO - 请求地址: http://127.0.0.1:8080/web/index.php/auth/validate
2026-06-01 14:20:42,400 - baseAutoHttp.py - INFO - 请求头: {'User-Agent': 'Mozilla/5.0 (Windows NT 10.0; Win64; x64) AppleWebKit/537.36 (KHTML, like Gecko) Chrome/148.0.0.0 Safari/537.36', 'Content-Type': 'application/x-www-form-urlencoded'}
2026-06-01 14:20:42,400 - baseAutoHttp.py - INFO - 请求参数: params=None | data={'_token': '7bcf833b9428e2b4800abab78244c00.fnI0h8Dr8SOvwB5_7qdmDKKftcD3Wiz-dSu8ZlTf894.NjVy7POzi2HEpGYpu81eQdju07W4LU-2LwbtNSarm7cSRkfm86GzUuOzfQ', 'username': '', 'password': 'Keepmoving624.'} | json=None
2026-06-01 14:20:42,506 - baseAutoHttp.py - INFO - 响应状态码: 200
2026-06-01 14:20:42,506 - baseAutoHttp.py - INFO - 响应耗时: 0.044167s
2026-06-01 14:20:42,506 - baseAutoHttp.py - INFO - 响应文本: <!DOCTYPE html>
<html>
<head>
  <meta charset="UTF-8">
  <meta http-equiv="X-UA-Compatible" content="IE=edge">
  <meta name="viewport" content="width=device-width,initial-scale=1">
  <title>OrangeHRM</title>
      <link rel="icon" href="/web/dist/favicon.ico?v=1775433284510">
    <link href="/web/dist/css/chunk-vendors.css?v=1775433284510" rel="preload" as="style">
    <link href="/web/dist/css/app.css?v=1775433284510" rel="preload" as="style">
    <link href="/web/dist/js/chunk-vendors.js?v=1775433284510" rel="preload" as="script">
    <link href="/web/dist/js/app.js?v=1775433284510" rel="preload" as="script">
      <link href="/web/dist/css/chunk-vendors.css?v=1775433284510" rel="stylesheet"/>
    <link href="/web/dist/css/app.css?v=1775433284510" rel="stylesheet"/>
</head>
<body>
  <style>
    :root {
            --oxd-primary-one-color:#FF7B1D;
            --oxd-primary-font-color:#FFFFFF;
            --oxd-secondary-four-color:#76BC21;
            --oxd-secondary-font-color:#FFFFFF;
            --oxd-primary-gradient-start-color:#FF920B;
            --oxd-primary-gradient-end-color:#F35C17;
            --oxd-secondary-gradient-start-color:#FF920B;
            --oxd-secondary-gradient-end-color:#F35C17;
            --oxd-primary-one-lighten-5-color:#ff8a37;
            --oxd-primary-one-lighten-30-color:#ffd4b6;
            --oxd-primary-one-darken-5-color:#ff6c03;
            --oxd-primary-one-alpha-10-color:rgba(255, 123, 29, 0.1);
            --oxd-primary-one-alpha-15-color:rgba(255, 123, 29, 0.15);
            --oxd-primary-one-alpha-20-color:rgba(255, 123, 29, 0.2);
            --oxd-primary-one-alpha-50-color:rgba(255, 123, 29, 0.5);
            --oxd-secondary-four-lighten-5-color:#84d225;
            --oxd-secondary-four-darken-5-color:#68a61d;
            --oxd-secondary-four-alpha-10-color:rgba(118, 188, 33, 0.1);
            --oxd-secondary-four-alpha-15-color:rgba(118, 188, 33, 0.15);
            --oxd-secondary-four-alpha-20-color:rgba(118, 188, 33, 0.2);
            --oxd-secondary-four-alpha-50-color:rgba(118, 188, 33, 0.5);
        }
  </style>
    <noscript>
        <strong>
            We're sorry but orangehrm doesn't work properly without JavaScript enabled. Please enable it to continue.
        </strong>
    </noscript>

    <div id="app">
    <auth-login
            :error="{&quot;error&quot;:&quot;invalid_credentials&quot;,&quot;message&quot;:&quot;Invalid credentials&quot;}"
            :token="&quot;fa852c32c45c3ad27c08d45.Vs_uWYZEAnIjYFxPgU431-0gkQ5A5iO22xUHhhtryFY.HoioMrUceDBIBCQZ1CQPmpdR93sPkUD-gThW1WkfoD86-504tQ5AA28TPw&quot;"
            :login-logo-src="&quot;\/web\/images\/ohrm_logo.png&quot;"
            :login-banner-src="&quot;\/web\/images\/ohrm_branding.png?v=1775433284510&quot;"
            :show-social-media="true"
            :is-demo-mode="false"
            :authenticators="[]"
        >
    <template v-slot:footer>
        <div class="orangehrm-copyright-wrapper">
            <oxd-text tag="p" class="orangehrm-copyright">OrangeHRM OS 5.8.1</oxd-text>
<oxd-text tag="p" class="orangehrm-copyright">&copy; 2005 - 2026 <a href="http://www.orangehrm.com" target="_blank">OrangeHRM, Inc</a>. All rights reserved.</oxd-text>
        </div>
    </template>
    </auth-login>
    </div>
    <script type="text/javascript">
        window.appGlobal = {
          baseUrl: "/web/index.php",
          publicPath: "/web",
        };
    </script>
    <script src="/web/dist/js/chunk-vendors.js?v=1775433284510"></script>
    <script src="/web/dist/js/app.js?v=1775433284510"></script>
</body>
</html>

2026-06-01 14:20:42,507 - baseAutoHttp.py - INFO - 【01登录页面接口信息:login_api】接口调用结束

2026-06-01 14:20:42,507 - web_login_page.py - INFO - 【空用户名/Keepmoving624.】断言成功
2026-06-01 14:20:42,507 - baseAutoHttp.py - INFO - 接口会话已关闭
2026-06-01 14:20:42,507 - test_web_ohrm.py - INFO - 【用户名为空】用例执行成功
2026-06-01 14:20:42,513 - baseUtils.py - INFO - 配置文件读取成功：E:\develop\PythonProject\OrangeHRM\Config\配置文件.ini
2026-06-01 14:20:42,566 - baseAutoHttp.py - INFO - 【01登录页面接口信息:login_api】接口调用开始
2026-06-01 14:20:42,568 - baseData.py - INFO - 动态参数替换成功：{'_token': '774336672c736d966aaa4f9e25f5.G7x2Bh8vDYCZ-0cZ3b9ktAQjdhIwQ_4ZEErDdBex71Q.eOsYY2tLROvTkBFDsM0LwW4VTkh7IZZJJnONLGfzhHlL00NedHph8Pycfw', 'username': 'admin', 'password': ''}
2026-06-01 14:20:42,568 - baseAutoHttp.py - INFO - 请求方式: POST
2026-06-01 14:20:42,568 - baseAutoHttp.py - INFO - 请求地址: http://127.0.0.1:8080/web/index.php/auth/validate
2026-06-01 14:20:42,568 - baseAutoHttp.py - INFO - 请求头: {'User-Agent': 'Mozilla/5.0 (Windows NT 10.0; Win64; x64) AppleWebKit/537.36 (KHTML, like Gecko) Chrome/148.0.0.0 Safari/537.36', 'Content-Type': 'application/x-www-form-urlencoded'}
2026-06-01 14:20:42,568 - baseAutoHttp.py - INFO - 请求参数: params=None | data={'_token': '774336672c736d966aaa4f9e25f5.G7x2Bh8vDYCZ-0cZ3b9ktAQjdhIwQ_4ZEErDdBex71Q.eOsYY2tLROvTkBFDsM0LwW4VTkh7IZZJJnONLGfzhHlL00NedHph8Pycfw', 'username': 'admin', 'password': ''} | json=None
2026-06-01 14:20:42,885 - baseAutoHttp.py - INFO - 响应状态码: 200
2026-06-01 14:20:42,885 - baseAutoHttp.py - INFO - 响应耗时: 0.069622s
2026-06-01 14:20:42,885 - baseAutoHttp.py - INFO - 响应文本: <!DOCTYPE html>
<html>
<head>
  <meta charset="UTF-8">
  <meta http-equiv="X-UA-Compatible" content="IE=edge">
  <meta name="viewport" content="width=device-width,initial-scale=1">
  <title>OrangeHRM</title>
      <link rel="icon" href="/web/dist/favicon.ico?v=1775433284510">
    <link href="/web/dist/css/chunk-vendors.css?v=1775433284510" rel="preload" as="style">
    <link href="/web/dist/css/app.css?v=1775433284510" rel="preload" as="style">
    <link href="/web/dist/js/chunk-vendors.js?v=1775433284510" rel="preload" as="script">
    <link href="/web/dist/js/app.js?v=1775433284510" rel="preload" as="script">
      <link href="/web/dist/css/chunk-vendors.css?v=1775433284510" rel="stylesheet"/>
    <link href="/web/dist/css/app.css?v=1775433284510" rel="stylesheet"/>
</head>
<body>
  <style>
    :root {
            --oxd-primary-one-color:#FF7B1D;
            --oxd-primary-font-color:#FFFFFF;
            --oxd-secondary-four-color:#76BC21;
            --oxd-secondary-font-color:#FFFFFF;
            --oxd-primary-gradient-start-color:#FF920B;
            --oxd-primary-gradient-end-color:#F35C17;
            --oxd-secondary-gradient-start-color:#FF920B;
            --oxd-secondary-gradient-end-color:#F35C17;
            --oxd-primary-one-lighten-5-color:#ff8a37;
            --oxd-primary-one-lighten-30-color:#ffd4b6;
            --oxd-primary-one-darken-5-color:#ff6c03;
            --oxd-primary-one-alpha-10-color:rgba(255, 123, 29, 0.1);
            --oxd-primary-one-alpha-15-color:rgba(255, 123, 29, 0.15);
            --oxd-primary-one-alpha-20-color:rgba(255, 123, 29, 0.2);
            --oxd-primary-one-alpha-50-color:rgba(255, 123, 29, 0.5);
            --oxd-secondary-four-lighten-5-color:#84d225;
            --oxd-secondary-four-darken-5-color:#68a61d;
            --oxd-secondary-four-alpha-10-color:rgba(118, 188, 33, 0.1);
            --oxd-secondary-four-alpha-15-color:rgba(118, 188, 33, 0.15);
            --oxd-secondary-four-alpha-20-color:rgba(118, 188, 33, 0.2);
            --oxd-secondary-four-alpha-50-color:rgba(118, 188, 33, 0.5);
        }
  </style>
    <noscript>
        <strong>
            We're sorry but orangehrm doesn't work properly without JavaScript enabled. Please enable it to continue.
        </strong>
    </noscript>

    <div id="app">
    <auth-login
            :error="{&quot;error&quot;:&quot;invalid_credentials&quot;,&quot;message&quot;:&quot;Invalid credentials&quot;}"
            :token="&quot;61dfe6718061a38227c90b64adbb3f21.f4kEavoFRrWB35q4SCITSqiZTDQbKFVIujOQBmgYmw8.HN5qD45hD97LtMziJVB8P8KvdG5QSj0YjAreXhha8CIv5jEykVAqxeS4og&quot;"
            :login-logo-src="&quot;\/web\/images\/ohrm_logo.png&quot;"
            :login-banner-src="&quot;\/web\/images\/ohrm_branding.png?v=1775433284510&quot;"
            :show-social-media="true"
            :is-demo-mode="false"
            :authenticators="[]"
        >
    <template v-slot:footer>
        <div class="orangehrm-copyright-wrapper">
            <oxd-text tag="p" class="orangehrm-copyright">OrangeHRM OS 5.8.1</oxd-text>
<oxd-text tag="p" class="orangehrm-copyright">&copy; 2005 - 2026 <a href="http://www.orangehrm.com" target="_blank">OrangeHRM, Inc</a>. All rights reserved.</oxd-text>
        </div>
    </template>
    </auth-login>
    </div>
    <script type="text/javascript">
        window.appGlobal = {
          baseUrl: "/web/index.php",
          publicPath: "/web",
        };
    </script>
    <script src="/web/dist/js/chunk-vendors.js?v=1775433284510"></script>
    <script src="/web/dist/js/app.js?v=1775433284510"></script>
</body>
</html>

2026-06-01 14:20:42,885 - baseAutoHttp.py - INFO - 【01登录页面接口信息:login_api】接口调用结束

2026-06-01 14:20:42,885 - web_login_page.py - INFO - 【admin/空密码】断言成功
2026-06-01 14:20:42,885 - baseAutoHttp.py - INFO - 接口会话已关闭
2026-06-01 14:20:42,885 - test_web_ohrm.py - INFO - 【密码为空】用例执行成功
2026-06-01 14:20:43,345 - baseDB.py - INFO - ✅ MySQL 数据库连接成功
2026-06-01 14:20:43,345 - conftest - INFO - ✅ conftest: 获取数据库连接（MysqlHelp）
2026-06-01 14:20:43,347 - baseUtils.py - INFO - 配置文件读取成功：E:\develop\PythonProject\OrangeHRM\Config\配置文件.ini
2026-06-01 14:20:43,792 - baseUtils.py - INFO - 配置文件读取成功：E:\develop\PythonProject\OrangeHRM\Config\配置文件.ini
2026-06-01 14:20:43,862 - baseUtils.py - INFO - 配置文件读取成功：E:\develop\PythonProject\OrangeHRM\Config\配置文件.ini
2026-06-01 14:20:43,936 - baseUtils.py - INFO - 配置文件读取成功：E:\develop\PythonProject\OrangeHRM\Config\配置文件.ini
2026-06-01 14:20:44,041 - baseAutoHttp.py - INFO - 【03查询员工页面:select_employee】接口调用开始
2026-06-01 14:20:44,044 - baseAutoHttp.py - INFO - 请求方式: GET
2026-06-01 14:20:44,044 - baseAutoHttp.py - INFO - 请求地址: http://127.0.0.1:8080/web/index.php/api/v2/pim/employees
2026-06-01 14:20:44,044 - baseAutoHttp.py - INFO - 请求头: {'User-Agent': 'Mozilla/5.0 (Windows NT 10.0; Win64; x64) AppleWebKit/537.36 (KHTML, like Gecko) Chrome/148.0.0.0 Safari/537.36'}
2026-06-01 14:20:44,044 - baseAutoHttp.py - INFO - 请求参数: params={'limit': '50', 'offset': '0', 'model': 'detailed', 'includeEmployees': 'onlyCurrent', 'sortField': 'employee.firstName', 'sortOrder': 'ASC'} | data=None | json=None
2026-06-01 14:20:44,144 - baseAutoHttp.py - INFO - 响应状态码: 200
2026-06-01 14:20:44,144 - baseAutoHttp.py - INFO - 响应耗时: 0.099223s
2026-06-01 14:20:44,145 - baseAutoHttp.py - INFO - 响应JSON: {'data': [{'empNumber': 2, 'lastName': 'oo', 'firstName': 'hh', 'middleName': '', 'employeeId': '0002', 'terminationId': None, 'jobTitle': {'id': None, 'title': None, 'isDeleted': None}, 'subunit': {'id': None, 'name': None}, 'empStatus': {'id': None, 'name': None}, 'supervisors': []}, {'empNumber': 5, 'lastName': 'Doe', 'firstName': 'John', 'middleName': '', 'employeeId': '1001', 'terminationId': None, 'jobTitle': {'id': None, 'title': None, 'isDeleted': None}, 'subunit': {'id': None, 'name': None}, 'empStatus': {'id': None, 'name': None}, 'supervisors': []}, {'empNumber': 6, 'lastName': 'pp', 'firstName': 'kk', 'middleName': '', 'employeeId': '1002', 'terminationId': None, 'jobTitle': {'id': None, 'title': None, 'isDeleted': None}, 'subunit': {'id': None, 'name': None}, 'empStatus': {'id': None, 'name': None}, 'supervisors': []}, {'empNumber': 14, 'lastName': 'll', 'firstName': 'kk', 'middleName': '', 'employeeId': '0014', 'terminationId': None, 'jobTitle': {'id': None, 'title': None, 'isDeleted': None}, 'subunit': {'id': None, 'name': None}, 'empStatus': {'id': None, 'name': None}, 'supervisors': []}, {'empNumber': 16, 'lastName': 'pp', 'firstName': 'ww', 'middleName': '', 'employeeId': '0016', 'terminationId': None, 'jobTitle': {'id': None, 'title': None, 'isDeleted': None}, 'subunit': {'id': None, 'name': None}, 'empStatus': {'id': None, 'name': None}, 'supervisors': []}, {'empNumber': 17, 'lastName': 'ss', 'firstName': 'zz', 'middleName': '', 'employeeId': '1009', 'terminationId': None, 'jobTitle': {'id': None, 'title': None, 'isDeleted': None}, 'subunit': {'id': None, 'name': None}, 'empStatus': {'id': None, 'name': None}, 'supervisors': []}, {'empNumber': 1, 'lastName': '安', 'firstName': '谢', 'middleName': '', 'employeeId': '0001', 'terminationId': None, 'jobTitle': {'id': None, 'title': None, 'isDeleted': None}, 'subunit': {'id': None, 'name': None}, 'empStatus': {'id': None, 'name': None}, 'supervisors': []}], 'meta': {'total': 7}, 'rels': []}
2026-06-01 14:20:44,145 - baseAutoHttp.py - INFO - 【03查询员工页面:select_employee】接口调用结束

2026-06-01 14:20:44,145 - test_web_ohrm.py - INFO - ☑️ 查询员工列表成功，返回 7 条
2026-06-01 14:20:44,150 - baseUtils.py - INFO - 配置文件读取成功：E:\develop\PythonProject\OrangeHRM\Config\配置文件.ini
2026-06-01 14:20:44,151 - baseAutoHttp.py - INFO - 【03查询员工页面:select_query】接口调用开始
2026-06-01 14:20:44,153 - baseData.py - INFO - 动态参数替换成功：{'employeeId': '1001'}
2026-06-01 14:20:44,153 - baseAutoHttp.py - INFO - 请求方式: GET
2026-06-01 14:20:44,153 - baseAutoHttp.py - INFO - 请求地址: http://127.0.0.1:8080/web/index.php/api/v2/pim/employees
2026-06-01 14:20:44,153 - baseAutoHttp.py - INFO - 请求头: {'User-Agent': 'Mozilla/5.0 (Windows NT 10.0; Win64; x64) AppleWebKit/537.36 (KHTML, like Gecko) Chrome/148.0.0.0 Safari/537.36', 'Referer': 'http://127.0.0.1:8080/web/index.php/pim/viewEmployeeList'}
2026-06-01 14:20:44,153 - baseAutoHttp.py - INFO - 请求参数: params={'limit': '50', 'offset': '0', 'model': 'detailed', 'employeeId': '1001', 'includeEmployees': 'onlyCurrent', 'sortField': 'employee.firstName', 'sortOrder': 'ASC'} | data=None | json=None
2026-06-01 14:20:44,232 - baseAutoHttp.py - INFO - 响应状态码: 200
2026-06-01 14:20:44,232 - baseAutoHttp.py - INFO - 响应耗时: 0.077529s
2026-06-01 14:20:44,232 - baseAutoHttp.py - INFO - 响应JSON: {'data': [{'empNumber': 5, 'lastName': 'Doe', 'firstName': 'John', 'middleName': '', 'employeeId': '1001', 'terminationId': None, 'jobTitle': {'id': None, 'title': None, 'isDeleted': None}, 'subunit': {'id': None, 'name': None}, 'empStatus': {'id': None, 'name': None}, 'supervisors': []}], 'meta': {'total': 1}, 'rels': []}
2026-06-01 14:20:44,232 - baseAutoHttp.py - INFO - 【03查询员工页面:select_query】接口调用结束

2026-06-01 14:20:44,233 - test_web_ohrm.py - INFO - ☑️【指定查询用例】执行完毕
2026-06-01 14:20:44,238 - baseUtils.py - INFO - 配置文件读取成功：E:\develop\PythonProject\OrangeHRM\Config\配置文件.ini
2026-06-01 14:20:44,239 - baseAutoHttp.py - INFO - 【03查询员工页面:select_query】接口调用开始
2026-06-01 14:20:44,241 - baseData.py - INFO - 动态参数替换成功：{'employeeId': '9999'}
2026-06-01 14:20:44,241 - baseAutoHttp.py - INFO - 请求方式: GET
2026-06-01 14:20:44,241 - baseAutoHttp.py - INFO - 请求地址: http://127.0.0.1:8080/web/index.php/api/v2/pim/employees
2026-06-01 14:20:44,241 - baseAutoHttp.py - INFO - 请求头: {'User-Agent': 'Mozilla/5.0 (Windows NT 10.0; Win64; x64) AppleWebKit/537.36 (KHTML, like Gecko) Chrome/148.0.0.0 Safari/537.36', 'Referer': 'http://127.0.0.1:8080/web/index.php/pim/viewEmployeeList'}
2026-06-01 14:20:44,241 - baseAutoHttp.py - INFO - 请求参数: params={'limit': '50', 'offset': '0', 'model': 'detailed', 'employeeId': '9999', 'includeEmployees': 'onlyCurrent', 'sortField': 'employee.firstName', 'sortOrder': 'ASC'} | data=None | json=None
2026-06-01 14:20:44,320 - baseAutoHttp.py - INFO - 响应状态码: 200
2026-06-01 14:20:44,320 - baseAutoHttp.py - INFO - 响应耗时: 0.07749s
2026-06-01 14:20:44,320 - baseAutoHttp.py - INFO - 响应JSON: {'data': [], 'meta': {'total': 0}, 'rels': []}
2026-06-01 14:20:44,320 - baseAutoHttp.py - INFO - 【03查询员工页面:select_query】接口调用结束

2026-06-01 14:20:44,320 - test_web_ohrm.py - INFO - ☑️【指定查询用例】执行完毕
2026-06-01 14:20:44,327 - baseUtils.py - INFO - 配置文件读取成功：E:\develop\PythonProject\OrangeHRM\Config\配置文件.ini
2026-06-01 14:20:44,335 - baseDB.py - INFO - ✅ MySQL 数据库连接成功
2026-06-01 14:20:44,337 - baseAutoHttp.py - INFO - 【04更新员工:update_employee】接口调用开始
2026-06-01 14:20:44,339 - baseData.py - INFO - 动态参数替换成功：{'firstName': 'John', 'lastName': 'Doe', 'employeeId': '1001'}
2026-06-01 14:20:44,340 - baseAutoHttp.py - INFO - 请求方式: PUT
2026-06-01 14:20:44,340 - baseAutoHttp.py - INFO - 请求地址: http://127.0.0.1:8080/web/index.php/api/v2/pim/employees/5/personal-details
2026-06-01 14:20:44,340 - baseAutoHttp.py - INFO - 请求头: {'User-Agent': 'Mozilla/5.0 (Windows NT 10.0; Win64; x64) AppleWebKit/537.36 (KHTML, like Gecko) Chrome/148.0.0.0 Safari/537.36', 'Content-Type': 'application/json', 'Referer': 'http://127.0.0.1:8080/web/index.php/pim/viewPersonalDetails/empNumber/5', 'Origin': 'http://127.0.0.1:8080'}
2026-06-01 14:20:44,340 - baseAutoHttp.py - INFO - 请求参数: params=None | data=None | json={'birthday': None, 'drivingLicenseExpiredDate': None, 'drivingLicenseNo': None, 'employeeId': '1001', 'firstName': 'John', 'gender': None, 'lastName': 'Doe', 'middleName': None, 'otherId': None}
2026-06-01 14:20:44,397 - baseAutoHttp.py - INFO - 响应状态码: 500
2026-06-01 14:20:44,398 - baseAutoHttp.py - INFO - 响应耗时: 0.056827s
2026-06-01 14:20:44,398 - baseAutoHttp.py - INFO - 响应JSON: {'error': {'status': '500', 'message': 'Unexpected Error Occurred'}}
2026-06-01 14:20:44,398 - baseAutoHttp.py - INFO - 【04更新员工:update_employee】接口调用结束

2026-06-01 14:20:44,406 - baseDB.py - INFO - ✅ MySQL 数据库连接成功
2026-06-01 14:20:44,412 - baseDB.py - INFO - ✅ MySQL 执行成功，事务已提交
2026-06-01 14:20:44,412 - baseDB.py - INFO - 🔌 MySQL 连接已关闭
2026-06-01 14:20:44,419 - baseDB.py - INFO - ✅ MySQL 数据库连接成功
2026-06-01 14:20:44,434 - baseUtils.py - INFO - 配置文件读取成功：E:\develop\PythonProject\OrangeHRM\Config\配置文件.ini
2026-06-01 14:20:44,435 - baseUtils.py - INFO - 配置文件读取成功：E:\develop\PythonProject\OrangeHRM\Config\配置文件.ini
2026-06-01 14:20:44,435 - baseAutoHttp.py - INFO - 【03查询员工页面:select_query】接口调用开始
2026-06-01 14:20:44,437 - baseData.py - INFO - 动态参数替换成功：{'employeeId': '0004'}
2026-06-01 14:20:44,437 - baseAutoHttp.py - INFO - 请求方式: GET
2026-06-01 14:20:44,437 - baseAutoHttp.py - INFO - 请求地址: http://127.0.0.1:8080/web/index.php/api/v2/pim/employees
2026-06-01 14:20:44,437 - baseAutoHttp.py - INFO - 请求头: {'User-Agent': 'Mozilla/5.0 (Windows NT 10.0; Win64; x64) AppleWebKit/537.36 (KHTML, like Gecko) Chrome/148.0.0.0 Safari/537.36', 'Referer': 'http://127.0.0.1:8080/web/index.php/pim/viewEmployeeList'}
2026-06-01 14:20:44,437 - baseAutoHttp.py - INFO - 请求参数: params={'limit': '50', 'offset': '0', 'model': 'detailed', 'employeeId': '0004', 'includeEmployees': 'onlyCurrent', 'sortField': 'employee.firstName', 'sortOrder': 'ASC'} | data=None | json=None
2026-06-01 14:20:44,500 - baseAutoHttp.py - INFO - 响应状态码: 200
2026-06-01 14:20:44,500 - baseAutoHttp.py - INFO - 响应耗时: 0.061328s
2026-06-01 14:20:44,500 - baseAutoHttp.py - INFO - 响应JSON: {'data': [], 'meta': {'total': 0}, 'rels': []}
2026-06-01 14:20:44,500 - baseAutoHttp.py - INFO - 【03查询员工页面:select_query】接口调用结束

2026-06-01 14:20:44,507 - baseDB.py - INFO - ✅ MySQL 数据库连接成功
2026-06-01 14:20:44,522 - baseUtils.py - INFO - 配置文件读取成功：E:\develop\PythonProject\OrangeHRM\Config\配置文件.ini
2026-06-01 14:20:44,524 - baseUtils.py - INFO - 配置文件读取成功：E:\develop\PythonProject\OrangeHRM\Config\配置文件.ini
2026-06-01 14:20:44,524 - baseAutoHttp.py - INFO - 【03查询员工页面:select_query】接口调用开始
2026-06-01 14:20:44,526 - baseData.py - INFO - 动态参数替换成功：{'employeeId': '9999'}
2026-06-01 14:20:44,526 - baseAutoHttp.py - INFO - 请求方式: GET
2026-06-01 14:20:44,526 - baseAutoHttp.py - INFO - 请求地址: http://127.0.0.1:8080/web/index.php/api/v2/pim/employees
2026-06-01 14:20:44,526 - baseAutoHttp.py - INFO - 请求头: {'User-Agent': 'Mozilla/5.0 (Windows NT 10.0; Win64; x64) AppleWebKit/537.36 (KHTML, like Gecko) Chrome/148.0.0.0 Safari/537.36', 'Referer': 'http://127.0.0.1:8080/web/index.php/pim/viewEmployeeList'}
2026-06-01 14:20:44,526 - baseAutoHttp.py - INFO - 请求参数: params={'limit': '50', 'offset': '0', 'model': 'detailed', 'employeeId': '9999', 'includeEmployees': 'onlyCurrent', 'sortField': 'employee.firstName', 'sortOrder': 'ASC'} | data=None | json=None
2026-06-01 14:20:44,592 - baseAutoHttp.py - INFO - 响应状态码: 200
2026-06-01 14:20:44,592 - baseAutoHttp.py - INFO - 响应耗时: 0.064925s
2026-06-01 14:20:44,593 - baseAutoHttp.py - INFO - 响应JSON: {'data': [], 'meta': {'total': 0}, 'rels': []}
2026-06-01 14:20:44,593 - baseAutoHttp.py - INFO - 【03查询员工页面:select_query】接口调用结束

2026-06-01 14:20:44,600 - baseDB.py - INFO - ✅ MySQL 数据库连接成功
2026-06-01 14:20:44,602 - test_web_ohrm.py - INFO - ☑️【删除员工】用例执行成功
2026-06-01 14:20:44,609 - baseUtils.py - INFO - 配置文件读取成功：E:\develop\PythonProject\OrangeHRM\Config\配置文件.ini
2026-06-01 14:20:44,609 - baseAutoHttp.py - INFO - 【06未登录访问员工接口:employee】接口调用开始
2026-06-01 14:20:44,612 - baseAutoHttp.py - INFO - 请求方式: GET
2026-06-01 14:20:44,612 - baseAutoHttp.py - INFO - 请求地址: http://127.0.0.1:8080/web/index.php/pim/viewEmployeeList
2026-06-01 14:20:44,612 - baseAutoHttp.py - INFO - 请求头: {'User-Agent': 'Mozilla/5.0 (Windows NT 10.0; Win64; x64) AppleWebKit/537.36 (KHTML, like Gecko) Chrome/148.0.0.0 Safari/537.36'}
2026-06-01 14:20:44,612 - baseAutoHttp.py - INFO - 请求参数: params={'includeEmployees': 'onlyCurrent', 'limit': '50', 'model': 'detailed', 'offset': '0', 'sortField': 'employee.firstName', 'sortOrder': 'ASC'} | data=None | json=None
2026-06-01 14:20:44,672 - baseAutoHttp.py - INFO - 响应状态码: 302
2026-06-01 14:20:44,672 - baseAutoHttp.py - INFO - 响应耗时: 0.057927s
2026-06-01 14:20:44,672 - baseAutoHttp.py - INFO - 响应文本: <!DOCTYPE html>
<html>
    <head>
        <meta charset="UTF-8" />
        <meta http-equiv="refresh" content="0;url='http://127.0.0.1:8080/web/index.php/auth/login'" />

        <title>Redirecting to http://127.0.0.1:8080/web/index.php/auth/login</title>
    </head>
    <body>
        Redirecting to <a href="http://127.0.0.1:8080/web/index.php/auth/login">http://127.0.0.1:8080/web/index.php/auth/login</a>.
    </body>
</html>
2026-06-01 14:20:44,672 - baseAutoHttp.py - INFO - 【06未登录访问员工接口:employee】接口调用结束

2026-06-01 14:20:45,061 - baseUtils.py - INFO - 配置文件读取成功：E:\develop\PythonProject\OrangeHRM\Config\配置文件.ini
2026-06-01 14:20:45,061 - baseAutoHttp.py - INFO - 【07非管理员登录:employee_login】接口调用开始
2026-06-01 14:20:45,063 - baseData.py - INFO - 动态参数替换成功：{'firstName': 'cc', 'lastName': 'dd', 'employeeId': '1010'}
2026-06-01 14:20:45,063 - baseAutoHttp.py - INFO - 请求方式: POST
2026-06-01 14:20:45,063 - baseAutoHttp.py - INFO - 请求地址: http://127.0.0.1:8080/web/index.php/api/v2/pim/employees
2026-06-01 14:20:45,063 - baseAutoHttp.py - INFO - 请求头: {'User-Agent': 'Mozilla/5.0 (Windows NT 10.0; Win64; x64) AppleWebKit/537.36 (KHTML, like Gecko) Chrome/148.0.0.0 Safari/537.36', 'Content-Type': 'application/json', 'Origin': 'http://127.0.0.1:8080', 'Referer': 'http://127.0.0.1:8080/web/index.php/pim/addEmployee'}
2026-06-01 14:20:45,063 - baseAutoHttp.py - INFO - 请求参数: params=None | data=None | json={'employeeId': '1010', 'empPicture': None, 'firstName': 'cc', 'lastName': 'dd', 'middleName': None}
2026-06-01 14:20:45,131 - baseAutoHttp.py - INFO - 响应状态码: 403
2026-06-01 14:20:45,131 - baseAutoHttp.py - INFO - 响应耗时: 0.066473s
2026-06-01 14:20:45,131 - baseAutoHttp.py - INFO - 响应JSON: {'error': {'status': 403, 'message': 'Unauthorized'}}
2026-06-01 14:20:45,131 - baseAutoHttp.py - INFO - 【07非管理员登录:employee_login】接口调用结束

2026-06-01 14:20:45,131 - test_web_ohrm.py - INFO - ☑️【非管理员账号操作员工】用例执行成功
2026-06-01 14:20:45,342 - runClient.py - WARNING - ⚠️ 未找到用例文件，执行项目全量用例
2026-06-01 14:20:45,377 - baseUtils.py - INFO - 配置文件读取成功：E:\develop\PythonProject\OrangeHRM\Config\配置文件.ini
2026-06-01 14:20:45,417 - baseUtils.py - INFO - 配置文件读取成功：E:\develop\PythonProject\OrangeHRM\Config\配置文件.ini
2026-06-01 14:20:45,468 - baseAutoHttp.py - INFO - 【01登录页面接口信息:login_api】接口调用开始
2026-06-01 14:20:45,482 - baseData.py - INFO - 动态参数替换成功：{'_token': '694c.g1dY_ECVhucvpMV6H9PPQoyKavZX7gaLgcdIjMMz9tg.swUtuTDw0r1-zKwKdqaJet26J64FlD_y8rQQ7q4HobCxGBCREtTKiWmX_Q', 'username': 'admin', 'password': 'Keepmoving624.'}
2026-06-01 14:20:45,485 - baseAutoHttp.py - INFO - 请求方式: POST
2026-06-01 14:20:45,488 - baseAutoHttp.py - INFO - 请求地址: http://127.0.0.1:8080/web/index.php/auth/validate
2026-06-01 14:20:45,490 - baseAutoHttp.py - INFO - 请求头: {'User-Agent': 'Mozilla/5.0 (Windows NT 10.0; Win64; x64) AppleWebKit/537.36 (KHTML, like Gecko) Chrome/148.0.0.0 Safari/537.36', 'Content-Type': 'application/x-www-form-urlencoded'}
2026-06-01 14:20:45,492 - baseAutoHttp.py - INFO - 请求参数: params=None | data={'_token': '694c.g1dY_ECVhucvpMV6H9PPQoyKavZX7gaLgcdIjMMz9tg.swUtuTDw0r1-zKwKdqaJet26J64FlD_y8rQQ7q4HobCxGBCREtTKiWmX_Q', 'username': 'admin', 'password': 'Keepmoving624.'} | json=None
2026-06-01 14:20:45,886 - baseAutoHttp.py - INFO - 响应状态码: 200
2026-06-01 14:20:45,889 - baseAutoHttp.py - INFO - 响应耗时: 0.096395s
2026-06-01 14:20:45,891 - baseAutoHttp.py - INFO - 响应文本: <!DOCTYPE html>
<html>
<head>
  <meta charset="UTF-8">
  <meta http-equiv="X-UA-Compatible" content="IE=edge">
  <meta name="viewport" content="width=device-width,initial-scale=1">
  <title>OrangeHRM</title>
    <link rel="icon" href="/web/dist/favicon.ico?v=1775433284510">
  <link href="/web/dist/css/chunk-vendors.css?v=1775433284510" rel="preload" as="style">
  <link href="/web/dist/css/app.css?v=1775433284510" rel="preload" as="style">
  <link href="/web/dist/js/chunk-vendors.js?v=1775433284510" rel="preload" as="script">
  <link href="/web/dist/js/app.js?v=1775433284510" rel="preload" as="script">
    <link href="/web/dist/css/chunk-vendors.css?v=1775433284510" rel="stylesheet"/>
  <link href="/web/dist/css/app.css?v=1775433284510" rel="stylesheet"/>
</head>
<body>
  <style>
    :root {
            --oxd-primary-one-color:#FF7B1D;
            --oxd-primary-font-color:#FFFFFF;
            --oxd-secondary-four-color:#76BC21;
            --oxd-secondary-font-color:#FFFFFF;
            --oxd-primary-gradient-start-color:#FF920B;
            --oxd-primary-gradient-end-color:#F35C17;
            --oxd-secondary-gradient-start-color:#FF920B;
            --oxd-secondary-gradient-end-color:#F35C17;
            --oxd-primary-one-lighten-5-color:#ff8a37;
            --oxd-primary-one-lighten-30-color:#ffd4b6;
            --oxd-primary-one-darken-5-color:#ff6c03;
            --oxd-primary-one-alpha-10-color:rgba(255, 123, 29, 0.1);
            --oxd-primary-one-alpha-15-color:rgba(255, 123, 29, 0.15);
            --oxd-primary-one-alpha-20-color:rgba(255, 123, 29, 0.2);
            --oxd-primary-one-alpha-50-color:rgba(255, 123, 29, 0.5);
            --oxd-secondary-four-lighten-5-color:#84d225;
            --oxd-secondary-four-darken-5-color:#68a61d;
            --oxd-secondary-four-alpha-10-color:rgba(118, 188, 33, 0.1);
            --oxd-secondary-four-alpha-15-color:rgba(118, 188, 33, 0.15);
            --oxd-secondary-four-alpha-20-color:rgba(118, 188, 33, 0.2);
            --oxd-secondary-four-alpha-50-color:rgba(118, 188, 33, 0.5);
        }
  </style>
  <noscript>
    <strong>
      We're sorry but orangehrm doesn't work properly without JavaScript enabled. Please enable it to continue.
    </strong>
  </noscript>

  <div id="app">
    <oxd-layout
        home-url="https://www.orangehrm.com/"
        :sidepanel-menu-items="[{&quot;id&quot;:1,&quot;name&quot;:&quot;\u7ba1\u7406\u5458&quot;,&quot;url&quot;:&quot;\/web\/index.php\/admin\/viewAdminModule&quot;,&quot;icon&quot;:&quot;admin&quot;},{&quot;id&quot;:30,&quot;name&quot;:&quot;\u4e2a\u4eba\u4fe1\u606f\u7ba1\u7406\u7cfb\u7edf&quot;,&quot;url&quot;:&quot;\/web\/index.php\/pim\/viewPimModule&quot;,&quot;icon&quot;:&quot;pim&quot;},{&quot;id&quot;:41,&quot;name&quot;:&quot;\u4f11\u5047&quot;,&quot;url&quot;:&quot;\/web\/index.php\/leave\/viewLeaveModule&quot;,&quot;icon&quot;:&quot;leave&quot;},{&quot;id&quot;:52,&quot;name&quot;:&quot;\u65f6\u95f4&quot;,&quot;url&quot;:&quot;\/web\/index.php\/time\/viewTimeModule&quot;,&quot;icon&quot;:&quot;time&quot;},{&quot;id&quot;:65,&quot;name&quot;:&quot;\u62db\u8058&quot;,&quot;url&quot;:&quot;\/web\/index.php\/recruitment\/viewRecruitmentModule&quot;,&quot;icon&quot;:&quot;recruitment&quot;},{&quot;id&quot;:40,&quot;name&quot;:&quot;\u6211\u7684\u4fe1\u606f&quot;,&quot;url&quot;:&quot;\/web\/index.php\/pim\/viewMyDetails&quot;,&quot;icon&quot;:&quot;myinfo&quot;},{&quot;id&quot;:83,&quot;name&quot;:&quot;\u7ee9\u6548&quot;,&quot;url&quot;:&quot;\/web\/index.php\/performance\/viewPerformanceModule&quot;,&quot;icon&quot;:&quot;performance&quot;},{&quot;id&quot;:82,&quot;name&quot;:&quot;\u4eea\u8868\u76d8&quot;,&quot;url&quot;:&quot;\/web\/index.php\/dashboard\/index&quot;,&quot;icon&quot;:&quot;dashboard&quot;,&quot;active&quot;:true},{&quot;id&quot;:93,&quot;name&quot;:&quot;Directory&quot;,&quot;url&quot;:&quot;\/web\/index.php\/directory\/viewDirectory&quot;,&quot;icon&quot;:&quot;directory&quot;},{&quot;id&quot;:96,&quot;name&quot;:&quot;Maintenance&quot;,&quot;url&quot;:&quot;\/web\/index.php\/maintenance\/viewMaintenanceModule&quot;,&quot;icon&quot;:&quot;maintenance&quot;},{&quot;id&quot;:105,&quot;name&quot;:&quot;Claim&quot;,&quot;url&quot;:&quot;\/web\/index.php\/claim\/viewClaimModule&quot;,&quot;icon&quot;:&quot;claim&quot;},{&quot;id&quot;:101,&quot;name&quot;:&quot;\u6fc0\u52a8&quot;,&quot;url&quot;:&quot;\/web\/index.php\/buzz\/viewBuzz&quot;,&quot;icon&quot;:&quot;buzz&quot;}]"
        :topbar-menu-items="[]"
        :user="{&quot;firstName&quot;:&quot;\u8c22&quot;,&quot;lastName&quot;:&quot;\u5b89&quot;,&quot;profImgSrc&quot;:&quot;\/web\/index.php\/pim\/viewPhoto\/empNumber\/1&quot;,&quot;hasPassword&quot;:true}"
        brand-logo-src="/web/images/orange.png?v=1775433284510"
        brand-banner-src="/web/images/orangehrm-logo.png?v=1775433284510"
        logout-url="/web/index.php/auth/logout"
        support-url="/web/index.php/help/support"
        :update-password-url="&quot;/web/index.php/pim/updatePassword&quot;"
        :permissions="{&quot;dashboard_buzz_widget&quot;:{&quot;canRead&quot;:true,&quot;canCreate&quot;:false,&quot;canUpdate&quot;:false,&quot;canDelete&quot;:false},&quot;dashboard_employees_on_leave_today_config&quot;:{&quot;canRead&quot;:true,&quot;canCreate&quot;:false,&quot;canUpdate&quot;:true,&quot;canDelete&quot;:false},&quot;dashboard_leave_widget&quot;:{&quot;canRead&quot;:true,&quot;canCreate&quot;:false,&quot;canUpdate&quot;:false,&quot;canDelete&quot;:false},&quot;dashboard_location_widget&quot;:{&quot;canRead&quot;:true,&quot;canCreate&quot;:false,&quot;canUpdate&quot;:false,&quot;canDelete&quot;:false},&quot;dashboard_subunit_widget&quot;:{&quot;canRead&quot;:true,&quot;canCreate&quot;:false,&quot;canUpdate&quot;:false,&quot;canDelete&quot;:false},&quot;dashboard_time_widget&quot;:{&quot;canRead&quot;:true,&quot;canCreate&quot;:false,&quot;canUpdate&quot;:false,&quot;canDelete&quot;:false}}"
        :breadcrumb="{&quot;moduleName&quot;:&quot;\u4eea\u8868\u76d8&quot;,&quot;level&quot;:null}"
        :date-format="{&quot;id&quot;:&quot;Y-m-d&quot;,&quot;label&quot;:&quot;yyyy-mm-dd&quot;}"
        help-url="/web/index.php/help/help?label=dashboard_index"
        :show-upgrade="1"
    >
      <view-dashboard
            >
    </view-dashboard>
    <template v-slot:footer><oxd-text tag="p" class="orangehrm-copyright">OrangeHRM OS 5.8.1</oxd-text>
<oxd-text tag="p" class="orangehrm-copyright">&copy; 2005 - 2026 <a href="http://www.orangehrm.com" target="_blank">OrangeHRM, Inc</a>. All rights reserved.</oxd-text>
<br></template>
    </oxd-layout>
  </div>
  <script type="text/javascript">
      window.appGlobal = {
        baseUrl: "/web/index.php",
        publicPath: "/web",
      };
  </script>
  <script src="/web/dist/js/chunk-vendors.js?v=1775433284510"></script>
  <script src="/web/dist/js/app.js?v=1775433284510"></script>
</body>
</html>

2026-06-01 14:20:45,896 - baseAutoHttp.py - INFO - 【01登录页面接口信息:login_api】接口调用结束

2026-06-01 14:20:45,898 - web_login_page.py - INFO - 【管理员正常登录】断言成功
2026-06-01 14:20:45,900 - baseAutoHttp.py - INFO - 接口会话已关闭
2026-06-01 14:20:45,902 - test_web_ohrm.py - INFO - 【管理员正常登录】用例执行成功
2026-06-01 14:20:45,909 - baseUtils.py - INFO - 配置文件读取成功：E:\develop\PythonProject\OrangeHRM\Config\配置文件.ini
2026-06-01 14:20:45,956 - baseAutoHttp.py - INFO - 【02登录页面未携带token:login_not_token_api】接口调用开始
2026-06-01 14:20:45,960 - baseData.py - INFO - 动态参数替换成功：{'username': 'admin', 'password': 'Keepmoving624.'}
2026-06-01 14:20:45,962 - baseAutoHttp.py - INFO - 请求方式: POST
2026-06-01 14:20:45,964 - baseAutoHttp.py - INFO - 请求地址: http://127.0.0.1:8080/web/index.php/auth/validate
2026-06-01 14:20:45,966 - baseAutoHttp.py - INFO - 请求头: {'User-Agent': 'Mozilla/5.0 (Windows NT 10.0; Win64; x64) AppleWebKit/537.36 (KHTML, like Gecko) Chrome/148.0.0.0 Safari/537.36', 'Content-Type': 'application/x-www-form-urlencoded'}
2026-06-01 14:20:45,968 - baseAutoHttp.py - INFO - 请求参数: params=None | data={'username': 'admin', 'password': 'Keepmoving624.'} | json=None
2026-06-01 14:20:46,077 - baseAutoHttp.py - INFO - 响应状态码: 200
2026-06-01 14:20:46,079 - baseAutoHttp.py - INFO - 响应耗时: 0.044399s
2026-06-01 14:20:46,081 - baseAutoHttp.py - INFO - 响应文本: <!DOCTYPE html>
<html>
<head>
  <meta charset="UTF-8">
  <meta http-equiv="X-UA-Compatible" content="IE=edge">
  <meta name="viewport" content="width=device-width,initial-scale=1">
  <title>OrangeHRM</title>
      <link rel="icon" href="/web/dist/favicon.ico?v=1775433284510">
    <link href="/web/dist/css/chunk-vendors.css?v=1775433284510" rel="preload" as="style">
    <link href="/web/dist/css/app.css?v=1775433284510" rel="preload" as="style">
    <link href="/web/dist/js/chunk-vendors.js?v=1775433284510" rel="preload" as="script">
    <link href="/web/dist/js/app.js?v=1775433284510" rel="preload" as="script">
      <link href="/web/dist/css/chunk-vendors.css?v=1775433284510" rel="stylesheet"/>
    <link href="/web/dist/css/app.css?v=1775433284510" rel="stylesheet"/>
</head>
<body>
  <style>
    :root {
            --oxd-primary-one-color:#FF7B1D;
            --oxd-primary-font-color:#FFFFFF;
            --oxd-secondary-four-color:#76BC21;
            --oxd-secondary-font-color:#FFFFFF;
            --oxd-primary-gradient-start-color:#FF920B;
            --oxd-primary-gradient-end-color:#F35C17;
            --oxd-secondary-gradient-start-color:#FF920B;
            --oxd-secondary-gradient-end-color:#F35C17;
            --oxd-primary-one-lighten-5-color:#ff8a37;
            --oxd-primary-one-lighten-30-color:#ffd4b6;
            --oxd-primary-one-darken-5-color:#ff6c03;
            --oxd-primary-one-alpha-10-color:rgba(255, 123, 29, 0.1);
            --oxd-primary-one-alpha-15-color:rgba(255, 123, 29, 0.15);
            --oxd-primary-one-alpha-20-color:rgba(255, 123, 29, 0.2);
            --oxd-primary-one-alpha-50-color:rgba(255, 123, 29, 0.5);
            --oxd-secondary-four-lighten-5-color:#84d225;
            --oxd-secondary-four-darken-5-color:#68a61d;
            --oxd-secondary-four-alpha-10-color:rgba(118, 188, 33, 0.1);
            --oxd-secondary-four-alpha-15-color:rgba(118, 188, 33, 0.15);
            --oxd-secondary-four-alpha-20-color:rgba(118, 188, 33, 0.2);
            --oxd-secondary-four-alpha-50-color:rgba(118, 188, 33, 0.5);
        }
  </style>
    <noscript>
        <strong>
            We're sorry but orangehrm doesn't work properly without JavaScript enabled. Please enable it to continue.
        </strong>
    </noscript>

    <div id="app">
    <auth-login
            :error="{&quot;error&quot;:&quot;invalid_csrf_token&quot;,&quot;message&quot;:&quot;CSRF token validation failed&quot;}"
            :token="&quot;652b1a1.pqMB7XIwR7tYZELPJn6QXgxlicMMzAJuK1ImMd8GruU.1fQwoRliE9QhCBKsXw3XB34Q-q40i0sqZmRzR-tpmLDf5XmMM3EY3yhXNQ&quot;"
            :login-logo-src="&quot;\/web\/images\/ohrm_logo.png&quot;"
            :login-banner-src="&quot;\/web\/images\/ohrm_branding.png?v=1775433284510&quot;"
            :show-social-media="true"
            :is-demo-mode="false"
            :authenticators="[]"
        >
    <template v-slot:footer>
        <div class="orangehrm-copyright-wrapper">
            <oxd-text tag="p" class="orangehrm-copyright">OrangeHRM OS 5.8.1</oxd-text>
<oxd-text tag="p" class="orangehrm-copyright">&copy; 2005 - 2026 <a href="http://www.orangehrm.com" target="_blank">OrangeHRM, Inc</a>. All rights reserved.</oxd-text>
        </div>
    </template>
    </auth-login>
    </div>
    <script type="text/javascript">
        window.appGlobal = {
          baseUrl: "/web/index.php",
          publicPath: "/web",
        };
    </script>
    <script src="/web/dist/js/chunk-vendors.js?v=1775433284510"></script>
    <script src="/web/dist/js/app.js?v=1775433284510"></script>
</body>
</html>

2026-06-01 14:20:46,083 - baseAutoHttp.py - INFO - 【02登录页面未携带token:login_not_token_api】接口调用结束

2026-06-01 14:20:46,085 - web_login_page.py - INFO - 【未携带CSRF令牌】断言成功
2026-06-01 14:20:46,088 - baseAutoHttp.py - INFO - 接口会话已关闭
2026-06-01 14:20:46,090 - test_web_ohrm.py - INFO - 【未携带CSRF令牌】用例执行成功
2026-06-01 14:20:46,095 - baseUtils.py - INFO - 配置文件读取成功：E:\develop\PythonProject\OrangeHRM\Config\配置文件.ini
2026-06-01 14:20:46,188 - baseAutoHttp.py - INFO - 【01登录页面接口信息:login_api】接口调用开始
2026-06-01 14:20:46,191 - baseData.py - INFO - 动态参数替换成功：{'_token': 'd581c191fd1b0.zAg9fAAyekclnHi8bAgLPrEXXkocqE07nPHVMrnSdgo.n08QTUFDSDVDzBSOFlhjDIBgOiVKkQdB64e8V43gHDipYXZNSVsRJm_0Ew', 'username': 'admin', 'password': 'Keepmoving624.'}
2026-06-01 14:20:46,194 - baseAutoHttp.py - INFO - 请求方式: POST
2026-06-01 14:20:46,196 - baseAutoHttp.py - INFO - 请求地址: http://127.0.0.1:8080/web/index.php/auth/validate
2026-06-01 14:20:46,197 - baseAutoHttp.py - INFO - 请求头: {'User-Agent': 'Mozilla/5.0 (Windows NT 10.0; Win64; x64) AppleWebKit/537.36 (KHTML, like Gecko) Chrome/148.0.0.0 Safari/537.36', 'Content-Type': 'application/x-www-form-urlencoded'}
2026-06-01 14:20:46,200 - baseAutoHttp.py - INFO - 请求参数: params=None | data={'_token': 'd581c191fd1b0.zAg9fAAyekclnHi8bAgLPrEXXkocqE07nPHVMrnSdgo.n08QTUFDSDVDzBSOFlhjDIBgOiVKkQdB64e8V43gHDipYXZNSVsRJm_0Ew', 'username': 'admin', 'password': 'Keepmoving624.'} | json=None
2026-06-01 14:20:46,320 - baseAutoHttp.py - INFO - 响应状态码: 200
2026-06-01 14:20:46,324 - baseAutoHttp.py - INFO - 响应耗时: 0.069202s
2026-06-01 14:20:46,326 - baseAutoHttp.py - INFO - 响应文本: <!DOCTYPE html>
<html>
<head>
  <meta charset="UTF-8">
  <meta http-equiv="X-UA-Compatible" content="IE=edge">
  <meta name="viewport" content="width=device-width,initial-scale=1">
  <title>OrangeHRM</title>
      <link rel="icon" href="/web/dist/favicon.ico?v=1775433284510">
    <link href="/web/dist/css/chunk-vendors.css?v=1775433284510" rel="preload" as="style">
    <link href="/web/dist/css/app.css?v=1775433284510" rel="preload" as="style">
    <link href="/web/dist/js/chunk-vendors.js?v=1775433284510" rel="preload" as="script">
    <link href="/web/dist/js/app.js?v=1775433284510" rel="preload" as="script">
      <link href="/web/dist/css/chunk-vendors.css?v=1775433284510" rel="stylesheet"/>
    <link href="/web/dist/css/app.css?v=1775433284510" rel="stylesheet"/>
</head>
<body>
  <style>
    :root {
            --oxd-primary-one-color:#FF7B1D;
            --oxd-primary-font-color:#FFFFFF;
            --oxd-secondary-four-color:#76BC21;
            --oxd-secondary-font-color:#FFFFFF;
            --oxd-primary-gradient-start-color:#FF920B;
            --oxd-primary-gradient-end-color:#F35C17;
            --oxd-secondary-gradient-start-color:#FF920B;
            --oxd-secondary-gradient-end-color:#F35C17;
            --oxd-primary-one-lighten-5-color:#ff8a37;
            --oxd-primary-one-lighten-30-color:#ffd4b6;
            --oxd-primary-one-darken-5-color:#ff6c03;
            --oxd-primary-one-alpha-10-color:rgba(255, 123, 29, 0.1);
            --oxd-primary-one-alpha-15-color:rgba(255, 123, 29, 0.15);
            --oxd-primary-one-alpha-20-color:rgba(255, 123, 29, 0.2);
            --oxd-primary-one-alpha-50-color:rgba(255, 123, 29, 0.5);
            --oxd-secondary-four-lighten-5-color:#84d225;
            --oxd-secondary-four-darken-5-color:#68a61d;
            --oxd-secondary-four-alpha-10-color:rgba(118, 188, 33, 0.1);
            --oxd-secondary-four-alpha-15-color:rgba(118, 188, 33, 0.15);
            --oxd-secondary-four-alpha-20-color:rgba(118, 188, 33, 0.2);
            --oxd-secondary-four-alpha-50-color:rgba(118, 188, 33, 0.5);
        }
  </style>
    <noscript>
        <strong>
            We're sorry but orangehrm doesn't work properly without JavaScript enabled. Please enable it to continue.
        </strong>
    </noscript>

    <div id="app">
    <auth-login
            :error="{&quot;error&quot;:&quot;invalid_csrf_token&quot;,&quot;message&quot;:&quot;CSRF token validation failed&quot;}"
            :token="&quot;fd1d33edf968699a203fe17a.V6eGlDEDik81Aveerr_Soixl3SdEodvxDka5kQPeM0E.NsXH52VL23tFW5nQ5M2I7EodiEUg7bSXIz_vpze_fAcRxMPOQkXtCVx0hA&quot;"
            :login-logo-src="&quot;\/web\/images\/ohrm_logo.png&quot;"
            :login-banner-src="&quot;\/web\/images\/ohrm_branding.png?v=1775433284510&quot;"
            :show-social-media="true"
            :is-demo-mode="false"
            :authenticators="[]"
        >
    <template v-slot:footer>
        <div class="orangehrm-copyright-wrapper">
            <oxd-text tag="p" class="orangehrm-copyright">OrangeHRM OS 5.8.1</oxd-text>
<oxd-text tag="p" class="orangehrm-copyright">&copy; 2005 - 2026 <a href="http://www.orangehrm.com" target="_blank">OrangeHRM, Inc</a>. All rights reserved.</oxd-text>
        </div>
    </template>
    </auth-login>
    </div>
    <script type="text/javascript">
        window.appGlobal = {
          baseUrl: "/web/index.php",
          publicPath: "/web",
        };
    </script>
    <script src="/web/dist/js/chunk-vendors.js?v=1775433284510"></script>
    <script src="/web/dist/js/app.js?v=1775433284510"></script>
</body>
</html>

2026-06-01 14:20:46,328 - baseAutoHttp.py - INFO - 【01登录页面接口信息:login_api】接口调用结束

2026-06-01 14:20:46,330 - web_login_page.py - INFO - 【跨会话使用Token】断言成功
2026-06-01 14:20:46,332 - baseAutoHttp.py - INFO - 接口会话已关闭
2026-06-01 14:20:46,334 - test_web_ohrm.py - INFO - 【携带过期CSRF令牌】用例执行成功
2026-06-01 14:20:46,340 - baseUtils.py - INFO - 配置文件读取成功：E:\develop\PythonProject\OrangeHRM\Config\配置文件.ini
2026-06-01 14:20:46,341 - baseAutoHttp.py - INFO - 【01登录页面接口信息:login_api】接口调用开始
2026-06-01 14:20:46,344 - baseData.py - INFO - 动态参数替换成功：{'_token': '^74#oqLiz*XDuC8PpGUY', 'username': 'admin', 'password': 'Keepmoving624.'}
2026-06-01 14:20:46,346 - baseAutoHttp.py - INFO - 请求方式: POST
2026-06-01 14:20:46,348 - baseAutoHttp.py - INFO - 请求地址: http://127.0.0.1:8080/web/index.php/auth/validate
2026-06-01 14:20:46,350 - baseAutoHttp.py - INFO - 请求头: {'User-Agent': 'Mozilla/5.0 (Windows NT 10.0; Win64; x64) AppleWebKit/537.36 (KHTML, like Gecko) Chrome/148.0.0.0 Safari/537.36', 'Content-Type': 'application/x-www-form-urlencoded'}
2026-06-01 14:20:46,352 - baseAutoHttp.py - INFO - 请求参数: params=None | data={'_token': '^74#oqLiz*XDuC8PpGUY', 'username': 'admin', 'password': 'Keepmoving624.'} | json=None
2026-06-01 14:20:46,461 - baseAutoHttp.py - INFO - 响应状态码: 200
2026-06-01 14:20:46,464 - baseAutoHttp.py - INFO - 响应耗时: 0.056035s
2026-06-01 14:20:46,466 - baseAutoHttp.py - INFO - 响应文本: <!DOCTYPE html>
<html>
<head>
  <meta charset="UTF-8">
  <meta http-equiv="X-UA-Compatible" content="IE=edge">
  <meta name="viewport" content="width=device-width,initial-scale=1">
  <title>OrangeHRM</title>
      <link rel="icon" href="/web/dist/favicon.ico?v=1775433284510">
    <link href="/web/dist/css/chunk-vendors.css?v=1775433284510" rel="preload" as="style">
    <link href="/web/dist/css/app.css?v=1775433284510" rel="preload" as="style">
    <link href="/web/dist/js/chunk-vendors.js?v=1775433284510" rel="preload" as="script">
    <link href="/web/dist/js/app.js?v=1775433284510" rel="preload" as="script">
      <link href="/web/dist/css/chunk-vendors.css?v=1775433284510" rel="stylesheet"/>
    <link href="/web/dist/css/app.css?v=1775433284510" rel="stylesheet"/>
</head>
<body>
  <style>
    :root {
            --oxd-primary-one-color:#FF7B1D;
            --oxd-primary-font-color:#FFFFFF;
            --oxd-secondary-four-color:#76BC21;
            --oxd-secondary-font-color:#FFFFFF;
            --oxd-primary-gradient-start-color:#FF920B;
            --oxd-primary-gradient-end-color:#F35C17;
            --oxd-secondary-gradient-start-color:#FF920B;
            --oxd-secondary-gradient-end-color:#F35C17;
            --oxd-primary-one-lighten-5-color:#ff8a37;
            --oxd-primary-one-lighten-30-color:#ffd4b6;
            --oxd-primary-one-darken-5-color:#ff6c03;
            --oxd-primary-one-alpha-10-color:rgba(255, 123, 29, 0.1);
            --oxd-primary-one-alpha-15-color:rgba(255, 123, 29, 0.15);
            --oxd-primary-one-alpha-20-color:rgba(255, 123, 29, 0.2);
            --oxd-primary-one-alpha-50-color:rgba(255, 123, 29, 0.5);
            --oxd-secondary-four-lighten-5-color:#84d225;
            --oxd-secondary-four-darken-5-color:#68a61d;
            --oxd-secondary-four-alpha-10-color:rgba(118, 188, 33, 0.1);
            --oxd-secondary-four-alpha-15-color:rgba(118, 188, 33, 0.15);
            --oxd-secondary-four-alpha-20-color:rgba(118, 188, 33, 0.2);
            --oxd-secondary-four-alpha-50-color:rgba(118, 188, 33, 0.5);
        }
  </style>
    <noscript>
        <strong>
            We're sorry but orangehrm doesn't work properly without JavaScript enabled. Please enable it to continue.
        </strong>
    </noscript>

    <div id="app">
    <auth-login
            :error="{&quot;error&quot;:&quot;invalid_csrf_token&quot;,&quot;message&quot;:&quot;CSRF token validation failed&quot;}"
            :token="&quot;39540e2c6b24251588e9f61ea0f.OlLFazhbBF5ePfexrbNlYg2tsFJNHBmFfwMbc4Xjzl4.az71LVcRNRQPdYLY4p4UAG_j1Doue2O0LUx-Pe6B-xVTK51GDxVDD2pZsg&quot;"
            :login-logo-src="&quot;\/web\/images\/ohrm_logo.png&quot;"
            :login-banner-src="&quot;\/web\/images\/ohrm_branding.png?v=1775433284510&quot;"
            :show-social-media="true"
            :is-demo-mode="false"
            :authenticators="[]"
        >
    <template v-slot:footer>
        <div class="orangehrm-copyright-wrapper">
            <oxd-text tag="p" class="orangehrm-copyright">OrangeHRM OS 5.8.1</oxd-text>
<oxd-text tag="p" class="orangehrm-copyright">&copy; 2005 - 2026 <a href="http://www.orangehrm.com" target="_blank">OrangeHRM, Inc</a>. All rights reserved.</oxd-text>
        </div>
    </template>
    </auth-login>
    </div>
    <script type="text/javascript">
        window.appGlobal = {
          baseUrl: "/web/index.php",
          publicPath: "/web",
        };
    </script>
    <script src="/web/dist/js/chunk-vendors.js?v=1775433284510"></script>
    <script src="/web/dist/js/app.js?v=1775433284510"></script>
</body>
</html>

2026-06-01 14:20:46,468 - baseAutoHttp.py - INFO - 【01登录页面接口信息:login_api】接口调用结束

2026-06-01 14:20:46,470 - web_login_page.py - INFO - 【携带错误格式Token】断言成功
2026-06-01 14:20:46,472 - baseAutoHttp.py - INFO - 接口会话已关闭
2026-06-01 14:20:46,474 - test_web_ohrm.py - INFO - 【携带错误格式Token】用例执行成功
2026-06-01 14:20:46,480 - baseUtils.py - INFO - 配置文件读取成功：E:\develop\PythonProject\OrangeHRM\Config\配置文件.ini
2026-06-01 14:20:46,527 - baseAutoHttp.py - INFO - 【01登录页面接口信息:login_api】接口调用开始
2026-06-01 14:20:46,531 - baseData.py - INFO - 动态参数替换成功：{'_token': '76a7c0db.hwlhCbCLzMIPQ2DN3uuAfpyVYkZmqPA86cOaupWkceY.9T0ZetzS9IhIHDKskoO2ONvaCnQxm5ppmYrMyeTiG7ayTzFE79_8ul4yUA', 'username': 'wrong', 'password': 'wrong'}
2026-06-01 14:20:46,533 - baseAutoHttp.py - INFO - 请求方式: POST
2026-06-01 14:20:46,535 - baseAutoHttp.py - INFO - 请求地址: http://127.0.0.1:8080/web/index.php/auth/validate
2026-06-01 14:20:46,537 - baseAutoHttp.py - INFO - 请求头: {'User-Agent': 'Mozilla/5.0 (Windows NT 10.0; Win64; x64) AppleWebKit/537.36 (KHTML, like Gecko) Chrome/148.0.0.0 Safari/537.36', 'Content-Type': 'application/x-www-form-urlencoded'}
2026-06-01 14:20:46,539 - baseAutoHttp.py - INFO - 请求参数: params=None | data={'_token': '76a7c0db.hwlhCbCLzMIPQ2DN3uuAfpyVYkZmqPA86cOaupWkceY.9T0ZetzS9IhIHDKskoO2ONvaCnQxm5ppmYrMyeTiG7ayTzFE79_8ul4yUA', 'username': 'wrong', 'password': 'wrong'} | json=None
2026-06-01 14:20:46,661 - baseAutoHttp.py - INFO - 响应状态码: 200
2026-06-01 14:20:46,663 - baseAutoHttp.py - INFO - 响应耗时: 0.065668s
2026-06-01 14:20:46,665 - baseAutoHttp.py - INFO - 响应文本: <!DOCTYPE html>
<html>
<head>
  <meta charset="UTF-8">
  <meta http-equiv="X-UA-Compatible" content="IE=edge">
  <meta name="viewport" content="width=device-width,initial-scale=1">
  <title>OrangeHRM</title>
      <link rel="icon" href="/web/dist/favicon.ico?v=1775433284510">
    <link href="/web/dist/css/chunk-vendors.css?v=1775433284510" rel="preload" as="style">
    <link href="/web/dist/css/app.css?v=1775433284510" rel="preload" as="style">
    <link href="/web/dist/js/chunk-vendors.js?v=1775433284510" rel="preload" as="script">
    <link href="/web/dist/js/app.js?v=1775433284510" rel="preload" as="script">
      <link href="/web/dist/css/chunk-vendors.css?v=1775433284510" rel="stylesheet"/>
    <link href="/web/dist/css/app.css?v=1775433284510" rel="stylesheet"/>
</head>
<body>
  <style>
    :root {
            --oxd-primary-one-color:#FF7B1D;
            --oxd-primary-font-color:#FFFFFF;
            --oxd-secondary-four-color:#76BC21;
            --oxd-secondary-font-color:#FFFFFF;
            --oxd-primary-gradient-start-color:#FF920B;
            --oxd-primary-gradient-end-color:#F35C17;
            --oxd-secondary-gradient-start-color:#FF920B;
            --oxd-secondary-gradient-end-color:#F35C17;
            --oxd-primary-one-lighten-5-color:#ff8a37;
            --oxd-primary-one-lighten-30-color:#ffd4b6;
            --oxd-primary-one-darken-5-color:#ff6c03;
            --oxd-primary-one-alpha-10-color:rgba(255, 123, 29, 0.1);
            --oxd-primary-one-alpha-15-color:rgba(255, 123, 29, 0.15);
            --oxd-primary-one-alpha-20-color:rgba(255, 123, 29, 0.2);
            --oxd-primary-one-alpha-50-color:rgba(255, 123, 29, 0.5);
            --oxd-secondary-four-lighten-5-color:#84d225;
            --oxd-secondary-four-darken-5-color:#68a61d;
            --oxd-secondary-four-alpha-10-color:rgba(118, 188, 33, 0.1);
            --oxd-secondary-four-alpha-15-color:rgba(118, 188, 33, 0.15);
            --oxd-secondary-four-alpha-20-color:rgba(118, 188, 33, 0.2);
            --oxd-secondary-four-alpha-50-color:rgba(118, 188, 33, 0.5);
        }
  </style>
    <noscript>
        <strong>
            We're sorry but orangehrm doesn't work properly without JavaScript enabled. Please enable it to continue.
        </strong>
    </noscript>

    <div id="app">
    <auth-login
            :error="{&quot;error&quot;:&quot;invalid_credentials&quot;,&quot;message&quot;:&quot;Invalid credentials&quot;}"
            :token="&quot;9c29aa9259afacc55f.ESwa6FoxRUtE1YbVM6Fldd3wmPg69_znwJYpMQSGFJI.YxhimzZofQEDitS0f8lTM5q_8MptxJaysN9_QnXAfsIkakqlBWV1MxWktg&quot;"
            :login-logo-src="&quot;\/web\/images\/ohrm_logo.png&quot;"
            :login-banner-src="&quot;\/web\/images\/ohrm_branding.png?v=1775433284510&quot;"
            :show-social-media="true"
            :is-demo-mode="false"
            :authenticators="[]"
        >
    <template v-slot:footer>
        <div class="orangehrm-copyright-wrapper">
            <oxd-text tag="p" class="orangehrm-copyright">OrangeHRM OS 5.8.1</oxd-text>
<oxd-text tag="p" class="orangehrm-copyright">&copy; 2005 - 2026 <a href="http://www.orangehrm.com" target="_blank">OrangeHRM, Inc</a>. All rights reserved.</oxd-text>
        </div>
    </template>
    </auth-login>
    </div>
    <script type="text/javascript">
        window.appGlobal = {
          baseUrl: "/web/index.php",
          publicPath: "/web",
        };
    </script>
    <script src="/web/dist/js/chunk-vendors.js?v=1775433284510"></script>
    <script src="/web/dist/js/app.js?v=1775433284510"></script>
</body>
</html>

2026-06-01 14:20:46,667 - baseAutoHttp.py - INFO - 【01登录页面接口信息:login_api】接口调用结束

2026-06-01 14:20:46,669 - web_login_page.py - INFO - 【wrong/wrong】断言成功
2026-06-01 14:20:46,671 - baseAutoHttp.py - INFO - 接口会话已关闭
2026-06-01 14:20:46,673 - test_web_ohrm.py - INFO - 【错误用户名/密码】用例执行成功
2026-06-01 14:20:46,679 - baseUtils.py - INFO - 配置文件读取成功：E:\develop\PythonProject\OrangeHRM\Config\配置文件.ini
2026-06-01 14:20:46,726 - baseAutoHttp.py - INFO - 【01登录页面接口信息:login_api】接口调用开始
2026-06-01 14:20:46,729 - baseData.py - INFO - 动态参数替换成功：{'_token': 'b.wN1AmUPbSSva3yNiEzhk8w5OKgAnDLP_Nc0s4JlItd4.jep5wA-KLROui3wRcVU2g0AmT2FQPNK7AqNH0tYuxej1pBfbDrJ_XK2FUA', 'username': '', 'password': 'Keepmoving624.'}
2026-06-01 14:20:46,732 - baseAutoHttp.py - INFO - 请求方式: POST
2026-06-01 14:20:46,734 - baseAutoHttp.py - INFO - 请求地址: http://127.0.0.1:8080/web/index.php/auth/validate
2026-06-01 14:20:46,735 - baseAutoHttp.py - INFO - 请求头: {'User-Agent': 'Mozilla/5.0 (Windows NT 10.0; Win64; x64) AppleWebKit/537.36 (KHTML, like Gecko) Chrome/148.0.0.0 Safari/537.36', 'Content-Type': 'application/x-www-form-urlencoded'}
2026-06-01 14:20:46,737 - baseAutoHttp.py - INFO - 请求参数: params=None | data={'_token': 'b.wN1AmUPbSSva3yNiEzhk8w5OKgAnDLP_Nc0s4JlItd4.jep5wA-KLROui3wRcVU2g0AmT2FQPNK7AqNH0tYuxej1pBfbDrJ_XK2FUA', 'username': '', 'password': 'Keepmoving624.'} | json=None
2026-06-01 14:20:46,842 - baseAutoHttp.py - INFO - 响应状态码: 200
2026-06-01 14:20:46,844 - baseAutoHttp.py - INFO - 响应耗时: 0.044477s
2026-06-01 14:20:46,846 - baseAutoHttp.py - INFO - 响应文本: <!DOCTYPE html>
<html>
<head>
  <meta charset="UTF-8">
  <meta http-equiv="X-UA-Compatible" content="IE=edge">
  <meta name="viewport" content="width=device-width,initial-scale=1">
  <title>OrangeHRM</title>
      <link rel="icon" href="/web/dist/favicon.ico?v=1775433284510">
    <link href="/web/dist/css/chunk-vendors.css?v=1775433284510" rel="preload" as="style">
    <link href="/web/dist/css/app.css?v=1775433284510" rel="preload" as="style">
    <link href="/web/dist/js/chunk-vendors.js?v=1775433284510" rel="preload" as="script">
    <link href="/web/dist/js/app.js?v=1775433284510" rel="preload" as="script">
      <link href="/web/dist/css/chunk-vendors.css?v=1775433284510" rel="stylesheet"/>
    <link href="/web/dist/css/app.css?v=1775433284510" rel="stylesheet"/>
</head>
<body>
  <style>
    :root {
            --oxd-primary-one-color:#FF7B1D;
            --oxd-primary-font-color:#FFFFFF;
            --oxd-secondary-four-color:#76BC21;
            --oxd-secondary-font-color:#FFFFFF;
            --oxd-primary-gradient-start-color:#FF920B;
            --oxd-primary-gradient-end-color:#F35C17;
            --oxd-secondary-gradient-start-color:#FF920B;
            --oxd-secondary-gradient-end-color:#F35C17;
            --oxd-primary-one-lighten-5-color:#ff8a37;
            --oxd-primary-one-lighten-30-color:#ffd4b6;
            --oxd-primary-one-darken-5-color:#ff6c03;
            --oxd-primary-one-alpha-10-color:rgba(255, 123, 29, 0.1);
            --oxd-primary-one-alpha-15-color:rgba(255, 123, 29, 0.15);
            --oxd-primary-one-alpha-20-color:rgba(255, 123, 29, 0.2);
            --oxd-primary-one-alpha-50-color:rgba(255, 123, 29, 0.5);
            --oxd-secondary-four-lighten-5-color:#84d225;
            --oxd-secondary-four-darken-5-color:#68a61d;
            --oxd-secondary-four-alpha-10-color:rgba(118, 188, 33, 0.1);
            --oxd-secondary-four-alpha-15-color:rgba(118, 188, 33, 0.15);
            --oxd-secondary-four-alpha-20-color:rgba(118, 188, 33, 0.2);
            --oxd-secondary-four-alpha-50-color:rgba(118, 188, 33, 0.5);
        }
  </style>
    <noscript>
        <strong>
            We're sorry but orangehrm doesn't work properly without JavaScript enabled. Please enable it to continue.
        </strong>
    </noscript>

    <div id="app">
    <auth-login
            :error="{&quot;error&quot;:&quot;invalid_credentials&quot;,&quot;message&quot;:&quot;Invalid credentials&quot;}"
            :token="&quot;bd92a8cd687b0dba4.cEAhYtmZWC3VEl8BgzArLPUQTnJWGBq1zVVgucoMIMA.PXcYO5XIPBWhRgBy4V15XLt4KxMhKHvx-jsLi4VqUPZFOXYglPBuWqJILA&quot;"
            :login-logo-src="&quot;\/web\/images\/ohrm_logo.png&quot;"
            :login-banner-src="&quot;\/web\/images\/ohrm_branding.png?v=1775433284510&quot;"
            :show-social-media="true"
            :is-demo-mode="false"
            :authenticators="[]"
        >
    <template v-slot:footer>
        <div class="orangehrm-copyright-wrapper">
            <oxd-text tag="p" class="orangehrm-copyright">OrangeHRM OS 5.8.1</oxd-text>
<oxd-text tag="p" class="orangehrm-copyright">&copy; 2005 - 2026 <a href="http://www.orangehrm.com" target="_blank">OrangeHRM, Inc</a>. All rights reserved.</oxd-text>
        </div>
    </template>
    </auth-login>
    </div>
    <script type="text/javascript">
        window.appGlobal = {
          baseUrl: "/web/index.php",
          publicPath: "/web",
        };
    </script>
    <script src="/web/dist/js/chunk-vendors.js?v=1775433284510"></script>
    <script src="/web/dist/js/app.js?v=1775433284510"></script>
</body>
</html>

2026-06-01 14:20:46,848 - baseAutoHttp.py - INFO - 【01登录页面接口信息:login_api】接口调用结束

2026-06-01 14:20:46,850 - web_login_page.py - INFO - 【空用户名/Keepmoving624.】断言成功
2026-06-01 14:20:46,852 - baseAutoHttp.py - INFO - 接口会话已关闭
2026-06-01 14:20:46,854 - test_web_ohrm.py - INFO - 【用户名为空】用例执行成功
2026-06-01 14:20:46,861 - baseUtils.py - INFO - 配置文件读取成功：E:\develop\PythonProject\OrangeHRM\Config\配置文件.ini
2026-06-01 14:20:46,909 - baseAutoHttp.py - INFO - 【01登录页面接口信息:login_api】接口调用开始
2026-06-01 14:20:46,913 - baseData.py - INFO - 动态参数替换成功：{'_token': '2b8dac1e6bea095d9de73d385b47c.vCdv5LrpSsGITLnoHcgCXHgMY_q1SH69ysTFXx2J1j4.0GACrs-qM7TYCfaxU41KLipcDoLxIwTUg56zL2rchQ3OVQOQ1tlzgMYCgQ', 'username': 'admin', 'password': ''}
2026-06-01 14:20:46,915 - baseAutoHttp.py - INFO - 请求方式: POST
2026-06-01 14:20:46,917 - baseAutoHttp.py - INFO - 请求地址: http://127.0.0.1:8080/web/index.php/auth/validate
2026-06-01 14:20:46,919 - baseAutoHttp.py - INFO - 请求头: {'User-Agent': 'Mozilla/5.0 (Windows NT 10.0; Win64; x64) AppleWebKit/537.36 (KHTML, like Gecko) Chrome/148.0.0.0 Safari/537.36', 'Content-Type': 'application/x-www-form-urlencoded'}
2026-06-01 14:20:46,921 - baseAutoHttp.py - INFO - 请求参数: params=None | data={'_token': '2b8dac1e6bea095d9de73d385b47c.vCdv5LrpSsGITLnoHcgCXHgMY_q1SH69ysTFXx2J1j4.0GACrs-qM7TYCfaxU41KLipcDoLxIwTUg56zL2rchQ3OVQOQ1tlzgMYCgQ', 'username': 'admin', 'password': ''} | json=None
2026-06-01 14:20:47,223 - baseAutoHttp.py - INFO - 响应状态码: 200
2026-06-01 14:20:47,225 - baseAutoHttp.py - INFO - 响应耗时: 0.058007s
2026-06-01 14:20:47,227 - baseAutoHttp.py - INFO - 响应文本: <!DOCTYPE html>
<html>
<head>
  <meta charset="UTF-8">
  <meta http-equiv="X-UA-Compatible" content="IE=edge">
  <meta name="viewport" content="width=device-width,initial-scale=1">
  <title>OrangeHRM</title>
      <link rel="icon" href="/web/dist/favicon.ico?v=1775433284510">
    <link href="/web/dist/css/chunk-vendors.css?v=1775433284510" rel="preload" as="style">
    <link href="/web/dist/css/app.css?v=1775433284510" rel="preload" as="style">
    <link href="/web/dist/js/chunk-vendors.js?v=1775433284510" rel="preload" as="script">
    <link href="/web/dist/js/app.js?v=1775433284510" rel="preload" as="script">
      <link href="/web/dist/css/chunk-vendors.css?v=1775433284510" rel="stylesheet"/>
    <link href="/web/dist/css/app.css?v=1775433284510" rel="stylesheet"/>
</head>
<body>
  <style>
    :root {
            --oxd-primary-one-color:#FF7B1D;
            --oxd-primary-font-color:#FFFFFF;
            --oxd-secondary-four-color:#76BC21;
            --oxd-secondary-font-color:#FFFFFF;
            --oxd-primary-gradient-start-color:#FF920B;
            --oxd-primary-gradient-end-color:#F35C17;
            --oxd-secondary-gradient-start-color:#FF920B;
            --oxd-secondary-gradient-end-color:#F35C17;
            --oxd-primary-one-lighten-5-color:#ff8a37;
            --oxd-primary-one-lighten-30-color:#ffd4b6;
            --oxd-primary-one-darken-5-color:#ff6c03;
            --oxd-primary-one-alpha-10-color:rgba(255, 123, 29, 0.1);
            --oxd-primary-one-alpha-15-color:rgba(255, 123, 29, 0.15);
            --oxd-primary-one-alpha-20-color:rgba(255, 123, 29, 0.2);
            --oxd-primary-one-alpha-50-color:rgba(255, 123, 29, 0.5);
            --oxd-secondary-four-lighten-5-color:#84d225;
            --oxd-secondary-four-darken-5-color:#68a61d;
            --oxd-secondary-four-alpha-10-color:rgba(118, 188, 33, 0.1);
            --oxd-secondary-four-alpha-15-color:rgba(118, 188, 33, 0.15);
            --oxd-secondary-four-alpha-20-color:rgba(118, 188, 33, 0.2);
            --oxd-secondary-four-alpha-50-color:rgba(118, 188, 33, 0.5);
        }
  </style>
    <noscript>
        <strong>
            We're sorry but orangehrm doesn't work properly without JavaScript enabled. Please enable it to continue.
        </strong>
    </noscript>

    <div id="app">
    <auth-login
            :error="{&quot;error&quot;:&quot;invalid_credentials&quot;,&quot;message&quot;:&quot;Invalid credentials&quot;}"
            :token="&quot;4b1a3d11d4f47e4e88b45d618d67e.vGK2WR5P7vC_YD26QwLt9AdZJfaj6Z7qPGuBpj-6iX4.0CXbE2sMl4XvJXLjDUelhlUJSI7nguSDdTH31kjv2k3OENotcn_XsfEuBQ&quot;"
            :login-logo-src="&quot;\/web\/images\/ohrm_logo.png&quot;"
            :login-banner-src="&quot;\/web\/images\/ohrm_branding.png?v=1775433284510&quot;"
            :show-social-media="true"
            :is-demo-mode="false"
            :authenticators="[]"
        >
    <template v-slot:footer>
        <div class="orangehrm-copyright-wrapper">
            <oxd-text tag="p" class="orangehrm-copyright">OrangeHRM OS 5.8.1</oxd-text>
<oxd-text tag="p" class="orangehrm-copyright">&copy; 2005 - 2026 <a href="http://www.orangehrm.com" target="_blank">OrangeHRM, Inc</a>. All rights reserved.</oxd-text>
        </div>
    </template>
    </auth-login>
    </div>
    <script type="text/javascript">
        window.appGlobal = {
          baseUrl: "/web/index.php",
          publicPath: "/web",
        };
    </script>
    <script src="/web/dist/js/chunk-vendors.js?v=1775433284510"></script>
    <script src="/web/dist/js/app.js?v=1775433284510"></script>
</body>
</html>

2026-06-01 14:20:47,229 - baseAutoHttp.py - INFO - 【01登录页面接口信息:login_api】接口调用结束

2026-06-01 14:20:47,232 - web_login_page.py - INFO - 【admin/空密码】断言成功
2026-06-01 14:20:47,234 - baseAutoHttp.py - INFO - 接口会话已关闭
2026-06-01 14:20:47,236 - test_web_ohrm.py - INFO - 【密码为空】用例执行成功
2026-06-01 14:20:47,668 - baseDB.py - INFO - ✅ MySQL 数据库连接成功
2026-06-01 14:20:47,673 - conftest - INFO - ✅ conftest: 获取数据库连接（MysqlHelp）
2026-06-01 14:20:47,676 - baseUtils.py - INFO - 配置文件读取成功：E:\develop\PythonProject\OrangeHRM\Config\配置文件.ini
2026-06-01 14:20:47,795 - baseUtils.py - INFO - 配置文件读取成功：E:\develop\PythonProject\OrangeHRM\Config\配置文件.ini
2026-06-01 14:20:47,853 - baseUtils.py - INFO - 配置文件读取成功：E:\develop\PythonProject\OrangeHRM\Config\配置文件.ini
2026-06-01 14:20:47,918 - baseUtils.py - INFO - 配置文件读取成功：E:\develop\PythonProject\OrangeHRM\Config\配置文件.ini
2026-06-01 14:20:47,993 - baseAutoHttp.py - INFO - 【03查询员工页面:select_employee】接口调用开始
2026-06-01 14:20:47,999 - baseAutoHttp.py - INFO - 请求方式: GET
2026-06-01 14:20:48,001 - baseAutoHttp.py - INFO - 请求地址: http://127.0.0.1:8080/web/index.php/api/v2/pim/employees
2026-06-01 14:20:48,003 - baseAutoHttp.py - INFO - 请求头: {'User-Agent': 'Mozilla/5.0 (Windows NT 10.0; Win64; x64) AppleWebKit/537.36 (KHTML, like Gecko) Chrome/148.0.0.0 Safari/537.36'}
2026-06-01 14:20:48,005 - baseAutoHttp.py - INFO - 请求参数: params={'limit': '50', 'offset': '0', 'model': 'detailed', 'includeEmployees': 'onlyCurrent', 'sortField': 'employee.firstName', 'sortOrder': 'ASC'} | data=None | json=None
2026-06-01 14:20:48,070 - baseAutoHttp.py - INFO - 响应状态码: 200
2026-06-01 14:20:48,073 - baseAutoHttp.py - INFO - 响应耗时: 0.061472s
2026-06-01 14:20:48,075 - baseAutoHttp.py - INFO - 响应JSON: {'data': [{'empNumber': 2, 'lastName': 'oo', 'firstName': 'hh', 'middleName': '', 'employeeId': '0002', 'terminationId': None, 'jobTitle': {'id': None, 'title': None, 'isDeleted': None}, 'subunit': {'id': None, 'name': None}, 'empStatus': {'id': None, 'name': None}, 'supervisors': []}, {'empNumber': 5, 'lastName': 'Doe', 'firstName': 'John', 'middleName': '', 'employeeId': '1001', 'terminationId': None, 'jobTitle': {'id': None, 'title': None, 'isDeleted': None}, 'subunit': {'id': None, 'name': None}, 'empStatus': {'id': None, 'name': None}, 'supervisors': []}, {'empNumber': 6, 'lastName': 'pp', 'firstName': 'kk', 'middleName': '', 'employeeId': '1002', 'terminationId': None, 'jobTitle': {'id': None, 'title': None, 'isDeleted': None}, 'subunit': {'id': None, 'name': None}, 'empStatus': {'id': None, 'name': None}, 'supervisors': []}, {'empNumber': 14, 'lastName': 'll', 'firstName': 'kk', 'middleName': '', 'employeeId': '0014', 'terminationId': None, 'jobTitle': {'id': None, 'title': None, 'isDeleted': None}, 'subunit': {'id': None, 'name': None}, 'empStatus': {'id': None, 'name': None}, 'supervisors': []}, {'empNumber': 16, 'lastName': 'pp', 'firstName': 'ww', 'middleName': '', 'employeeId': '0016', 'terminationId': None, 'jobTitle': {'id': None, 'title': None, 'isDeleted': None}, 'subunit': {'id': None, 'name': None}, 'empStatus': {'id': None, 'name': None}, 'supervisors': []}, {'empNumber': 17, 'lastName': 'ss', 'firstName': 'zz', 'middleName': '', 'employeeId': '1009', 'terminationId': None, 'jobTitle': {'id': None, 'title': None, 'isDeleted': None}, 'subunit': {'id': None, 'name': None}, 'empStatus': {'id': None, 'name': None}, 'supervisors': []}, {'empNumber': 1, 'lastName': '安', 'firstName': '谢', 'middleName': '', 'employeeId': '0001', 'terminationId': None, 'jobTitle': {'id': None, 'title': None, 'isDeleted': None}, 'subunit': {'id': None, 'name': None}, 'empStatus': {'id': None, 'name': None}, 'supervisors': []}], 'meta': {'total': 7}, 'rels': []}
2026-06-01 14:20:48,077 - baseAutoHttp.py - INFO - 【03查询员工页面:select_employee】接口调用结束

2026-06-01 14:20:48,079 - test_web_ohrm.py - INFO - ☑️ 查询员工列表成功，返回 7 条
2026-06-01 14:20:48,085 - baseUtils.py - INFO - 配置文件读取成功：E:\develop\PythonProject\OrangeHRM\Config\配置文件.ini
2026-06-01 14:20:48,085 - baseAutoHttp.py - INFO - 【03查询员工页面:select_query】接口调用开始
2026-06-01 14:20:48,089 - baseData.py - INFO - 动态参数替换成功：{'employeeId': '1001'}
2026-06-01 14:20:48,092 - baseAutoHttp.py - INFO - 请求方式: GET
2026-06-01 14:20:48,094 - baseAutoHttp.py - INFO - 请求地址: http://127.0.0.1:8080/web/index.php/api/v2/pim/employees
2026-06-01 14:20:48,096 - baseAutoHttp.py - INFO - 请求头: {'User-Agent': 'Mozilla/5.0 (Windows NT 10.0; Win64; x64) AppleWebKit/537.36 (KHTML, like Gecko) Chrome/148.0.0.0 Safari/537.36', 'Referer': 'http://127.0.0.1:8080/web/index.php/pim/viewEmployeeList'}
2026-06-01 14:20:48,098 - baseAutoHttp.py - INFO - 请求参数: params={'limit': '50', 'offset': '0', 'model': 'detailed', 'employeeId': '1001', 'includeEmployees': 'onlyCurrent', 'sortField': 'employee.firstName', 'sortOrder': 'ASC'} | data=None | json=None
2026-06-01 14:20:48,166 - baseAutoHttp.py - INFO - 响应状态码: 200
2026-06-01 14:20:48,169 - baseAutoHttp.py - INFO - 响应耗时: 0.064884s
2026-06-01 14:20:48,171 - baseAutoHttp.py - INFO - 响应JSON: {'data': [{'empNumber': 5, 'lastName': 'Doe', 'firstName': 'John', 'middleName': '', 'employeeId': '1001', 'terminationId': None, 'jobTitle': {'id': None, 'title': None, 'isDeleted': None}, 'subunit': {'id': None, 'name': None}, 'empStatus': {'id': None, 'name': None}, 'supervisors': []}], 'meta': {'total': 1}, 'rels': []}
2026-06-01 14:20:48,173 - baseAutoHttp.py - INFO - 【03查询员工页面:select_query】接口调用结束

2026-06-01 14:20:48,175 - test_web_ohrm.py - INFO - ☑️【指定查询用例】执行完毕
2026-06-01 14:20:48,181 - baseUtils.py - INFO - 配置文件读取成功：E:\develop\PythonProject\OrangeHRM\Config\配置文件.ini
2026-06-01 14:20:48,181 - baseAutoHttp.py - INFO - 【03查询员工页面:select_query】接口调用开始
2026-06-01 14:20:48,185 - baseData.py - INFO - 动态参数替换成功：{'employeeId': '9999'}
2026-06-01 14:20:48,187 - baseAutoHttp.py - INFO - 请求方式: GET
2026-06-01 14:20:48,189 - baseAutoHttp.py - INFO - 请求地址: http://127.0.0.1:8080/web/index.php/api/v2/pim/employees
2026-06-01 14:20:48,192 - baseAutoHttp.py - INFO - 请求头: {'User-Agent': 'Mozilla/5.0 (Windows NT 10.0; Win64; x64) AppleWebKit/537.36 (KHTML, like Gecko) Chrome/148.0.0.0 Safari/537.36', 'Referer': 'http://127.0.0.1:8080/web/index.php/pim/viewEmployeeList'}
2026-06-01 14:20:48,194 - baseAutoHttp.py - INFO - 请求参数: params={'limit': '50', 'offset': '0', 'model': 'detailed', 'employeeId': '9999', 'includeEmployees': 'onlyCurrent', 'sortField': 'employee.firstName', 'sortOrder': 'ASC'} | data=None | json=None
2026-06-01 14:20:48,278 - baseAutoHttp.py - INFO - 响应状态码: 200
2026-06-01 14:20:48,280 - baseAutoHttp.py - INFO - 响应耗时: 0.081017s
2026-06-01 14:20:48,282 - baseAutoHttp.py - INFO - 响应JSON: {'data': [], 'meta': {'total': 0}, 'rels': []}
2026-06-01 14:20:48,284 - baseAutoHttp.py - INFO - 【03查询员工页面:select_query】接口调用结束

2026-06-01 14:20:48,287 - test_web_ohrm.py - INFO - ☑️【指定查询用例】执行完毕
2026-06-01 14:20:48,293 - baseUtils.py - INFO - 配置文件读取成功：E:\develop\PythonProject\OrangeHRM\Config\配置文件.ini
2026-06-01 14:20:48,302 - baseDB.py - INFO - ✅ MySQL 数据库连接成功
2026-06-01 14:20:48,308 - baseAutoHttp.py - INFO - 【04更新员工:update_employee】接口调用开始
2026-06-01 14:20:48,312 - baseData.py - INFO - 动态参数替换成功：{'firstName': 'John', 'lastName': 'Doe', 'employeeId': '1001'}
2026-06-01 14:20:48,314 - baseAutoHttp.py - INFO - 请求方式: PUT
2026-06-01 14:20:48,316 - baseAutoHttp.py - INFO - 请求地址: http://127.0.0.1:8080/web/index.php/api/v2/pim/employees/5/personal-details
2026-06-01 14:20:48,319 - baseAutoHttp.py - INFO - 请求头: {'User-Agent': 'Mozilla/5.0 (Windows NT 10.0; Win64; x64) AppleWebKit/537.36 (KHTML, like Gecko) Chrome/148.0.0.0 Safari/537.36', 'Content-Type': 'application/json', 'Referer': 'http://127.0.0.1:8080/web/index.php/pim/viewPersonalDetails/empNumber/5', 'Origin': 'http://127.0.0.1:8080'}
2026-06-01 14:20:48,321 - baseAutoHttp.py - INFO - 请求参数: params=None | data=None | json={'birthday': None, 'drivingLicenseExpiredDate': None, 'drivingLicenseNo': None, 'employeeId': '1001', 'firstName': 'John', 'gender': None, 'lastName': 'Doe', 'middleName': None, 'otherId': None}
2026-06-01 14:20:48,399 - baseAutoHttp.py - INFO - 响应状态码: 500
2026-06-01 14:20:48,402 - baseAutoHttp.py - INFO - 响应耗时: 0.075392s
2026-06-01 14:20:48,404 - baseAutoHttp.py - INFO - 响应JSON: {'error': {'status': '500', 'message': 'Unexpected Error Occurred'}}
2026-06-01 14:20:48,406 - baseAutoHttp.py - INFO - 【04更新员工:update_employee】接口调用结束

2026-06-01 14:20:48,416 - baseDB.py - INFO - ✅ MySQL 数据库连接成功
2026-06-01 14:20:48,422 - baseDB.py - INFO - ✅ MySQL 执行成功，事务已提交
2026-06-01 14:20:48,424 - baseDB.py - INFO - 🔌 MySQL 连接已关闭
2026-06-01 14:20:48,447 - baseDB.py - INFO - ✅ MySQL 数据库连接成功
2026-06-01 14:20:48,513 - baseUtils.py - INFO - 配置文件读取成功：E:\develop\PythonProject\OrangeHRM\Config\配置文件.ini
2026-06-01 14:20:48,515 - baseUtils.py - INFO - 配置文件读取成功：E:\develop\PythonProject\OrangeHRM\Config\配置文件.ini
2026-06-01 14:20:48,515 - baseAutoHttp.py - INFO - 【03查询员工页面:select_query】接口调用开始
2026-06-01 14:20:48,519 - baseData.py - INFO - 动态参数替换成功：{'employeeId': '0004'}
2026-06-01 14:20:48,521 - baseAutoHttp.py - INFO - 请求方式: GET
2026-06-01 14:20:48,523 - baseAutoHttp.py - INFO - 请求地址: http://127.0.0.1:8080/web/index.php/api/v2/pim/employees
2026-06-01 14:20:48,526 - baseAutoHttp.py - INFO - 请求头: {'User-Agent': 'Mozilla/5.0 (Windows NT 10.0; Win64; x64) AppleWebKit/537.36 (KHTML, like Gecko) Chrome/148.0.0.0 Safari/537.36', 'Referer': 'http://127.0.0.1:8080/web/index.php/pim/viewEmployeeList'}
2026-06-01 14:20:48,528 - baseAutoHttp.py - INFO - 请求参数: params={'limit': '50', 'offset': '0', 'model': 'detailed', 'employeeId': '0004', 'includeEmployees': 'onlyCurrent', 'sortField': 'employee.firstName', 'sortOrder': 'ASC'} | data=None | json=None
2026-06-01 14:20:48,606 - baseAutoHttp.py - INFO - 响应状态码: 200
2026-06-01 14:20:48,608 - baseAutoHttp.py - INFO - 响应耗时: 0.074854s
2026-06-01 14:20:48,610 - baseAutoHttp.py - INFO - 响应JSON: {'data': [], 'meta': {'total': 0}, 'rels': []}
2026-06-01 14:20:48,612 - baseAutoHttp.py - INFO - 【03查询员工页面:select_query】接口调用结束

2026-06-01 14:20:48,634 - baseDB.py - INFO - ✅ MySQL 数据库连接成功
2026-06-01 14:20:48,698 - baseUtils.py - INFO - 配置文件读取成功：E:\develop\PythonProject\OrangeHRM\Config\配置文件.ini
2026-06-01 14:20:48,700 - baseUtils.py - INFO - 配置文件读取成功：E:\develop\PythonProject\OrangeHRM\Config\配置文件.ini
2026-06-01 14:20:48,700 - baseAutoHttp.py - INFO - 【03查询员工页面:select_query】接口调用开始
2026-06-01 14:20:48,704 - baseData.py - INFO - 动态参数替换成功：{'employeeId': '9999'}
2026-06-01 14:20:48,706 - baseAutoHttp.py - INFO - 请求方式: GET
2026-06-01 14:20:48,709 - baseAutoHttp.py - INFO - 请求地址: http://127.0.0.1:8080/web/index.php/api/v2/pim/employees
2026-06-01 14:20:48,711 - baseAutoHttp.py - INFO - 请求头: {'User-Agent': 'Mozilla/5.0 (Windows NT 10.0; Win64; x64) AppleWebKit/537.36 (KHTML, like Gecko) Chrome/148.0.0.0 Safari/537.36', 'Referer': 'http://127.0.0.1:8080/web/index.php/pim/viewEmployeeList'}
2026-06-01 14:20:48,713 - baseAutoHttp.py - INFO - 请求参数: params={'limit': '50', 'offset': '0', 'model': 'detailed', 'employeeId': '9999', 'includeEmployees': 'onlyCurrent', 'sortField': 'employee.firstName', 'sortOrder': 'ASC'} | data=None | json=None
2026-06-01 14:20:48,771 - baseAutoHttp.py - INFO - 响应状态码: 200
2026-06-01 14:20:48,773 - baseAutoHttp.py - INFO - 响应耗时: 0.054428s
2026-06-01 14:20:48,775 - baseAutoHttp.py - INFO - 响应JSON: {'data': [], 'meta': {'total': 0}, 'rels': []}
2026-06-01 14:20:48,777 - baseAutoHttp.py - INFO - 【03查询员工页面:select_query】接口调用结束

2026-06-01 14:20:48,790 - baseDB.py - INFO - ✅ MySQL 数据库连接成功
2026-06-01 14:20:48,795 - test_web_ohrm.py - INFO - ☑️【删除员工】用例执行成功
2026-06-01 14:20:48,802 - baseUtils.py - INFO - 配置文件读取成功：E:\develop\PythonProject\OrangeHRM\Config\配置文件.ini
2026-06-01 14:20:48,802 - baseAutoHttp.py - INFO - 【06未登录访问员工接口:employee】接口调用开始
2026-06-01 14:20:48,805 - baseAutoHttp.py - INFO - 请求方式: GET
2026-06-01 14:20:48,807 - baseAutoHttp.py - INFO - 请求地址: http://127.0.0.1:8080/web/index.php/pim/viewEmployeeList
2026-06-01 14:20:48,809 - baseAutoHttp.py - INFO - 请求头: {'User-Agent': 'Mozilla/5.0 (Windows NT 10.0; Win64; x64) AppleWebKit/537.36 (KHTML, like Gecko) Chrome/148.0.0.0 Safari/537.36'}
2026-06-01 14:20:48,811 - baseAutoHttp.py - INFO - 请求参数: params={'includeEmployees': 'onlyCurrent', 'limit': '50', 'model': 'detailed', 'offset': '0', 'sortField': 'employee.firstName', 'sortOrder': 'ASC'} | data=None | json=None
2026-06-01 14:20:48,868 - baseAutoHttp.py - INFO - 响应状态码: 302
2026-06-01 14:20:48,871 - baseAutoHttp.py - INFO - 响应耗时: 0.053693s
2026-06-01 14:20:48,873 - baseAutoHttp.py - INFO - 响应文本: <!DOCTYPE html>
<html>
    <head>
        <meta charset="UTF-8" />
        <meta http-equiv="refresh" content="0;url='http://127.0.0.1:8080/web/index.php/auth/login'" />

        <title>Redirecting to http://127.0.0.1:8080/web/index.php/auth/login</title>
    </head>
    <body>
        Redirecting to <a href="http://127.0.0.1:8080/web/index.php/auth/login">http://127.0.0.1:8080/web/index.php/auth/login</a>.
    </body>
</html>
2026-06-01 14:20:48,874 - baseAutoHttp.py - INFO - 【06未登录访问员工接口:employee】接口调用结束

2026-06-01 14:20:49,262 - baseUtils.py - INFO - 配置文件读取成功：E:\develop\PythonProject\OrangeHRM\Config\配置文件.ini
2026-06-01 14:20:49,262 - baseAutoHttp.py - INFO - 【07非管理员登录:employee_login】接口调用开始
2026-06-01 14:20:49,265 - baseData.py - INFO - 动态参数替换成功：{'firstName': 'cc', 'lastName': 'dd', 'employeeId': '1010'}
2026-06-01 14:20:49,267 - baseAutoHttp.py - INFO - 请求方式: POST
2026-06-01 14:20:49,270 - baseAutoHttp.py - INFO - 请求地址: http://127.0.0.1:8080/web/index.php/api/v2/pim/employees
2026-06-01 14:20:49,271 - baseAutoHttp.py - INFO - 请求头: {'User-Agent': 'Mozilla/5.0 (Windows NT 10.0; Win64; x64) AppleWebKit/537.36 (KHTML, like Gecko) Chrome/148.0.0.0 Safari/537.36', 'Content-Type': 'application/json', 'Origin': 'http://127.0.0.1:8080', 'Referer': 'http://127.0.0.1:8080/web/index.php/pim/addEmployee'}
2026-06-01 14:20:49,273 - baseAutoHttp.py - INFO - 请求参数: params=None | data=None | json={'employeeId': '1010', 'empPicture': None, 'firstName': 'cc', 'lastName': 'dd', 'middleName': None}
2026-06-01 14:20:49,344 - baseAutoHttp.py - INFO - 响应状态码: 403
2026-06-01 14:20:49,347 - baseAutoHttp.py - INFO - 响应耗时: 0.067309s
2026-06-01 14:20:49,349 - baseAutoHttp.py - INFO - 响应JSON: {'error': {'status': 403, 'message': 'Unauthorized'}}
2026-06-01 14:20:49,351 - baseAutoHttp.py - INFO - 【07非管理员登录:employee_login】接口调用结束

2026-06-01 14:20:49,353 - test_web_ohrm.py - INFO - ☑️【非管理员账号操作员工】用例执行成功
2026-06-01 14:26:37,901 - baseUtils.py - INFO - 配置文件读取成功：E:\develop\PythonProject\OrangeHRM\Config\配置文件.ini
2026-06-01 14:26:37,902 - globalManager.py - INFO - 全局变量管理器初始化成功
2026-06-01 14:26:39,405 - baseUtils.py - INFO - 配置文件读取成功：E:\develop\PythonProject\OrangeHRM\Config\配置文件.ini
2026-06-01 14:26:39,406 - globalManager.py - INFO - 全局变量管理器初始化成功
2026-06-01 14:26:39,433 - runClient.py - INFO - 🔍 正在收集测试用例，请稍候...
2026-06-01 14:26:41,645 - baseUtils.py - INFO - 配置文件读取成功：E:\develop\PythonProject\OrangeHRM\Config\配置文件.ini
2026-06-01 14:26:41,645 - globalManager.py - INFO - 全局变量管理器初始化成功
2026-06-01 14:26:42,276 - baseUtils.py - INFO - 配置文件读取成功：E:\develop\PythonProject\OrangeHRM\Config\配置文件.ini
2026-06-01 14:26:42,603 - baseUtils.py - INFO - 配置文件读取成功：E:\develop\PythonProject\OrangeHRM\Config\配置文件.ini
2026-06-01 14:26:42,605 - baseUtils.py - INFO - 配置文件读取成功：E:\develop\PythonProject\OrangeHRM\Config\配置文件.ini
2026-06-01 14:26:43,022 - baseUtils.py - INFO - 配置文件读取成功：E:\develop\PythonProject\OrangeHRM\Config\配置文件.ini
2026-06-01 14:26:43,024 - baseData.py - INFO - 数据驱动读取成功：01登录接口
2026-06-01 14:26:43,026 - baseUtils.py - INFO - 配置文件读取成功：E:\develop\PythonProject\OrangeHRM\Config\配置文件.ini
2026-06-01 14:26:43,027 - baseData.py - INFO - 数据驱动读取成功：02添加员工接口
2026-06-01 14:26:43,029 - baseUtils.py - INFO - 配置文件读取成功：E:\develop\PythonProject\OrangeHRM\Config\配置文件.ini
2026-06-01 14:26:43,030 - baseData.py - INFO - 数据驱动读取成功：03指定查询
2026-06-01 14:26:43,031 - baseUtils.py - INFO - 配置文件读取成功：E:\develop\PythonProject\OrangeHRM\Config\配置文件.ini
2026-06-01 14:26:43,032 - baseData.py - INFO - 数据驱动读取成功：04删除员工
2026-06-01 14:26:43,041 - baseYaml.py - INFO - YAML写入成功：E:\develop\PythonProject\OrangeHRM\Data\Temp\tempcases.yaml
2026-06-01 14:26:43,042 - conftest.py - INFO - ✅ 用例信息已导出：E:\develop\PythonProject\OrangeHRM\Data\Temp\tempcases.yaml
2026-06-01 14:26:43,579 - runClient.py - INFO - ✅ 用例收集完成，启动用例选择器
2026-06-01 14:26:44,408 - baseUtils.py - INFO - 配置文件读取成功：E:\develop\PythonProject\OrangeHRM\Config\配置文件.ini
2026-06-01 14:26:44,408 - globalManager.py - INFO - 全局变量管理器初始化成功
2026-06-01 14:26:47,387 - baseYaml.py - INFO - YAML写入成功：E:\develop\PythonProject\OrangeHRM\Data\Temp\testcases.yaml
2026-06-01 14:26:47,387 - caseSelector.py - INFO - 用例导出成功：E:\develop\PythonProject\OrangeHRM\Data\Temp\testcases.yaml
2026-06-01 14:26:48,861 - runClient.py - INFO - 🚀 开始执行选中用例，共 18 条
2026-06-01 14:26:49,184 - baseUtils.py - INFO - 配置文件读取成功：E:\develop\PythonProject\OrangeHRM\Config\配置文件.ini
2026-06-01 14:26:49,357 - baseUtils.py - INFO - 配置文件读取成功：E:\develop\PythonProject\OrangeHRM\Config\配置文件.ini
2026-06-01 14:26:49,358 - baseUtils.py - INFO - 配置文件读取成功：E:\develop\PythonProject\OrangeHRM\Config\配置文件.ini
2026-06-01 14:26:50,071 - baseUtils.py - INFO - 配置文件读取成功：E:\develop\PythonProject\OrangeHRM\Config\配置文件.ini
2026-06-01 14:26:50,073 - baseData.py - INFO - 数据驱动读取成功：01登录接口
2026-06-01 14:26:50,078 - baseUtils.py - INFO - 配置文件读取成功：E:\develop\PythonProject\OrangeHRM\Config\配置文件.ini
2026-06-01 14:26:50,080 - baseData.py - INFO - 数据驱动读取成功：02添加员工接口
2026-06-01 14:26:50,081 - baseUtils.py - INFO - 配置文件读取成功：E:\develop\PythonProject\OrangeHRM\Config\配置文件.ini
2026-06-01 14:26:50,083 - baseData.py - INFO - 数据驱动读取成功：03指定查询
2026-06-01 14:26:50,084 - baseUtils.py - INFO - 配置文件读取成功：E:\develop\PythonProject\OrangeHRM\Config\配置文件.ini
2026-06-01 14:26:50,086 - baseData.py - INFO - 数据驱动读取成功：04删除员工
2026-06-01 14:26:50,102 - baseUtils.py - INFO - 配置文件读取成功：E:\develop\PythonProject\OrangeHRM\Config\配置文件.ini
2026-06-01 14:26:50,305 - baseAutoHttp.py - INFO - 【01登录页面接口信息:login_api】接口调用开始
2026-06-01 14:26:50,307 - baseData.py - INFO - 动态参数替换成功：{'_token': 'f6f26b92.RxFrt5QS9rUNimGMNsNMs2k-iDpnTMH8BeC0SntEa78.AWUq6NZDgtk-4iLpUol0yTZUyUNfKILFTNHTfw59Ho8kQAbk_VGug2y9Ag', 'username': 'admin', 'password': 'Keepmoving624.'}
2026-06-01 14:26:50,307 - baseAutoHttp.py - INFO - 请求方式: POST
2026-06-01 14:26:50,307 - baseAutoHttp.py - INFO - 请求地址: http://127.0.0.1:8080/web/index.php/auth/validate
2026-06-01 14:26:50,307 - baseAutoHttp.py - INFO - 请求头: {'User-Agent': 'Mozilla/5.0 (Windows NT 10.0; Win64; x64) AppleWebKit/537.36 (KHTML, like Gecko) Chrome/148.0.0.0 Safari/537.36', 'Content-Type': 'application/x-www-form-urlencoded'}
2026-06-01 14:26:50,307 - baseAutoHttp.py - INFO - 请求参数: params=None | data={'_token': 'f6f26b92.RxFrt5QS9rUNimGMNsNMs2k-iDpnTMH8BeC0SntEa78.AWUq6NZDgtk-4iLpUol0yTZUyUNfKILFTNHTfw59Ho8kQAbk_VGug2y9Ag', 'username': 'admin', 'password': 'Keepmoving624.'} | json=None
2026-06-01 14:26:50,811 - baseAutoHttp.py - INFO - 响应状态码: 200
2026-06-01 14:26:50,811 - baseAutoHttp.py - INFO - 响应耗时: 0.118415s
2026-06-01 14:26:50,811 - baseAutoHttp.py - INFO - 响应文本: <!DOCTYPE html>
<html>
<head>
  <meta charset="UTF-8">
  <meta http-equiv="X-UA-Compatible" content="IE=edge">
  <meta name="viewport" content="width=device-width,initial-scale=1">
  <title>OrangeHRM</title>
    <link rel="icon" href="/web/dist/favicon.ico?v=1775433284510">
  <link href="/web/dist/css/chunk-vendors.css?v=1775433284510" rel="preload" as="style">
  <link href="/web/dist/css/app.css?v=1775433284510" rel="preload" as="style">
  <link href="/web/dist/js/chunk-vendors.js?v=1775433284510" rel="preload" as="script">
  <link href="/web/dist/js/app.js?v=1775433284510" rel="preload" as="script">
    <link href="/web/dist/css/chunk-vendors.css?v=1775433284510" rel="stylesheet"/>
  <link href="/web/dist/css/app.css?v=1775433284510" rel="stylesheet"/>
</head>
<body>
  <style>
    :root {
            --oxd-primary-one-color:#FF7B1D;
            --oxd-primary-font-color:#FFFFFF;
            --oxd-secondary-four-color:#76BC21;
            --oxd-secondary-font-color:#FFFFFF;
            --oxd-primary-gradient-start-color:#FF920B;
            --oxd-primary-gradient-end-color:#F35C17;
            --oxd-secondary-gradient-start-color:#FF920B;
            --oxd-secondary-gradient-end-color:#F35C17;
            --oxd-primary-one-lighten-5-color:#ff8a37;
            --oxd-primary-one-lighten-30-color:#ffd4b6;
            --oxd-primary-one-darken-5-color:#ff6c03;
            --oxd-primary-one-alpha-10-color:rgba(255, 123, 29, 0.1);
            --oxd-primary-one-alpha-15-color:rgba(255, 123, 29, 0.15);
            --oxd-primary-one-alpha-20-color:rgba(255, 123, 29, 0.2);
            --oxd-primary-one-alpha-50-color:rgba(255, 123, 29, 0.5);
            --oxd-secondary-four-lighten-5-color:#84d225;
            --oxd-secondary-four-darken-5-color:#68a61d;
            --oxd-secondary-four-alpha-10-color:rgba(118, 188, 33, 0.1);
            --oxd-secondary-four-alpha-15-color:rgba(118, 188, 33, 0.15);
            --oxd-secondary-four-alpha-20-color:rgba(118, 188, 33, 0.2);
            --oxd-secondary-four-alpha-50-color:rgba(118, 188, 33, 0.5);
        }
  </style>
  <noscript>
    <strong>
      We're sorry but orangehrm doesn't work properly without JavaScript enabled. Please enable it to continue.
    </strong>
  </noscript>

  <div id="app">
    <oxd-layout
        home-url="https://www.orangehrm.com/"
        :sidepanel-menu-items="[{&quot;id&quot;:1,&quot;name&quot;:&quot;\u7ba1\u7406\u5458&quot;,&quot;url&quot;:&quot;\/web\/index.php\/admin\/viewAdminModule&quot;,&quot;icon&quot;:&quot;admin&quot;},{&quot;id&quot;:30,&quot;name&quot;:&quot;\u4e2a\u4eba\u4fe1\u606f\u7ba1\u7406\u7cfb\u7edf&quot;,&quot;url&quot;:&quot;\/web\/index.php\/pim\/viewPimModule&quot;,&quot;icon&quot;:&quot;pim&quot;},{&quot;id&quot;:41,&quot;name&quot;:&quot;\u4f11\u5047&quot;,&quot;url&quot;:&quot;\/web\/index.php\/leave\/viewLeaveModule&quot;,&quot;icon&quot;:&quot;leave&quot;},{&quot;id&quot;:52,&quot;name&quot;:&quot;\u65f6\u95f4&quot;,&quot;url&quot;:&quot;\/web\/index.php\/time\/viewTimeModule&quot;,&quot;icon&quot;:&quot;time&quot;},{&quot;id&quot;:65,&quot;name&quot;:&quot;\u62db\u8058&quot;,&quot;url&quot;:&quot;\/web\/index.php\/recruitment\/viewRecruitmentModule&quot;,&quot;icon&quot;:&quot;recruitment&quot;},{&quot;id&quot;:40,&quot;name&quot;:&quot;\u6211\u7684\u4fe1\u606f&quot;,&quot;url&quot;:&quot;\/web\/index.php\/pim\/viewMyDetails&quot;,&quot;icon&quot;:&quot;myinfo&quot;},{&quot;id&quot;:83,&quot;name&quot;:&quot;\u7ee9\u6548&quot;,&quot;url&quot;:&quot;\/web\/index.php\/performance\/viewPerformanceModule&quot;,&quot;icon&quot;:&quot;performance&quot;},{&quot;id&quot;:82,&quot;name&quot;:&quot;\u4eea\u8868\u76d8&quot;,&quot;url&quot;:&quot;\/web\/index.php\/dashboard\/index&quot;,&quot;icon&quot;:&quot;dashboard&quot;,&quot;active&quot;:true},{&quot;id&quot;:93,&quot;name&quot;:&quot;Directory&quot;,&quot;url&quot;:&quot;\/web\/index.php\/directory\/viewDirectory&quot;,&quot;icon&quot;:&quot;directory&quot;},{&quot;id&quot;:96,&quot;name&quot;:&quot;Maintenance&quot;,&quot;url&quot;:&quot;\/web\/index.php\/maintenance\/viewMaintenanceModule&quot;,&quot;icon&quot;:&quot;maintenance&quot;},{&quot;id&quot;:105,&quot;name&quot;:&quot;Claim&quot;,&quot;url&quot;:&quot;\/web\/index.php\/claim\/viewClaimModule&quot;,&quot;icon&quot;:&quot;claim&quot;},{&quot;id&quot;:101,&quot;name&quot;:&quot;\u6fc0\u52a8&quot;,&quot;url&quot;:&quot;\/web\/index.php\/buzz\/viewBuzz&quot;,&quot;icon&quot;:&quot;buzz&quot;}]"
        :topbar-menu-items="[]"
        :user="{&quot;firstName&quot;:&quot;\u8c22&quot;,&quot;lastName&quot;:&quot;\u5b89&quot;,&quot;profImgSrc&quot;:&quot;\/web\/index.php\/pim\/viewPhoto\/empNumber\/1&quot;,&quot;hasPassword&quot;:true}"
        brand-logo-src="/web/images/orange.png?v=1775433284510"
        brand-banner-src="/web/images/orangehrm-logo.png?v=1775433284510"
        logout-url="/web/index.php/auth/logout"
        support-url="/web/index.php/help/support"
        :update-password-url="&quot;/web/index.php/pim/updatePassword&quot;"
        :permissions="{&quot;dashboard_buzz_widget&quot;:{&quot;canRead&quot;:true,&quot;canCreate&quot;:false,&quot;canUpdate&quot;:false,&quot;canDelete&quot;:false},&quot;dashboard_employees_on_leave_today_config&quot;:{&quot;canRead&quot;:true,&quot;canCreate&quot;:false,&quot;canUpdate&quot;:true,&quot;canDelete&quot;:false},&quot;dashboard_leave_widget&quot;:{&quot;canRead&quot;:true,&quot;canCreate&quot;:false,&quot;canUpdate&quot;:false,&quot;canDelete&quot;:false},&quot;dashboard_location_widget&quot;:{&quot;canRead&quot;:true,&quot;canCreate&quot;:false,&quot;canUpdate&quot;:false,&quot;canDelete&quot;:false},&quot;dashboard_subunit_widget&quot;:{&quot;canRead&quot;:true,&quot;canCreate&quot;:false,&quot;canUpdate&quot;:false,&quot;canDelete&quot;:false},&quot;dashboard_time_widget&quot;:{&quot;canRead&quot;:true,&quot;canCreate&quot;:false,&quot;canUpdate&quot;:false,&quot;canDelete&quot;:false}}"
        :breadcrumb="{&quot;moduleName&quot;:&quot;\u4eea\u8868\u76d8&quot;,&quot;level&quot;:null}"
        :date-format="{&quot;id&quot;:&quot;Y-m-d&quot;,&quot;label&quot;:&quot;yyyy-mm-dd&quot;}"
        help-url="/web/index.php/help/help?label=dashboard_index"
        :show-upgrade="1"
    >
      <view-dashboard
            >
    </view-dashboard>
    <template v-slot:footer><oxd-text tag="p" class="orangehrm-copyright">OrangeHRM OS 5.8.1</oxd-text>
<oxd-text tag="p" class="orangehrm-copyright">&copy; 2005 - 2026 <a href="http://www.orangehrm.com" target="_blank">OrangeHRM, Inc</a>. All rights reserved.</oxd-text>
<br></template>
    </oxd-layout>
  </div>
  <script type="text/javascript">
      window.appGlobal = {
        baseUrl: "/web/index.php",
        publicPath: "/web",
      };
  </script>
  <script src="/web/dist/js/chunk-vendors.js?v=1775433284510"></script>
  <script src="/web/dist/js/app.js?v=1775433284510"></script>
</body>
</html>

2026-06-01 14:26:50,812 - baseAutoHttp.py - INFO - 【01登录页面接口信息:login_api】接口调用结束

2026-06-01 14:26:50,812 - web_login_page.py - INFO - 【管理员正常登录】断言成功
2026-06-01 14:26:50,812 - baseAutoHttp.py - INFO - 接口会话已关闭
2026-06-01 14:26:50,812 - test_web_ohrm.py - INFO - 【管理员正常登录】用例执行成功
2026-06-01 14:26:50,819 - baseUtils.py - INFO - 配置文件读取成功：E:\develop\PythonProject\OrangeHRM\Config\配置文件.ini
2026-06-01 14:26:50,880 - baseAutoHttp.py - INFO - 【02登录页面未携带token:login_not_token_api】接口调用开始
2026-06-01 14:26:50,881 - baseData.py - INFO - 动态参数替换成功：{'username': 'admin', 'password': 'Keepmoving624.'}
2026-06-01 14:26:50,881 - baseAutoHttp.py - INFO - 请求方式: POST
2026-06-01 14:26:50,881 - baseAutoHttp.py - INFO - 请求地址: http://127.0.0.1:8080/web/index.php/auth/validate
2026-06-01 14:26:50,882 - baseAutoHttp.py - INFO - 请求头: {'User-Agent': 'Mozilla/5.0 (Windows NT 10.0; Win64; x64) AppleWebKit/537.36 (KHTML, like Gecko) Chrome/148.0.0.0 Safari/537.36', 'Content-Type': 'application/x-www-form-urlencoded'}
2026-06-01 14:26:50,882 - baseAutoHttp.py - INFO - 请求参数: params=None | data={'username': 'admin', 'password': 'Keepmoving624.'} | json=None
2026-06-01 14:26:51,007 - baseAutoHttp.py - INFO - 响应状态码: 200
2026-06-01 14:26:51,008 - baseAutoHttp.py - INFO - 响应耗时: 0.060916s
2026-06-01 14:26:51,008 - baseAutoHttp.py - INFO - 响应文本: <!DOCTYPE html>
<html>
<head>
  <meta charset="UTF-8">
  <meta http-equiv="X-UA-Compatible" content="IE=edge">
  <meta name="viewport" content="width=device-width,initial-scale=1">
  <title>OrangeHRM</title>
      <link rel="icon" href="/web/dist/favicon.ico?v=1775433284510">
    <link href="/web/dist/css/chunk-vendors.css?v=1775433284510" rel="preload" as="style">
    <link href="/web/dist/css/app.css?v=1775433284510" rel="preload" as="style">
    <link href="/web/dist/js/chunk-vendors.js?v=1775433284510" rel="preload" as="script">
    <link href="/web/dist/js/app.js?v=1775433284510" rel="preload" as="script">
      <link href="/web/dist/css/chunk-vendors.css?v=1775433284510" rel="stylesheet"/>
    <link href="/web/dist/css/app.css?v=1775433284510" rel="stylesheet"/>
</head>
<body>
  <style>
    :root {
            --oxd-primary-one-color:#FF7B1D;
            --oxd-primary-font-color:#FFFFFF;
            --oxd-secondary-four-color:#76BC21;
            --oxd-secondary-font-color:#FFFFFF;
            --oxd-primary-gradient-start-color:#FF920B;
            --oxd-primary-gradient-end-color:#F35C17;
            --oxd-secondary-gradient-start-color:#FF920B;
            --oxd-secondary-gradient-end-color:#F35C17;
            --oxd-primary-one-lighten-5-color:#ff8a37;
            --oxd-primary-one-lighten-30-color:#ffd4b6;
            --oxd-primary-one-darken-5-color:#ff6c03;
            --oxd-primary-one-alpha-10-color:rgba(255, 123, 29, 0.1);
            --oxd-primary-one-alpha-15-color:rgba(255, 123, 29, 0.15);
            --oxd-primary-one-alpha-20-color:rgba(255, 123, 29, 0.2);
            --oxd-primary-one-alpha-50-color:rgba(255, 123, 29, 0.5);
            --oxd-secondary-four-lighten-5-color:#84d225;
            --oxd-secondary-four-darken-5-color:#68a61d;
            --oxd-secondary-four-alpha-10-color:rgba(118, 188, 33, 0.1);
            --oxd-secondary-four-alpha-15-color:rgba(118, 188, 33, 0.15);
            --oxd-secondary-four-alpha-20-color:rgba(118, 188, 33, 0.2);
            --oxd-secondary-four-alpha-50-color:rgba(118, 188, 33, 0.5);
        }
  </style>
    <noscript>
        <strong>
            We're sorry but orangehrm doesn't work properly without JavaScript enabled. Please enable it to continue.
        </strong>
    </noscript>

    <div id="app">
    <auth-login
            :error="{&quot;error&quot;:&quot;invalid_csrf_token&quot;,&quot;message&quot;:&quot;CSRF token validation failed&quot;}"
            :token="&quot;68bfb156d76943e68ef31ca312077.3NLALVTtx0O6beADmP-_NzhxOQx3UK_N3InIetexQ98.lpSvSwWuoAD7WYEw8KvlTQgJaWIwGeD1teeAALT_MKeb4otaB9yNcs43pQ&quot;"
            :login-logo-src="&quot;\/web\/images\/ohrm_logo.png&quot;"
            :login-banner-src="&quot;\/web\/images\/ohrm_branding.png?v=1775433284510&quot;"
            :show-social-media="true"
            :is-demo-mode="false"
            :authenticators="[]"
        >
    <template v-slot:footer>
        <div class="orangehrm-copyright-wrapper">
            <oxd-text tag="p" class="orangehrm-copyright">OrangeHRM OS 5.8.1</oxd-text>
<oxd-text tag="p" class="orangehrm-copyright">&copy; 2005 - 2026 <a href="http://www.orangehrm.com" target="_blank">OrangeHRM, Inc</a>. All rights reserved.</oxd-text>
        </div>
    </template>
    </auth-login>
    </div>
    <script type="text/javascript">
        window.appGlobal = {
          baseUrl: "/web/index.php",
          publicPath: "/web",
        };
    </script>
    <script src="/web/dist/js/chunk-vendors.js?v=1775433284510"></script>
    <script src="/web/dist/js/app.js?v=1775433284510"></script>
</body>
</html>

2026-06-01 14:26:51,008 - baseAutoHttp.py - INFO - 【02登录页面未携带token:login_not_token_api】接口调用结束

2026-06-01 14:26:51,008 - web_login_page.py - INFO - 【未携带CSRF令牌】断言成功
2026-06-01 14:26:51,008 - baseAutoHttp.py - INFO - 接口会话已关闭
2026-06-01 14:26:51,008 - test_web_ohrm.py - INFO - 【未携带CSRF令牌】用例执行成功
2026-06-01 14:26:51,013 - baseUtils.py - INFO - 配置文件读取成功：E:\develop\PythonProject\OrangeHRM\Config\配置文件.ini
2026-06-01 14:26:51,122 - baseAutoHttp.py - INFO - 【01登录页面接口信息:login_api】接口调用开始
2026-06-01 14:26:51,124 - baseData.py - INFO - 动态参数替换成功：{'_token': '54ac9066cc73624cb70918e69.WL1WmO23lt4q2oiN78vbuujsKzvOqFnxmDFaE39qSFg.bt4P0dXj5Ip9rOL4uIW5yLKHYnCvzjS59kQLdi8BPh40yhPqvODkl1iSwQ', 'username': 'admin', 'password': 'Keepmoving624.'}
2026-06-01 14:26:51,124 - baseAutoHttp.py - INFO - 请求方式: POST
2026-06-01 14:26:51,124 - baseAutoHttp.py - INFO - 请求地址: http://127.0.0.1:8080/web/index.php/auth/validate
2026-06-01 14:26:51,124 - baseAutoHttp.py - INFO - 请求头: {'User-Agent': 'Mozilla/5.0 (Windows NT 10.0; Win64; x64) AppleWebKit/537.36 (KHTML, like Gecko) Chrome/148.0.0.0 Safari/537.36', 'Content-Type': 'application/x-www-form-urlencoded'}
2026-06-01 14:26:51,124 - baseAutoHttp.py - INFO - 请求参数: params=None | data={'_token': '54ac9066cc73624cb70918e69.WL1WmO23lt4q2oiN78vbuujsKzvOqFnxmDFaE39qSFg.bt4P0dXj5Ip9rOL4uIW5yLKHYnCvzjS59kQLdi8BPh40yhPqvODkl1iSwQ', 'username': 'admin', 'password': 'Keepmoving624.'} | json=None
2026-06-01 14:26:51,237 - baseAutoHttp.py - INFO - 响应状态码: 200
2026-06-01 14:26:51,237 - baseAutoHttp.py - INFO - 响应耗时: 0.050242s
2026-06-01 14:26:51,237 - baseAutoHttp.py - INFO - 响应文本: <!DOCTYPE html>
<html>
<head>
  <meta charset="UTF-8">
  <meta http-equiv="X-UA-Compatible" content="IE=edge">
  <meta name="viewport" content="width=device-width,initial-scale=1">
  <title>OrangeHRM</title>
      <link rel="icon" href="/web/dist/favicon.ico?v=1775433284510">
    <link href="/web/dist/css/chunk-vendors.css?v=1775433284510" rel="preload" as="style">
    <link href="/web/dist/css/app.css?v=1775433284510" rel="preload" as="style">
    <link href="/web/dist/js/chunk-vendors.js?v=1775433284510" rel="preload" as="script">
    <link href="/web/dist/js/app.js?v=1775433284510" rel="preload" as="script">
      <link href="/web/dist/css/chunk-vendors.css?v=1775433284510" rel="stylesheet"/>
    <link href="/web/dist/css/app.css?v=1775433284510" rel="stylesheet"/>
</head>
<body>
  <style>
    :root {
            --oxd-primary-one-color:#FF7B1D;
            --oxd-primary-font-color:#FFFFFF;
            --oxd-secondary-four-color:#76BC21;
            --oxd-secondary-font-color:#FFFFFF;
            --oxd-primary-gradient-start-color:#FF920B;
            --oxd-primary-gradient-end-color:#F35C17;
            --oxd-secondary-gradient-start-color:#FF920B;
            --oxd-secondary-gradient-end-color:#F35C17;
            --oxd-primary-one-lighten-5-color:#ff8a37;
            --oxd-primary-one-lighten-30-color:#ffd4b6;
            --oxd-primary-one-darken-5-color:#ff6c03;
            --oxd-primary-one-alpha-10-color:rgba(255, 123, 29, 0.1);
            --oxd-primary-one-alpha-15-color:rgba(255, 123, 29, 0.15);
            --oxd-primary-one-alpha-20-color:rgba(255, 123, 29, 0.2);
            --oxd-primary-one-alpha-50-color:rgba(255, 123, 29, 0.5);
            --oxd-secondary-four-lighten-5-color:#84d225;
            --oxd-secondary-four-darken-5-color:#68a61d;
            --oxd-secondary-four-alpha-10-color:rgba(118, 188, 33, 0.1);
            --oxd-secondary-four-alpha-15-color:rgba(118, 188, 33, 0.15);
            --oxd-secondary-four-alpha-20-color:rgba(118, 188, 33, 0.2);
            --oxd-secondary-four-alpha-50-color:rgba(118, 188, 33, 0.5);
        }
  </style>
    <noscript>
        <strong>
            We're sorry but orangehrm doesn't work properly without JavaScript enabled. Please enable it to continue.
        </strong>
    </noscript>

    <div id="app">
    <auth-login
            :error="{&quot;error&quot;:&quot;invalid_csrf_token&quot;,&quot;message&quot;:&quot;CSRF token validation failed&quot;}"
            :token="&quot;668ca2.ZfHOrDCCWGrZBXMdQ0OfBiPUg5pYId3dBM9dJLBPVCg.Uaf4lXXPbgisSQJkLnXuaVCRz8M_aKynZ_gyZ_IYInIRyYLJU69sP7d8Rw&quot;"
            :login-logo-src="&quot;\/web\/images\/ohrm_logo.png&quot;"
            :login-banner-src="&quot;\/web\/images\/ohrm_branding.png?v=1775433284510&quot;"
            :show-social-media="true"
            :is-demo-mode="false"
            :authenticators="[]"
        >
    <template v-slot:footer>
        <div class="orangehrm-copyright-wrapper">
            <oxd-text tag="p" class="orangehrm-copyright">OrangeHRM OS 5.8.1</oxd-text>
<oxd-text tag="p" class="orangehrm-copyright">&copy; 2005 - 2026 <a href="http://www.orangehrm.com" target="_blank">OrangeHRM, Inc</a>. All rights reserved.</oxd-text>
        </div>
    </template>
    </auth-login>
    </div>
    <script type="text/javascript">
        window.appGlobal = {
          baseUrl: "/web/index.php",
          publicPath: "/web",
        };
    </script>
    <script src="/web/dist/js/chunk-vendors.js?v=1775433284510"></script>
    <script src="/web/dist/js/app.js?v=1775433284510"></script>
</body>
</html>

2026-06-01 14:26:51,237 - baseAutoHttp.py - INFO - 【01登录页面接口信息:login_api】接口调用结束

2026-06-01 14:26:51,237 - web_login_page.py - INFO - 【跨会话使用Token】断言成功
2026-06-01 14:26:51,237 - baseAutoHttp.py - INFO - 接口会话已关闭
2026-06-01 14:26:51,238 - test_web_ohrm.py - INFO - 【携带过期CSRF令牌】用例执行成功
2026-06-01 14:26:51,243 - baseUtils.py - INFO - 配置文件读取成功：E:\develop\PythonProject\OrangeHRM\Config\配置文件.ini
2026-06-01 14:26:51,244 - baseAutoHttp.py - INFO - 【01登录页面接口信息:login_api】接口调用开始
2026-06-01 14:26:51,245 - baseData.py - INFO - 动态参数替换成功：{'_token': 'nZ*vTPP1QjwXdRQT#Ku3', 'username': 'admin', 'password': 'Keepmoving624.'}
2026-06-01 14:26:51,245 - baseAutoHttp.py - INFO - 请求方式: POST
2026-06-01 14:26:51,245 - baseAutoHttp.py - INFO - 请求地址: http://127.0.0.1:8080/web/index.php/auth/validate
2026-06-01 14:26:51,245 - baseAutoHttp.py - INFO - 请求头: {'User-Agent': 'Mozilla/5.0 (Windows NT 10.0; Win64; x64) AppleWebKit/537.36 (KHTML, like Gecko) Chrome/148.0.0.0 Safari/537.36', 'Content-Type': 'application/x-www-form-urlencoded'}
2026-06-01 14:26:51,245 - baseAutoHttp.py - INFO - 请求参数: params=None | data={'_token': 'nZ*vTPP1QjwXdRQT#Ku3', 'username': 'admin', 'password': 'Keepmoving624.'} | json=None
2026-06-01 14:26:51,349 - baseAutoHttp.py - INFO - 响应状态码: 200
2026-06-01 14:26:51,349 - baseAutoHttp.py - INFO - 响应耗时: 0.060521s
2026-06-01 14:26:51,349 - baseAutoHttp.py - INFO - 响应文本: <!DOCTYPE html>
<html>
<head>
  <meta charset="UTF-8">
  <meta http-equiv="X-UA-Compatible" content="IE=edge">
  <meta name="viewport" content="width=device-width,initial-scale=1">
  <title>OrangeHRM</title>
      <link rel="icon" href="/web/dist/favicon.ico?v=1775433284510">
    <link href="/web/dist/css/chunk-vendors.css?v=1775433284510" rel="preload" as="style">
    <link href="/web/dist/css/app.css?v=1775433284510" rel="preload" as="style">
    <link href="/web/dist/js/chunk-vendors.js?v=1775433284510" rel="preload" as="script">
    <link href="/web/dist/js/app.js?v=1775433284510" rel="preload" as="script">
      <link href="/web/dist/css/chunk-vendors.css?v=1775433284510" rel="stylesheet"/>
    <link href="/web/dist/css/app.css?v=1775433284510" rel="stylesheet"/>
</head>
<body>
  <style>
    :root {
            --oxd-primary-one-color:#FF7B1D;
            --oxd-primary-font-color:#FFFFFF;
            --oxd-secondary-four-color:#76BC21;
            --oxd-secondary-font-color:#FFFFFF;
            --oxd-primary-gradient-start-color:#FF920B;
            --oxd-primary-gradient-end-color:#F35C17;
            --oxd-secondary-gradient-start-color:#FF920B;
            --oxd-secondary-gradient-end-color:#F35C17;
            --oxd-primary-one-lighten-5-color:#ff8a37;
            --oxd-primary-one-lighten-30-color:#ffd4b6;
            --oxd-primary-one-darken-5-color:#ff6c03;
            --oxd-primary-one-alpha-10-color:rgba(255, 123, 29, 0.1);
            --oxd-primary-one-alpha-15-color:rgba(255, 123, 29, 0.15);
            --oxd-primary-one-alpha-20-color:rgba(255, 123, 29, 0.2);
            --oxd-primary-one-alpha-50-color:rgba(255, 123, 29, 0.5);
            --oxd-secondary-four-lighten-5-color:#84d225;
            --oxd-secondary-four-darken-5-color:#68a61d;
            --oxd-secondary-four-alpha-10-color:rgba(118, 188, 33, 0.1);
            --oxd-secondary-four-alpha-15-color:rgba(118, 188, 33, 0.15);
            --oxd-secondary-four-alpha-20-color:rgba(118, 188, 33, 0.2);
            --oxd-secondary-four-alpha-50-color:rgba(118, 188, 33, 0.5);
        }
  </style>
    <noscript>
        <strong>
            We're sorry but orangehrm doesn't work properly without JavaScript enabled. Please enable it to continue.
        </strong>
    </noscript>

    <div id="app">
    <auth-login
            :error="{&quot;error&quot;:&quot;invalid_csrf_token&quot;,&quot;message&quot;:&quot;CSRF token validation failed&quot;}"
            :token="&quot;982bc.ZD1LsrTWYFwplIWfBkKM_nqooEOMz3ihbAh7d02JNog.I2kK_9qYJg8d2cH6PzbBjwLk73fCi0HSLm8eBSzxbs00Un3ZjI4hOXn86g&quot;"
            :login-logo-src="&quot;\/web\/images\/ohrm_logo.png&quot;"
            :login-banner-src="&quot;\/web\/images\/ohrm_branding.png?v=1775433284510&quot;"
            :show-social-media="true"
            :is-demo-mode="false"
            :authenticators="[]"
        >
    <template v-slot:footer>
        <div class="orangehrm-copyright-wrapper">
            <oxd-text tag="p" class="orangehrm-copyright">OrangeHRM OS 5.8.1</oxd-text>
<oxd-text tag="p" class="orangehrm-copyright">&copy; 2005 - 2026 <a href="http://www.orangehrm.com" target="_blank">OrangeHRM, Inc</a>. All rights reserved.</oxd-text>
        </div>
    </template>
    </auth-login>
    </div>
    <script type="text/javascript">
        window.appGlobal = {
          baseUrl: "/web/index.php",
          publicPath: "/web",
        };
    </script>
    <script src="/web/dist/js/chunk-vendors.js?v=1775433284510"></script>
    <script src="/web/dist/js/app.js?v=1775433284510"></script>
</body>
</html>

2026-06-01 14:26:51,350 - baseAutoHttp.py - INFO - 【01登录页面接口信息:login_api】接口调用结束

2026-06-01 14:26:51,350 - web_login_page.py - INFO - 【携带错误格式Token】断言成功
2026-06-01 14:26:51,350 - baseAutoHttp.py - INFO - 接口会话已关闭
2026-06-01 14:26:51,350 - test_web_ohrm.py - INFO - 【携带错误格式Token】用例执行成功
2026-06-01 14:26:51,357 - baseUtils.py - INFO - 配置文件读取成功：E:\develop\PythonProject\OrangeHRM\Config\配置文件.ini
2026-06-01 14:26:51,406 - baseAutoHttp.py - INFO - 【01登录页面接口信息:login_api】接口调用开始
2026-06-01 14:26:51,407 - baseData.py - INFO - 动态参数替换成功：{'_token': 'e3385634df7a0.bKQGC6vAfWrQy_nDtjo5cfKQDbt-m6l5OQ63wR-T1dk.A-xuasW6LDie-q2l239KJqr8YNQ8zfxJa2THs0rio-k71m0777cnHKOMwQ', 'username': 'wrong', 'password': 'wrong'}
2026-06-01 14:26:51,408 - baseAutoHttp.py - INFO - 请求方式: POST
2026-06-01 14:26:51,408 - baseAutoHttp.py - INFO - 请求地址: http://127.0.0.1:8080/web/index.php/auth/validate
2026-06-01 14:26:51,408 - baseAutoHttp.py - INFO - 请求头: {'User-Agent': 'Mozilla/5.0 (Windows NT 10.0; Win64; x64) AppleWebKit/537.36 (KHTML, like Gecko) Chrome/148.0.0.0 Safari/537.36', 'Content-Type': 'application/x-www-form-urlencoded'}
2026-06-01 14:26:51,408 - baseAutoHttp.py - INFO - 请求参数: params=None | data={'_token': 'e3385634df7a0.bKQGC6vAfWrQy_nDtjo5cfKQDbt-m6l5OQ63wR-T1dk.A-xuasW6LDie-q2l239KJqr8YNQ8zfxJa2THs0rio-k71m0777cnHKOMwQ', 'username': 'wrong', 'password': 'wrong'} | json=None
2026-06-01 14:26:51,496 - baseAutoHttp.py - INFO - 响应状态码: 200
2026-06-01 14:26:51,497 - baseAutoHttp.py - INFO - 响应耗时: 0.04892s
2026-06-01 14:26:51,497 - baseAutoHttp.py - INFO - 响应文本: <!DOCTYPE html>
<html>
<head>
  <meta charset="UTF-8">
  <meta http-equiv="X-UA-Compatible" content="IE=edge">
  <meta name="viewport" content="width=device-width,initial-scale=1">
  <title>OrangeHRM</title>
      <link rel="icon" href="/web/dist/favicon.ico?v=1775433284510">
    <link href="/web/dist/css/chunk-vendors.css?v=1775433284510" rel="preload" as="style">
    <link href="/web/dist/css/app.css?v=1775433284510" rel="preload" as="style">
    <link href="/web/dist/js/chunk-vendors.js?v=1775433284510" rel="preload" as="script">
    <link href="/web/dist/js/app.js?v=1775433284510" rel="preload" as="script">
      <link href="/web/dist/css/chunk-vendors.css?v=1775433284510" rel="stylesheet"/>
    <link href="/web/dist/css/app.css?v=1775433284510" rel="stylesheet"/>
</head>
<body>
  <style>
    :root {
            --oxd-primary-one-color:#FF7B1D;
            --oxd-primary-font-color:#FFFFFF;
            --oxd-secondary-four-color:#76BC21;
            --oxd-secondary-font-color:#FFFFFF;
            --oxd-primary-gradient-start-color:#FF920B;
            --oxd-primary-gradient-end-color:#F35C17;
            --oxd-secondary-gradient-start-color:#FF920B;
            --oxd-secondary-gradient-end-color:#F35C17;
            --oxd-primary-one-lighten-5-color:#ff8a37;
            --oxd-primary-one-lighten-30-color:#ffd4b6;
            --oxd-primary-one-darken-5-color:#ff6c03;
            --oxd-primary-one-alpha-10-color:rgba(255, 123, 29, 0.1);
            --oxd-primary-one-alpha-15-color:rgba(255, 123, 29, 0.15);
            --oxd-primary-one-alpha-20-color:rgba(255, 123, 29, 0.2);
            --oxd-primary-one-alpha-50-color:rgba(255, 123, 29, 0.5);
            --oxd-secondary-four-lighten-5-color:#84d225;
            --oxd-secondary-four-darken-5-color:#68a61d;
            --oxd-secondary-four-alpha-10-color:rgba(118, 188, 33, 0.1);
            --oxd-secondary-four-alpha-15-color:rgba(118, 188, 33, 0.15);
            --oxd-secondary-four-alpha-20-color:rgba(118, 188, 33, 0.2);
            --oxd-secondary-four-alpha-50-color:rgba(118, 188, 33, 0.5);
        }
  </style>
    <noscript>
        <strong>
            We're sorry but orangehrm doesn't work properly without JavaScript enabled. Please enable it to continue.
        </strong>
    </noscript>

    <div id="app">
    <auth-login
            :error="{&quot;error&quot;:&quot;invalid_credentials&quot;,&quot;message&quot;:&quot;Invalid credentials&quot;}"
            :token="&quot;c662df99d49cd522a1f15e9c5e29a2.PaOT_nesWpitvO-uOs2iVB_26d0GyfFeVvLs_4-3sQU.Uuv7nxnWC8rjjbvIV4jRA0eahLJEn6RuBJicjdrGxzVq0fjOM9sA7t771w&quot;"
            :login-logo-src="&quot;\/web\/images\/ohrm_logo.png&quot;"
            :login-banner-src="&quot;\/web\/images\/ohrm_branding.png?v=1775433284510&quot;"
            :show-social-media="true"
            :is-demo-mode="false"
            :authenticators="[]"
        >
    <template v-slot:footer>
        <div class="orangehrm-copyright-wrapper">
            <oxd-text tag="p" class="orangehrm-copyright">OrangeHRM OS 5.8.1</oxd-text>
<oxd-text tag="p" class="orangehrm-copyright">&copy; 2005 - 2026 <a href="http://www.orangehrm.com" target="_blank">OrangeHRM, Inc</a>. All rights reserved.</oxd-text>
        </div>
    </template>
    </auth-login>
    </div>
    <script type="text/javascript">
        window.appGlobal = {
          baseUrl: "/web/index.php",
          publicPath: "/web",
        };
    </script>
    <script src="/web/dist/js/chunk-vendors.js?v=1775433284510"></script>
    <script src="/web/dist/js/app.js?v=1775433284510"></script>
</body>
</html>

2026-06-01 14:26:51,497 - baseAutoHttp.py - INFO - 【01登录页面接口信息:login_api】接口调用结束

2026-06-01 14:26:51,497 - web_login_page.py - INFO - 【wrong/wrong】断言成功
2026-06-01 14:26:51,497 - baseAutoHttp.py - INFO - 接口会话已关闭
2026-06-01 14:26:51,497 - test_web_ohrm.py - INFO - 【错误用户名/密码】用例执行成功
2026-06-01 14:26:51,503 - baseUtils.py - INFO - 配置文件读取成功：E:\develop\PythonProject\OrangeHRM\Config\配置文件.ini
2026-06-01 14:26:51,553 - baseAutoHttp.py - INFO - 【01登录页面接口信息:login_api】接口调用开始
2026-06-01 14:26:51,554 - baseData.py - INFO - 动态参数替换成功：{'_token': 'b564d1.Zd6iV-PfDo5BZTNTL7rcy0ygieecv33dJWwghngrGDU.VIyVPYGKR7ogI3Vmdpe3j37NpJWoyQTkSyVu6DpPSmAQ7OcBsrlM2HUAdg', 'username': '', 'password': 'Keepmoving624.'}
2026-06-01 14:26:51,554 - baseAutoHttp.py - INFO - 请求方式: POST
2026-06-01 14:26:51,554 - baseAutoHttp.py - INFO - 请求地址: http://127.0.0.1:8080/web/index.php/auth/validate
2026-06-01 14:26:51,554 - baseAutoHttp.py - INFO - 请求头: {'User-Agent': 'Mozilla/5.0 (Windows NT 10.0; Win64; x64) AppleWebKit/537.36 (KHTML, like Gecko) Chrome/148.0.0.0 Safari/537.36', 'Content-Type': 'application/x-www-form-urlencoded'}
2026-06-01 14:26:51,554 - baseAutoHttp.py - INFO - 请求参数: params=None | data={'_token': 'b564d1.Zd6iV-PfDo5BZTNTL7rcy0ygieecv33dJWwghngrGDU.VIyVPYGKR7ogI3Vmdpe3j37NpJWoyQTkSyVu6DpPSmAQ7OcBsrlM2HUAdg', 'username': '', 'password': 'Keepmoving624.'} | json=None
2026-06-01 14:26:51,642 - baseAutoHttp.py - INFO - 响应状态码: 200
2026-06-01 14:26:51,642 - baseAutoHttp.py - INFO - 响应耗时: 0.046627s
2026-06-01 14:26:51,642 - baseAutoHttp.py - INFO - 响应文本: <!DOCTYPE html>
<html>
<head>
  <meta charset="UTF-8">
  <meta http-equiv="X-UA-Compatible" content="IE=edge">
  <meta name="viewport" content="width=device-width,initial-scale=1">
  <title>OrangeHRM</title>
      <link rel="icon" href="/web/dist/favicon.ico?v=1775433284510">
    <link href="/web/dist/css/chunk-vendors.css?v=1775433284510" rel="preload" as="style">
    <link href="/web/dist/css/app.css?v=1775433284510" rel="preload" as="style">
    <link href="/web/dist/js/chunk-vendors.js?v=1775433284510" rel="preload" as="script">
    <link href="/web/dist/js/app.js?v=1775433284510" rel="preload" as="script">
      <link href="/web/dist/css/chunk-vendors.css?v=1775433284510" rel="stylesheet"/>
    <link href="/web/dist/css/app.css?v=1775433284510" rel="stylesheet"/>
</head>
<body>
  <style>
    :root {
            --oxd-primary-one-color:#FF7B1D;
            --oxd-primary-font-color:#FFFFFF;
            --oxd-secondary-four-color:#76BC21;
            --oxd-secondary-font-color:#FFFFFF;
            --oxd-primary-gradient-start-color:#FF920B;
            --oxd-primary-gradient-end-color:#F35C17;
            --oxd-secondary-gradient-start-color:#FF920B;
            --oxd-secondary-gradient-end-color:#F35C17;
            --oxd-primary-one-lighten-5-color:#ff8a37;
            --oxd-primary-one-lighten-30-color:#ffd4b6;
            --oxd-primary-one-darken-5-color:#ff6c03;
            --oxd-primary-one-alpha-10-color:rgba(255, 123, 29, 0.1);
            --oxd-primary-one-alpha-15-color:rgba(255, 123, 29, 0.15);
            --oxd-primary-one-alpha-20-color:rgba(255, 123, 29, 0.2);
            --oxd-primary-one-alpha-50-color:rgba(255, 123, 29, 0.5);
            --oxd-secondary-four-lighten-5-color:#84d225;
            --oxd-secondary-four-darken-5-color:#68a61d;
            --oxd-secondary-four-alpha-10-color:rgba(118, 188, 33, 0.1);
            --oxd-secondary-four-alpha-15-color:rgba(118, 188, 33, 0.15);
            --oxd-secondary-four-alpha-20-color:rgba(118, 188, 33, 0.2);
            --oxd-secondary-four-alpha-50-color:rgba(118, 188, 33, 0.5);
        }
  </style>
    <noscript>
        <strong>
            We're sorry but orangehrm doesn't work properly without JavaScript enabled. Please enable it to continue.
        </strong>
    </noscript>

    <div id="app">
    <auth-login
            :error="{&quot;error&quot;:&quot;invalid_credentials&quot;,&quot;message&quot;:&quot;Invalid credentials&quot;}"
            :token="&quot;f14f101ba8e0fa5a7.kKAf2qfPv_P9zc_-UGVqhinrfzHRf9C4DNzQuLxvRoE.ofIosMWa9seci4nLCUgBwhuGUkPlCamBYpWe1v4LFNTlklqM9qn9pcmoig&quot;"
            :login-logo-src="&quot;\/web\/images\/ohrm_logo.png&quot;"
            :login-banner-src="&quot;\/web\/images\/ohrm_branding.png?v=1775433284510&quot;"
            :show-social-media="true"
            :is-demo-mode="false"
            :authenticators="[]"
        >
    <template v-slot:footer>
        <div class="orangehrm-copyright-wrapper">
            <oxd-text tag="p" class="orangehrm-copyright">OrangeHRM OS 5.8.1</oxd-text>
<oxd-text tag="p" class="orangehrm-copyright">&copy; 2005 - 2026 <a href="http://www.orangehrm.com" target="_blank">OrangeHRM, Inc</a>. All rights reserved.</oxd-text>
        </div>
    </template>
    </auth-login>
    </div>
    <script type="text/javascript">
        window.appGlobal = {
          baseUrl: "/web/index.php",
          publicPath: "/web",
        };
    </script>
    <script src="/web/dist/js/chunk-vendors.js?v=1775433284510"></script>
    <script src="/web/dist/js/app.js?v=1775433284510"></script>
</body>
</html>

2026-06-01 14:26:51,642 - baseAutoHttp.py - INFO - 【01登录页面接口信息:login_api】接口调用结束

2026-06-01 14:26:51,642 - web_login_page.py - INFO - 【空用户名/Keepmoving624.】断言成功
2026-06-01 14:26:51,643 - baseAutoHttp.py - INFO - 接口会话已关闭
2026-06-01 14:26:51,643 - test_web_ohrm.py - INFO - 【用户名为空】用例执行成功
2026-06-01 14:26:51,649 - baseUtils.py - INFO - 配置文件读取成功：E:\develop\PythonProject\OrangeHRM\Config\配置文件.ini
2026-06-01 14:26:51,699 - baseAutoHttp.py - INFO - 【01登录页面接口信息:login_api】接口调用开始
2026-06-01 14:26:51,701 - baseData.py - INFO - 动态参数替换成功：{'_token': '45fa4b7f76592ee8a27e95cde.uNJcW9PuZHn4fUvZjdiKCoeIxuCkVzmIZ9WV--aN6I4.7-cJL5bDAzOuRH-p6oznS-vDqdOTZGnlKL3Nzbbs2r_wijZi468SCbUtew', 'username': 'admin', 'password': ''}
2026-06-01 14:26:51,701 - baseAutoHttp.py - INFO - 请求方式: POST
2026-06-01 14:26:51,701 - baseAutoHttp.py - INFO - 请求地址: http://127.0.0.1:8080/web/index.php/auth/validate
2026-06-01 14:26:51,701 - baseAutoHttp.py - INFO - 请求头: {'User-Agent': 'Mozilla/5.0 (Windows NT 10.0; Win64; x64) AppleWebKit/537.36 (KHTML, like Gecko) Chrome/148.0.0.0 Safari/537.36', 'Content-Type': 'application/x-www-form-urlencoded'}
2026-06-01 14:26:51,701 - baseAutoHttp.py - INFO - 请求参数: params=None | data={'_token': '45fa4b7f76592ee8a27e95cde.uNJcW9PuZHn4fUvZjdiKCoeIxuCkVzmIZ9WV--aN6I4.7-cJL5bDAzOuRH-p6oznS-vDqdOTZGnlKL3Nzbbs2r_wijZi468SCbUtew', 'username': 'admin', 'password': ''} | json=None
2026-06-01 14:26:51,975 - baseAutoHttp.py - INFO - 响应状态码: 200
2026-06-01 14:26:51,975 - baseAutoHttp.py - INFO - 响应耗时: 0.04586s
2026-06-01 14:26:51,975 - baseAutoHttp.py - INFO - 响应文本: <!DOCTYPE html>
<html>
<head>
  <meta charset="UTF-8">
  <meta http-equiv="X-UA-Compatible" content="IE=edge">
  <meta name="viewport" content="width=device-width,initial-scale=1">
  <title>OrangeHRM</title>
      <link rel="icon" href="/web/dist/favicon.ico?v=1775433284510">
    <link href="/web/dist/css/chunk-vendors.css?v=1775433284510" rel="preload" as="style">
    <link href="/web/dist/css/app.css?v=1775433284510" rel="preload" as="style">
    <link href="/web/dist/js/chunk-vendors.js?v=1775433284510" rel="preload" as="script">
    <link href="/web/dist/js/app.js?v=1775433284510" rel="preload" as="script">
      <link href="/web/dist/css/chunk-vendors.css?v=1775433284510" rel="stylesheet"/>
    <link href="/web/dist/css/app.css?v=1775433284510" rel="stylesheet"/>
</head>
<body>
  <style>
    :root {
            --oxd-primary-one-color:#FF7B1D;
            --oxd-primary-font-color:#FFFFFF;
            --oxd-secondary-four-color:#76BC21;
            --oxd-secondary-font-color:#FFFFFF;
            --oxd-primary-gradient-start-color:#FF920B;
            --oxd-primary-gradient-end-color:#F35C17;
            --oxd-secondary-gradient-start-color:#FF920B;
            --oxd-secondary-gradient-end-color:#F35C17;
            --oxd-primary-one-lighten-5-color:#ff8a37;
            --oxd-primary-one-lighten-30-color:#ffd4b6;
            --oxd-primary-one-darken-5-color:#ff6c03;
            --oxd-primary-one-alpha-10-color:rgba(255, 123, 29, 0.1);
            --oxd-primary-one-alpha-15-color:rgba(255, 123, 29, 0.15);
            --oxd-primary-one-alpha-20-color:rgba(255, 123, 29, 0.2);
            --oxd-primary-one-alpha-50-color:rgba(255, 123, 29, 0.5);
            --oxd-secondary-four-lighten-5-color:#84d225;
            --oxd-secondary-four-darken-5-color:#68a61d;
            --oxd-secondary-four-alpha-10-color:rgba(118, 188, 33, 0.1);
            --oxd-secondary-four-alpha-15-color:rgba(118, 188, 33, 0.15);
            --oxd-secondary-four-alpha-20-color:rgba(118, 188, 33, 0.2);
            --oxd-secondary-four-alpha-50-color:rgba(118, 188, 33, 0.5);
        }
  </style>
    <noscript>
        <strong>
            We're sorry but orangehrm doesn't work properly without JavaScript enabled. Please enable it to continue.
        </strong>
    </noscript>

    <div id="app">
    <auth-login
            :error="{&quot;error&quot;:&quot;invalid_credentials&quot;,&quot;message&quot;:&quot;Invalid credentials&quot;}"
            :token="&quot;5a695ce34848fe720ec906.1bvYeDFgvWRIeIq8GN5ZyOfftOkz1ZDVVSYX51skROI.go6NDHRN2i4eQb7Mf4o0iYuU29oE5sC4Gk5P0QtFdtOd47JBASHLFAUoug&quot;"
            :login-logo-src="&quot;\/web\/images\/ohrm_logo.png&quot;"
            :login-banner-src="&quot;\/web\/images\/ohrm_branding.png?v=1775433284510&quot;"
            :show-social-media="true"
            :is-demo-mode="false"
            :authenticators="[]"
        >
    <template v-slot:footer>
        <div class="orangehrm-copyright-wrapper">
            <oxd-text tag="p" class="orangehrm-copyright">OrangeHRM OS 5.8.1</oxd-text>
<oxd-text tag="p" class="orangehrm-copyright">&copy; 2005 - 2026 <a href="http://www.orangehrm.com" target="_blank">OrangeHRM, Inc</a>. All rights reserved.</oxd-text>
        </div>
    </template>
    </auth-login>
    </div>
    <script type="text/javascript">
        window.appGlobal = {
          baseUrl: "/web/index.php",
          publicPath: "/web",
        };
    </script>
    <script src="/web/dist/js/chunk-vendors.js?v=1775433284510"></script>
    <script src="/web/dist/js/app.js?v=1775433284510"></script>
</body>
</html>

2026-06-01 14:26:51,975 - baseAutoHttp.py - INFO - 【01登录页面接口信息:login_api】接口调用结束

2026-06-01 14:26:51,975 - web_login_page.py - INFO - 【admin/空密码】断言成功
2026-06-01 14:26:51,975 - baseAutoHttp.py - INFO - 接口会话已关闭
2026-06-01 14:26:51,975 - test_web_ohrm.py - INFO - 【密码为空】用例执行成功
2026-06-01 14:26:52,450 - baseDB.py - INFO - ✅ MySQL 数据库连接成功
2026-06-01 14:26:52,450 - conftest - INFO - ✅ conftest: 获取数据库连接（MysqlHelp）
2026-06-01 14:26:52,452 - baseUtils.py - INFO - 配置文件读取成功：E:\develop\PythonProject\OrangeHRM\Config\配置文件.ini
2026-06-01 14:26:52,912 - baseUtils.py - INFO - 配置文件读取成功：E:\develop\PythonProject\OrangeHRM\Config\配置文件.ini
2026-06-01 14:26:52,982 - baseUtils.py - INFO - 配置文件读取成功：E:\develop\PythonProject\OrangeHRM\Config\配置文件.ini
2026-06-01 14:26:53,054 - baseUtils.py - INFO - 配置文件读取成功：E:\develop\PythonProject\OrangeHRM\Config\配置文件.ini
2026-06-01 14:26:53,152 - baseAutoHttp.py - INFO - 【03查询员工页面:select_employee】接口调用开始
2026-06-01 14:26:53,155 - baseAutoHttp.py - INFO - 请求方式: GET
2026-06-01 14:26:53,155 - baseAutoHttp.py - INFO - 请求地址: http://127.0.0.1:8080/web/index.php/api/v2/pim/employees
2026-06-01 14:26:53,155 - baseAutoHttp.py - INFO - 请求头: {'User-Agent': 'Mozilla/5.0 (Windows NT 10.0; Win64; x64) AppleWebKit/537.36 (KHTML, like Gecko) Chrome/148.0.0.0 Safari/537.36'}
2026-06-01 14:26:53,155 - baseAutoHttp.py - INFO - 请求参数: params={'limit': '50', 'offset': '0', 'model': 'detailed', 'includeEmployees': 'onlyCurrent', 'sortField': 'employee.firstName', 'sortOrder': 'ASC'} | data=None | json=None
2026-06-01 14:26:53,269 - baseAutoHttp.py - INFO - 响应状态码: 200
2026-06-01 14:26:53,269 - baseAutoHttp.py - INFO - 响应耗时: 0.112605s
2026-06-01 14:26:53,269 - baseAutoHttp.py - INFO - 响应JSON: {'data': [{'empNumber': 2, 'lastName': 'oo', 'firstName': 'hh', 'middleName': '', 'employeeId': '0002', 'terminationId': None, 'jobTitle': {'id': None, 'title': None, 'isDeleted': None}, 'subunit': {'id': None, 'name': None}, 'empStatus': {'id': None, 'name': None}, 'supervisors': []}, {'empNumber': 5, 'lastName': 'Doe', 'firstName': 'John', 'middleName': '', 'employeeId': '1001', 'terminationId': None, 'jobTitle': {'id': None, 'title': None, 'isDeleted': None}, 'subunit': {'id': None, 'name': None}, 'empStatus': {'id': None, 'name': None}, 'supervisors': []}, {'empNumber': 6, 'lastName': 'pp', 'firstName': 'kk', 'middleName': '', 'employeeId': '1002', 'terminationId': None, 'jobTitle': {'id': None, 'title': None, 'isDeleted': None}, 'subunit': {'id': None, 'name': None}, 'empStatus': {'id': None, 'name': None}, 'supervisors': []}, {'empNumber': 14, 'lastName': 'll', 'firstName': 'kk', 'middleName': '', 'employeeId': '0014', 'terminationId': None, 'jobTitle': {'id': None, 'title': None, 'isDeleted': None}, 'subunit': {'id': None, 'name': None}, 'empStatus': {'id': None, 'name': None}, 'supervisors': []}, {'empNumber': 16, 'lastName': 'pp', 'firstName': 'ww', 'middleName': '', 'employeeId': '0016', 'terminationId': None, 'jobTitle': {'id': None, 'title': None, 'isDeleted': None}, 'subunit': {'id': None, 'name': None}, 'empStatus': {'id': None, 'name': None}, 'supervisors': []}, {'empNumber': 17, 'lastName': 'ss', 'firstName': 'zz', 'middleName': '', 'employeeId': '1009', 'terminationId': None, 'jobTitle': {'id': None, 'title': None, 'isDeleted': None}, 'subunit': {'id': None, 'name': None}, 'empStatus': {'id': None, 'name': None}, 'supervisors': []}, {'empNumber': 1, 'lastName': '安', 'firstName': '谢', 'middleName': '', 'employeeId': '0001', 'terminationId': None, 'jobTitle': {'id': None, 'title': None, 'isDeleted': None}, 'subunit': {'id': None, 'name': None}, 'empStatus': {'id': None, 'name': None}, 'supervisors': []}], 'meta': {'total': 7}, 'rels': []}
2026-06-01 14:26:53,269 - baseAutoHttp.py - INFO - 【03查询员工页面:select_employee】接口调用结束

2026-06-01 14:26:53,269 - test_web_ohrm.py - INFO - ☑️ 查询员工列表成功，返回 7 条
2026-06-01 14:26:53,275 - baseUtils.py - INFO - 配置文件读取成功：E:\develop\PythonProject\OrangeHRM\Config\配置文件.ini
2026-06-01 14:26:53,276 - baseAutoHttp.py - INFO - 【03查询员工页面:select_query】接口调用开始
2026-06-01 14:26:53,278 - baseData.py - INFO - 动态参数替换成功：{'employeeId': '1001'}
2026-06-01 14:26:53,278 - baseAutoHttp.py - INFO - 请求方式: GET
2026-06-01 14:26:53,278 - baseAutoHttp.py - INFO - 请求地址: http://127.0.0.1:8080/web/index.php/api/v2/pim/employees
2026-06-01 14:26:53,278 - baseAutoHttp.py - INFO - 请求头: {'User-Agent': 'Mozilla/5.0 (Windows NT 10.0; Win64; x64) AppleWebKit/537.36 (KHTML, like Gecko) Chrome/148.0.0.0 Safari/537.36', 'Referer': 'http://127.0.0.1:8080/web/index.php/pim/viewEmployeeList'}
2026-06-01 14:26:53,278 - baseAutoHttp.py - INFO - 请求参数: params={'limit': '50', 'offset': '0', 'model': 'detailed', 'employeeId': '1001', 'includeEmployees': 'onlyCurrent', 'sortField': 'employee.firstName', 'sortOrder': 'ASC'} | data=None | json=None
2026-06-01 14:26:53,370 - baseAutoHttp.py - INFO - 响应状态码: 200
2026-06-01 14:26:53,370 - baseAutoHttp.py - INFO - 响应耗时: 0.090165s
2026-06-01 14:26:53,370 - baseAutoHttp.py - INFO - 响应JSON: {'data': [{'empNumber': 5, 'lastName': 'Doe', 'firstName': 'John', 'middleName': '', 'employeeId': '1001', 'terminationId': None, 'jobTitle': {'id': None, 'title': None, 'isDeleted': None}, 'subunit': {'id': None, 'name': None}, 'empStatus': {'id': None, 'name': None}, 'supervisors': []}], 'meta': {'total': 1}, 'rels': []}
2026-06-01 14:26:53,370 - baseAutoHttp.py - INFO - 【03查询员工页面:select_query】接口调用结束

2026-06-01 14:26:53,370 - test_web_ohrm.py - INFO - ☑️【指定查询用例】执行完毕
2026-06-01 14:26:53,377 - baseUtils.py - INFO - 配置文件读取成功：E:\develop\PythonProject\OrangeHRM\Config\配置文件.ini
2026-06-01 14:26:53,378 - baseAutoHttp.py - INFO - 【03查询员工页面:select_query】接口调用开始
2026-06-01 14:26:53,380 - baseData.py - INFO - 动态参数替换成功：{'employeeId': '9999'}
2026-06-01 14:26:53,380 - baseAutoHttp.py - INFO - 请求方式: GET
2026-06-01 14:26:53,380 - baseAutoHttp.py - INFO - 请求地址: http://127.0.0.1:8080/web/index.php/api/v2/pim/employees
2026-06-01 14:26:53,380 - baseAutoHttp.py - INFO - 请求头: {'User-Agent': 'Mozilla/5.0 (Windows NT 10.0; Win64; x64) AppleWebKit/537.36 (KHTML, like Gecko) Chrome/148.0.0.0 Safari/537.36', 'Referer': 'http://127.0.0.1:8080/web/index.php/pim/viewEmployeeList'}
2026-06-01 14:26:53,380 - baseAutoHttp.py - INFO - 请求参数: params={'limit': '50', 'offset': '0', 'model': 'detailed', 'employeeId': '9999', 'includeEmployees': 'onlyCurrent', 'sortField': 'employee.firstName', 'sortOrder': 'ASC'} | data=None | json=None
2026-06-01 14:26:53,439 - baseAutoHttp.py - INFO - 响应状态码: 200
2026-06-01 14:26:53,439 - baseAutoHttp.py - INFO - 响应耗时: 0.05732s
2026-06-01 14:26:53,439 - baseAutoHttp.py - INFO - 响应JSON: {'data': [], 'meta': {'total': 0}, 'rels': []}
2026-06-01 14:26:53,439 - baseAutoHttp.py - INFO - 【03查询员工页面:select_query】接口调用结束

2026-06-01 14:26:53,439 - test_web_ohrm.py - INFO - ☑️【指定查询用例】执行完毕
2026-06-01 14:26:53,447 - baseUtils.py - INFO - 配置文件读取成功：E:\develop\PythonProject\OrangeHRM\Config\配置文件.ini
2026-06-01 14:26:53,465 - baseDB.py - INFO - ✅ MySQL 数据库连接成功
2026-06-01 14:26:53,467 - baseAutoHttp.py - INFO - 【04更新员工:update_employee】接口调用开始
2026-06-01 14:26:53,470 - baseData.py - INFO - 动态参数替换成功：{'firstName': 'John', 'lastName': 'Doe', 'employeeId': '1001'}
2026-06-01 14:26:53,470 - baseAutoHttp.py - INFO - 请求方式: PUT
2026-06-01 14:26:53,470 - baseAutoHttp.py - INFO - 请求地址: http://127.0.0.1:8080/web/index.php/api/v2/pim/employees/5/personal-details
2026-06-01 14:26:53,470 - baseAutoHttp.py - INFO - 请求头: {'User-Agent': 'Mozilla/5.0 (Windows NT 10.0; Win64; x64) AppleWebKit/537.36 (KHTML, like Gecko) Chrome/148.0.0.0 Safari/537.36', 'Content-Type': 'application/json', 'Referer': 'http://127.0.0.1:8080/web/index.php/pim/viewPersonalDetails/empNumber/5', 'Origin': 'http://127.0.0.1:8080'}
2026-06-01 14:26:53,470 - baseAutoHttp.py - INFO - 请求参数: params=None | data=None | json={'birthday': None, 'drivingLicenseExpiredDate': None, 'drivingLicenseNo': None, 'employeeId': '1001', 'firstName': 'John', 'gender': None, 'lastName': 'Doe', 'middleName': None, 'otherId': None}
2026-06-01 14:26:53,544 - baseAutoHttp.py - INFO - 响应状态码: 500
2026-06-01 14:26:53,544 - baseAutoHttp.py - INFO - 响应耗时: 0.073281s
2026-06-01 14:26:53,545 - baseAutoHttp.py - INFO - 响应JSON: {'error': {'status': '500', 'message': 'Unexpected Error Occurred'}}
2026-06-01 14:26:53,545 - baseAutoHttp.py - INFO - 【04更新员工:update_employee】接口调用结束

2026-06-01 14:26:53,552 - baseDB.py - INFO - ✅ MySQL 数据库连接成功
2026-06-01 14:26:53,556 - baseDB.py - INFO - ✅ MySQL 执行成功，事务已提交
2026-06-01 14:26:53,556 - baseDB.py - INFO - 🔌 MySQL 连接已关闭
2026-06-01 14:26:53,572 - baseDB.py - INFO - ✅ MySQL 数据库连接成功
2026-06-01 14:26:53,588 - baseUtils.py - INFO - 配置文件读取成功：E:\develop\PythonProject\OrangeHRM\Config\配置文件.ini
2026-06-01 14:26:53,589 - baseUtils.py - INFO - 配置文件读取成功：E:\develop\PythonProject\OrangeHRM\Config\配置文件.ini
2026-06-01 14:26:53,590 - baseAutoHttp.py - INFO - 【03查询员工页面:select_query】接口调用开始
2026-06-01 14:26:53,592 - baseData.py - INFO - 动态参数替换成功：{'employeeId': '0004'}
2026-06-01 14:26:53,592 - baseAutoHttp.py - INFO - 请求方式: GET
2026-06-01 14:26:53,592 - baseAutoHttp.py - INFO - 请求地址: http://127.0.0.1:8080/web/index.php/api/v2/pim/employees
2026-06-01 14:26:53,592 - baseAutoHttp.py - INFO - 请求头: {'User-Agent': 'Mozilla/5.0 (Windows NT 10.0; Win64; x64) AppleWebKit/537.36 (KHTML, like Gecko) Chrome/148.0.0.0 Safari/537.36', 'Referer': 'http://127.0.0.1:8080/web/index.php/pim/viewEmployeeList'}
2026-06-01 14:26:53,592 - baseAutoHttp.py - INFO - 请求参数: params={'limit': '50', 'offset': '0', 'model': 'detailed', 'employeeId': '0004', 'includeEmployees': 'onlyCurrent', 'sortField': 'employee.firstName', 'sortOrder': 'ASC'} | data=None | json=None
2026-06-01 14:26:53,653 - baseAutoHttp.py - INFO - 响应状态码: 200
2026-06-01 14:26:53,654 - baseAutoHttp.py - INFO - 响应耗时: 0.06014s
2026-06-01 14:26:53,654 - baseAutoHttp.py - INFO - 响应JSON: {'data': [], 'meta': {'total': 0}, 'rels': []}
2026-06-01 14:26:53,654 - baseAutoHttp.py - INFO - 【03查询员工页面:select_query】接口调用结束

2026-06-01 14:26:53,661 - baseDB.py - INFO - ✅ MySQL 数据库连接成功
2026-06-01 14:26:53,679 - baseUtils.py - INFO - 配置文件读取成功：E:\develop\PythonProject\OrangeHRM\Config\配置文件.ini
2026-06-01 14:26:53,680 - baseUtils.py - INFO - 配置文件读取成功：E:\develop\PythonProject\OrangeHRM\Config\配置文件.ini
2026-06-01 14:26:53,681 - baseAutoHttp.py - INFO - 【03查询员工页面:select_query】接口调用开始
2026-06-01 14:26:53,683 - baseData.py - INFO - 动态参数替换成功：{'employeeId': '9999'}
2026-06-01 14:26:53,683 - baseAutoHttp.py - INFO - 请求方式: GET
2026-06-01 14:26:53,683 - baseAutoHttp.py - INFO - 请求地址: http://127.0.0.1:8080/web/index.php/api/v2/pim/employees
2026-06-01 14:26:53,683 - baseAutoHttp.py - INFO - 请求头: {'User-Agent': 'Mozilla/5.0 (Windows NT 10.0; Win64; x64) AppleWebKit/537.36 (KHTML, like Gecko) Chrome/148.0.0.0 Safari/537.36', 'Referer': 'http://127.0.0.1:8080/web/index.php/pim/viewEmployeeList'}
2026-06-01 14:26:53,683 - baseAutoHttp.py - INFO - 请求参数: params={'limit': '50', 'offset': '0', 'model': 'detailed', 'employeeId': '9999', 'includeEmployees': 'onlyCurrent', 'sortField': 'employee.firstName', 'sortOrder': 'ASC'} | data=None | json=None
2026-06-01 14:26:53,762 - baseAutoHttp.py - INFO - 响应状态码: 200
2026-06-01 14:26:53,762 - baseAutoHttp.py - INFO - 响应耗时: 0.077859s
2026-06-01 14:26:53,763 - baseAutoHttp.py - INFO - 响应JSON: {'data': [], 'meta': {'total': 0}, 'rels': []}
2026-06-01 14:26:53,763 - baseAutoHttp.py - INFO - 【03查询员工页面:select_query】接口调用结束

2026-06-01 14:26:53,770 - baseDB.py - INFO - ✅ MySQL 数据库连接成功
2026-06-01 14:26:53,772 - test_web_ohrm.py - INFO - ☑️【删除员工】用例执行成功
2026-06-01 14:26:53,780 - baseUtils.py - INFO - 配置文件读取成功：E:\develop\PythonProject\OrangeHRM\Config\配置文件.ini
2026-06-01 14:26:53,781 - baseAutoHttp.py - INFO - 【06未登录访问员工接口:employee】接口调用开始
2026-06-01 14:26:53,782 - baseAutoHttp.py - INFO - 请求方式: GET
2026-06-01 14:26:53,782 - baseAutoHttp.py - INFO - 请求地址: http://127.0.0.1:8080/web/index.php/pim/viewEmployeeList
2026-06-01 14:26:53,782 - baseAutoHttp.py - INFO - 请求头: {'User-Agent': 'Mozilla/5.0 (Windows NT 10.0; Win64; x64) AppleWebKit/537.36 (KHTML, like Gecko) Chrome/148.0.0.0 Safari/537.36'}
2026-06-01 14:26:53,782 - baseAutoHttp.py - INFO - 请求参数: params={'includeEmployees': 'onlyCurrent', 'limit': '50', 'model': 'detailed', 'offset': '0', 'sortField': 'employee.firstName', 'sortOrder': 'ASC'} | data=None | json=None
2026-06-01 14:26:53,824 - baseAutoHttp.py - INFO - 响应状态码: 302
2026-06-01 14:26:53,825 - baseAutoHttp.py - INFO - 响应耗时: 0.040088s
2026-06-01 14:26:53,825 - baseAutoHttp.py - INFO - 响应文本: <!DOCTYPE html>
<html>
    <head>
        <meta charset="UTF-8" />
        <meta http-equiv="refresh" content="0;url='http://127.0.0.1:8080/web/index.php/auth/login'" />

        <title>Redirecting to http://127.0.0.1:8080/web/index.php/auth/login</title>
    </head>
    <body>
        Redirecting to <a href="http://127.0.0.1:8080/web/index.php/auth/login">http://127.0.0.1:8080/web/index.php/auth/login</a>.
    </body>
</html>
2026-06-01 14:26:53,825 - baseAutoHttp.py - INFO - 【06未登录访问员工接口:employee】接口调用结束

2026-06-01 14:26:54,229 - baseUtils.py - INFO - 配置文件读取成功：E:\develop\PythonProject\OrangeHRM\Config\配置文件.ini
2026-06-01 14:26:54,229 - baseAutoHttp.py - INFO - 【07非管理员登录:employee_login】接口调用开始
2026-06-01 14:26:54,231 - baseData.py - INFO - 动态参数替换成功：{'firstName': 'cc', 'lastName': 'dd', 'employeeId': '1010'}
2026-06-01 14:26:54,231 - baseAutoHttp.py - INFO - 请求方式: POST
2026-06-01 14:26:54,231 - baseAutoHttp.py - INFO - 请求地址: http://127.0.0.1:8080/web/index.php/api/v2/pim/employees
2026-06-01 14:26:54,231 - baseAutoHttp.py - INFO - 请求头: {'User-Agent': 'Mozilla/5.0 (Windows NT 10.0; Win64; x64) AppleWebKit/537.36 (KHTML, like Gecko) Chrome/148.0.0.0 Safari/537.36', 'Content-Type': 'application/json', 'Origin': 'http://127.0.0.1:8080', 'Referer': 'http://127.0.0.1:8080/web/index.php/pim/addEmployee'}
2026-06-01 14:26:54,231 - baseAutoHttp.py - INFO - 请求参数: params=None | data=None | json={'employeeId': '1010', 'empPicture': None, 'firstName': 'cc', 'lastName': 'dd', 'middleName': None}
2026-06-01 14:26:54,284 - baseAutoHttp.py - INFO - 响应状态码: 403
2026-06-01 14:26:54,284 - baseAutoHttp.py - INFO - 响应耗时: 0.051649s
2026-06-01 14:26:54,284 - baseAutoHttp.py - INFO - 响应JSON: {'error': {'status': 403, 'message': 'Unauthorized'}}
2026-06-01 14:26:54,284 - baseAutoHttp.py - INFO - 【07非管理员登录:employee_login】接口调用结束

2026-06-01 14:26:54,284 - test_web_ohrm.py - INFO - ☑️【非管理员账号操作员工】用例执行成功
2026-06-01 14:26:54,499 - runClient.py - WARNING - ⚠️ 未找到用例文件，执行项目全量用例
2026-06-01 14:26:54,539 - baseUtils.py - INFO - 配置文件读取成功：E:\develop\PythonProject\OrangeHRM\Config\配置文件.ini
2026-06-01 14:26:54,582 - baseUtils.py - INFO - 配置文件读取成功：E:\develop\PythonProject\OrangeHRM\Config\配置文件.ini
2026-06-01 14:26:54,634 - baseAutoHttp.py - INFO - 【01登录页面接口信息:login_api】接口调用开始
2026-06-01 14:26:54,644 - baseData.py - INFO - 动态参数替换成功：{'_token': '50e3019ffa803b47d0f0eef6e3.OUyhEVtqnOrvy8OkT1l0gHjglbqgAT50jRS4GkeMZCs.QDmWQRoT6Yi8uajUezM67zSv0vHlYgcQ2nfueQL0NWhVdMVBdgfeud-9lg', 'username': 'admin', 'password': 'Keepmoving624.'}
2026-06-01 14:26:54,647 - baseAutoHttp.py - INFO - 请求方式: POST
2026-06-01 14:26:54,649 - baseAutoHttp.py - INFO - 请求地址: http://127.0.0.1:8080/web/index.php/auth/validate
2026-06-01 14:26:54,651 - baseAutoHttp.py - INFO - 请求头: {'User-Agent': 'Mozilla/5.0 (Windows NT 10.0; Win64; x64) AppleWebKit/537.36 (KHTML, like Gecko) Chrome/148.0.0.0 Safari/537.36', 'Content-Type': 'application/x-www-form-urlencoded'}
2026-06-01 14:26:54,654 - baseAutoHttp.py - INFO - 请求参数: params=None | data={'_token': '50e3019ffa803b47d0f0eef6e3.OUyhEVtqnOrvy8OkT1l0gHjglbqgAT50jRS4GkeMZCs.QDmWQRoT6Yi8uajUezM67zSv0vHlYgcQ2nfueQL0NWhVdMVBdgfeud-9lg', 'username': 'admin', 'password': 'Keepmoving624.'} | json=None
2026-06-01 14:26:55,054 - baseAutoHttp.py - INFO - 响应状态码: 200
2026-06-01 14:26:55,056 - baseAutoHttp.py - INFO - 响应耗时: 0.078981s
2026-06-01 14:26:55,058 - baseAutoHttp.py - INFO - 响应文本: <!DOCTYPE html>
<html>
<head>
  <meta charset="UTF-8">
  <meta http-equiv="X-UA-Compatible" content="IE=edge">
  <meta name="viewport" content="width=device-width,initial-scale=1">
  <title>OrangeHRM</title>
    <link rel="icon" href="/web/dist/favicon.ico?v=1775433284510">
  <link href="/web/dist/css/chunk-vendors.css?v=1775433284510" rel="preload" as="style">
  <link href="/web/dist/css/app.css?v=1775433284510" rel="preload" as="style">
  <link href="/web/dist/js/chunk-vendors.js?v=1775433284510" rel="preload" as="script">
  <link href="/web/dist/js/app.js?v=1775433284510" rel="preload" as="script">
    <link href="/web/dist/css/chunk-vendors.css?v=1775433284510" rel="stylesheet"/>
  <link href="/web/dist/css/app.css?v=1775433284510" rel="stylesheet"/>
</head>
<body>
  <style>
    :root {
            --oxd-primary-one-color:#FF7B1D;
            --oxd-primary-font-color:#FFFFFF;
            --oxd-secondary-four-color:#76BC21;
            --oxd-secondary-font-color:#FFFFFF;
            --oxd-primary-gradient-start-color:#FF920B;
            --oxd-primary-gradient-end-color:#F35C17;
            --oxd-secondary-gradient-start-color:#FF920B;
            --oxd-secondary-gradient-end-color:#F35C17;
            --oxd-primary-one-lighten-5-color:#ff8a37;
            --oxd-primary-one-lighten-30-color:#ffd4b6;
            --oxd-primary-one-darken-5-color:#ff6c03;
            --oxd-primary-one-alpha-10-color:rgba(255, 123, 29, 0.1);
            --oxd-primary-one-alpha-15-color:rgba(255, 123, 29, 0.15);
            --oxd-primary-one-alpha-20-color:rgba(255, 123, 29, 0.2);
            --oxd-primary-one-alpha-50-color:rgba(255, 123, 29, 0.5);
            --oxd-secondary-four-lighten-5-color:#84d225;
            --oxd-secondary-four-darken-5-color:#68a61d;
            --oxd-secondary-four-alpha-10-color:rgba(118, 188, 33, 0.1);
            --oxd-secondary-four-alpha-15-color:rgba(118, 188, 33, 0.15);
            --oxd-secondary-four-alpha-20-color:rgba(118, 188, 33, 0.2);
            --oxd-secondary-four-alpha-50-color:rgba(118, 188, 33, 0.5);
        }
  </style>
  <noscript>
    <strong>
      We're sorry but orangehrm doesn't work properly without JavaScript enabled. Please enable it to continue.
    </strong>
  </noscript>

  <div id="app">
    <oxd-layout
        home-url="https://www.orangehrm.com/"
        :sidepanel-menu-items="[{&quot;id&quot;:1,&quot;name&quot;:&quot;\u7ba1\u7406\u5458&quot;,&quot;url&quot;:&quot;\/web\/index.php\/admin\/viewAdminModule&quot;,&quot;icon&quot;:&quot;admin&quot;},{&quot;id&quot;:30,&quot;name&quot;:&quot;\u4e2a\u4eba\u4fe1\u606f\u7ba1\u7406\u7cfb\u7edf&quot;,&quot;url&quot;:&quot;\/web\/index.php\/pim\/viewPimModule&quot;,&quot;icon&quot;:&quot;pim&quot;},{&quot;id&quot;:41,&quot;name&quot;:&quot;\u4f11\u5047&quot;,&quot;url&quot;:&quot;\/web\/index.php\/leave\/viewLeaveModule&quot;,&quot;icon&quot;:&quot;leave&quot;},{&quot;id&quot;:52,&quot;name&quot;:&quot;\u65f6\u95f4&quot;,&quot;url&quot;:&quot;\/web\/index.php\/time\/viewTimeModule&quot;,&quot;icon&quot;:&quot;time&quot;},{&quot;id&quot;:65,&quot;name&quot;:&quot;\u62db\u8058&quot;,&quot;url&quot;:&quot;\/web\/index.php\/recruitment\/viewRecruitmentModule&quot;,&quot;icon&quot;:&quot;recruitment&quot;},{&quot;id&quot;:40,&quot;name&quot;:&quot;\u6211\u7684\u4fe1\u606f&quot;,&quot;url&quot;:&quot;\/web\/index.php\/pim\/viewMyDetails&quot;,&quot;icon&quot;:&quot;myinfo&quot;},{&quot;id&quot;:83,&quot;name&quot;:&quot;\u7ee9\u6548&quot;,&quot;url&quot;:&quot;\/web\/index.php\/performance\/viewPerformanceModule&quot;,&quot;icon&quot;:&quot;performance&quot;},{&quot;id&quot;:82,&quot;name&quot;:&quot;\u4eea\u8868\u76d8&quot;,&quot;url&quot;:&quot;\/web\/index.php\/dashboard\/index&quot;,&quot;icon&quot;:&quot;dashboard&quot;,&quot;active&quot;:true},{&quot;id&quot;:93,&quot;name&quot;:&quot;Directory&quot;,&quot;url&quot;:&quot;\/web\/index.php\/directory\/viewDirectory&quot;,&quot;icon&quot;:&quot;directory&quot;},{&quot;id&quot;:96,&quot;name&quot;:&quot;Maintenance&quot;,&quot;url&quot;:&quot;\/web\/index.php\/maintenance\/viewMaintenanceModule&quot;,&quot;icon&quot;:&quot;maintenance&quot;},{&quot;id&quot;:105,&quot;name&quot;:&quot;Claim&quot;,&quot;url&quot;:&quot;\/web\/index.php\/claim\/viewClaimModule&quot;,&quot;icon&quot;:&quot;claim&quot;},{&quot;id&quot;:101,&quot;name&quot;:&quot;\u6fc0\u52a8&quot;,&quot;url&quot;:&quot;\/web\/index.php\/buzz\/viewBuzz&quot;,&quot;icon&quot;:&quot;buzz&quot;}]"
        :topbar-menu-items="[]"
        :user="{&quot;firstName&quot;:&quot;\u8c22&quot;,&quot;lastName&quot;:&quot;\u5b89&quot;,&quot;profImgSrc&quot;:&quot;\/web\/index.php\/pim\/viewPhoto\/empNumber\/1&quot;,&quot;hasPassword&quot;:true}"
        brand-logo-src="/web/images/orange.png?v=1775433284510"
        brand-banner-src="/web/images/orangehrm-logo.png?v=1775433284510"
        logout-url="/web/index.php/auth/logout"
        support-url="/web/index.php/help/support"
        :update-password-url="&quot;/web/index.php/pim/updatePassword&quot;"
        :permissions="{&quot;dashboard_buzz_widget&quot;:{&quot;canRead&quot;:true,&quot;canCreate&quot;:false,&quot;canUpdate&quot;:false,&quot;canDelete&quot;:false},&quot;dashboard_employees_on_leave_today_config&quot;:{&quot;canRead&quot;:true,&quot;canCreate&quot;:false,&quot;canUpdate&quot;:true,&quot;canDelete&quot;:false},&quot;dashboard_leave_widget&quot;:{&quot;canRead&quot;:true,&quot;canCreate&quot;:false,&quot;canUpdate&quot;:false,&quot;canDelete&quot;:false},&quot;dashboard_location_widget&quot;:{&quot;canRead&quot;:true,&quot;canCreate&quot;:false,&quot;canUpdate&quot;:false,&quot;canDelete&quot;:false},&quot;dashboard_subunit_widget&quot;:{&quot;canRead&quot;:true,&quot;canCreate&quot;:false,&quot;canUpdate&quot;:false,&quot;canDelete&quot;:false},&quot;dashboard_time_widget&quot;:{&quot;canRead&quot;:true,&quot;canCreate&quot;:false,&quot;canUpdate&quot;:false,&quot;canDelete&quot;:false}}"
        :breadcrumb="{&quot;moduleName&quot;:&quot;\u4eea\u8868\u76d8&quot;,&quot;level&quot;:null}"
        :date-format="{&quot;id&quot;:&quot;Y-m-d&quot;,&quot;label&quot;:&quot;yyyy-mm-dd&quot;}"
        help-url="/web/index.php/help/help?label=dashboard_index"
        :show-upgrade="1"
    >
      <view-dashboard
            >
    </view-dashboard>
    <template v-slot:footer><oxd-text tag="p" class="orangehrm-copyright">OrangeHRM OS 5.8.1</oxd-text>
<oxd-text tag="p" class="orangehrm-copyright">&copy; 2005 - 2026 <a href="http://www.orangehrm.com" target="_blank">OrangeHRM, Inc</a>. All rights reserved.</oxd-text>
<br></template>
    </oxd-layout>
  </div>
  <script type="text/javascript">
      window.appGlobal = {
        baseUrl: "/web/index.php",
        publicPath: "/web",
      };
  </script>
  <script src="/web/dist/js/chunk-vendors.js?v=1775433284510"></script>
  <script src="/web/dist/js/app.js?v=1775433284510"></script>
</body>
</html>

2026-06-01 14:26:55,062 - baseAutoHttp.py - INFO - 【01登录页面接口信息:login_api】接口调用结束

2026-06-01 14:26:55,064 - web_login_page.py - INFO - 【管理员正常登录】断言成功
2026-06-01 14:26:55,066 - baseAutoHttp.py - INFO - 接口会话已关闭
2026-06-01 14:26:55,068 - test_web_ohrm.py - INFO - 【管理员正常登录】用例执行成功
2026-06-01 14:26:55,075 - baseUtils.py - INFO - 配置文件读取成功：E:\develop\PythonProject\OrangeHRM\Config\配置文件.ini
2026-06-01 14:26:55,124 - baseAutoHttp.py - INFO - 【02登录页面未携带token:login_not_token_api】接口调用开始
2026-06-01 14:26:55,128 - baseData.py - INFO - 动态参数替换成功：{'username': 'admin', 'password': 'Keepmoving624.'}
2026-06-01 14:26:55,130 - baseAutoHttp.py - INFO - 请求方式: POST
2026-06-01 14:26:55,132 - baseAutoHttp.py - INFO - 请求地址: http://127.0.0.1:8080/web/index.php/auth/validate
2026-06-01 14:26:55,134 - baseAutoHttp.py - INFO - 请求头: {'User-Agent': 'Mozilla/5.0 (Windows NT 10.0; Win64; x64) AppleWebKit/537.36 (KHTML, like Gecko) Chrome/148.0.0.0 Safari/537.36', 'Content-Type': 'application/x-www-form-urlencoded'}
2026-06-01 14:26:55,137 - baseAutoHttp.py - INFO - 请求参数: params=None | data={'username': 'admin', 'password': 'Keepmoving624.'} | json=None
2026-06-01 14:26:55,239 - baseAutoHttp.py - INFO - 响应状态码: 200
2026-06-01 14:26:55,241 - baseAutoHttp.py - INFO - 响应耗时: 0.051839s
2026-06-01 14:26:55,244 - baseAutoHttp.py - INFO - 响应文本: <!DOCTYPE html>
<html>
<head>
  <meta charset="UTF-8">
  <meta http-equiv="X-UA-Compatible" content="IE=edge">
  <meta name="viewport" content="width=device-width,initial-scale=1">
  <title>OrangeHRM</title>
      <link rel="icon" href="/web/dist/favicon.ico?v=1775433284510">
    <link href="/web/dist/css/chunk-vendors.css?v=1775433284510" rel="preload" as="style">
    <link href="/web/dist/css/app.css?v=1775433284510" rel="preload" as="style">
    <link href="/web/dist/js/chunk-vendors.js?v=1775433284510" rel="preload" as="script">
    <link href="/web/dist/js/app.js?v=1775433284510" rel="preload" as="script">
      <link href="/web/dist/css/chunk-vendors.css?v=1775433284510" rel="stylesheet"/>
    <link href="/web/dist/css/app.css?v=1775433284510" rel="stylesheet"/>
</head>
<body>
  <style>
    :root {
            --oxd-primary-one-color:#FF7B1D;
            --oxd-primary-font-color:#FFFFFF;
            --oxd-secondary-four-color:#76BC21;
            --oxd-secondary-font-color:#FFFFFF;
            --oxd-primary-gradient-start-color:#FF920B;
            --oxd-primary-gradient-end-color:#F35C17;
            --oxd-secondary-gradient-start-color:#FF920B;
            --oxd-secondary-gradient-end-color:#F35C17;
            --oxd-primary-one-lighten-5-color:#ff8a37;
            --oxd-primary-one-lighten-30-color:#ffd4b6;
            --oxd-primary-one-darken-5-color:#ff6c03;
            --oxd-primary-one-alpha-10-color:rgba(255, 123, 29, 0.1);
            --oxd-primary-one-alpha-15-color:rgba(255, 123, 29, 0.15);
            --oxd-primary-one-alpha-20-color:rgba(255, 123, 29, 0.2);
            --oxd-primary-one-alpha-50-color:rgba(255, 123, 29, 0.5);
            --oxd-secondary-four-lighten-5-color:#84d225;
            --oxd-secondary-four-darken-5-color:#68a61d;
            --oxd-secondary-four-alpha-10-color:rgba(118, 188, 33, 0.1);
            --oxd-secondary-four-alpha-15-color:rgba(118, 188, 33, 0.15);
            --oxd-secondary-four-alpha-20-color:rgba(118, 188, 33, 0.2);
            --oxd-secondary-four-alpha-50-color:rgba(118, 188, 33, 0.5);
        }
  </style>
    <noscript>
        <strong>
            We're sorry but orangehrm doesn't work properly without JavaScript enabled. Please enable it to continue.
        </strong>
    </noscript>

    <div id="app">
    <auth-login
            :error="{&quot;error&quot;:&quot;invalid_csrf_token&quot;,&quot;message&quot;:&quot;CSRF token validation failed&quot;}"
            :token="&quot;1c83a01469c3.a1b2B5DESWKx6gJKhiNSGcG_dolQ_pYH2E04Rfx1iHI.OTmHbdyhLyeEgUYZ1GsmYafxQt4dlf1Ns39Bcpgg5wQnB5FlxYo9UPatbQ&quot;"
            :login-logo-src="&quot;\/web\/images\/ohrm_logo.png&quot;"
            :login-banner-src="&quot;\/web\/images\/ohrm_branding.png?v=1775433284510&quot;"
            :show-social-media="true"
            :is-demo-mode="false"
            :authenticators="[]"
        >
    <template v-slot:footer>
        <div class="orangehrm-copyright-wrapper">
            <oxd-text tag="p" class="orangehrm-copyright">OrangeHRM OS 5.8.1</oxd-text>
<oxd-text tag="p" class="orangehrm-copyright">&copy; 2005 - 2026 <a href="http://www.orangehrm.com" target="_blank">OrangeHRM, Inc</a>. All rights reserved.</oxd-text>
        </div>
    </template>
    </auth-login>
    </div>
    <script type="text/javascript">
        window.appGlobal = {
          baseUrl: "/web/index.php",
          publicPath: "/web",
        };
    </script>
    <script src="/web/dist/js/chunk-vendors.js?v=1775433284510"></script>
    <script src="/web/dist/js/app.js?v=1775433284510"></script>
</body>
</html>

2026-06-01 14:26:55,246 - baseAutoHttp.py - INFO - 【02登录页面未携带token:login_not_token_api】接口调用结束

2026-06-01 14:26:55,249 - web_login_page.py - INFO - 【未携带CSRF令牌】断言成功
2026-06-01 14:26:55,251 - baseAutoHttp.py - INFO - 接口会话已关闭
2026-06-01 14:26:55,253 - test_web_ohrm.py - INFO - 【未携带CSRF令牌】用例执行成功
2026-06-01 14:26:55,259 - baseUtils.py - INFO - 配置文件读取成功：E:\develop\PythonProject\OrangeHRM\Config\配置文件.ini
2026-06-01 14:26:55,354 - baseAutoHttp.py - INFO - 【01登录页面接口信息:login_api】接口调用开始
2026-06-01 14:26:55,357 - baseData.py - INFO - 动态参数替换成功：{'_token': '2bc1a1873f9198ba8f7.0sYXghkYKsEV2idGTb6Z-DCCma_44C23Z1PlnyW9lXk.jfFQyGAuebJ-nEk-eM_XkGKyqujKik7VIzyw1GiI-0m5ryCxaGFc9FaUYg', 'username': 'admin', 'password': 'Keepmoving624.'}
2026-06-01 14:26:55,360 - baseAutoHttp.py - INFO - 请求方式: POST
2026-06-01 14:26:55,362 - baseAutoHttp.py - INFO - 请求地址: http://127.0.0.1:8080/web/index.php/auth/validate
2026-06-01 14:26:55,364 - baseAutoHttp.py - INFO - 请求头: {'User-Agent': 'Mozilla/5.0 (Windows NT 10.0; Win64; x64) AppleWebKit/537.36 (KHTML, like Gecko) Chrome/148.0.0.0 Safari/537.36', 'Content-Type': 'application/x-www-form-urlencoded'}
2026-06-01 14:26:55,366 - baseAutoHttp.py - INFO - 请求参数: params=None | data={'_token': '2bc1a1873f9198ba8f7.0sYXghkYKsEV2idGTb6Z-DCCma_44C23Z1PlnyW9lXk.jfFQyGAuebJ-nEk-eM_XkGKyqujKik7VIzyw1GiI-0m5ryCxaGFc9FaUYg', 'username': 'admin', 'password': 'Keepmoving624.'} | json=None
2026-06-01 14:26:55,499 - baseAutoHttp.py - INFO - 响应状态码: 200
2026-06-01 14:26:55,502 - baseAutoHttp.py - INFO - 响应耗时: 0.075128s
2026-06-01 14:26:55,505 - baseAutoHttp.py - INFO - 响应文本: <!DOCTYPE html>
<html>
<head>
  <meta charset="UTF-8">
  <meta http-equiv="X-UA-Compatible" content="IE=edge">
  <meta name="viewport" content="width=device-width,initial-scale=1">
  <title>OrangeHRM</title>
      <link rel="icon" href="/web/dist/favicon.ico?v=1775433284510">
    <link href="/web/dist/css/chunk-vendors.css?v=1775433284510" rel="preload" as="style">
    <link href="/web/dist/css/app.css?v=1775433284510" rel="preload" as="style">
    <link href="/web/dist/js/chunk-vendors.js?v=1775433284510" rel="preload" as="script">
    <link href="/web/dist/js/app.js?v=1775433284510" rel="preload" as="script">
      <link href="/web/dist/css/chunk-vendors.css?v=1775433284510" rel="stylesheet"/>
    <link href="/web/dist/css/app.css?v=1775433284510" rel="stylesheet"/>
</head>
<body>
  <style>
    :root {
            --oxd-primary-one-color:#FF7B1D;
            --oxd-primary-font-color:#FFFFFF;
            --oxd-secondary-four-color:#76BC21;
            --oxd-secondary-font-color:#FFFFFF;
            --oxd-primary-gradient-start-color:#FF920B;
            --oxd-primary-gradient-end-color:#F35C17;
            --oxd-secondary-gradient-start-color:#FF920B;
            --oxd-secondary-gradient-end-color:#F35C17;
            --oxd-primary-one-lighten-5-color:#ff8a37;
            --oxd-primary-one-lighten-30-color:#ffd4b6;
            --oxd-primary-one-darken-5-color:#ff6c03;
            --oxd-primary-one-alpha-10-color:rgba(255, 123, 29, 0.1);
            --oxd-primary-one-alpha-15-color:rgba(255, 123, 29, 0.15);
            --oxd-primary-one-alpha-20-color:rgba(255, 123, 29, 0.2);
            --oxd-primary-one-alpha-50-color:rgba(255, 123, 29, 0.5);
            --oxd-secondary-four-lighten-5-color:#84d225;
            --oxd-secondary-four-darken-5-color:#68a61d;
            --oxd-secondary-four-alpha-10-color:rgba(118, 188, 33, 0.1);
            --oxd-secondary-four-alpha-15-color:rgba(118, 188, 33, 0.15);
            --oxd-secondary-four-alpha-20-color:rgba(118, 188, 33, 0.2);
            --oxd-secondary-four-alpha-50-color:rgba(118, 188, 33, 0.5);
        }
  </style>
    <noscript>
        <strong>
            We're sorry but orangehrm doesn't work properly without JavaScript enabled. Please enable it to continue.
        </strong>
    </noscript>

    <div id="app">
    <auth-login
            :error="{&quot;error&quot;:&quot;invalid_csrf_token&quot;,&quot;message&quot;:&quot;CSRF token validation failed&quot;}"
            :token="&quot;2796f3bf97.iQ5OE35Y3Z4wIRJn60kjl9yLUhN8K8RQNYYvhK4GhRU.73YZTEk8sad3cXwrsgZm0I6mf1tIQJMbTe5c6N51_EDPRXxAER2uwUdJIg&quot;"
            :login-logo-src="&quot;\/web\/images\/ohrm_logo.png&quot;"
            :login-banner-src="&quot;\/web\/images\/ohrm_branding.png?v=1775433284510&quot;"
            :show-social-media="true"
            :is-demo-mode="false"
            :authenticators="[]"
        >
    <template v-slot:footer>
        <div class="orangehrm-copyright-wrapper">
            <oxd-text tag="p" class="orangehrm-copyright">OrangeHRM OS 5.8.1</oxd-text>
<oxd-text tag="p" class="orangehrm-copyright">&copy; 2005 - 2026 <a href="http://www.orangehrm.com" target="_blank">OrangeHRM, Inc</a>. All rights reserved.</oxd-text>
        </div>
    </template>
    </auth-login>
    </div>
    <script type="text/javascript">
        window.appGlobal = {
          baseUrl: "/web/index.php",
          publicPath: "/web",
        };
    </script>
    <script src="/web/dist/js/chunk-vendors.js?v=1775433284510"></script>
    <script src="/web/dist/js/app.js?v=1775433284510"></script>
</body>
</html>

2026-06-01 14:26:55,509 - baseAutoHttp.py - INFO - 【01登录页面接口信息:login_api】接口调用结束

2026-06-01 14:26:55,512 - web_login_page.py - INFO - 【跨会话使用Token】断言成功
2026-06-01 14:26:55,514 - baseAutoHttp.py - INFO - 接口会话已关闭
2026-06-01 14:26:55,516 - test_web_ohrm.py - INFO - 【携带过期CSRF令牌】用例执行成功
2026-06-01 14:26:55,525 - baseUtils.py - INFO - 配置文件读取成功：E:\develop\PythonProject\OrangeHRM\Config\配置文件.ini
2026-06-01 14:26:55,525 - baseAutoHttp.py - INFO - 【01登录页面接口信息:login_api】接口调用开始
2026-06-01 14:26:55,530 - baseData.py - INFO - 动态参数替换成功：{'_token': 'tIVAM0vgU^aZN&X1ikIv', 'username': 'admin', 'password': 'Keepmoving624.'}
2026-06-01 14:26:55,532 - baseAutoHttp.py - INFO - 请求方式: POST
2026-06-01 14:26:55,535 - baseAutoHttp.py - INFO - 请求地址: http://127.0.0.1:8080/web/index.php/auth/validate
2026-06-01 14:26:55,537 - baseAutoHttp.py - INFO - 请求头: {'User-Agent': 'Mozilla/5.0 (Windows NT 10.0; Win64; x64) AppleWebKit/537.36 (KHTML, like Gecko) Chrome/148.0.0.0 Safari/537.36', 'Content-Type': 'application/x-www-form-urlencoded'}
2026-06-01 14:26:55,539 - baseAutoHttp.py - INFO - 请求参数: params=None | data={'_token': 'tIVAM0vgU^aZN&X1ikIv', 'username': 'admin', 'password': 'Keepmoving624.'} | json=None
2026-06-01 14:26:55,635 - baseAutoHttp.py - INFO - 响应状态码: 200
2026-06-01 14:26:55,638 - baseAutoHttp.py - INFO - 响应耗时: 0.051392s
2026-06-01 14:26:55,640 - baseAutoHttp.py - INFO - 响应文本: <!DOCTYPE html>
<html>
<head>
  <meta charset="UTF-8">
  <meta http-equiv="X-UA-Compatible" content="IE=edge">
  <meta name="viewport" content="width=device-width,initial-scale=1">
  <title>OrangeHRM</title>
      <link rel="icon" href="/web/dist/favicon.ico?v=1775433284510">
    <link href="/web/dist/css/chunk-vendors.css?v=1775433284510" rel="preload" as="style">
    <link href="/web/dist/css/app.css?v=1775433284510" rel="preload" as="style">
    <link href="/web/dist/js/chunk-vendors.js?v=1775433284510" rel="preload" as="script">
    <link href="/web/dist/js/app.js?v=1775433284510" rel="preload" as="script">
      <link href="/web/dist/css/chunk-vendors.css?v=1775433284510" rel="stylesheet"/>
    <link href="/web/dist/css/app.css?v=1775433284510" rel="stylesheet"/>
</head>
<body>
  <style>
    :root {
            --oxd-primary-one-color:#FF7B1D;
            --oxd-primary-font-color:#FFFFFF;
            --oxd-secondary-four-color:#76BC21;
            --oxd-secondary-font-color:#FFFFFF;
            --oxd-primary-gradient-start-color:#FF920B;
            --oxd-primary-gradient-end-color:#F35C17;
            --oxd-secondary-gradient-start-color:#FF920B;
            --oxd-secondary-gradient-end-color:#F35C17;
            --oxd-primary-one-lighten-5-color:#ff8a37;
            --oxd-primary-one-lighten-30-color:#ffd4b6;
            --oxd-primary-one-darken-5-color:#ff6c03;
            --oxd-primary-one-alpha-10-color:rgba(255, 123, 29, 0.1);
            --oxd-primary-one-alpha-15-color:rgba(255, 123, 29, 0.15);
            --oxd-primary-one-alpha-20-color:rgba(255, 123, 29, 0.2);
            --oxd-primary-one-alpha-50-color:rgba(255, 123, 29, 0.5);
            --oxd-secondary-four-lighten-5-color:#84d225;
            --oxd-secondary-four-darken-5-color:#68a61d;
            --oxd-secondary-four-alpha-10-color:rgba(118, 188, 33, 0.1);
            --oxd-secondary-four-alpha-15-color:rgba(118, 188, 33, 0.15);
            --oxd-secondary-four-alpha-20-color:rgba(118, 188, 33, 0.2);
            --oxd-secondary-four-alpha-50-color:rgba(118, 188, 33, 0.5);
        }
  </style>
    <noscript>
        <strong>
            We're sorry but orangehrm doesn't work properly without JavaScript enabled. Please enable it to continue.
        </strong>
    </noscript>

    <div id="app">
    <auth-login
            :error="{&quot;error&quot;:&quot;invalid_csrf_token&quot;,&quot;message&quot;:&quot;CSRF token validation failed&quot;}"
            :token="&quot;0b54354e49a22e.LdqFxAJAqwpKuiRbMwdqcTpj0TsA2lv5OzYh-yIrSqA.ZKnNkF01z2UH32IOcjQSK04LtAJ46DidfgJnsE9zIflOlc6zWgqcYhXcQw&quot;"
            :login-logo-src="&quot;\/web\/images\/ohrm_logo.png&quot;"
            :login-banner-src="&quot;\/web\/images\/ohrm_branding.png?v=1775433284510&quot;"
            :show-social-media="true"
            :is-demo-mode="false"
            :authenticators="[]"
        >
    <template v-slot:footer>
        <div class="orangehrm-copyright-wrapper">
            <oxd-text tag="p" class="orangehrm-copyright">OrangeHRM OS 5.8.1</oxd-text>
<oxd-text tag="p" class="orangehrm-copyright">&copy; 2005 - 2026 <a href="http://www.orangehrm.com" target="_blank">OrangeHRM, Inc</a>. All rights reserved.</oxd-text>
        </div>
    </template>
    </auth-login>
    </div>
    <script type="text/javascript">
        window.appGlobal = {
          baseUrl: "/web/index.php",
          publicPath: "/web",
        };
    </script>
    <script src="/web/dist/js/chunk-vendors.js?v=1775433284510"></script>
    <script src="/web/dist/js/app.js?v=1775433284510"></script>
</body>
</html>

2026-06-01 14:26:55,643 - baseAutoHttp.py - INFO - 【01登录页面接口信息:login_api】接口调用结束

2026-06-01 14:26:55,645 - web_login_page.py - INFO - 【携带错误格式Token】断言成功
2026-06-01 14:26:55,648 - baseAutoHttp.py - INFO - 接口会话已关闭
2026-06-01 14:26:55,650 - test_web_ohrm.py - INFO - 【携带错误格式Token】用例执行成功
2026-06-01 14:26:55,657 - baseUtils.py - INFO - 配置文件读取成功：E:\develop\PythonProject\OrangeHRM\Config\配置文件.ini
2026-06-01 14:26:55,708 - baseAutoHttp.py - INFO - 【01登录页面接口信息:login_api】接口调用开始
2026-06-01 14:26:55,711 - baseData.py - INFO - 动态参数替换成功：{'_token': '268c38a.5iqdoW5nrlQJDzMM9tm1PSq4VW1Gq-Pctogh0hhzmVI.1HyqxxQfxBB5XndgjLCAXnXqJzkvw4Hv4dJslEIm9Te3XNXFJhTxNnp-fg', 'username': 'wrong', 'password': 'wrong'}
2026-06-01 14:26:55,714 - baseAutoHttp.py - INFO - 请求方式: POST
2026-06-01 14:26:55,716 - baseAutoHttp.py - INFO - 请求地址: http://127.0.0.1:8080/web/index.php/auth/validate
2026-06-01 14:26:55,719 - baseAutoHttp.py - INFO - 请求头: {'User-Agent': 'Mozilla/5.0 (Windows NT 10.0; Win64; x64) AppleWebKit/537.36 (KHTML, like Gecko) Chrome/148.0.0.0 Safari/537.36', 'Content-Type': 'application/x-www-form-urlencoded'}
2026-06-01 14:26:55,722 - baseAutoHttp.py - INFO - 请求参数: params=None | data={'_token': '268c38a.5iqdoW5nrlQJDzMM9tm1PSq4VW1Gq-Pctogh0hhzmVI.1HyqxxQfxBB5XndgjLCAXnXqJzkvw4Hv4dJslEIm9Te3XNXFJhTxNnp-fg', 'username': 'wrong', 'password': 'wrong'} | json=None
2026-06-01 14:26:55,813 - baseAutoHttp.py - INFO - 响应状态码: 200
2026-06-01 14:26:55,815 - baseAutoHttp.py - INFO - 响应耗时: 0.045475s
2026-06-01 14:26:55,818 - baseAutoHttp.py - INFO - 响应文本: <!DOCTYPE html>
<html>
<head>
  <meta charset="UTF-8">
  <meta http-equiv="X-UA-Compatible" content="IE=edge">
  <meta name="viewport" content="width=device-width,initial-scale=1">
  <title>OrangeHRM</title>
      <link rel="icon" href="/web/dist/favicon.ico?v=1775433284510">
    <link href="/web/dist/css/chunk-vendors.css?v=1775433284510" rel="preload" as="style">
    <link href="/web/dist/css/app.css?v=1775433284510" rel="preload" as="style">
    <link href="/web/dist/js/chunk-vendors.js?v=1775433284510" rel="preload" as="script">
    <link href="/web/dist/js/app.js?v=1775433284510" rel="preload" as="script">
      <link href="/web/dist/css/chunk-vendors.css?v=1775433284510" rel="stylesheet"/>
    <link href="/web/dist/css/app.css?v=1775433284510" rel="stylesheet"/>
</head>
<body>
  <style>
    :root {
            --oxd-primary-one-color:#FF7B1D;
            --oxd-primary-font-color:#FFFFFF;
            --oxd-secondary-four-color:#76BC21;
            --oxd-secondary-font-color:#FFFFFF;
            --oxd-primary-gradient-start-color:#FF920B;
            --oxd-primary-gradient-end-color:#F35C17;
            --oxd-secondary-gradient-start-color:#FF920B;
            --oxd-secondary-gradient-end-color:#F35C17;
            --oxd-primary-one-lighten-5-color:#ff8a37;
            --oxd-primary-one-lighten-30-color:#ffd4b6;
            --oxd-primary-one-darken-5-color:#ff6c03;
            --oxd-primary-one-alpha-10-color:rgba(255, 123, 29, 0.1);
            --oxd-primary-one-alpha-15-color:rgba(255, 123, 29, 0.15);
            --oxd-primary-one-alpha-20-color:rgba(255, 123, 29, 0.2);
            --oxd-primary-one-alpha-50-color:rgba(255, 123, 29, 0.5);
            --oxd-secondary-four-lighten-5-color:#84d225;
            --oxd-secondary-four-darken-5-color:#68a61d;
            --oxd-secondary-four-alpha-10-color:rgba(118, 188, 33, 0.1);
            --oxd-secondary-four-alpha-15-color:rgba(118, 188, 33, 0.15);
            --oxd-secondary-four-alpha-20-color:rgba(118, 188, 33, 0.2);
            --oxd-secondary-four-alpha-50-color:rgba(118, 188, 33, 0.5);
        }
  </style>
    <noscript>
        <strong>
            We're sorry but orangehrm doesn't work properly without JavaScript enabled. Please enable it to continue.
        </strong>
    </noscript>

    <div id="app">
    <auth-login
            :error="{&quot;error&quot;:&quot;invalid_credentials&quot;,&quot;message&quot;:&quot;Invalid credentials&quot;}"
            :token="&quot;4af43a.JQ0jcQf3eh3elOyn_aWQXiFemRG5aoj3LV0MRxnywMY.F1sUF32PEFmuxajLh8ylPX4M60XQAurEegdBAUOnrKN0e2sVT4Qlf63loQ&quot;"
            :login-logo-src="&quot;\/web\/images\/ohrm_logo.png&quot;"
            :login-banner-src="&quot;\/web\/images\/ohrm_branding.png?v=1775433284510&quot;"
            :show-social-media="true"
            :is-demo-mode="false"
            :authenticators="[]"
        >
    <template v-slot:footer>
        <div class="orangehrm-copyright-wrapper">
            <oxd-text tag="p" class="orangehrm-copyright">OrangeHRM OS 5.8.1</oxd-text>
<oxd-text tag="p" class="orangehrm-copyright">&copy; 2005 - 2026 <a href="http://www.orangehrm.com" target="_blank">OrangeHRM, Inc</a>. All rights reserved.</oxd-text>
        </div>
    </template>
    </auth-login>
    </div>
    <script type="text/javascript">
        window.appGlobal = {
          baseUrl: "/web/index.php",
          publicPath: "/web",
        };
    </script>
    <script src="/web/dist/js/chunk-vendors.js?v=1775433284510"></script>
    <script src="/web/dist/js/app.js?v=1775433284510"></script>
</body>
</html>

2026-06-01 14:26:55,820 - baseAutoHttp.py - INFO - 【01登录页面接口信息:login_api】接口调用结束

2026-06-01 14:26:55,823 - web_login_page.py - INFO - 【wrong/wrong】断言成功
2026-06-01 14:26:55,825 - baseAutoHttp.py - INFO - 接口会话已关闭
2026-06-01 14:26:55,828 - test_web_ohrm.py - INFO - 【错误用户名/密码】用例执行成功
2026-06-01 14:26:55,834 - baseUtils.py - INFO - 配置文件读取成功：E:\develop\PythonProject\OrangeHRM\Config\配置文件.ini
2026-06-01 14:26:55,883 - baseAutoHttp.py - INFO - 【01登录页面接口信息:login_api】接口调用开始
2026-06-01 14:26:55,887 - baseData.py - INFO - 动态参数替换成功：{'_token': 'dfccc1b142e15e747.0OmiXy-o7VWs2YKa-uQbf8QGqE2ZsP0pD7LEvgHd_xY.4oiSOViYwDPkjbX4qY1TOItL5yjM47AeevewiUu1rE6xi_sId8-rEsuozw', 'username': '', 'password': 'Keepmoving624.'}
2026-06-01 14:26:55,889 - baseAutoHttp.py - INFO - 请求方式: POST
2026-06-01 14:26:55,892 - baseAutoHttp.py - INFO - 请求地址: http://127.0.0.1:8080/web/index.php/auth/validate
2026-06-01 14:26:55,894 - baseAutoHttp.py - INFO - 请求头: {'User-Agent': 'Mozilla/5.0 (Windows NT 10.0; Win64; x64) AppleWebKit/537.36 (KHTML, like Gecko) Chrome/148.0.0.0 Safari/537.36', 'Content-Type': 'application/x-www-form-urlencoded'}
2026-06-01 14:26:55,896 - baseAutoHttp.py - INFO - 请求参数: params=None | data={'_token': 'dfccc1b142e15e747.0OmiXy-o7VWs2YKa-uQbf8QGqE2ZsP0pD7LEvgHd_xY.4oiSOViYwDPkjbX4qY1TOItL5yjM47AeevewiUu1rE6xi_sId8-rEsuozw', 'username': '', 'password': 'Keepmoving624.'} | json=None
2026-06-01 14:26:55,986 - baseAutoHttp.py - INFO - 响应状态码: 200
2026-06-01 14:26:55,989 - baseAutoHttp.py - INFO - 响应耗时: 0.048233s
2026-06-01 14:26:55,991 - baseAutoHttp.py - INFO - 响应文本: <!DOCTYPE html>
<html>
<head>
  <meta charset="UTF-8">
  <meta http-equiv="X-UA-Compatible" content="IE=edge">
  <meta name="viewport" content="width=device-width,initial-scale=1">
  <title>OrangeHRM</title>
      <link rel="icon" href="/web/dist/favicon.ico?v=1775433284510">
    <link href="/web/dist/css/chunk-vendors.css?v=1775433284510" rel="preload" as="style">
    <link href="/web/dist/css/app.css?v=1775433284510" rel="preload" as="style">
    <link href="/web/dist/js/chunk-vendors.js?v=1775433284510" rel="preload" as="script">
    <link href="/web/dist/js/app.js?v=1775433284510" rel="preload" as="script">
      <link href="/web/dist/css/chunk-vendors.css?v=1775433284510" rel="stylesheet"/>
    <link href="/web/dist/css/app.css?v=1775433284510" rel="stylesheet"/>
</head>
<body>
  <style>
    :root {
            --oxd-primary-one-color:#FF7B1D;
            --oxd-primary-font-color:#FFFFFF;
            --oxd-secondary-four-color:#76BC21;
            --oxd-secondary-font-color:#FFFFFF;
            --oxd-primary-gradient-start-color:#FF920B;
            --oxd-primary-gradient-end-color:#F35C17;
            --oxd-secondary-gradient-start-color:#FF920B;
            --oxd-secondary-gradient-end-color:#F35C17;
            --oxd-primary-one-lighten-5-color:#ff8a37;
            --oxd-primary-one-lighten-30-color:#ffd4b6;
            --oxd-primary-one-darken-5-color:#ff6c03;
            --oxd-primary-one-alpha-10-color:rgba(255, 123, 29, 0.1);
            --oxd-primary-one-alpha-15-color:rgba(255, 123, 29, 0.15);
            --oxd-primary-one-alpha-20-color:rgba(255, 123, 29, 0.2);
            --oxd-primary-one-alpha-50-color:rgba(255, 123, 29, 0.5);
            --oxd-secondary-four-lighten-5-color:#84d225;
            --oxd-secondary-four-darken-5-color:#68a61d;
            --oxd-secondary-four-alpha-10-color:rgba(118, 188, 33, 0.1);
            --oxd-secondary-four-alpha-15-color:rgba(118, 188, 33, 0.15);
            --oxd-secondary-four-alpha-20-color:rgba(118, 188, 33, 0.2);
            --oxd-secondary-four-alpha-50-color:rgba(118, 188, 33, 0.5);
        }
  </style>
    <noscript>
        <strong>
            We're sorry but orangehrm doesn't work properly without JavaScript enabled. Please enable it to continue.
        </strong>
    </noscript>

    <div id="app">
    <auth-login
            :error="{&quot;error&quot;:&quot;invalid_credentials&quot;,&quot;message&quot;:&quot;Invalid credentials&quot;}"
            :token="&quot;3ce.YhhYBrphp-5PKaWL_q7ENahwXpX9peitCxqFfd6kdEc.UHloYM1RiogHfZLprceMcuc9EfCo9qWafl_xSpTMJx8DegFR4gbhqShY6A&quot;"
            :login-logo-src="&quot;\/web\/images\/ohrm_logo.png&quot;"
            :login-banner-src="&quot;\/web\/images\/ohrm_branding.png?v=1775433284510&quot;"
            :show-social-media="true"
            :is-demo-mode="false"
            :authenticators="[]"
        >
    <template v-slot:footer>
        <div class="orangehrm-copyright-wrapper">
            <oxd-text tag="p" class="orangehrm-copyright">OrangeHRM OS 5.8.1</oxd-text>
<oxd-text tag="p" class="orangehrm-copyright">&copy; 2005 - 2026 <a href="http://www.orangehrm.com" target="_blank">OrangeHRM, Inc</a>. All rights reserved.</oxd-text>
        </div>
    </template>
    </auth-login>
    </div>
    <script type="text/javascript">
        window.appGlobal = {
          baseUrl: "/web/index.php",
          publicPath: "/web",
        };
    </script>
    <script src="/web/dist/js/chunk-vendors.js?v=1775433284510"></script>
    <script src="/web/dist/js/app.js?v=1775433284510"></script>
</body>
</html>

2026-06-01 14:26:55,993 - baseAutoHttp.py - INFO - 【01登录页面接口信息:login_api】接口调用结束

2026-06-01 14:26:55,995 - web_login_page.py - INFO - 【空用户名/Keepmoving624.】断言成功
2026-06-01 14:26:55,997 - baseAutoHttp.py - INFO - 接口会话已关闭
2026-06-01 14:26:55,999 - test_web_ohrm.py - INFO - 【用户名为空】用例执行成功
2026-06-01 14:26:56,006 - baseUtils.py - INFO - 配置文件读取成功：E:\develop\PythonProject\OrangeHRM\Config\配置文件.ini
2026-06-01 14:26:56,056 - baseAutoHttp.py - INFO - 【01登录页面接口信息:login_api】接口调用开始
2026-06-01 14:26:56,059 - baseData.py - INFO - 动态参数替换成功：{'_token': 'e123.o9XNlcCNYgUn9mQNb0z_IZLE4_bJzvt2KGlEuc4x7Jo.xZH84pjoNlZXxFBVPQSvV8Gdt8f4gskcRC8Xyfhhmu7pgbvikLUVUGqXPQ', 'username': 'admin', 'password': ''}
2026-06-01 14:26:56,062 - baseAutoHttp.py - INFO - 请求方式: POST
2026-06-01 14:26:56,064 - baseAutoHttp.py - INFO - 请求地址: http://127.0.0.1:8080/web/index.php/auth/validate
2026-06-01 14:26:56,066 - baseAutoHttp.py - INFO - 请求头: {'User-Agent': 'Mozilla/5.0 (Windows NT 10.0; Win64; x64) AppleWebKit/537.36 (KHTML, like Gecko) Chrome/148.0.0.0 Safari/537.36', 'Content-Type': 'application/x-www-form-urlencoded'}
2026-06-01 14:26:56,068 - baseAutoHttp.py - INFO - 请求参数: params=None | data={'_token': 'e123.o9XNlcCNYgUn9mQNb0z_IZLE4_bJzvt2KGlEuc4x7Jo.xZH84pjoNlZXxFBVPQSvV8Gdt8f4gskcRC8Xyfhhmu7pgbvikLUVUGqXPQ', 'username': 'admin', 'password': ''} | json=None
2026-06-01 14:26:56,346 - baseAutoHttp.py - INFO - 响应状态码: 200
2026-06-01 14:26:56,349 - baseAutoHttp.py - INFO - 响应耗时: 0.047653s
2026-06-01 14:26:56,351 - baseAutoHttp.py - INFO - 响应文本: <!DOCTYPE html>
<html>
<head>
  <meta charset="UTF-8">
  <meta http-equiv="X-UA-Compatible" content="IE=edge">
  <meta name="viewport" content="width=device-width,initial-scale=1">
  <title>OrangeHRM</title>
      <link rel="icon" href="/web/dist/favicon.ico?v=1775433284510">
    <link href="/web/dist/css/chunk-vendors.css?v=1775433284510" rel="preload" as="style">
    <link href="/web/dist/css/app.css?v=1775433284510" rel="preload" as="style">
    <link href="/web/dist/js/chunk-vendors.js?v=1775433284510" rel="preload" as="script">
    <link href="/web/dist/js/app.js?v=1775433284510" rel="preload" as="script">
      <link href="/web/dist/css/chunk-vendors.css?v=1775433284510" rel="stylesheet"/>
    <link href="/web/dist/css/app.css?v=1775433284510" rel="stylesheet"/>
</head>
<body>
  <style>
    :root {
            --oxd-primary-one-color:#FF7B1D;
            --oxd-primary-font-color:#FFFFFF;
            --oxd-secondary-four-color:#76BC21;
            --oxd-secondary-font-color:#FFFFFF;
            --oxd-primary-gradient-start-color:#FF920B;
            --oxd-primary-gradient-end-color:#F35C17;
            --oxd-secondary-gradient-start-color:#FF920B;
            --oxd-secondary-gradient-end-color:#F35C17;
            --oxd-primary-one-lighten-5-color:#ff8a37;
            --oxd-primary-one-lighten-30-color:#ffd4b6;
            --oxd-primary-one-darken-5-color:#ff6c03;
            --oxd-primary-one-alpha-10-color:rgba(255, 123, 29, 0.1);
            --oxd-primary-one-alpha-15-color:rgba(255, 123, 29, 0.15);
            --oxd-primary-one-alpha-20-color:rgba(255, 123, 29, 0.2);
            --oxd-primary-one-alpha-50-color:rgba(255, 123, 29, 0.5);
            --oxd-secondary-four-lighten-5-color:#84d225;
            --oxd-secondary-four-darken-5-color:#68a61d;
            --oxd-secondary-four-alpha-10-color:rgba(118, 188, 33, 0.1);
            --oxd-secondary-four-alpha-15-color:rgba(118, 188, 33, 0.15);
            --oxd-secondary-four-alpha-20-color:rgba(118, 188, 33, 0.2);
            --oxd-secondary-four-alpha-50-color:rgba(118, 188, 33, 0.5);
        }
  </style>
    <noscript>
        <strong>
            We're sorry but orangehrm doesn't work properly without JavaScript enabled. Please enable it to continue.
        </strong>
    </noscript>

    <div id="app">
    <auth-login
            :error="{&quot;error&quot;:&quot;invalid_credentials&quot;,&quot;message&quot;:&quot;Invalid credentials&quot;}"
            :token="&quot;4b.of-jRWDjscC8Zlalf65uF7R7_0_0UA_ZyUP3oNNHM6Q.x7uSMjiG5ZPMVGL9LeY-Yeciq37FHD2zpQWk0OUXRdDrq9UyMNvGlfEHDw&quot;"
            :login-logo-src="&quot;\/web\/images\/ohrm_logo.png&quot;"
            :login-banner-src="&quot;\/web\/images\/ohrm_branding.png?v=1775433284510&quot;"
            :show-social-media="true"
            :is-demo-mode="false"
            :authenticators="[]"
        >
    <template v-slot:footer>
        <div class="orangehrm-copyright-wrapper">
            <oxd-text tag="p" class="orangehrm-copyright">OrangeHRM OS 5.8.1</oxd-text>
<oxd-text tag="p" class="orangehrm-copyright">&copy; 2005 - 2026 <a href="http://www.orangehrm.com" target="_blank">OrangeHRM, Inc</a>. All rights reserved.</oxd-text>
        </div>
    </template>
    </auth-login>
    </div>
    <script type="text/javascript">
        window.appGlobal = {
          baseUrl: "/web/index.php",
          publicPath: "/web",
        };
    </script>
    <script src="/web/dist/js/chunk-vendors.js?v=1775433284510"></script>
    <script src="/web/dist/js/app.js?v=1775433284510"></script>
</body>
</html>

2026-06-01 14:26:56,354 - baseAutoHttp.py - INFO - 【01登录页面接口信息:login_api】接口调用结束

2026-06-01 14:26:56,356 - web_login_page.py - INFO - 【admin/空密码】断言成功
2026-06-01 14:26:56,358 - baseAutoHttp.py - INFO - 接口会话已关闭
2026-06-01 14:26:56,360 - test_web_ohrm.py - INFO - 【密码为空】用例执行成功
2026-06-01 14:26:56,807 - baseDB.py - INFO - ✅ MySQL 数据库连接成功
2026-06-01 14:26:56,812 - conftest - INFO - ✅ conftest: 获取数据库连接（MysqlHelp）
2026-06-01 14:26:56,816 - baseUtils.py - INFO - 配置文件读取成功：E:\develop\PythonProject\OrangeHRM\Config\配置文件.ini
2026-06-01 14:26:56,951 - baseUtils.py - INFO - 配置文件读取成功：E:\develop\PythonProject\OrangeHRM\Config\配置文件.ini
2026-06-01 14:26:57,014 - baseUtils.py - INFO - 配置文件读取成功：E:\develop\PythonProject\OrangeHRM\Config\配置文件.ini
2026-06-01 14:26:57,083 - baseUtils.py - INFO - 配置文件读取成功：E:\develop\PythonProject\OrangeHRM\Config\配置文件.ini
2026-06-01 14:26:57,176 - baseAutoHttp.py - INFO - 【03查询员工页面:select_employee】接口调用开始
2026-06-01 14:26:57,182 - baseAutoHttp.py - INFO - 请求方式: GET
2026-06-01 14:26:57,185 - baseAutoHttp.py - INFO - 请求地址: http://127.0.0.1:8080/web/index.php/api/v2/pim/employees
2026-06-01 14:26:57,187 - baseAutoHttp.py - INFO - 请求头: {'User-Agent': 'Mozilla/5.0 (Windows NT 10.0; Win64; x64) AppleWebKit/537.36 (KHTML, like Gecko) Chrome/148.0.0.0 Safari/537.36'}
2026-06-01 14:26:57,190 - baseAutoHttp.py - INFO - 请求参数: params={'limit': '50', 'offset': '0', 'model': 'detailed', 'includeEmployees': 'onlyCurrent', 'sortField': 'employee.firstName', 'sortOrder': 'ASC'} | data=None | json=None
2026-06-01 14:26:57,271 - baseAutoHttp.py - INFO - 响应状态码: 200
2026-06-01 14:26:57,274 - baseAutoHttp.py - INFO - 响应耗时: 0.07749s
2026-06-01 14:26:57,276 - baseAutoHttp.py - INFO - 响应JSON: {'data': [{'empNumber': 2, 'lastName': 'oo', 'firstName': 'hh', 'middleName': '', 'employeeId': '0002', 'terminationId': None, 'jobTitle': {'id': None, 'title': None, 'isDeleted': None}, 'subunit': {'id': None, 'name': None}, 'empStatus': {'id': None, 'name': None}, 'supervisors': []}, {'empNumber': 5, 'lastName': 'Doe', 'firstName': 'John', 'middleName': '', 'employeeId': '1001', 'terminationId': None, 'jobTitle': {'id': None, 'title': None, 'isDeleted': None}, 'subunit': {'id': None, 'name': None}, 'empStatus': {'id': None, 'name': None}, 'supervisors': []}, {'empNumber': 6, 'lastName': 'pp', 'firstName': 'kk', 'middleName': '', 'employeeId': '1002', 'terminationId': None, 'jobTitle': {'id': None, 'title': None, 'isDeleted': None}, 'subunit': {'id': None, 'name': None}, 'empStatus': {'id': None, 'name': None}, 'supervisors': []}, {'empNumber': 14, 'lastName': 'll', 'firstName': 'kk', 'middleName': '', 'employeeId': '0014', 'terminationId': None, 'jobTitle': {'id': None, 'title': None, 'isDeleted': None}, 'subunit': {'id': None, 'name': None}, 'empStatus': {'id': None, 'name': None}, 'supervisors': []}, {'empNumber': 16, 'lastName': 'pp', 'firstName': 'ww', 'middleName': '', 'employeeId': '0016', 'terminationId': None, 'jobTitle': {'id': None, 'title': None, 'isDeleted': None}, 'subunit': {'id': None, 'name': None}, 'empStatus': {'id': None, 'name': None}, 'supervisors': []}, {'empNumber': 17, 'lastName': 'ss', 'firstName': 'zz', 'middleName': '', 'employeeId': '1009', 'terminationId': None, 'jobTitle': {'id': None, 'title': None, 'isDeleted': None}, 'subunit': {'id': None, 'name': None}, 'empStatus': {'id': None, 'name': None}, 'supervisors': []}, {'empNumber': 1, 'lastName': '安', 'firstName': '谢', 'middleName': '', 'employeeId': '0001', 'terminationId': None, 'jobTitle': {'id': None, 'title': None, 'isDeleted': None}, 'subunit': {'id': None, 'name': None}, 'empStatus': {'id': None, 'name': None}, 'supervisors': []}], 'meta': {'total': 7}, 'rels': []}
2026-06-01 14:26:57,279 - baseAutoHttp.py - INFO - 【03查询员工页面:select_employee】接口调用结束

2026-06-01 14:26:57,281 - test_web_ohrm.py - INFO - ☑️ 查询员工列表成功，返回 7 条
2026-06-01 14:26:57,288 - baseUtils.py - INFO - 配置文件读取成功：E:\develop\PythonProject\OrangeHRM\Config\配置文件.ini
2026-06-01 14:26:57,288 - baseAutoHttp.py - INFO - 【03查询员工页面:select_query】接口调用开始
2026-06-01 14:26:57,293 - baseData.py - INFO - 动态参数替换成功：{'employeeId': '1001'}
2026-06-01 14:26:57,296 - baseAutoHttp.py - INFO - 请求方式: GET
2026-06-01 14:26:57,298 - baseAutoHttp.py - INFO - 请求地址: http://127.0.0.1:8080/web/index.php/api/v2/pim/employees
2026-06-01 14:26:57,300 - baseAutoHttp.py - INFO - 请求头: {'User-Agent': 'Mozilla/5.0 (Windows NT 10.0; Win64; x64) AppleWebKit/537.36 (KHTML, like Gecko) Chrome/148.0.0.0 Safari/537.36', 'Referer': 'http://127.0.0.1:8080/web/index.php/pim/viewEmployeeList'}
2026-06-01 14:26:57,302 - baseAutoHttp.py - INFO - 请求参数: params={'limit': '50', 'offset': '0', 'model': 'detailed', 'employeeId': '1001', 'includeEmployees': 'onlyCurrent', 'sortField': 'employee.firstName', 'sortOrder': 'ASC'} | data=None | json=None
2026-06-01 14:26:57,385 - baseAutoHttp.py - INFO - 响应状态码: 200
2026-06-01 14:26:57,388 - baseAutoHttp.py - INFO - 响应耗时: 0.079407s
2026-06-01 14:26:57,391 - baseAutoHttp.py - INFO - 响应JSON: {'data': [{'empNumber': 5, 'lastName': 'Doe', 'firstName': 'John', 'middleName': '', 'employeeId': '1001', 'terminationId': None, 'jobTitle': {'id': None, 'title': None, 'isDeleted': None}, 'subunit': {'id': None, 'name': None}, 'empStatus': {'id': None, 'name': None}, 'supervisors': []}], 'meta': {'total': 1}, 'rels': []}
2026-06-01 14:26:57,393 - baseAutoHttp.py - INFO - 【03查询员工页面:select_query】接口调用结束

2026-06-01 14:26:57,395 - test_web_ohrm.py - INFO - ☑️【指定查询用例】执行完毕
2026-06-01 14:26:57,401 - baseUtils.py - INFO - 配置文件读取成功：E:\develop\PythonProject\OrangeHRM\Config\配置文件.ini
2026-06-01 14:26:57,401 - baseAutoHttp.py - INFO - 【03查询员工页面:select_query】接口调用开始
2026-06-01 14:26:57,405 - baseData.py - INFO - 动态参数替换成功：{'employeeId': '9999'}
2026-06-01 14:26:57,408 - baseAutoHttp.py - INFO - 请求方式: GET
2026-06-01 14:26:57,410 - baseAutoHttp.py - INFO - 请求地址: http://127.0.0.1:8080/web/index.php/api/v2/pim/employees
2026-06-01 14:26:57,412 - baseAutoHttp.py - INFO - 请求头: {'User-Agent': 'Mozilla/5.0 (Windows NT 10.0; Win64; x64) AppleWebKit/537.36 (KHTML, like Gecko) Chrome/148.0.0.0 Safari/537.36', 'Referer': 'http://127.0.0.1:8080/web/index.php/pim/viewEmployeeList'}
2026-06-01 14:26:57,414 - baseAutoHttp.py - INFO - 请求参数: params={'limit': '50', 'offset': '0', 'model': 'detailed', 'employeeId': '9999', 'includeEmployees': 'onlyCurrent', 'sortField': 'employee.firstName', 'sortOrder': 'ASC'} | data=None | json=None
2026-06-01 14:26:57,490 - baseAutoHttp.py - INFO - 响应状态码: 200
2026-06-01 14:26:57,493 - baseAutoHttp.py - INFO - 响应耗时: 0.073236s
2026-06-01 14:26:57,496 - baseAutoHttp.py - INFO - 响应JSON: {'data': [], 'meta': {'total': 0}, 'rels': []}
2026-06-01 14:26:57,498 - baseAutoHttp.py - INFO - 【03查询员工页面:select_query】接口调用结束

2026-06-01 14:26:57,500 - test_web_ohrm.py - INFO - ☑️【指定查询用例】执行完毕
2026-06-01 14:26:57,506 - baseUtils.py - INFO - 配置文件读取成功：E:\develop\PythonProject\OrangeHRM\Config\配置文件.ini
2026-06-01 14:26:57,536 - baseDB.py - INFO - ✅ MySQL 数据库连接成功
2026-06-01 14:26:57,541 - baseAutoHttp.py - INFO - 【04更新员工:update_employee】接口调用开始
2026-06-01 14:26:57,545 - baseData.py - INFO - 动态参数替换成功：{'firstName': 'John', 'lastName': 'Doe', 'employeeId': '1001'}
2026-06-01 14:26:57,548 - baseAutoHttp.py - INFO - 请求方式: PUT
2026-06-01 14:26:57,550 - baseAutoHttp.py - INFO - 请求地址: http://127.0.0.1:8080/web/index.php/api/v2/pim/employees/5/personal-details
2026-06-01 14:26:57,552 - baseAutoHttp.py - INFO - 请求头: {'User-Agent': 'Mozilla/5.0 (Windows NT 10.0; Win64; x64) AppleWebKit/537.36 (KHTML, like Gecko) Chrome/148.0.0.0 Safari/537.36', 'Content-Type': 'application/json', 'Referer': 'http://127.0.0.1:8080/web/index.php/pim/viewPersonalDetails/empNumber/5', 'Origin': 'http://127.0.0.1:8080'}
2026-06-01 14:26:57,554 - baseAutoHttp.py - INFO - 请求参数: params=None | data=None | json={'birthday': None, 'drivingLicenseExpiredDate': None, 'drivingLicenseNo': None, 'employeeId': '1001', 'firstName': 'John', 'gender': None, 'lastName': 'Doe', 'middleName': None, 'otherId': None}
2026-06-01 14:26:57,620 - baseAutoHttp.py - INFO - 响应状态码: 500
2026-06-01 14:26:57,623 - baseAutoHttp.py - INFO - 响应耗时: 0.062996s
2026-06-01 14:26:57,626 - baseAutoHttp.py - INFO - 响应JSON: {'error': {'status': '500', 'message': 'Unexpected Error Occurred'}}
2026-06-01 14:26:57,628 - baseAutoHttp.py - INFO - 【04更新员工:update_employee】接口调用结束

2026-06-01 14:26:57,639 - baseDB.py - INFO - ✅ MySQL 数据库连接成功
2026-06-01 14:26:57,647 - baseDB.py - INFO - ✅ MySQL 执行成功，事务已提交
2026-06-01 14:26:57,650 - baseDB.py - INFO - 🔌 MySQL 连接已关闭
2026-06-01 14:26:57,662 - baseDB.py - INFO - ✅ MySQL 数据库连接成功
2026-06-01 14:26:57,740 - baseUtils.py - INFO - 配置文件读取成功：E:\develop\PythonProject\OrangeHRM\Config\配置文件.ini
2026-06-01 14:26:57,742 - baseUtils.py - INFO - 配置文件读取成功：E:\develop\PythonProject\OrangeHRM\Config\配置文件.ini
2026-06-01 14:26:57,742 - baseAutoHttp.py - INFO - 【03查询员工页面:select_query】接口调用开始
2026-06-01 14:26:57,747 - baseData.py - INFO - 动态参数替换成功：{'employeeId': '0004'}
2026-06-01 14:26:57,749 - baseAutoHttp.py - INFO - 请求方式: GET
2026-06-01 14:26:57,752 - baseAutoHttp.py - INFO - 请求地址: http://127.0.0.1:8080/web/index.php/api/v2/pim/employees
2026-06-01 14:26:57,754 - baseAutoHttp.py - INFO - 请求头: {'User-Agent': 'Mozilla/5.0 (Windows NT 10.0; Win64; x64) AppleWebKit/537.36 (KHTML, like Gecko) Chrome/148.0.0.0 Safari/537.36', 'Referer': 'http://127.0.0.1:8080/web/index.php/pim/viewEmployeeList'}
2026-06-01 14:26:57,757 - baseAutoHttp.py - INFO - 请求参数: params={'limit': '50', 'offset': '0', 'model': 'detailed', 'employeeId': '0004', 'includeEmployees': 'onlyCurrent', 'sortField': 'employee.firstName', 'sortOrder': 'ASC'} | data=None | json=None
2026-06-01 14:26:57,835 - baseAutoHttp.py - INFO - 响应状态码: 200
2026-06-01 14:26:57,837 - baseAutoHttp.py - INFO - 响应耗时: 0.074994s
2026-06-01 14:26:57,839 - baseAutoHttp.py - INFO - 响应JSON: {'data': [], 'meta': {'total': 0}, 'rels': []}
2026-06-01 14:26:57,841 - baseAutoHttp.py - INFO - 【03查询员工页面:select_query】接口调用结束

2026-06-01 14:26:57,865 - baseDB.py - INFO - ✅ MySQL 数据库连接成功
2026-06-01 14:26:57,931 - baseUtils.py - INFO - 配置文件读取成功：E:\develop\PythonProject\OrangeHRM\Config\配置文件.ini
2026-06-01 14:26:57,932 - baseUtils.py - INFO - 配置文件读取成功：E:\develop\PythonProject\OrangeHRM\Config\配置文件.ini
2026-06-01 14:26:57,932 - baseAutoHttp.py - INFO - 【03查询员工页面:select_query】接口调用开始
2026-06-01 14:26:57,937 - baseData.py - INFO - 动态参数替换成功：{'employeeId': '9999'}
2026-06-01 14:26:57,939 - baseAutoHttp.py - INFO - 请求方式: GET
2026-06-01 14:26:57,941 - baseAutoHttp.py - INFO - 请求地址: http://127.0.0.1:8080/web/index.php/api/v2/pim/employees
2026-06-01 14:26:57,944 - baseAutoHttp.py - INFO - 请求头: {'User-Agent': 'Mozilla/5.0 (Windows NT 10.0; Win64; x64) AppleWebKit/537.36 (KHTML, like Gecko) Chrome/148.0.0.0 Safari/537.36', 'Referer': 'http://127.0.0.1:8080/web/index.php/pim/viewEmployeeList'}
2026-06-01 14:26:57,946 - baseAutoHttp.py - INFO - 请求参数: params={'limit': '50', 'offset': '0', 'model': 'detailed', 'employeeId': '9999', 'includeEmployees': 'onlyCurrent', 'sortField': 'employee.firstName', 'sortOrder': 'ASC'} | data=None | json=None
2026-06-01 14:26:58,023 - baseAutoHttp.py - INFO - 响应状态码: 200
2026-06-01 14:26:58,026 - baseAutoHttp.py - INFO - 响应耗时: 0.074187s
2026-06-01 14:26:58,028 - baseAutoHttp.py - INFO - 响应JSON: {'data': [], 'meta': {'total': 0}, 'rels': []}
2026-06-01 14:26:58,030 - baseAutoHttp.py - INFO - 【03查询员工页面:select_query】接口调用结束

2026-06-01 14:26:58,053 - baseDB.py - INFO - ✅ MySQL 数据库连接成功
2026-06-01 14:26:58,057 - test_web_ohrm.py - INFO - ☑️【删除员工】用例执行成功
2026-06-01 14:26:58,064 - baseUtils.py - INFO - 配置文件读取成功：E:\develop\PythonProject\OrangeHRM\Config\配置文件.ini
2026-06-01 14:26:58,064 - baseAutoHttp.py - INFO - 【06未登录访问员工接口:employee】接口调用开始
2026-06-01 14:26:58,067 - baseAutoHttp.py - INFO - 请求方式: GET
2026-06-01 14:26:58,069 - baseAutoHttp.py - INFO - 请求地址: http://127.0.0.1:8080/web/index.php/pim/viewEmployeeList
2026-06-01 14:26:58,071 - baseAutoHttp.py - INFO - 请求头: {'User-Agent': 'Mozilla/5.0 (Windows NT 10.0; Win64; x64) AppleWebKit/537.36 (KHTML, like Gecko) Chrome/148.0.0.0 Safari/537.36'}
2026-06-01 14:26:58,073 - baseAutoHttp.py - INFO - 请求参数: params={'includeEmployees': 'onlyCurrent', 'limit': '50', 'model': 'detailed', 'offset': '0', 'sortField': 'employee.firstName', 'sortOrder': 'ASC'} | data=None | json=None
2026-06-01 14:26:58,130 - baseAutoHttp.py - INFO - 响应状态码: 302
2026-06-01 14:26:58,133 - baseAutoHttp.py - INFO - 响应耗时: 0.053127s
2026-06-01 14:26:58,135 - baseAutoHttp.py - INFO - 响应文本: <!DOCTYPE html>
<html>
    <head>
        <meta charset="UTF-8" />
        <meta http-equiv="refresh" content="0;url='http://127.0.0.1:8080/web/index.php/auth/login'" />

        <title>Redirecting to http://127.0.0.1:8080/web/index.php/auth/login</title>
    </head>
    <body>
        Redirecting to <a href="http://127.0.0.1:8080/web/index.php/auth/login">http://127.0.0.1:8080/web/index.php/auth/login</a>.
    </body>
</html>
2026-06-01 14:26:58,137 - baseAutoHttp.py - INFO - 【06未登录访问员工接口:employee】接口调用结束

2026-06-01 14:26:58,575 - baseUtils.py - INFO - 配置文件读取成功：E:\develop\PythonProject\OrangeHRM\Config\配置文件.ini
2026-06-01 14:26:58,575 - baseAutoHttp.py - INFO - 【07非管理员登录:employee_login】接口调用开始
2026-06-01 14:26:58,579 - baseData.py - INFO - 动态参数替换成功：{'firstName': 'cc', 'lastName': 'dd', 'employeeId': '1010'}
2026-06-01 14:26:58,582 - baseAutoHttp.py - INFO - 请求方式: POST
2026-06-01 14:26:58,584 - baseAutoHttp.py - INFO - 请求地址: http://127.0.0.1:8080/web/index.php/api/v2/pim/employees
2026-06-01 14:26:58,587 - baseAutoHttp.py - INFO - 请求头: {'User-Agent': 'Mozilla/5.0 (Windows NT 10.0; Win64; x64) AppleWebKit/537.36 (KHTML, like Gecko) Chrome/148.0.0.0 Safari/537.36', 'Content-Type': 'application/json', 'Origin': 'http://127.0.0.1:8080', 'Referer': 'http://127.0.0.1:8080/web/index.php/pim/addEmployee'}
2026-06-01 14:26:58,589 - baseAutoHttp.py - INFO - 请求参数: params=None | data=None | json={'employeeId': '1010', 'empPicture': None, 'firstName': 'cc', 'lastName': 'dd', 'middleName': None}
2026-06-01 14:26:58,670 - baseAutoHttp.py - INFO - 响应状态码: 403
2026-06-01 14:26:58,673 - baseAutoHttp.py - INFO - 响应耗时: 0.077501s
2026-06-01 14:26:58,676 - baseAutoHttp.py - INFO - 响应JSON: {'error': {'status': 403, 'message': 'Unauthorized'}}
2026-06-01 14:26:58,678 - baseAutoHttp.py - INFO - 【07非管理员登录:employee_login】接口调用结束

2026-06-01 14:26:58,681 - test_web_ohrm.py - INFO - ☑️【非管理员账号操作员工】用例执行成功
2026-06-01 14:29:52,026 - baseUtils.py - INFO - 配置文件读取成功：E:\develop\PythonProject\OrangeHRM\Config\配置文件.ini
2026-06-01 14:29:52,027 - globalManager.py - INFO - 全局变量管理器初始化成功
2026-06-01 14:29:52,754 - baseUtils.py - INFO - 配置文件读取成功：E:\develop\PythonProject\OrangeHRM\Config\配置文件.ini
2026-06-01 14:29:52,755 - globalManager.py - INFO - 全局变量管理器初始化成功
2026-06-01 14:29:52,768 - runClient.py - INFO - 🔍 正在收集测试用例，请稍候...
2026-06-01 14:29:53,452 - baseUtils.py - INFO - 配置文件读取成功：E:\develop\PythonProject\OrangeHRM\Config\配置文件.ini
2026-06-01 14:29:53,452 - globalManager.py - INFO - 全局变量管理器初始化成功
2026-06-01 14:29:53,694 - baseUtils.py - INFO - 配置文件读取成功：E:\develop\PythonProject\OrangeHRM\Config\配置文件.ini
2026-06-01 14:29:53,904 - baseUtils.py - INFO - 配置文件读取成功：E:\develop\PythonProject\OrangeHRM\Config\配置文件.ini
2026-06-01 14:29:53,905 - baseUtils.py - INFO - 配置文件读取成功：E:\develop\PythonProject\OrangeHRM\Config\配置文件.ini
2026-06-01 14:29:54,199 - baseUtils.py - INFO - 配置文件读取成功：E:\develop\PythonProject\OrangeHRM\Config\配置文件.ini
2026-06-01 14:29:54,201 - baseData.py - INFO - 数据驱动读取成功：01登录接口
2026-06-01 14:29:54,202 - baseUtils.py - INFO - 配置文件读取成功：E:\develop\PythonProject\OrangeHRM\Config\配置文件.ini
2026-06-01 14:29:54,204 - baseData.py - INFO - 数据驱动读取成功：02添加员工接口
2026-06-01 14:29:54,205 - baseUtils.py - INFO - 配置文件读取成功：E:\develop\PythonProject\OrangeHRM\Config\配置文件.ini
2026-06-01 14:29:54,206 - baseData.py - INFO - 数据驱动读取成功：03指定查询
2026-06-01 14:29:54,207 - baseUtils.py - INFO - 配置文件读取成功：E:\develop\PythonProject\OrangeHRM\Config\配置文件.ini
2026-06-01 14:29:54,208 - baseData.py - INFO - 数据驱动读取成功：04删除员工
2026-06-01 14:29:54,215 - baseYaml.py - INFO - YAML写入成功：E:\develop\PythonProject\OrangeHRM\Data\Temp\tempcases.yaml
2026-06-01 14:29:54,216 - conftest.py - INFO - ✅ 用例信息已导出：E:\develop\PythonProject\OrangeHRM\Data\Temp\tempcases.yaml
2026-06-01 14:29:54,631 - runClient.py - INFO - ✅ 用例收集完成，启动用例选择器
2026-06-01 14:29:55,313 - baseUtils.py - INFO - 配置文件读取成功：E:\develop\PythonProject\OrangeHRM\Config\配置文件.ini
2026-06-01 14:29:55,314 - globalManager.py - INFO - 全局变量管理器初始化成功
2026-06-01 14:29:57,091 - baseYaml.py - INFO - YAML写入成功：E:\develop\PythonProject\OrangeHRM\Data\Temp\testcases.yaml
2026-06-01 14:29:57,091 - caseSelector.py - INFO - 用例导出成功：E:\develop\PythonProject\OrangeHRM\Data\Temp\testcases.yaml
2026-06-01 14:29:58,183 - runClient.py - INFO - 🚀 开始执行选中用例，共 18 条
2026-06-01 14:29:58,450 - baseUtils.py - INFO - 配置文件读取成功：E:\develop\PythonProject\OrangeHRM\Config\配置文件.ini
2026-06-01 14:29:58,604 - baseUtils.py - INFO - 配置文件读取成功：E:\develop\PythonProject\OrangeHRM\Config\配置文件.ini
2026-06-01 14:29:58,605 - baseUtils.py - INFO - 配置文件读取成功：E:\develop\PythonProject\OrangeHRM\Config\配置文件.ini
2026-06-01 14:29:59,283 - baseUtils.py - INFO - 配置文件读取成功：E:\develop\PythonProject\OrangeHRM\Config\配置文件.ini
2026-06-01 14:29:59,284 - baseData.py - INFO - 数据驱动读取成功：01登录接口
2026-06-01 14:29:59,286 - baseUtils.py - INFO - 配置文件读取成功：E:\develop\PythonProject\OrangeHRM\Config\配置文件.ini
2026-06-01 14:29:59,288 - baseData.py - INFO - 数据驱动读取成功：02添加员工接口
2026-06-01 14:29:59,290 - baseUtils.py - INFO - 配置文件读取成功：E:\develop\PythonProject\OrangeHRM\Config\配置文件.ini
2026-06-01 14:29:59,291 - baseData.py - INFO - 数据驱动读取成功：03指定查询
2026-06-01 14:29:59,292 - baseUtils.py - INFO - 配置文件读取成功：E:\develop\PythonProject\OrangeHRM\Config\配置文件.ini
2026-06-01 14:29:59,294 - baseData.py - INFO - 数据驱动读取成功：04删除员工
2026-06-01 14:29:59,307 - baseUtils.py - INFO - 配置文件读取成功：E:\develop\PythonProject\OrangeHRM\Config\配置文件.ini
2026-06-01 14:29:59,452 - baseAutoHttp.py - INFO - 【01登录页面接口信息:login_api】接口调用开始
2026-06-01 14:29:59,454 - baseData.py - INFO - 动态参数替换成功：{'_token': 'be62e31cd12b4cd.zocaUYmN6ZgdZfnSSstRF9vvzV4NXJ682Aj0OilysJg._fBUKeq6kf9PIq2qP4o7X62LoCtoEN_96WWffB45-qyH5mBh6L-ryS0zuA', 'username': 'admin', 'password': 'Keepmoving624.'}
2026-06-01 14:29:59,454 - baseAutoHttp.py - INFO - 请求方式: POST
2026-06-01 14:29:59,454 - baseAutoHttp.py - INFO - 请求地址: http://127.0.0.1:8080/web/index.php/auth/validate
2026-06-01 14:29:59,454 - baseAutoHttp.py - INFO - 请求头: {'User-Agent': 'Mozilla/5.0 (Windows NT 10.0; Win64; x64) AppleWebKit/537.36 (KHTML, like Gecko) Chrome/148.0.0.0 Safari/537.36', 'Content-Type': 'application/x-www-form-urlencoded'}
2026-06-01 14:29:59,454 - baseAutoHttp.py - INFO - 请求参数: params=None | data={'_token': 'be62e31cd12b4cd.zocaUYmN6ZgdZfnSSstRF9vvzV4NXJ682Aj0OilysJg._fBUKeq6kf9PIq2qP4o7X62LoCtoEN_96WWffB45-qyH5mBh6L-ryS0zuA', 'username': 'admin', 'password': 'Keepmoving624.'} | json=None
2026-06-01 14:29:59,895 - baseAutoHttp.py - INFO - 响应状态码: 200
2026-06-01 14:29:59,896 - baseAutoHttp.py - INFO - 响应耗时: 0.090454s
2026-06-01 14:29:59,896 - baseAutoHttp.py - INFO - 响应文本: <!DOCTYPE html>
<html>
<head>
  <meta charset="UTF-8">
  <meta http-equiv="X-UA-Compatible" content="IE=edge">
  <meta name="viewport" content="width=device-width,initial-scale=1">
  <title>OrangeHRM</title>
    <link rel="icon" href="/web/dist/favicon.ico?v=1775433284510">
  <link href="/web/dist/css/chunk-vendors.css?v=1775433284510" rel="preload" as="style">
  <link href="/web/dist/css/app.css?v=1775433284510" rel="preload" as="style">
  <link href="/web/dist/js/chunk-vendors.js?v=1775433284510" rel="preload" as="script">
  <link href="/web/dist/js/app.js?v=1775433284510" rel="preload" as="script">
    <link href="/web/dist/css/chunk-vendors.css?v=1775433284510" rel="stylesheet"/>
  <link href="/web/dist/css/app.css?v=1775433284510" rel="stylesheet"/>
</head>
<body>
  <style>
    :root {
            --oxd-primary-one-color:#FF7B1D;
            --oxd-primary-font-color:#FFFFFF;
            --oxd-secondary-four-color:#76BC21;
            --oxd-secondary-font-color:#FFFFFF;
            --oxd-primary-gradient-start-color:#FF920B;
            --oxd-primary-gradient-end-color:#F35C17;
            --oxd-secondary-gradient-start-color:#FF920B;
            --oxd-secondary-gradient-end-color:#F35C17;
            --oxd-primary-one-lighten-5-color:#ff8a37;
            --oxd-primary-one-lighten-30-color:#ffd4b6;
            --oxd-primary-one-darken-5-color:#ff6c03;
            --oxd-primary-one-alpha-10-color:rgba(255, 123, 29, 0.1);
            --oxd-primary-one-alpha-15-color:rgba(255, 123, 29, 0.15);
            --oxd-primary-one-alpha-20-color:rgba(255, 123, 29, 0.2);
            --oxd-primary-one-alpha-50-color:rgba(255, 123, 29, 0.5);
            --oxd-secondary-four-lighten-5-color:#84d225;
            --oxd-secondary-four-darken-5-color:#68a61d;
            --oxd-secondary-four-alpha-10-color:rgba(118, 188, 33, 0.1);
            --oxd-secondary-four-alpha-15-color:rgba(118, 188, 33, 0.15);
            --oxd-secondary-four-alpha-20-color:rgba(118, 188, 33, 0.2);
            --oxd-secondary-four-alpha-50-color:rgba(118, 188, 33, 0.5);
        }
  </style>
  <noscript>
    <strong>
      We're sorry but orangehrm doesn't work properly without JavaScript enabled. Please enable it to continue.
    </strong>
  </noscript>

  <div id="app">
    <oxd-layout
        home-url="https://www.orangehrm.com/"
        :sidepanel-menu-items="[{&quot;id&quot;:1,&quot;name&quot;:&quot;\u7ba1\u7406\u5458&quot;,&quot;url&quot;:&quot;\/web\/index.php\/admin\/viewAdminModule&quot;,&quot;icon&quot;:&quot;admin&quot;},{&quot;id&quot;:30,&quot;name&quot;:&quot;\u4e2a\u4eba\u4fe1\u606f\u7ba1\u7406\u7cfb\u7edf&quot;,&quot;url&quot;:&quot;\/web\/index.php\/pim\/viewPimModule&quot;,&quot;icon&quot;:&quot;pim&quot;},{&quot;id&quot;:41,&quot;name&quot;:&quot;\u4f11\u5047&quot;,&quot;url&quot;:&quot;\/web\/index.php\/leave\/viewLeaveModule&quot;,&quot;icon&quot;:&quot;leave&quot;},{&quot;id&quot;:52,&quot;name&quot;:&quot;\u65f6\u95f4&quot;,&quot;url&quot;:&quot;\/web\/index.php\/time\/viewTimeModule&quot;,&quot;icon&quot;:&quot;time&quot;},{&quot;id&quot;:65,&quot;name&quot;:&quot;\u62db\u8058&quot;,&quot;url&quot;:&quot;\/web\/index.php\/recruitment\/viewRecruitmentModule&quot;,&quot;icon&quot;:&quot;recruitment&quot;},{&quot;id&quot;:40,&quot;name&quot;:&quot;\u6211\u7684\u4fe1\u606f&quot;,&quot;url&quot;:&quot;\/web\/index.php\/pim\/viewMyDetails&quot;,&quot;icon&quot;:&quot;myinfo&quot;},{&quot;id&quot;:83,&quot;name&quot;:&quot;\u7ee9\u6548&quot;,&quot;url&quot;:&quot;\/web\/index.php\/performance\/viewPerformanceModule&quot;,&quot;icon&quot;:&quot;performance&quot;},{&quot;id&quot;:82,&quot;name&quot;:&quot;\u4eea\u8868\u76d8&quot;,&quot;url&quot;:&quot;\/web\/index.php\/dashboard\/index&quot;,&quot;icon&quot;:&quot;dashboard&quot;,&quot;active&quot;:true},{&quot;id&quot;:93,&quot;name&quot;:&quot;Directory&quot;,&quot;url&quot;:&quot;\/web\/index.php\/directory\/viewDirectory&quot;,&quot;icon&quot;:&quot;directory&quot;},{&quot;id&quot;:96,&quot;name&quot;:&quot;Maintenance&quot;,&quot;url&quot;:&quot;\/web\/index.php\/maintenance\/viewMaintenanceModule&quot;,&quot;icon&quot;:&quot;maintenance&quot;},{&quot;id&quot;:105,&quot;name&quot;:&quot;Claim&quot;,&quot;url&quot;:&quot;\/web\/index.php\/claim\/viewClaimModule&quot;,&quot;icon&quot;:&quot;claim&quot;},{&quot;id&quot;:101,&quot;name&quot;:&quot;\u6fc0\u52a8&quot;,&quot;url&quot;:&quot;\/web\/index.php\/buzz\/viewBuzz&quot;,&quot;icon&quot;:&quot;buzz&quot;}]"
        :topbar-menu-items="[]"
        :user="{&quot;firstName&quot;:&quot;\u8c22&quot;,&quot;lastName&quot;:&quot;\u5b89&quot;,&quot;profImgSrc&quot;:&quot;\/web\/index.php\/pim\/viewPhoto\/empNumber\/1&quot;,&quot;hasPassword&quot;:true}"
        brand-logo-src="/web/images/orange.png?v=1775433284510"
        brand-banner-src="/web/images/orangehrm-logo.png?v=1775433284510"
        logout-url="/web/index.php/auth/logout"
        support-url="/web/index.php/help/support"
        :update-password-url="&quot;/web/index.php/pim/updatePassword&quot;"
        :permissions="{&quot;dashboard_buzz_widget&quot;:{&quot;canRead&quot;:true,&quot;canCreate&quot;:false,&quot;canUpdate&quot;:false,&quot;canDelete&quot;:false},&quot;dashboard_employees_on_leave_today_config&quot;:{&quot;canRead&quot;:true,&quot;canCreate&quot;:false,&quot;canUpdate&quot;:true,&quot;canDelete&quot;:false},&quot;dashboard_leave_widget&quot;:{&quot;canRead&quot;:true,&quot;canCreate&quot;:false,&quot;canUpdate&quot;:false,&quot;canDelete&quot;:false},&quot;dashboard_location_widget&quot;:{&quot;canRead&quot;:true,&quot;canCreate&quot;:false,&quot;canUpdate&quot;:false,&quot;canDelete&quot;:false},&quot;dashboard_subunit_widget&quot;:{&quot;canRead&quot;:true,&quot;canCreate&quot;:false,&quot;canUpdate&quot;:false,&quot;canDelete&quot;:false},&quot;dashboard_time_widget&quot;:{&quot;canRead&quot;:true,&quot;canCreate&quot;:false,&quot;canUpdate&quot;:false,&quot;canDelete&quot;:false}}"
        :breadcrumb="{&quot;moduleName&quot;:&quot;\u4eea\u8868\u76d8&quot;,&quot;level&quot;:null}"
        :date-format="{&quot;id&quot;:&quot;Y-m-d&quot;,&quot;label&quot;:&quot;yyyy-mm-dd&quot;}"
        help-url="/web/index.php/help/help?label=dashboard_index"
        :show-upgrade="1"
    >
      <view-dashboard
            >
    </view-dashboard>
    <template v-slot:footer><oxd-text tag="p" class="orangehrm-copyright">OrangeHRM OS 5.8.1</oxd-text>
<oxd-text tag="p" class="orangehrm-copyright">&copy; 2005 - 2026 <a href="http://www.orangehrm.com" target="_blank">OrangeHRM, Inc</a>. All rights reserved.</oxd-text>
<br></template>
    </oxd-layout>
  </div>
  <script type="text/javascript">
      window.appGlobal = {
        baseUrl: "/web/index.php",
        publicPath: "/web",
      };
  </script>
  <script src="/web/dist/js/chunk-vendors.js?v=1775433284510"></script>
  <script src="/web/dist/js/app.js?v=1775433284510"></script>
</body>
</html>

2026-06-01 14:29:59,896 - baseAutoHttp.py - INFO - 【01登录页面接口信息:login_api】接口调用结束

2026-06-01 14:29:59,896 - web_login_page.py - INFO - 【管理员正常登录】断言成功
2026-06-01 14:29:59,897 - baseAutoHttp.py - INFO - 接口会话已关闭
2026-06-01 14:29:59,897 - test_web_ohrm.py - INFO - 【管理员正常登录】用例执行成功
2026-06-01 14:29:59,904 - baseUtils.py - INFO - 配置文件读取成功：E:\develop\PythonProject\OrangeHRM\Config\配置文件.ini
2026-06-01 14:29:59,955 - baseAutoHttp.py - INFO - 【02登录页面未携带token:login_not_token_api】接口调用开始
2026-06-01 14:29:59,956 - baseData.py - INFO - 动态参数替换成功：{'username': 'admin', 'password': 'Keepmoving624.'}
2026-06-01 14:29:59,956 - baseAutoHttp.py - INFO - 请求方式: POST
2026-06-01 14:29:59,957 - baseAutoHttp.py - INFO - 请求地址: http://127.0.0.1:8080/web/index.php/auth/validate
2026-06-01 14:29:59,957 - baseAutoHttp.py - INFO - 请求头: {'User-Agent': 'Mozilla/5.0 (Windows NT 10.0; Win64; x64) AppleWebKit/537.36 (KHTML, like Gecko) Chrome/148.0.0.0 Safari/537.36', 'Content-Type': 'application/x-www-form-urlencoded'}
2026-06-01 14:29:59,957 - baseAutoHttp.py - INFO - 请求参数: params=None | data={'username': 'admin', 'password': 'Keepmoving624.'} | json=None
2026-06-01 14:30:00,067 - baseAutoHttp.py - INFO - 响应状态码: 200
2026-06-01 14:30:00,067 - baseAutoHttp.py - INFO - 响应耗时: 0.04947s
2026-06-01 14:30:00,067 - baseAutoHttp.py - INFO - 响应文本: <!DOCTYPE html>
<html>
<head>
  <meta charset="UTF-8">
  <meta http-equiv="X-UA-Compatible" content="IE=edge">
  <meta name="viewport" content="width=device-width,initial-scale=1">
  <title>OrangeHRM</title>
      <link rel="icon" href="/web/dist/favicon.ico?v=1775433284510">
    <link href="/web/dist/css/chunk-vendors.css?v=1775433284510" rel="preload" as="style">
    <link href="/web/dist/css/app.css?v=1775433284510" rel="preload" as="style">
    <link href="/web/dist/js/chunk-vendors.js?v=1775433284510" rel="preload" as="script">
    <link href="/web/dist/js/app.js?v=1775433284510" rel="preload" as="script">
      <link href="/web/dist/css/chunk-vendors.css?v=1775433284510" rel="stylesheet"/>
    <link href="/web/dist/css/app.css?v=1775433284510" rel="stylesheet"/>
</head>
<body>
  <style>
    :root {
            --oxd-primary-one-color:#FF7B1D;
            --oxd-primary-font-color:#FFFFFF;
            --oxd-secondary-four-color:#76BC21;
            --oxd-secondary-font-color:#FFFFFF;
            --oxd-primary-gradient-start-color:#FF920B;
            --oxd-primary-gradient-end-color:#F35C17;
            --oxd-secondary-gradient-start-color:#FF920B;
            --oxd-secondary-gradient-end-color:#F35C17;
            --oxd-primary-one-lighten-5-color:#ff8a37;
            --oxd-primary-one-lighten-30-color:#ffd4b6;
            --oxd-primary-one-darken-5-color:#ff6c03;
            --oxd-primary-one-alpha-10-color:rgba(255, 123, 29, 0.1);
            --oxd-primary-one-alpha-15-color:rgba(255, 123, 29, 0.15);
            --oxd-primary-one-alpha-20-color:rgba(255, 123, 29, 0.2);
            --oxd-primary-one-alpha-50-color:rgba(255, 123, 29, 0.5);
            --oxd-secondary-four-lighten-5-color:#84d225;
            --oxd-secondary-four-darken-5-color:#68a61d;
            --oxd-secondary-four-alpha-10-color:rgba(118, 188, 33, 0.1);
            --oxd-secondary-four-alpha-15-color:rgba(118, 188, 33, 0.15);
            --oxd-secondary-four-alpha-20-color:rgba(118, 188, 33, 0.2);
            --oxd-secondary-four-alpha-50-color:rgba(118, 188, 33, 0.5);
        }
  </style>
    <noscript>
        <strong>
            We're sorry but orangehrm doesn't work properly without JavaScript enabled. Please enable it to continue.
        </strong>
    </noscript>

    <div id="app">
    <auth-login
            :error="{&quot;error&quot;:&quot;invalid_csrf_token&quot;,&quot;message&quot;:&quot;CSRF token validation failed&quot;}"
            :token="&quot;43f59bcbb3cc.64-HNVO9oVvFBTul0MOz55VwH8gB4IUPsUS5wrnToLg.3snsQyXY0Cm0alTspvv0hd03VY5lhtFD1DD-io2Rl8-by-NmY9DYFLRcUA&quot;"
            :login-logo-src="&quot;\/web\/images\/ohrm_logo.png&quot;"
            :login-banner-src="&quot;\/web\/images\/ohrm_branding.png?v=1775433284510&quot;"
            :show-social-media="true"
            :is-demo-mode="false"
            :authenticators="[]"
        >
    <template v-slot:footer>
        <div class="orangehrm-copyright-wrapper">
            <oxd-text tag="p" class="orangehrm-copyright">OrangeHRM OS 5.8.1</oxd-text>
<oxd-text tag="p" class="orangehrm-copyright">&copy; 2005 - 2026 <a href="http://www.orangehrm.com" target="_blank">OrangeHRM, Inc</a>. All rights reserved.</oxd-text>
        </div>
    </template>
    </auth-login>
    </div>
    <script type="text/javascript">
        window.appGlobal = {
          baseUrl: "/web/index.php",
          publicPath: "/web",
        };
    </script>
    <script src="/web/dist/js/chunk-vendors.js?v=1775433284510"></script>
    <script src="/web/dist/js/app.js?v=1775433284510"></script>
</body>
</html>

2026-06-01 14:30:00,067 - baseAutoHttp.py - INFO - 【02登录页面未携带token:login_not_token_api】接口调用结束

2026-06-01 14:30:00,068 - web_login_page.py - INFO - 【未携带CSRF令牌】断言成功
2026-06-01 14:30:00,068 - baseAutoHttp.py - INFO - 接口会话已关闭
2026-06-01 14:30:00,068 - test_web_ohrm.py - INFO - 【未携带CSRF令牌】用例执行成功
2026-06-01 14:30:00,073 - baseUtils.py - INFO - 配置文件读取成功：E:\develop\PythonProject\OrangeHRM\Config\配置文件.ini
2026-06-01 14:30:00,172 - baseAutoHttp.py - INFO - 【01登录页面接口信息:login_api】接口调用开始
2026-06-01 14:30:00,174 - baseData.py - INFO - 动态参数替换成功：{'_token': '5f7059411cba19.bVrVtWhHmsIRJY1kq7PH4M5f28MmWfTc-ZvHF6w50Jc.CTCM1xwR_JFCUupdyMOTrYZrv40XKZuIm-OEWppRiMEjHbjNMgbx8V5x5g', 'username': 'admin', 'password': 'Keepmoving624.'}
2026-06-01 14:30:00,174 - baseAutoHttp.py - INFO - 请求方式: POST
2026-06-01 14:30:00,174 - baseAutoHttp.py - INFO - 请求地址: http://127.0.0.1:8080/web/index.php/auth/validate
2026-06-01 14:30:00,174 - baseAutoHttp.py - INFO - 请求头: {'User-Agent': 'Mozilla/5.0 (Windows NT 10.0; Win64; x64) AppleWebKit/537.36 (KHTML, like Gecko) Chrome/148.0.0.0 Safari/537.36', 'Content-Type': 'application/x-www-form-urlencoded'}
2026-06-01 14:30:00,174 - baseAutoHttp.py - INFO - 请求参数: params=None | data={'_token': '5f7059411cba19.bVrVtWhHmsIRJY1kq7PH4M5f28MmWfTc-ZvHF6w50Jc.CTCM1xwR_JFCUupdyMOTrYZrv40XKZuIm-OEWppRiMEjHbjNMgbx8V5x5g', 'username': 'admin', 'password': 'Keepmoving624.'} | json=None
2026-06-01 14:30:00,288 - baseAutoHttp.py - INFO - 响应状态码: 200
2026-06-01 14:30:00,288 - baseAutoHttp.py - INFO - 响应耗时: 0.054247s
2026-06-01 14:30:00,288 - baseAutoHttp.py - INFO - 响应文本: <!DOCTYPE html>
<html>
<head>
  <meta charset="UTF-8">
  <meta http-equiv="X-UA-Compatible" content="IE=edge">
  <meta name="viewport" content="width=device-width,initial-scale=1">
  <title>OrangeHRM</title>
      <link rel="icon" href="/web/dist/favicon.ico?v=1775433284510">
    <link href="/web/dist/css/chunk-vendors.css?v=1775433284510" rel="preload" as="style">
    <link href="/web/dist/css/app.css?v=1775433284510" rel="preload" as="style">
    <link href="/web/dist/js/chunk-vendors.js?v=1775433284510" rel="preload" as="script">
    <link href="/web/dist/js/app.js?v=1775433284510" rel="preload" as="script">
      <link href="/web/dist/css/chunk-vendors.css?v=1775433284510" rel="stylesheet"/>
    <link href="/web/dist/css/app.css?v=1775433284510" rel="stylesheet"/>
</head>
<body>
  <style>
    :root {
            --oxd-primary-one-color:#FF7B1D;
            --oxd-primary-font-color:#FFFFFF;
            --oxd-secondary-four-color:#76BC21;
            --oxd-secondary-font-color:#FFFFFF;
            --oxd-primary-gradient-start-color:#FF920B;
            --oxd-primary-gradient-end-color:#F35C17;
            --oxd-secondary-gradient-start-color:#FF920B;
            --oxd-secondary-gradient-end-color:#F35C17;
            --oxd-primary-one-lighten-5-color:#ff8a37;
            --oxd-primary-one-lighten-30-color:#ffd4b6;
            --oxd-primary-one-darken-5-color:#ff6c03;
            --oxd-primary-one-alpha-10-color:rgba(255, 123, 29, 0.1);
            --oxd-primary-one-alpha-15-color:rgba(255, 123, 29, 0.15);
            --oxd-primary-one-alpha-20-color:rgba(255, 123, 29, 0.2);
            --oxd-primary-one-alpha-50-color:rgba(255, 123, 29, 0.5);
            --oxd-secondary-four-lighten-5-color:#84d225;
            --oxd-secondary-four-darken-5-color:#68a61d;
            --oxd-secondary-four-alpha-10-color:rgba(118, 188, 33, 0.1);
            --oxd-secondary-four-alpha-15-color:rgba(118, 188, 33, 0.15);
            --oxd-secondary-four-alpha-20-color:rgba(118, 188, 33, 0.2);
            --oxd-secondary-four-alpha-50-color:rgba(118, 188, 33, 0.5);
        }
  </style>
    <noscript>
        <strong>
            We're sorry but orangehrm doesn't work properly without JavaScript enabled. Please enable it to continue.
        </strong>
    </noscript>

    <div id="app">
    <auth-login
            :error="{&quot;error&quot;:&quot;invalid_csrf_token&quot;,&quot;message&quot;:&quot;CSRF token validation failed&quot;}"
            :token="&quot;707be818b80.6j-0MWUSZiH8wiN9gs1v302j093YtVCouzOwzymW5wM.m1SDVwNaAH6SsGlN-4UpqDTIsJWuxhKb7USGpF38sEuJWJlgH2cqRor7RA&quot;"
            :login-logo-src="&quot;\/web\/images\/ohrm_logo.png&quot;"
            :login-banner-src="&quot;\/web\/images\/ohrm_branding.png?v=1775433284510&quot;"
            :show-social-media="true"
            :is-demo-mode="false"
            :authenticators="[]"
        >
    <template v-slot:footer>
        <div class="orangehrm-copyright-wrapper">
            <oxd-text tag="p" class="orangehrm-copyright">OrangeHRM OS 5.8.1</oxd-text>
<oxd-text tag="p" class="orangehrm-copyright">&copy; 2005 - 2026 <a href="http://www.orangehrm.com" target="_blank">OrangeHRM, Inc</a>. All rights reserved.</oxd-text>
        </div>
    </template>
    </auth-login>
    </div>
    <script type="text/javascript">
        window.appGlobal = {
          baseUrl: "/web/index.php",
          publicPath: "/web",
        };
    </script>
    <script src="/web/dist/js/chunk-vendors.js?v=1775433284510"></script>
    <script src="/web/dist/js/app.js?v=1775433284510"></script>
</body>
</html>

2026-06-01 14:30:00,288 - baseAutoHttp.py - INFO - 【01登录页面接口信息:login_api】接口调用结束

2026-06-01 14:30:00,288 - web_login_page.py - INFO - 【跨会话使用Token】断言成功
2026-06-01 14:30:00,288 - baseAutoHttp.py - INFO - 接口会话已关闭
2026-06-01 14:30:00,288 - test_web_ohrm.py - INFO - 【携带过期CSRF令牌】用例执行成功
2026-06-01 14:30:00,295 - baseUtils.py - INFO - 配置文件读取成功：E:\develop\PythonProject\OrangeHRM\Config\配置文件.ini
2026-06-01 14:30:00,296 - baseAutoHttp.py - INFO - 【01登录页面接口信息:login_api】接口调用开始
2026-06-01 14:30:00,297 - baseData.py - INFO - 动态参数替换成功：{'_token': 'I8fb2dYK1O095^RolDGH', 'username': 'admin', 'password': 'Keepmoving624.'}
2026-06-01 14:30:00,297 - baseAutoHttp.py - INFO - 请求方式: POST
2026-06-01 14:30:00,297 - baseAutoHttp.py - INFO - 请求地址: http://127.0.0.1:8080/web/index.php/auth/validate
2026-06-01 14:30:00,297 - baseAutoHttp.py - INFO - 请求头: {'User-Agent': 'Mozilla/5.0 (Windows NT 10.0; Win64; x64) AppleWebKit/537.36 (KHTML, like Gecko) Chrome/148.0.0.0 Safari/537.36', 'Content-Type': 'application/x-www-form-urlencoded'}
2026-06-01 14:30:00,297 - baseAutoHttp.py - INFO - 请求参数: params=None | data={'_token': 'I8fb2dYK1O095^RolDGH', 'username': 'admin', 'password': 'Keepmoving624.'} | json=None
2026-06-01 14:30:00,428 - baseAutoHttp.py - INFO - 响应状态码: 200
2026-06-01 14:30:00,428 - baseAutoHttp.py - INFO - 响应耗时: 0.068556s
2026-06-01 14:30:00,428 - baseAutoHttp.py - INFO - 响应文本: <!DOCTYPE html>
<html>
<head>
  <meta charset="UTF-8">
  <meta http-equiv="X-UA-Compatible" content="IE=edge">
  <meta name="viewport" content="width=device-width,initial-scale=1">
  <title>OrangeHRM</title>
      <link rel="icon" href="/web/dist/favicon.ico?v=1775433284510">
    <link href="/web/dist/css/chunk-vendors.css?v=1775433284510" rel="preload" as="style">
    <link href="/web/dist/css/app.css?v=1775433284510" rel="preload" as="style">
    <link href="/web/dist/js/chunk-vendors.js?v=1775433284510" rel="preload" as="script">
    <link href="/web/dist/js/app.js?v=1775433284510" rel="preload" as="script">
      <link href="/web/dist/css/chunk-vendors.css?v=1775433284510" rel="stylesheet"/>
    <link href="/web/dist/css/app.css?v=1775433284510" rel="stylesheet"/>
</head>
<body>
  <style>
    :root {
            --oxd-primary-one-color:#FF7B1D;
            --oxd-primary-font-color:#FFFFFF;
            --oxd-secondary-four-color:#76BC21;
            --oxd-secondary-font-color:#FFFFFF;
            --oxd-primary-gradient-start-color:#FF920B;
            --oxd-primary-gradient-end-color:#F35C17;
            --oxd-secondary-gradient-start-color:#FF920B;
            --oxd-secondary-gradient-end-color:#F35C17;
            --oxd-primary-one-lighten-5-color:#ff8a37;
            --oxd-primary-one-lighten-30-color:#ffd4b6;
            --oxd-primary-one-darken-5-color:#ff6c03;
            --oxd-primary-one-alpha-10-color:rgba(255, 123, 29, 0.1);
            --oxd-primary-one-alpha-15-color:rgba(255, 123, 29, 0.15);
            --oxd-primary-one-alpha-20-color:rgba(255, 123, 29, 0.2);
            --oxd-primary-one-alpha-50-color:rgba(255, 123, 29, 0.5);
            --oxd-secondary-four-lighten-5-color:#84d225;
            --oxd-secondary-four-darken-5-color:#68a61d;
            --oxd-secondary-four-alpha-10-color:rgba(118, 188, 33, 0.1);
            --oxd-secondary-four-alpha-15-color:rgba(118, 188, 33, 0.15);
            --oxd-secondary-four-alpha-20-color:rgba(118, 188, 33, 0.2);
            --oxd-secondary-four-alpha-50-color:rgba(118, 188, 33, 0.5);
        }
  </style>
    <noscript>
        <strong>
            We're sorry but orangehrm doesn't work properly without JavaScript enabled. Please enable it to continue.
        </strong>
    </noscript>

    <div id="app">
    <auth-login
            :error="{&quot;error&quot;:&quot;invalid_csrf_token&quot;,&quot;message&quot;:&quot;CSRF token validation failed&quot;}"
            :token="&quot;c2a1f862976f7c.TbutJXVuyD_9U5hazYXkw148tzz5aPLDkT0IdHOm7aQ.OOnacwYpplGpFcgKuuil9QZx8AiwCoL7_3pDQQrtgOB5wthCAif6EtAnqA&quot;"
            :login-logo-src="&quot;\/web\/images\/ohrm_logo.png&quot;"
            :login-banner-src="&quot;\/web\/images\/ohrm_branding.png?v=1775433284510&quot;"
            :show-social-media="true"
            :is-demo-mode="false"
            :authenticators="[]"
        >
    <template v-slot:footer>
        <div class="orangehrm-copyright-wrapper">
            <oxd-text tag="p" class="orangehrm-copyright">OrangeHRM OS 5.8.1</oxd-text>
<oxd-text tag="p" class="orangehrm-copyright">&copy; 2005 - 2026 <a href="http://www.orangehrm.com" target="_blank">OrangeHRM, Inc</a>. All rights reserved.</oxd-text>
        </div>
    </template>
    </auth-login>
    </div>
    <script type="text/javascript">
        window.appGlobal = {
          baseUrl: "/web/index.php",
          publicPath: "/web",
        };
    </script>
    <script src="/web/dist/js/chunk-vendors.js?v=1775433284510"></script>
    <script src="/web/dist/js/app.js?v=1775433284510"></script>
</body>
</html>

2026-06-01 14:30:00,428 - baseAutoHttp.py - INFO - 【01登录页面接口信息:login_api】接口调用结束

2026-06-01 14:30:00,429 - web_login_page.py - INFO - 【携带错误格式Token】断言成功
2026-06-01 14:30:00,429 - baseAutoHttp.py - INFO - 接口会话已关闭
2026-06-01 14:30:00,429 - test_web_ohrm.py - INFO - 【携带错误格式Token】用例执行成功
2026-06-01 14:30:00,436 - baseUtils.py - INFO - 配置文件读取成功：E:\develop\PythonProject\OrangeHRM\Config\配置文件.ini
2026-06-01 14:30:00,483 - baseAutoHttp.py - INFO - 【01登录页面接口信息:login_api】接口调用开始
2026-06-01 14:30:00,485 - baseData.py - INFO - 动态参数替换成功：{'_token': '409ee6.RT_kWKCyMrA0MwkBZzo0QHchvA8oD-ItnHY1bL23HkI.fA7WGe3KAdNXWGxmH05GczRXiWZAWrNBz0BzG9bYahdzdKhq1OJF9ExVZg', 'username': 'wrong', 'password': 'wrong'}
2026-06-01 14:30:00,485 - baseAutoHttp.py - INFO - 请求方式: POST
2026-06-01 14:30:00,485 - baseAutoHttp.py - INFO - 请求地址: http://127.0.0.1:8080/web/index.php/auth/validate
2026-06-01 14:30:00,485 - baseAutoHttp.py - INFO - 请求头: {'User-Agent': 'Mozilla/5.0 (Windows NT 10.0; Win64; x64) AppleWebKit/537.36 (KHTML, like Gecko) Chrome/148.0.0.0 Safari/537.36', 'Content-Type': 'application/x-www-form-urlencoded'}
2026-06-01 14:30:00,485 - baseAutoHttp.py - INFO - 请求参数: params=None | data={'_token': '409ee6.RT_kWKCyMrA0MwkBZzo0QHchvA8oD-ItnHY1bL23HkI.fA7WGe3KAdNXWGxmH05GczRXiWZAWrNBz0BzG9bYahdzdKhq1OJF9ExVZg', 'username': 'wrong', 'password': 'wrong'} | json=None
2026-06-01 14:30:00,572 - baseAutoHttp.py - INFO - 响应状态码: 200
2026-06-01 14:30:00,572 - baseAutoHttp.py - INFO - 响应耗时: 0.046185s
2026-06-01 14:30:00,572 - baseAutoHttp.py - INFO - 响应文本: <!DOCTYPE html>
<html>
<head>
  <meta charset="UTF-8">
  <meta http-equiv="X-UA-Compatible" content="IE=edge">
  <meta name="viewport" content="width=device-width,initial-scale=1">
  <title>OrangeHRM</title>
      <link rel="icon" href="/web/dist/favicon.ico?v=1775433284510">
    <link href="/web/dist/css/chunk-vendors.css?v=1775433284510" rel="preload" as="style">
    <link href="/web/dist/css/app.css?v=1775433284510" rel="preload" as="style">
    <link href="/web/dist/js/chunk-vendors.js?v=1775433284510" rel="preload" as="script">
    <link href="/web/dist/js/app.js?v=1775433284510" rel="preload" as="script">
      <link href="/web/dist/css/chunk-vendors.css?v=1775433284510" rel="stylesheet"/>
    <link href="/web/dist/css/app.css?v=1775433284510" rel="stylesheet"/>
</head>
<body>
  <style>
    :root {
            --oxd-primary-one-color:#FF7B1D;
            --oxd-primary-font-color:#FFFFFF;
            --oxd-secondary-four-color:#76BC21;
            --oxd-secondary-font-color:#FFFFFF;
            --oxd-primary-gradient-start-color:#FF920B;
            --oxd-primary-gradient-end-color:#F35C17;
            --oxd-secondary-gradient-start-color:#FF920B;
            --oxd-secondary-gradient-end-color:#F35C17;
            --oxd-primary-one-lighten-5-color:#ff8a37;
            --oxd-primary-one-lighten-30-color:#ffd4b6;
            --oxd-primary-one-darken-5-color:#ff6c03;
            --oxd-primary-one-alpha-10-color:rgba(255, 123, 29, 0.1);
            --oxd-primary-one-alpha-15-color:rgba(255, 123, 29, 0.15);
            --oxd-primary-one-alpha-20-color:rgba(255, 123, 29, 0.2);
            --oxd-primary-one-alpha-50-color:rgba(255, 123, 29, 0.5);
            --oxd-secondary-four-lighten-5-color:#84d225;
            --oxd-secondary-four-darken-5-color:#68a61d;
            --oxd-secondary-four-alpha-10-color:rgba(118, 188, 33, 0.1);
            --oxd-secondary-four-alpha-15-color:rgba(118, 188, 33, 0.15);
            --oxd-secondary-four-alpha-20-color:rgba(118, 188, 33, 0.2);
            --oxd-secondary-four-alpha-50-color:rgba(118, 188, 33, 0.5);
        }
  </style>
    <noscript>
        <strong>
            We're sorry but orangehrm doesn't work properly without JavaScript enabled. Please enable it to continue.
        </strong>
    </noscript>

    <div id="app">
    <auth-login
            :error="{&quot;error&quot;:&quot;invalid_credentials&quot;,&quot;message&quot;:&quot;Invalid credentials&quot;}"
            :token="&quot;fd278c586c.6ZQtPXZEn2mPbP377PleqrHfT7RyFD0mgVIgNDOEh5I.0KUffDs8rArsB5iclI0smfKpet0aQWxK0mRmQ1jr88ff32EPAhToLfcKkg&quot;"
            :login-logo-src="&quot;\/web\/images\/ohrm_logo.png&quot;"
            :login-banner-src="&quot;\/web\/images\/ohrm_branding.png?v=1775433284510&quot;"
            :show-social-media="true"
            :is-demo-mode="false"
            :authenticators="[]"
        >
    <template v-slot:footer>
        <div class="orangehrm-copyright-wrapper">
            <oxd-text tag="p" class="orangehrm-copyright">OrangeHRM OS 5.8.1</oxd-text>
<oxd-text tag="p" class="orangehrm-copyright">&copy; 2005 - 2026 <a href="http://www.orangehrm.com" target="_blank">OrangeHRM, Inc</a>. All rights reserved.</oxd-text>
        </div>
    </template>
    </auth-login>
    </div>
    <script type="text/javascript">
        window.appGlobal = {
          baseUrl: "/web/index.php",
          publicPath: "/web",
        };
    </script>
    <script src="/web/dist/js/chunk-vendors.js?v=1775433284510"></script>
    <script src="/web/dist/js/app.js?v=1775433284510"></script>
</body>
</html>

2026-06-01 14:30:00,572 - baseAutoHttp.py - INFO - 【01登录页面接口信息:login_api】接口调用结束

2026-06-01 14:30:00,573 - web_login_page.py - INFO - 【wrong/wrong】断言成功
2026-06-01 14:30:00,573 - baseAutoHttp.py - INFO - 接口会话已关闭
2026-06-01 14:30:00,573 - test_web_ohrm.py - INFO - 【错误用户名/密码】用例执行成功
2026-06-01 14:30:00,580 - baseUtils.py - INFO - 配置文件读取成功：E:\develop\PythonProject\OrangeHRM\Config\配置文件.ini
2026-06-01 14:30:00,629 - baseAutoHttp.py - INFO - 【01登录页面接口信息:login_api】接口调用开始
2026-06-01 14:30:00,630 - baseData.py - INFO - 动态参数替换成功：{'_token': '025e2bb03e5f22.7YziMfgcK9SsGqK9c8zmmJOCbixEineaW3eFObvHheo.vPaKWdV9ZuX9fcmOR7a0rd7xBE4swDLOLx_aQfm-2ou03LtbuXdvle0q5w', 'username': '', 'password': 'Keepmoving624.'}
2026-06-01 14:30:00,630 - baseAutoHttp.py - INFO - 请求方式: POST
2026-06-01 14:30:00,631 - baseAutoHttp.py - INFO - 请求地址: http://127.0.0.1:8080/web/index.php/auth/validate
2026-06-01 14:30:00,631 - baseAutoHttp.py - INFO - 请求头: {'User-Agent': 'Mozilla/5.0 (Windows NT 10.0; Win64; x64) AppleWebKit/537.36 (KHTML, like Gecko) Chrome/148.0.0.0 Safari/537.36', 'Content-Type': 'application/x-www-form-urlencoded'}
2026-06-01 14:30:00,631 - baseAutoHttp.py - INFO - 请求参数: params=None | data={'_token': '025e2bb03e5f22.7YziMfgcK9SsGqK9c8zmmJOCbixEineaW3eFObvHheo.vPaKWdV9ZuX9fcmOR7a0rd7xBE4swDLOLx_aQfm-2ou03LtbuXdvle0q5w', 'username': '', 'password': 'Keepmoving624.'} | json=None
2026-06-01 14:30:00,713 - baseAutoHttp.py - INFO - 响应状态码: 200
2026-06-01 14:30:00,713 - baseAutoHttp.py - INFO - 响应耗时: 0.043726s
2026-06-01 14:30:00,713 - baseAutoHttp.py - INFO - 响应文本: <!DOCTYPE html>
<html>
<head>
  <meta charset="UTF-8">
  <meta http-equiv="X-UA-Compatible" content="IE=edge">
  <meta name="viewport" content="width=device-width,initial-scale=1">
  <title>OrangeHRM</title>
      <link rel="icon" href="/web/dist/favicon.ico?v=1775433284510">
    <link href="/web/dist/css/chunk-vendors.css?v=1775433284510" rel="preload" as="style">
    <link href="/web/dist/css/app.css?v=1775433284510" rel="preload" as="style">
    <link href="/web/dist/js/chunk-vendors.js?v=1775433284510" rel="preload" as="script">
    <link href="/web/dist/js/app.js?v=1775433284510" rel="preload" as="script">
      <link href="/web/dist/css/chunk-vendors.css?v=1775433284510" rel="stylesheet"/>
    <link href="/web/dist/css/app.css?v=1775433284510" rel="stylesheet"/>
</head>
<body>
  <style>
    :root {
            --oxd-primary-one-color:#FF7B1D;
            --oxd-primary-font-color:#FFFFFF;
            --oxd-secondary-four-color:#76BC21;
            --oxd-secondary-font-color:#FFFFFF;
            --oxd-primary-gradient-start-color:#FF920B;
            --oxd-primary-gradient-end-color:#F35C17;
            --oxd-secondary-gradient-start-color:#FF920B;
            --oxd-secondary-gradient-end-color:#F35C17;
            --oxd-primary-one-lighten-5-color:#ff8a37;
            --oxd-primary-one-lighten-30-color:#ffd4b6;
            --oxd-primary-one-darken-5-color:#ff6c03;
            --oxd-primary-one-alpha-10-color:rgba(255, 123, 29, 0.1);
            --oxd-primary-one-alpha-15-color:rgba(255, 123, 29, 0.15);
            --oxd-primary-one-alpha-20-color:rgba(255, 123, 29, 0.2);
            --oxd-primary-one-alpha-50-color:rgba(255, 123, 29, 0.5);
            --oxd-secondary-four-lighten-5-color:#84d225;
            --oxd-secondary-four-darken-5-color:#68a61d;
            --oxd-secondary-four-alpha-10-color:rgba(118, 188, 33, 0.1);
            --oxd-secondary-four-alpha-15-color:rgba(118, 188, 33, 0.15);
            --oxd-secondary-four-alpha-20-color:rgba(118, 188, 33, 0.2);
            --oxd-secondary-four-alpha-50-color:rgba(118, 188, 33, 0.5);
        }
  </style>
    <noscript>
        <strong>
            We're sorry but orangehrm doesn't work properly without JavaScript enabled. Please enable it to continue.
        </strong>
    </noscript>

    <div id="app">
    <auth-login
            :error="{&quot;error&quot;:&quot;invalid_credentials&quot;,&quot;message&quot;:&quot;Invalid credentials&quot;}"
            :token="&quot;114d1e1.JkXm-tsoADwORtSeSe1O6SwDrbmv5pA6zvqs2dgVBoA.dz-OkvZJTQ1fIb-tfZcc3GFwx9vHrNVuupLzoZpsWeF_Fb-QmkNEfU92kQ&quot;"
            :login-logo-src="&quot;\/web\/images\/ohrm_logo.png&quot;"
            :login-banner-src="&quot;\/web\/images\/ohrm_branding.png?v=1775433284510&quot;"
            :show-social-media="true"
            :is-demo-mode="false"
            :authenticators="[]"
        >
    <template v-slot:footer>
        <div class="orangehrm-copyright-wrapper">
            <oxd-text tag="p" class="orangehrm-copyright">OrangeHRM OS 5.8.1</oxd-text>
<oxd-text tag="p" class="orangehrm-copyright">&copy; 2005 - 2026 <a href="http://www.orangehrm.com" target="_blank">OrangeHRM, Inc</a>. All rights reserved.</oxd-text>
        </div>
    </template>
    </auth-login>
    </div>
    <script type="text/javascript">
        window.appGlobal = {
          baseUrl: "/web/index.php",
          publicPath: "/web",
        };
    </script>
    <script src="/web/dist/js/chunk-vendors.js?v=1775433284510"></script>
    <script src="/web/dist/js/app.js?v=1775433284510"></script>
</body>
</html>

2026-06-01 14:30:00,713 - baseAutoHttp.py - INFO - 【01登录页面接口信息:login_api】接口调用结束

2026-06-01 14:30:00,713 - web_login_page.py - INFO - 【空用户名/Keepmoving624.】断言成功
2026-06-01 14:30:00,713 - baseAutoHttp.py - INFO - 接口会话已关闭
2026-06-01 14:30:00,714 - test_web_ohrm.py - INFO - 【用户名为空】用例执行成功
2026-06-01 14:30:00,720 - baseUtils.py - INFO - 配置文件读取成功：E:\develop\PythonProject\OrangeHRM\Config\配置文件.ini
2026-06-01 14:30:00,767 - baseAutoHttp.py - INFO - 【01登录页面接口信息:login_api】接口调用开始
2026-06-01 14:30:00,769 - baseData.py - INFO - 动态参数替换成功：{'_token': '7a197033f5890ba5348.8tNShIzhu9uWtszMwFt6am4lg0mE0RwjviWRDe4O5hc.lP5m09yI_7bi2ZiVuSIKWVtcrnzH4kh59FbYYb1rv3OL4Qf-y6CPrKSBiQ', 'username': 'admin', 'password': ''}
2026-06-01 14:30:00,769 - baseAutoHttp.py - INFO - 请求方式: POST
2026-06-01 14:30:00,769 - baseAutoHttp.py - INFO - 请求地址: http://127.0.0.1:8080/web/index.php/auth/validate
2026-06-01 14:30:00,769 - baseAutoHttp.py - INFO - 请求头: {'User-Agent': 'Mozilla/5.0 (Windows NT 10.0; Win64; x64) AppleWebKit/537.36 (KHTML, like Gecko) Chrome/148.0.0.0 Safari/537.36', 'Content-Type': 'application/x-www-form-urlencoded'}
2026-06-01 14:30:00,769 - baseAutoHttp.py - INFO - 请求参数: params=None | data={'_token': '7a197033f5890ba5348.8tNShIzhu9uWtszMwFt6am4lg0mE0RwjviWRDe4O5hc.lP5m09yI_7bi2ZiVuSIKWVtcrnzH4kh59FbYYb1rv3OL4Qf-y6CPrKSBiQ', 'username': 'admin', 'password': ''} | json=None
2026-06-01 14:30:01,055 - baseAutoHttp.py - INFO - 响应状态码: 200
2026-06-01 14:30:01,055 - baseAutoHttp.py - INFO - 响应耗时: 0.04508s
2026-06-01 14:30:01,055 - baseAutoHttp.py - INFO - 响应文本: <!DOCTYPE html>
<html>
<head>
  <meta charset="UTF-8">
  <meta http-equiv="X-UA-Compatible" content="IE=edge">
  <meta name="viewport" content="width=device-width,initial-scale=1">
  <title>OrangeHRM</title>
      <link rel="icon" href="/web/dist/favicon.ico?v=1775433284510">
    <link href="/web/dist/css/chunk-vendors.css?v=1775433284510" rel="preload" as="style">
    <link href="/web/dist/css/app.css?v=1775433284510" rel="preload" as="style">
    <link href="/web/dist/js/chunk-vendors.js?v=1775433284510" rel="preload" as="script">
    <link href="/web/dist/js/app.js?v=1775433284510" rel="preload" as="script">
      <link href="/web/dist/css/chunk-vendors.css?v=1775433284510" rel="stylesheet"/>
    <link href="/web/dist/css/app.css?v=1775433284510" rel="stylesheet"/>
</head>
<body>
  <style>
    :root {
            --oxd-primary-one-color:#FF7B1D;
            --oxd-primary-font-color:#FFFFFF;
            --oxd-secondary-four-color:#76BC21;
            --oxd-secondary-font-color:#FFFFFF;
            --oxd-primary-gradient-start-color:#FF920B;
            --oxd-primary-gradient-end-color:#F35C17;
            --oxd-secondary-gradient-start-color:#FF920B;
            --oxd-secondary-gradient-end-color:#F35C17;
            --oxd-primary-one-lighten-5-color:#ff8a37;
            --oxd-primary-one-lighten-30-color:#ffd4b6;
            --oxd-primary-one-darken-5-color:#ff6c03;
            --oxd-primary-one-alpha-10-color:rgba(255, 123, 29, 0.1);
            --oxd-primary-one-alpha-15-color:rgba(255, 123, 29, 0.15);
            --oxd-primary-one-alpha-20-color:rgba(255, 123, 29, 0.2);
            --oxd-primary-one-alpha-50-color:rgba(255, 123, 29, 0.5);
            --oxd-secondary-four-lighten-5-color:#84d225;
            --oxd-secondary-four-darken-5-color:#68a61d;
            --oxd-secondary-four-alpha-10-color:rgba(118, 188, 33, 0.1);
            --oxd-secondary-four-alpha-15-color:rgba(118, 188, 33, 0.15);
            --oxd-secondary-four-alpha-20-color:rgba(118, 188, 33, 0.2);
            --oxd-secondary-four-alpha-50-color:rgba(118, 188, 33, 0.5);
        }
  </style>
    <noscript>
        <strong>
            We're sorry but orangehrm doesn't work properly without JavaScript enabled. Please enable it to continue.
        </strong>
    </noscript>

    <div id="app">
    <auth-login
            :error="{&quot;error&quot;:&quot;invalid_credentials&quot;,&quot;message&quot;:&quot;Invalid credentials&quot;}"
            :token="&quot;ec.QcEYFaEc5UIcjEm8wfEE3ft9qdH4BS83txS7_Zx00Eg.J-wsQvF1oS9o4x3luIh07s4EhOS7Nntt_Wfykc8RiSw4801v5l3RNS67DA&quot;"
            :login-logo-src="&quot;\/web\/images\/ohrm_logo.png&quot;"
            :login-banner-src="&quot;\/web\/images\/ohrm_branding.png?v=1775433284510&quot;"
            :show-social-media="true"
            :is-demo-mode="false"
            :authenticators="[]"
        >
    <template v-slot:footer>
        <div class="orangehrm-copyright-wrapper">
            <oxd-text tag="p" class="orangehrm-copyright">OrangeHRM OS 5.8.1</oxd-text>
<oxd-text tag="p" class="orangehrm-copyright">&copy; 2005 - 2026 <a href="http://www.orangehrm.com" target="_blank">OrangeHRM, Inc</a>. All rights reserved.</oxd-text>
        </div>
    </template>
    </auth-login>
    </div>
    <script type="text/javascript">
        window.appGlobal = {
          baseUrl: "/web/index.php",
          publicPath: "/web",
        };
    </script>
    <script src="/web/dist/js/chunk-vendors.js?v=1775433284510"></script>
    <script src="/web/dist/js/app.js?v=1775433284510"></script>
</body>
</html>

2026-06-01 14:30:01,055 - baseAutoHttp.py - INFO - 【01登录页面接口信息:login_api】接口调用结束

2026-06-01 14:30:01,055 - web_login_page.py - INFO - 【admin/空密码】断言成功
2026-06-01 14:30:01,056 - baseAutoHttp.py - INFO - 接口会话已关闭
2026-06-01 14:30:01,056 - test_web_ohrm.py - INFO - 【密码为空】用例执行成功
2026-06-01 14:30:01,467 - baseDB.py - INFO - ✅ MySQL 数据库连接成功
2026-06-01 14:30:01,467 - conftest - INFO - ✅ conftest: 获取数据库连接（MysqlHelp）
2026-06-01 14:30:01,469 - baseUtils.py - INFO - 配置文件读取成功：E:\develop\PythonProject\OrangeHRM\Config\配置文件.ini
2026-06-01 14:30:01,901 - baseUtils.py - INFO - 配置文件读取成功：E:\develop\PythonProject\OrangeHRM\Config\配置文件.ini
2026-06-01 14:30:01,962 - baseUtils.py - INFO - 配置文件读取成功：E:\develop\PythonProject\OrangeHRM\Config\配置文件.ini
2026-06-01 14:30:02,025 - baseUtils.py - INFO - 配置文件读取成功：E:\develop\PythonProject\OrangeHRM\Config\配置文件.ini
2026-06-01 14:30:02,101 - baseAutoHttp.py - INFO - 【03查询员工页面:select_employee】接口调用开始
2026-06-01 14:30:02,103 - baseAutoHttp.py - INFO - 请求方式: GET
2026-06-01 14:30:02,103 - baseAutoHttp.py - INFO - 请求地址: http://127.0.0.1:8080/web/index.php/api/v2/pim/employees
2026-06-01 14:30:02,103 - baseAutoHttp.py - INFO - 请求头: {'User-Agent': 'Mozilla/5.0 (Windows NT 10.0; Win64; x64) AppleWebKit/537.36 (KHTML, like Gecko) Chrome/148.0.0.0 Safari/537.36'}
2026-06-01 14:30:02,104 - baseAutoHttp.py - INFO - 请求参数: params={'limit': '50', 'offset': '0', 'model': 'detailed', 'includeEmployees': 'onlyCurrent', 'sortField': 'employee.firstName', 'sortOrder': 'ASC'} | data=None | json=None
2026-06-01 14:30:02,175 - baseAutoHttp.py - INFO - 响应状态码: 200
2026-06-01 14:30:02,175 - baseAutoHttp.py - INFO - 响应耗时: 0.070237s
2026-06-01 14:30:02,175 - baseAutoHttp.py - INFO - 响应JSON: {'data': [{'empNumber': 2, 'lastName': 'oo', 'firstName': 'hh', 'middleName': '', 'employeeId': '0002', 'terminationId': None, 'jobTitle': {'id': None, 'title': None, 'isDeleted': None}, 'subunit': {'id': None, 'name': None}, 'empStatus': {'id': None, 'name': None}, 'supervisors': []}, {'empNumber': 5, 'lastName': 'Doe', 'firstName': 'John', 'middleName': '', 'employeeId': '1001', 'terminationId': None, 'jobTitle': {'id': None, 'title': None, 'isDeleted': None}, 'subunit': {'id': None, 'name': None}, 'empStatus': {'id': None, 'name': None}, 'supervisors': []}, {'empNumber': 6, 'lastName': 'pp', 'firstName': 'kk', 'middleName': '', 'employeeId': '1002', 'terminationId': None, 'jobTitle': {'id': None, 'title': None, 'isDeleted': None}, 'subunit': {'id': None, 'name': None}, 'empStatus': {'id': None, 'name': None}, 'supervisors': []}, {'empNumber': 14, 'lastName': 'll', 'firstName': 'kk', 'middleName': '', 'employeeId': '0014', 'terminationId': None, 'jobTitle': {'id': None, 'title': None, 'isDeleted': None}, 'subunit': {'id': None, 'name': None}, 'empStatus': {'id': None, 'name': None}, 'supervisors': []}, {'empNumber': 16, 'lastName': 'pp', 'firstName': 'ww', 'middleName': '', 'employeeId': '0016', 'terminationId': None, 'jobTitle': {'id': None, 'title': None, 'isDeleted': None}, 'subunit': {'id': None, 'name': None}, 'empStatus': {'id': None, 'name': None}, 'supervisors': []}, {'empNumber': 17, 'lastName': 'ss', 'firstName': 'zz', 'middleName': '', 'employeeId': '1009', 'terminationId': None, 'jobTitle': {'id': None, 'title': None, 'isDeleted': None}, 'subunit': {'id': None, 'name': None}, 'empStatus': {'id': None, 'name': None}, 'supervisors': []}, {'empNumber': 1, 'lastName': '安', 'firstName': '谢', 'middleName': '', 'employeeId': '0001', 'terminationId': None, 'jobTitle': {'id': None, 'title': None, 'isDeleted': None}, 'subunit': {'id': None, 'name': None}, 'empStatus': {'id': None, 'name': None}, 'supervisors': []}], 'meta': {'total': 7}, 'rels': []}
2026-06-01 14:30:02,175 - baseAutoHttp.py - INFO - 【03查询员工页面:select_employee】接口调用结束

2026-06-01 14:30:02,175 - test_web_ohrm.py - INFO - ☑️ 查询员工列表成功，返回 7 条
2026-06-01 14:30:02,181 - baseUtils.py - INFO - 配置文件读取成功：E:\develop\PythonProject\OrangeHRM\Config\配置文件.ini
2026-06-01 14:30:02,181 - baseAutoHttp.py - INFO - 【03查询员工页面:select_query】接口调用开始
2026-06-01 14:30:02,183 - baseData.py - INFO - 动态参数替换成功：{'employeeId': '1001'}
2026-06-01 14:30:02,183 - baseAutoHttp.py - INFO - 请求方式: GET
2026-06-01 14:30:02,183 - baseAutoHttp.py - INFO - 请求地址: http://127.0.0.1:8080/web/index.php/api/v2/pim/employees
2026-06-01 14:30:02,183 - baseAutoHttp.py - INFO - 请求头: {'User-Agent': 'Mozilla/5.0 (Windows NT 10.0; Win64; x64) AppleWebKit/537.36 (KHTML, like Gecko) Chrome/148.0.0.0 Safari/537.36', 'Referer': 'http://127.0.0.1:8080/web/index.php/pim/viewEmployeeList'}
2026-06-01 14:30:02,184 - baseAutoHttp.py - INFO - 请求参数: params={'limit': '50', 'offset': '0', 'model': 'detailed', 'employeeId': '1001', 'includeEmployees': 'onlyCurrent', 'sortField': 'employee.firstName', 'sortOrder': 'ASC'} | data=None | json=None
2026-06-01 14:30:02,255 - baseAutoHttp.py - INFO - 响应状态码: 200
2026-06-01 14:30:02,255 - baseAutoHttp.py - INFO - 响应耗时: 0.06997s
2026-06-01 14:30:02,255 - baseAutoHttp.py - INFO - 响应JSON: {'data': [{'empNumber': 5, 'lastName': 'Doe', 'firstName': 'John', 'middleName': '', 'employeeId': '1001', 'terminationId': None, 'jobTitle': {'id': None, 'title': None, 'isDeleted': None}, 'subunit': {'id': None, 'name': None}, 'empStatus': {'id': None, 'name': None}, 'supervisors': []}], 'meta': {'total': 1}, 'rels': []}
2026-06-01 14:30:02,255 - baseAutoHttp.py - INFO - 【03查询员工页面:select_query】接口调用结束

2026-06-01 14:30:02,255 - test_web_ohrm.py - INFO - ☑️【指定查询用例】执行完毕
2026-06-01 14:30:02,261 - baseUtils.py - INFO - 配置文件读取成功：E:\develop\PythonProject\OrangeHRM\Config\配置文件.ini
2026-06-01 14:30:02,262 - baseAutoHttp.py - INFO - 【03查询员工页面:select_query】接口调用开始
2026-06-01 14:30:02,264 - baseData.py - INFO - 动态参数替换成功：{'employeeId': '9999'}
2026-06-01 14:30:02,264 - baseAutoHttp.py - INFO - 请求方式: GET
2026-06-01 14:30:02,264 - baseAutoHttp.py - INFO - 请求地址: http://127.0.0.1:8080/web/index.php/api/v2/pim/employees
2026-06-01 14:30:02,264 - baseAutoHttp.py - INFO - 请求头: {'User-Agent': 'Mozilla/5.0 (Windows NT 10.0; Win64; x64) AppleWebKit/537.36 (KHTML, like Gecko) Chrome/148.0.0.0 Safari/537.36', 'Referer': 'http://127.0.0.1:8080/web/index.php/pim/viewEmployeeList'}
2026-06-01 14:30:02,264 - baseAutoHttp.py - INFO - 请求参数: params={'limit': '50', 'offset': '0', 'model': 'detailed', 'employeeId': '9999', 'includeEmployees': 'onlyCurrent', 'sortField': 'employee.firstName', 'sortOrder': 'ASC'} | data=None | json=None
2026-06-01 14:30:02,343 - baseAutoHttp.py - INFO - 响应状态码: 200
2026-06-01 14:30:02,343 - baseAutoHttp.py - INFO - 响应耗时: 0.078308s
2026-06-01 14:30:02,344 - baseAutoHttp.py - INFO - 响应JSON: {'data': [], 'meta': {'total': 0}, 'rels': []}
2026-06-01 14:30:02,344 - baseAutoHttp.py - INFO - 【03查询员工页面:select_query】接口调用结束

2026-06-01 14:30:02,344 - test_web_ohrm.py - INFO - ☑️【指定查询用例】执行完毕
2026-06-01 14:30:02,350 - baseUtils.py - INFO - 配置文件读取成功：E:\develop\PythonProject\OrangeHRM\Config\配置文件.ini
2026-06-01 14:30:02,358 - baseDB.py - INFO - ✅ MySQL 数据库连接成功
2026-06-01 14:30:02,360 - baseAutoHttp.py - INFO - 【04更新员工:update_employee】接口调用开始
2026-06-01 14:30:02,362 - baseData.py - INFO - 动态参数替换成功：{'firstName': 'John', 'lastName': 'Doe', 'employeeId': '1001'}
2026-06-01 14:30:02,362 - baseAutoHttp.py - INFO - 请求方式: PUT
2026-06-01 14:30:02,362 - baseAutoHttp.py - INFO - 请求地址: http://127.0.0.1:8080/web/index.php/api/v2/pim/employees/5/personal-details
2026-06-01 14:30:02,362 - baseAutoHttp.py - INFO - 请求头: {'User-Agent': 'Mozilla/5.0 (Windows NT 10.0; Win64; x64) AppleWebKit/537.36 (KHTML, like Gecko) Chrome/148.0.0.0 Safari/537.36', 'Content-Type': 'application/json', 'Referer': 'http://127.0.0.1:8080/web/index.php/pim/viewPersonalDetails/empNumber/5', 'Origin': 'http://127.0.0.1:8080'}
2026-06-01 14:30:02,362 - baseAutoHttp.py - INFO - 请求参数: params=None | data=None | json={'birthday': None, 'drivingLicenseExpiredDate': None, 'drivingLicenseNo': None, 'employeeId': '1001', 'firstName': 'John', 'gender': None, 'lastName': 'Doe', 'middleName': None, 'otherId': None}
2026-06-01 14:30:02,435 - baseAutoHttp.py - INFO - 响应状态码: 500
2026-06-01 14:30:02,436 - baseAutoHttp.py - INFO - 响应耗时: 0.072575s
2026-06-01 14:30:02,436 - baseAutoHttp.py - INFO - 响应JSON: {'error': {'status': '500', 'message': 'Unexpected Error Occurred'}}
2026-06-01 14:30:02,436 - baseAutoHttp.py - INFO - 【04更新员工:update_employee】接口调用结束

2026-06-01 14:30:02,452 - baseDB.py - INFO - ✅ MySQL 数据库连接成功
2026-06-01 14:30:02,454 - baseDB.py - INFO - ✅ MySQL 执行成功，事务已提交
2026-06-01 14:30:02,455 - baseDB.py - INFO - 🔌 MySQL 连接已关闭
2026-06-01 14:30:02,461 - baseDB.py - INFO - ✅ MySQL 数据库连接成功
2026-06-01 14:30:02,475 - baseUtils.py - INFO - 配置文件读取成功：E:\develop\PythonProject\OrangeHRM\Config\配置文件.ini
2026-06-01 14:30:02,476 - baseUtils.py - INFO - 配置文件读取成功：E:\develop\PythonProject\OrangeHRM\Config\配置文件.ini
2026-06-01 14:30:02,476 - baseAutoHttp.py - INFO - 【03查询员工页面:select_query】接口调用开始
2026-06-01 14:30:02,478 - baseData.py - INFO - 动态参数替换成功：{'employeeId': '0004'}
2026-06-01 14:30:02,478 - baseAutoHttp.py - INFO - 请求方式: GET
2026-06-01 14:30:02,478 - baseAutoHttp.py - INFO - 请求地址: http://127.0.0.1:8080/web/index.php/api/v2/pim/employees
2026-06-01 14:30:02,479 - baseAutoHttp.py - INFO - 请求头: {'User-Agent': 'Mozilla/5.0 (Windows NT 10.0; Win64; x64) AppleWebKit/537.36 (KHTML, like Gecko) Chrome/148.0.0.0 Safari/537.36', 'Referer': 'http://127.0.0.1:8080/web/index.php/pim/viewEmployeeList'}
2026-06-01 14:30:02,479 - baseAutoHttp.py - INFO - 请求参数: params={'limit': '50', 'offset': '0', 'model': 'detailed', 'employeeId': '0004', 'includeEmployees': 'onlyCurrent', 'sortField': 'employee.firstName', 'sortOrder': 'ASC'} | data=None | json=None
2026-06-01 14:30:02,546 - baseAutoHttp.py - INFO - 响应状态码: 200
2026-06-01 14:30:02,546 - baseAutoHttp.py - INFO - 响应耗时: 0.066348s
2026-06-01 14:30:02,546 - baseAutoHttp.py - INFO - 响应JSON: {'data': [], 'meta': {'total': 0}, 'rels': []}
2026-06-01 14:30:02,546 - baseAutoHttp.py - INFO - 【03查询员工页面:select_query】接口调用结束

2026-06-01 14:30:02,576 - baseDB.py - INFO - ✅ MySQL 数据库连接成功
2026-06-01 14:30:02,591 - baseUtils.py - INFO - 配置文件读取成功：E:\develop\PythonProject\OrangeHRM\Config\配置文件.ini
2026-06-01 14:30:02,592 - baseUtils.py - INFO - 配置文件读取成功：E:\develop\PythonProject\OrangeHRM\Config\配置文件.ini
2026-06-01 14:30:02,593 - baseAutoHttp.py - INFO - 【03查询员工页面:select_query】接口调用开始
2026-06-01 14:30:02,595 - baseData.py - INFO - 动态参数替换成功：{'employeeId': '9999'}
2026-06-01 14:30:02,595 - baseAutoHttp.py - INFO - 请求方式: GET
2026-06-01 14:30:02,595 - baseAutoHttp.py - INFO - 请求地址: http://127.0.0.1:8080/web/index.php/api/v2/pim/employees
2026-06-01 14:30:02,595 - baseAutoHttp.py - INFO - 请求头: {'User-Agent': 'Mozilla/5.0 (Windows NT 10.0; Win64; x64) AppleWebKit/537.36 (KHTML, like Gecko) Chrome/148.0.0.0 Safari/537.36', 'Referer': 'http://127.0.0.1:8080/web/index.php/pim/viewEmployeeList'}
2026-06-01 14:30:02,595 - baseAutoHttp.py - INFO - 请求参数: params={'limit': '50', 'offset': '0', 'model': 'detailed', 'employeeId': '9999', 'includeEmployees': 'onlyCurrent', 'sortField': 'employee.firstName', 'sortOrder': 'ASC'} | data=None | json=None
2026-06-01 14:30:02,668 - baseAutoHttp.py - INFO - 响应状态码: 200
2026-06-01 14:30:02,668 - baseAutoHttp.py - INFO - 响应耗时: 0.071814s
2026-06-01 14:30:02,668 - baseAutoHttp.py - INFO - 响应JSON: {'data': [], 'meta': {'total': 0}, 'rels': []}
2026-06-01 14:30:02,668 - baseAutoHttp.py - INFO - 【03查询员工页面:select_query】接口调用结束

2026-06-01 14:30:02,684 - baseDB.py - INFO - ✅ MySQL 数据库连接成功
2026-06-01 14:30:02,687 - test_web_ohrm.py - INFO - ☑️【删除员工】用例执行成功
2026-06-01 14:30:02,694 - baseUtils.py - INFO - 配置文件读取成功：E:\develop\PythonProject\OrangeHRM\Config\配置文件.ini
2026-06-01 14:30:02,695 - baseAutoHttp.py - INFO - 【06未登录访问员工接口:employee】接口调用开始
2026-06-01 14:30:02,696 - baseAutoHttp.py - INFO - 请求方式: GET
2026-06-01 14:30:02,696 - baseAutoHttp.py - INFO - 请求地址: http://127.0.0.1:8080/web/index.php/pim/viewEmployeeList
2026-06-01 14:30:02,696 - baseAutoHttp.py - INFO - 请求头: {'User-Agent': 'Mozilla/5.0 (Windows NT 10.0; Win64; x64) AppleWebKit/537.36 (KHTML, like Gecko) Chrome/148.0.0.0 Safari/537.36'}
2026-06-01 14:30:02,696 - baseAutoHttp.py - INFO - 请求参数: params={'includeEmployees': 'onlyCurrent', 'limit': '50', 'model': 'detailed', 'offset': '0', 'sortField': 'employee.firstName', 'sortOrder': 'ASC'} | data=None | json=None
2026-06-01 14:30:02,748 - baseAutoHttp.py - INFO - 响应状态码: 302
2026-06-01 14:30:02,748 - baseAutoHttp.py - INFO - 响应耗时: 0.049751s
2026-06-01 14:30:02,748 - baseAutoHttp.py - INFO - 响应文本: <!DOCTYPE html>
<html>
    <head>
        <meta charset="UTF-8" />
        <meta http-equiv="refresh" content="0;url='http://127.0.0.1:8080/web/index.php/auth/login'" />

        <title>Redirecting to http://127.0.0.1:8080/web/index.php/auth/login</title>
    </head>
    <body>
        Redirecting to <a href="http://127.0.0.1:8080/web/index.php/auth/login">http://127.0.0.1:8080/web/index.php/auth/login</a>.
    </body>
</html>
2026-06-01 14:30:02,748 - baseAutoHttp.py - INFO - 【06未登录访问员工接口:employee】接口调用结束

2026-06-01 14:30:03,133 - baseUtils.py - INFO - 配置文件读取成功：E:\develop\PythonProject\OrangeHRM\Config\配置文件.ini
2026-06-01 14:30:03,134 - baseAutoHttp.py - INFO - 【07非管理员登录:employee_login】接口调用开始
2026-06-01 14:30:03,135 - baseData.py - INFO - 动态参数替换成功：{'firstName': 'cc', 'lastName': 'dd', 'employeeId': '1010'}
2026-06-01 14:30:03,135 - baseAutoHttp.py - INFO - 请求方式: POST
2026-06-01 14:30:03,135 - baseAutoHttp.py - INFO - 请求地址: http://127.0.0.1:8080/web/index.php/api/v2/pim/employees
2026-06-01 14:30:03,135 - baseAutoHttp.py - INFO - 请求头: {'User-Agent': 'Mozilla/5.0 (Windows NT 10.0; Win64; x64) AppleWebKit/537.36 (KHTML, like Gecko) Chrome/148.0.0.0 Safari/537.36', 'Content-Type': 'application/json', 'Origin': 'http://127.0.0.1:8080', 'Referer': 'http://127.0.0.1:8080/web/index.php/pim/addEmployee'}
2026-06-01 14:30:03,135 - baseAutoHttp.py - INFO - 请求参数: params=None | data=None | json={'employeeId': '1010', 'empPicture': None, 'firstName': 'cc', 'lastName': 'dd', 'middleName': None}
2026-06-01 14:30:03,193 - baseAutoHttp.py - INFO - 响应状态码: 403
2026-06-01 14:30:03,193 - baseAutoHttp.py - INFO - 响应耗时: 0.056343s
2026-06-01 14:30:03,193 - baseAutoHttp.py - INFO - 响应JSON: {'error': {'status': 403, 'message': 'Unauthorized'}}
2026-06-01 14:30:03,193 - baseAutoHttp.py - INFO - 【07非管理员登录:employee_login】接口调用结束

2026-06-01 14:30:03,193 - test_web_ohrm.py - INFO - ☑️【非管理员账号操作员工】用例执行成功
2026-06-01 14:30:03,399 - runClient.py - WARNING - ⚠️ 未找到用例文件，执行项目全量用例
2026-06-01 14:30:03,436 - baseUtils.py - INFO - 配置文件读取成功：E:\develop\PythonProject\OrangeHRM\Config\配置文件.ini
2026-06-01 14:30:03,479 - baseUtils.py - INFO - 配置文件读取成功：E:\develop\PythonProject\OrangeHRM\Config\配置文件.ini
2026-06-01 14:30:03,529 - baseAutoHttp.py - INFO - 【01登录页面接口信息:login_api】接口调用开始
2026-06-01 14:30:03,538 - baseData.py - INFO - 动态参数替换成功：{'_token': 'dae2a.JBkjrjGqMJIl6loLSmwIt0hAAiFLqZ03t854MslXVRk.Fy5L41j7AKsX0xNZAwp4zi0ETmYkzsVigrwLdo0fMHJOK3L7V-t2-nWfCw', 'username': 'admin', 'password': 'Keepmoving624.'}
2026-06-01 14:30:03,541 - baseAutoHttp.py - INFO - 请求方式: POST
2026-06-01 14:30:03,544 - baseAutoHttp.py - INFO - 请求地址: http://127.0.0.1:8080/web/index.php/auth/validate
2026-06-01 14:30:03,546 - baseAutoHttp.py - INFO - 请求头: {'User-Agent': 'Mozilla/5.0 (Windows NT 10.0; Win64; x64) AppleWebKit/537.36 (KHTML, like Gecko) Chrome/148.0.0.0 Safari/537.36', 'Content-Type': 'application/x-www-form-urlencoded'}
2026-06-01 14:30:03,548 - baseAutoHttp.py - INFO - 请求参数: params=None | data={'_token': 'dae2a.JBkjrjGqMJIl6loLSmwIt0hAAiFLqZ03t854MslXVRk.Fy5L41j7AKsX0xNZAwp4zi0ETmYkzsVigrwLdo0fMHJOK3L7V-t2-nWfCw', 'username': 'admin', 'password': 'Keepmoving624.'} | json=None
2026-06-01 14:30:03,921 - baseAutoHttp.py - INFO - 响应状态码: 200
2026-06-01 14:30:03,923 - baseAutoHttp.py - INFO - 响应耗时: 0.077372s
2026-06-01 14:30:03,926 - baseAutoHttp.py - INFO - 响应文本: <!DOCTYPE html>
<html>
<head>
  <meta charset="UTF-8">
  <meta http-equiv="X-UA-Compatible" content="IE=edge">
  <meta name="viewport" content="width=device-width,initial-scale=1">
  <title>OrangeHRM</title>
    <link rel="icon" href="/web/dist/favicon.ico?v=1775433284510">
  <link href="/web/dist/css/chunk-vendors.css?v=1775433284510" rel="preload" as="style">
  <link href="/web/dist/css/app.css?v=1775433284510" rel="preload" as="style">
  <link href="/web/dist/js/chunk-vendors.js?v=1775433284510" rel="preload" as="script">
  <link href="/web/dist/js/app.js?v=1775433284510" rel="preload" as="script">
    <link href="/web/dist/css/chunk-vendors.css?v=1775433284510" rel="stylesheet"/>
  <link href="/web/dist/css/app.css?v=1775433284510" rel="stylesheet"/>
</head>
<body>
  <style>
    :root {
            --oxd-primary-one-color:#FF7B1D;
            --oxd-primary-font-color:#FFFFFF;
            --oxd-secondary-four-color:#76BC21;
            --oxd-secondary-font-color:#FFFFFF;
            --oxd-primary-gradient-start-color:#FF920B;
            --oxd-primary-gradient-end-color:#F35C17;
            --oxd-secondary-gradient-start-color:#FF920B;
            --oxd-secondary-gradient-end-color:#F35C17;
            --oxd-primary-one-lighten-5-color:#ff8a37;
            --oxd-primary-one-lighten-30-color:#ffd4b6;
            --oxd-primary-one-darken-5-color:#ff6c03;
            --oxd-primary-one-alpha-10-color:rgba(255, 123, 29, 0.1);
            --oxd-primary-one-alpha-15-color:rgba(255, 123, 29, 0.15);
            --oxd-primary-one-alpha-20-color:rgba(255, 123, 29, 0.2);
            --oxd-primary-one-alpha-50-color:rgba(255, 123, 29, 0.5);
            --oxd-secondary-four-lighten-5-color:#84d225;
            --oxd-secondary-four-darken-5-color:#68a61d;
            --oxd-secondary-four-alpha-10-color:rgba(118, 188, 33, 0.1);
            --oxd-secondary-four-alpha-15-color:rgba(118, 188, 33, 0.15);
            --oxd-secondary-four-alpha-20-color:rgba(118, 188, 33, 0.2);
            --oxd-secondary-four-alpha-50-color:rgba(118, 188, 33, 0.5);
        }
  </style>
  <noscript>
    <strong>
      We're sorry but orangehrm doesn't work properly without JavaScript enabled. Please enable it to continue.
    </strong>
  </noscript>

  <div id="app">
    <oxd-layout
        home-url="https://www.orangehrm.com/"
        :sidepanel-menu-items="[{&quot;id&quot;:1,&quot;name&quot;:&quot;\u7ba1\u7406\u5458&quot;,&quot;url&quot;:&quot;\/web\/index.php\/admin\/viewAdminModule&quot;,&quot;icon&quot;:&quot;admin&quot;},{&quot;id&quot;:30,&quot;name&quot;:&quot;\u4e2a\u4eba\u4fe1\u606f\u7ba1\u7406\u7cfb\u7edf&quot;,&quot;url&quot;:&quot;\/web\/index.php\/pim\/viewPimModule&quot;,&quot;icon&quot;:&quot;pim&quot;},{&quot;id&quot;:41,&quot;name&quot;:&quot;\u4f11\u5047&quot;,&quot;url&quot;:&quot;\/web\/index.php\/leave\/viewLeaveModule&quot;,&quot;icon&quot;:&quot;leave&quot;},{&quot;id&quot;:52,&quot;name&quot;:&quot;\u65f6\u95f4&quot;,&quot;url&quot;:&quot;\/web\/index.php\/time\/viewTimeModule&quot;,&quot;icon&quot;:&quot;time&quot;},{&quot;id&quot;:65,&quot;name&quot;:&quot;\u62db\u8058&quot;,&quot;url&quot;:&quot;\/web\/index.php\/recruitment\/viewRecruitmentModule&quot;,&quot;icon&quot;:&quot;recruitment&quot;},{&quot;id&quot;:40,&quot;name&quot;:&quot;\u6211\u7684\u4fe1\u606f&quot;,&quot;url&quot;:&quot;\/web\/index.php\/pim\/viewMyDetails&quot;,&quot;icon&quot;:&quot;myinfo&quot;},{&quot;id&quot;:83,&quot;name&quot;:&quot;\u7ee9\u6548&quot;,&quot;url&quot;:&quot;\/web\/index.php\/performance\/viewPerformanceModule&quot;,&quot;icon&quot;:&quot;performance&quot;},{&quot;id&quot;:82,&quot;name&quot;:&quot;\u4eea\u8868\u76d8&quot;,&quot;url&quot;:&quot;\/web\/index.php\/dashboard\/index&quot;,&quot;icon&quot;:&quot;dashboard&quot;,&quot;active&quot;:true},{&quot;id&quot;:93,&quot;name&quot;:&quot;Directory&quot;,&quot;url&quot;:&quot;\/web\/index.php\/directory\/viewDirectory&quot;,&quot;icon&quot;:&quot;directory&quot;},{&quot;id&quot;:96,&quot;name&quot;:&quot;Maintenance&quot;,&quot;url&quot;:&quot;\/web\/index.php\/maintenance\/viewMaintenanceModule&quot;,&quot;icon&quot;:&quot;maintenance&quot;},{&quot;id&quot;:105,&quot;name&quot;:&quot;Claim&quot;,&quot;url&quot;:&quot;\/web\/index.php\/claim\/viewClaimModule&quot;,&quot;icon&quot;:&quot;claim&quot;},{&quot;id&quot;:101,&quot;name&quot;:&quot;\u6fc0\u52a8&quot;,&quot;url&quot;:&quot;\/web\/index.php\/buzz\/viewBuzz&quot;,&quot;icon&quot;:&quot;buzz&quot;}]"
        :topbar-menu-items="[]"
        :user="{&quot;firstName&quot;:&quot;\u8c22&quot;,&quot;lastName&quot;:&quot;\u5b89&quot;,&quot;profImgSrc&quot;:&quot;\/web\/index.php\/pim\/viewPhoto\/empNumber\/1&quot;,&quot;hasPassword&quot;:true}"
        brand-logo-src="/web/images/orange.png?v=1775433284510"
        brand-banner-src="/web/images/orangehrm-logo.png?v=1775433284510"
        logout-url="/web/index.php/auth/logout"
        support-url="/web/index.php/help/support"
        :update-password-url="&quot;/web/index.php/pim/updatePassword&quot;"
        :permissions="{&quot;dashboard_buzz_widget&quot;:{&quot;canRead&quot;:true,&quot;canCreate&quot;:false,&quot;canUpdate&quot;:false,&quot;canDelete&quot;:false},&quot;dashboard_employees_on_leave_today_config&quot;:{&quot;canRead&quot;:true,&quot;canCreate&quot;:false,&quot;canUpdate&quot;:true,&quot;canDelete&quot;:false},&quot;dashboard_leave_widget&quot;:{&quot;canRead&quot;:true,&quot;canCreate&quot;:false,&quot;canUpdate&quot;:false,&quot;canDelete&quot;:false},&quot;dashboard_location_widget&quot;:{&quot;canRead&quot;:true,&quot;canCreate&quot;:false,&quot;canUpdate&quot;:false,&quot;canDelete&quot;:false},&quot;dashboard_subunit_widget&quot;:{&quot;canRead&quot;:true,&quot;canCreate&quot;:false,&quot;canUpdate&quot;:false,&quot;canDelete&quot;:false},&quot;dashboard_time_widget&quot;:{&quot;canRead&quot;:true,&quot;canCreate&quot;:false,&quot;canUpdate&quot;:false,&quot;canDelete&quot;:false}}"
        :breadcrumb="{&quot;moduleName&quot;:&quot;\u4eea\u8868\u76d8&quot;,&quot;level&quot;:null}"
        :date-format="{&quot;id&quot;:&quot;Y-m-d&quot;,&quot;label&quot;:&quot;yyyy-mm-dd&quot;}"
        help-url="/web/index.php/help/help?label=dashboard_index"
        :show-upgrade="1"
    >
      <view-dashboard
            >
    </view-dashboard>
    <template v-slot:footer><oxd-text tag="p" class="orangehrm-copyright">OrangeHRM OS 5.8.1</oxd-text>
<oxd-text tag="p" class="orangehrm-copyright">&copy; 2005 - 2026 <a href="http://www.orangehrm.com" target="_blank">OrangeHRM, Inc</a>. All rights reserved.</oxd-text>
<br></template>
    </oxd-layout>
  </div>
  <script type="text/javascript">
      window.appGlobal = {
        baseUrl: "/web/index.php",
        publicPath: "/web",
      };
  </script>
  <script src="/web/dist/js/chunk-vendors.js?v=1775433284510"></script>
  <script src="/web/dist/js/app.js?v=1775433284510"></script>
</body>
</html>

2026-06-01 14:30:03,929 - baseAutoHttp.py - INFO - 【01登录页面接口信息:login_api】接口调用结束

2026-06-01 14:30:03,931 - web_login_page.py - INFO - 【管理员正常登录】断言成功
2026-06-01 14:30:03,933 - baseAutoHttp.py - INFO - 接口会话已关闭
2026-06-01 14:30:03,935 - test_web_ohrm.py - INFO - 【管理员正常登录】用例执行成功
2026-06-01 14:30:03,941 - baseUtils.py - INFO - 配置文件读取成功：E:\develop\PythonProject\OrangeHRM\Config\配置文件.ini
2026-06-01 14:30:03,989 - baseAutoHttp.py - INFO - 【02登录页面未携带token:login_not_token_api】接口调用开始
2026-06-01 14:30:03,992 - baseData.py - INFO - 动态参数替换成功：{'username': 'admin', 'password': 'Keepmoving624.'}
2026-06-01 14:30:03,995 - baseAutoHttp.py - INFO - 请求方式: POST
2026-06-01 14:30:03,997 - baseAutoHttp.py - INFO - 请求地址: http://127.0.0.1:8080/web/index.php/auth/validate
2026-06-01 14:30:03,999 - baseAutoHttp.py - INFO - 请求头: {'User-Agent': 'Mozilla/5.0 (Windows NT 10.0; Win64; x64) AppleWebKit/537.36 (KHTML, like Gecko) Chrome/148.0.0.0 Safari/537.36', 'Content-Type': 'application/x-www-form-urlencoded'}
2026-06-01 14:30:04,001 - baseAutoHttp.py - INFO - 请求参数: params=None | data={'username': 'admin', 'password': 'Keepmoving624.'} | json=None
2026-06-01 14:30:04,135 - baseAutoHttp.py - INFO - 响应状态码: 200
2026-06-01 14:30:04,137 - baseAutoHttp.py - INFO - 响应耗时: 0.069886s
2026-06-01 14:30:04,139 - baseAutoHttp.py - INFO - 响应文本: <!DOCTYPE html>
<html>
<head>
  <meta charset="UTF-8">
  <meta http-equiv="X-UA-Compatible" content="IE=edge">
  <meta name="viewport" content="width=device-width,initial-scale=1">
  <title>OrangeHRM</title>
      <link rel="icon" href="/web/dist/favicon.ico?v=1775433284510">
    <link href="/web/dist/css/chunk-vendors.css?v=1775433284510" rel="preload" as="style">
    <link href="/web/dist/css/app.css?v=1775433284510" rel="preload" as="style">
    <link href="/web/dist/js/chunk-vendors.js?v=1775433284510" rel="preload" as="script">
    <link href="/web/dist/js/app.js?v=1775433284510" rel="preload" as="script">
      <link href="/web/dist/css/chunk-vendors.css?v=1775433284510" rel="stylesheet"/>
    <link href="/web/dist/css/app.css?v=1775433284510" rel="stylesheet"/>
</head>
<body>
  <style>
    :root {
            --oxd-primary-one-color:#FF7B1D;
            --oxd-primary-font-color:#FFFFFF;
            --oxd-secondary-four-color:#76BC21;
            --oxd-secondary-font-color:#FFFFFF;
            --oxd-primary-gradient-start-color:#FF920B;
            --oxd-primary-gradient-end-color:#F35C17;
            --oxd-secondary-gradient-start-color:#FF920B;
            --oxd-secondary-gradient-end-color:#F35C17;
            --oxd-primary-one-lighten-5-color:#ff8a37;
            --oxd-primary-one-lighten-30-color:#ffd4b6;
            --oxd-primary-one-darken-5-color:#ff6c03;
            --oxd-primary-one-alpha-10-color:rgba(255, 123, 29, 0.1);
            --oxd-primary-one-alpha-15-color:rgba(255, 123, 29, 0.15);
            --oxd-primary-one-alpha-20-color:rgba(255, 123, 29, 0.2);
            --oxd-primary-one-alpha-50-color:rgba(255, 123, 29, 0.5);
            --oxd-secondary-four-lighten-5-color:#84d225;
            --oxd-secondary-four-darken-5-color:#68a61d;
            --oxd-secondary-four-alpha-10-color:rgba(118, 188, 33, 0.1);
            --oxd-secondary-four-alpha-15-color:rgba(118, 188, 33, 0.15);
            --oxd-secondary-four-alpha-20-color:rgba(118, 188, 33, 0.2);
            --oxd-secondary-four-alpha-50-color:rgba(118, 188, 33, 0.5);
        }
  </style>
    <noscript>
        <strong>
            We're sorry but orangehrm doesn't work properly without JavaScript enabled. Please enable it to continue.
        </strong>
    </noscript>

    <div id="app">
    <auth-login
            :error="{&quot;error&quot;:&quot;invalid_csrf_token&quot;,&quot;message&quot;:&quot;CSRF token validation failed&quot;}"
            :token="&quot;ce969c3dfdc15e8af5c961f0bff31.PBRFwj6fbYWUpxXFg5uav3sBHvowfDFEqdjImsmrfRI.RXwKrV3QW-D7_mLo-qrR8i80TplEGWYA8ZW48oXoCE1WZTLzWfxa0P3GRA&quot;"
            :login-logo-src="&quot;\/web\/images\/ohrm_logo.png&quot;"
            :login-banner-src="&quot;\/web\/images\/ohrm_branding.png?v=1775433284510&quot;"
            :show-social-media="true"
            :is-demo-mode="false"
            :authenticators="[]"
        >
    <template v-slot:footer>
        <div class="orangehrm-copyright-wrapper">
            <oxd-text tag="p" class="orangehrm-copyright">OrangeHRM OS 5.8.1</oxd-text>
<oxd-text tag="p" class="orangehrm-copyright">&copy; 2005 - 2026 <a href="http://www.orangehrm.com" target="_blank">OrangeHRM, Inc</a>. All rights reserved.</oxd-text>
        </div>
    </template>
    </auth-login>
    </div>
    <script type="text/javascript">
        window.appGlobal = {
          baseUrl: "/web/index.php",
          publicPath: "/web",
        };
    </script>
    <script src="/web/dist/js/chunk-vendors.js?v=1775433284510"></script>
    <script src="/web/dist/js/app.js?v=1775433284510"></script>
</body>
</html>

2026-06-01 14:30:04,141 - baseAutoHttp.py - INFO - 【02登录页面未携带token:login_not_token_api】接口调用结束

2026-06-01 14:30:04,143 - web_login_page.py - INFO - 【未携带CSRF令牌】断言成功
2026-06-01 14:30:04,146 - baseAutoHttp.py - INFO - 接口会话已关闭
2026-06-01 14:30:04,148 - test_web_ohrm.py - INFO - 【未携带CSRF令牌】用例执行成功
2026-06-01 14:30:04,154 - baseUtils.py - INFO - 配置文件读取成功：E:\develop\PythonProject\OrangeHRM\Config\配置文件.ini
2026-06-01 14:30:04,245 - baseAutoHttp.py - INFO - 【01登录页面接口信息:login_api】接口调用开始
2026-06-01 14:30:04,248 - baseData.py - INFO - 动态参数替换成功：{'_token': '284.wkLHYBMFqtbqQb1gX5-i7eDjsQLEta-_a8S9FUPmRqE.j3qkUmFs5p7HHuImbPPln6ibxnCmwNXLXOnMbW7QFcqAM-oOQm364aU4jQ', 'username': 'admin', 'password': 'Keepmoving624.'}
2026-06-01 14:30:04,251 - baseAutoHttp.py - INFO - 请求方式: POST
2026-06-01 14:30:04,253 - baseAutoHttp.py - INFO - 请求地址: http://127.0.0.1:8080/web/index.php/auth/validate
2026-06-01 14:30:04,255 - baseAutoHttp.py - INFO - 请求头: {'User-Agent': 'Mozilla/5.0 (Windows NT 10.0; Win64; x64) AppleWebKit/537.36 (KHTML, like Gecko) Chrome/148.0.0.0 Safari/537.36', 'Content-Type': 'application/x-www-form-urlencoded'}
2026-06-01 14:30:04,256 - baseAutoHttp.py - INFO - 请求参数: params=None | data={'_token': '284.wkLHYBMFqtbqQb1gX5-i7eDjsQLEta-_a8S9FUPmRqE.j3qkUmFs5p7HHuImbPPln6ibxnCmwNXLXOnMbW7QFcqAM-oOQm364aU4jQ', 'username': 'admin', 'password': 'Keepmoving624.'} | json=None
2026-06-01 14:30:04,358 - baseAutoHttp.py - INFO - 响应状态码: 200
2026-06-01 14:30:04,361 - baseAutoHttp.py - INFO - 响应耗时: 0.045071s
2026-06-01 14:30:04,363 - baseAutoHttp.py - INFO - 响应文本: <!DOCTYPE html>
<html>
<head>
  <meta charset="UTF-8">
  <meta http-equiv="X-UA-Compatible" content="IE=edge">
  <meta name="viewport" content="width=device-width,initial-scale=1">
  <title>OrangeHRM</title>
      <link rel="icon" href="/web/dist/favicon.ico?v=1775433284510">
    <link href="/web/dist/css/chunk-vendors.css?v=1775433284510" rel="preload" as="style">
    <link href="/web/dist/css/app.css?v=1775433284510" rel="preload" as="style">
    <link href="/web/dist/js/chunk-vendors.js?v=1775433284510" rel="preload" as="script">
    <link href="/web/dist/js/app.js?v=1775433284510" rel="preload" as="script">
      <link href="/web/dist/css/chunk-vendors.css?v=1775433284510" rel="stylesheet"/>
    <link href="/web/dist/css/app.css?v=1775433284510" rel="stylesheet"/>
</head>
<body>
  <style>
    :root {
            --oxd-primary-one-color:#FF7B1D;
            --oxd-primary-font-color:#FFFFFF;
            --oxd-secondary-four-color:#76BC21;
            --oxd-secondary-font-color:#FFFFFF;
            --oxd-primary-gradient-start-color:#FF920B;
            --oxd-primary-gradient-end-color:#F35C17;
            --oxd-secondary-gradient-start-color:#FF920B;
            --oxd-secondary-gradient-end-color:#F35C17;
            --oxd-primary-one-lighten-5-color:#ff8a37;
            --oxd-primary-one-lighten-30-color:#ffd4b6;
            --oxd-primary-one-darken-5-color:#ff6c03;
            --oxd-primary-one-alpha-10-color:rgba(255, 123, 29, 0.1);
            --oxd-primary-one-alpha-15-color:rgba(255, 123, 29, 0.15);
            --oxd-primary-one-alpha-20-color:rgba(255, 123, 29, 0.2);
            --oxd-primary-one-alpha-50-color:rgba(255, 123, 29, 0.5);
            --oxd-secondary-four-lighten-5-color:#84d225;
            --oxd-secondary-four-darken-5-color:#68a61d;
            --oxd-secondary-four-alpha-10-color:rgba(118, 188, 33, 0.1);
            --oxd-secondary-four-alpha-15-color:rgba(118, 188, 33, 0.15);
            --oxd-secondary-four-alpha-20-color:rgba(118, 188, 33, 0.2);
            --oxd-secondary-four-alpha-50-color:rgba(118, 188, 33, 0.5);
        }
  </style>
    <noscript>
        <strong>
            We're sorry but orangehrm doesn't work properly without JavaScript enabled. Please enable it to continue.
        </strong>
    </noscript>

    <div id="app">
    <auth-login
            :error="{&quot;error&quot;:&quot;invalid_csrf_token&quot;,&quot;message&quot;:&quot;CSRF token validation failed&quot;}"
            :token="&quot;9987a948b898c0aef2.EVb1ToBNUhdOtQRfUpP9GkxnfnzjmdrIVU3FLQ5imX4.eziUDcU9Yicr3zJqFMywXRQyHyyGoLe7IgisS0EhoCt6JK0i4R8AdSL7TQ&quot;"
            :login-logo-src="&quot;\/web\/images\/ohrm_logo.png&quot;"
            :login-banner-src="&quot;\/web\/images\/ohrm_branding.png?v=1775433284510&quot;"
            :show-social-media="true"
            :is-demo-mode="false"
            :authenticators="[]"
        >
    <template v-slot:footer>
        <div class="orangehrm-copyright-wrapper">
            <oxd-text tag="p" class="orangehrm-copyright">OrangeHRM OS 5.8.1</oxd-text>
<oxd-text tag="p" class="orangehrm-copyright">&copy; 2005 - 2026 <a href="http://www.orangehrm.com" target="_blank">OrangeHRM, Inc</a>. All rights reserved.</oxd-text>
        </div>
    </template>
    </auth-login>
    </div>
    <script type="text/javascript">
        window.appGlobal = {
          baseUrl: "/web/index.php",
          publicPath: "/web",
        };
    </script>
    <script src="/web/dist/js/chunk-vendors.js?v=1775433284510"></script>
    <script src="/web/dist/js/app.js?v=1775433284510"></script>
</body>
</html>

2026-06-01 14:30:04,365 - baseAutoHttp.py - INFO - 【01登录页面接口信息:login_api】接口调用结束

2026-06-01 14:30:04,367 - web_login_page.py - INFO - 【跨会话使用Token】断言成功
2026-06-01 14:30:04,369 - baseAutoHttp.py - INFO - 接口会话已关闭
2026-06-01 14:30:04,371 - test_web_ohrm.py - INFO - 【携带过期CSRF令牌】用例执行成功
2026-06-01 14:30:04,378 - baseUtils.py - INFO - 配置文件读取成功：E:\develop\PythonProject\OrangeHRM\Config\配置文件.ini
2026-06-01 14:30:04,378 - baseAutoHttp.py - INFO - 【01登录页面接口信息:login_api】接口调用开始
2026-06-01 14:30:04,381 - baseData.py - INFO - 动态参数替换成功：{'_token': 'yJoWSyJ%mzb!8l*ZAohF', 'username': 'admin', 'password': 'Keepmoving624.'}
2026-06-01 14:30:04,383 - baseAutoHttp.py - INFO - 请求方式: POST
2026-06-01 14:30:04,385 - baseAutoHttp.py - INFO - 请求地址: http://127.0.0.1:8080/web/index.php/auth/validate
2026-06-01 14:30:04,387 - baseAutoHttp.py - INFO - 请求头: {'User-Agent': 'Mozilla/5.0 (Windows NT 10.0; Win64; x64) AppleWebKit/537.36 (KHTML, like Gecko) Chrome/148.0.0.0 Safari/537.36', 'Content-Type': 'application/x-www-form-urlencoded'}
2026-06-01 14:30:04,389 - baseAutoHttp.py - INFO - 请求参数: params=None | data={'_token': 'yJoWSyJ%mzb!8l*ZAohF', 'username': 'admin', 'password': 'Keepmoving624.'} | json=None
2026-06-01 14:30:04,492 - baseAutoHttp.py - INFO - 响应状态码: 200
2026-06-01 14:30:04,495 - baseAutoHttp.py - INFO - 响应耗时: 0.062325s
2026-06-01 14:30:04,497 - baseAutoHttp.py - INFO - 响应文本: <!DOCTYPE html>
<html>
<head>
  <meta charset="UTF-8">
  <meta http-equiv="X-UA-Compatible" content="IE=edge">
  <meta name="viewport" content="width=device-width,initial-scale=1">
  <title>OrangeHRM</title>
      <link rel="icon" href="/web/dist/favicon.ico?v=1775433284510">
    <link href="/web/dist/css/chunk-vendors.css?v=1775433284510" rel="preload" as="style">
    <link href="/web/dist/css/app.css?v=1775433284510" rel="preload" as="style">
    <link href="/web/dist/js/chunk-vendors.js?v=1775433284510" rel="preload" as="script">
    <link href="/web/dist/js/app.js?v=1775433284510" rel="preload" as="script">
      <link href="/web/dist/css/chunk-vendors.css?v=1775433284510" rel="stylesheet"/>
    <link href="/web/dist/css/app.css?v=1775433284510" rel="stylesheet"/>
</head>
<body>
  <style>
    :root {
            --oxd-primary-one-color:#FF7B1D;
            --oxd-primary-font-color:#FFFFFF;
            --oxd-secondary-four-color:#76BC21;
            --oxd-secondary-font-color:#FFFFFF;
            --oxd-primary-gradient-start-color:#FF920B;
            --oxd-primary-gradient-end-color:#F35C17;
            --oxd-secondary-gradient-start-color:#FF920B;
            --oxd-secondary-gradient-end-color:#F35C17;
            --oxd-primary-one-lighten-5-color:#ff8a37;
            --oxd-primary-one-lighten-30-color:#ffd4b6;
            --oxd-primary-one-darken-5-color:#ff6c03;
            --oxd-primary-one-alpha-10-color:rgba(255, 123, 29, 0.1);
            --oxd-primary-one-alpha-15-color:rgba(255, 123, 29, 0.15);
            --oxd-primary-one-alpha-20-color:rgba(255, 123, 29, 0.2);
            --oxd-primary-one-alpha-50-color:rgba(255, 123, 29, 0.5);
            --oxd-secondary-four-lighten-5-color:#84d225;
            --oxd-secondary-four-darken-5-color:#68a61d;
            --oxd-secondary-four-alpha-10-color:rgba(118, 188, 33, 0.1);
            --oxd-secondary-four-alpha-15-color:rgba(118, 188, 33, 0.15);
            --oxd-secondary-four-alpha-20-color:rgba(118, 188, 33, 0.2);
            --oxd-secondary-four-alpha-50-color:rgba(118, 188, 33, 0.5);
        }
  </style>
    <noscript>
        <strong>
            We're sorry but orangehrm doesn't work properly without JavaScript enabled. Please enable it to continue.
        </strong>
    </noscript>

    <div id="app">
    <auth-login
            :error="{&quot;error&quot;:&quot;invalid_csrf_token&quot;,&quot;message&quot;:&quot;CSRF token validation failed&quot;}"
            :token="&quot;034.QlAItWOCxe99QK6yzhe3_6qn45_f_16WzDYnTls76Vk.OBZZ9gT7g7ApE5_xmVP0q9_OhaiduhCgiHJhHQFqnDEtOU2YANfz2BYfxQ&quot;"
            :login-logo-src="&quot;\/web\/images\/ohrm_logo.png&quot;"
            :login-banner-src="&quot;\/web\/images\/ohrm_branding.png?v=1775433284510&quot;"
            :show-social-media="true"
            :is-demo-mode="false"
            :authenticators="[]"
        >
    <template v-slot:footer>
        <div class="orangehrm-copyright-wrapper">
            <oxd-text tag="p" class="orangehrm-copyright">OrangeHRM OS 5.8.1</oxd-text>
<oxd-text tag="p" class="orangehrm-copyright">&copy; 2005 - 2026 <a href="http://www.orangehrm.com" target="_blank">OrangeHRM, Inc</a>. All rights reserved.</oxd-text>
        </div>
    </template>
    </auth-login>
    </div>
    <script type="text/javascript">
        window.appGlobal = {
          baseUrl: "/web/index.php",
          publicPath: "/web",
        };
    </script>
    <script src="/web/dist/js/chunk-vendors.js?v=1775433284510"></script>
    <script src="/web/dist/js/app.js?v=1775433284510"></script>
</body>
</html>

2026-06-01 14:30:04,499 - baseAutoHttp.py - INFO - 【01登录页面接口信息:login_api】接口调用结束

2026-06-01 14:30:04,501 - web_login_page.py - INFO - 【携带错误格式Token】断言成功
2026-06-01 14:30:04,503 - baseAutoHttp.py - INFO - 接口会话已关闭
2026-06-01 14:30:04,505 - test_web_ohrm.py - INFO - 【携带错误格式Token】用例执行成功
2026-06-01 14:30:04,511 - baseUtils.py - INFO - 配置文件读取成功：E:\develop\PythonProject\OrangeHRM\Config\配置文件.ini
2026-06-01 14:30:04,557 - baseAutoHttp.py - INFO - 【01登录页面接口信息:login_api】接口调用开始
2026-06-01 14:30:04,561 - baseData.py - INFO - 动态参数替换成功：{'_token': 'd10d28f51e6b5efa56c603bcb8b2ff7.ni8PY_U-wqnWGeJujT1gcvnu8epeOD6mg-7XC1_pv4E.3Fw2C5JZpO67Ydc56A8MFbqXo6EvclTqxbqNPC3Y7Mz6SU4uhGm27IR7pw', 'username': 'wrong', 'password': 'wrong'}
2026-06-01 14:30:04,563 - baseAutoHttp.py - INFO - 请求方式: POST
2026-06-01 14:30:04,565 - baseAutoHttp.py - INFO - 请求地址: http://127.0.0.1:8080/web/index.php/auth/validate
2026-06-01 14:30:04,567 - baseAutoHttp.py - INFO - 请求头: {'User-Agent': 'Mozilla/5.0 (Windows NT 10.0; Win64; x64) AppleWebKit/537.36 (KHTML, like Gecko) Chrome/148.0.0.0 Safari/537.36', 'Content-Type': 'application/x-www-form-urlencoded'}
2026-06-01 14:30:04,569 - baseAutoHttp.py - INFO - 请求参数: params=None | data={'_token': 'd10d28f51e6b5efa56c603bcb8b2ff7.ni8PY_U-wqnWGeJujT1gcvnu8epeOD6mg-7XC1_pv4E.3Fw2C5JZpO67Ydc56A8MFbqXo6EvclTqxbqNPC3Y7Mz6SU4uhGm27IR7pw', 'username': 'wrong', 'password': 'wrong'} | json=None
2026-06-01 14:30:04,656 - baseAutoHttp.py - INFO - 响应状态码: 200
2026-06-01 14:30:04,659 - baseAutoHttp.py - INFO - 响应耗时: 0.043595s
2026-06-01 14:30:04,661 - baseAutoHttp.py - INFO - 响应文本: <!DOCTYPE html>
<html>
<head>
  <meta charset="UTF-8">
  <meta http-equiv="X-UA-Compatible" content="IE=edge">
  <meta name="viewport" content="width=device-width,initial-scale=1">
  <title>OrangeHRM</title>
      <link rel="icon" href="/web/dist/favicon.ico?v=1775433284510">
    <link href="/web/dist/css/chunk-vendors.css?v=1775433284510" rel="preload" as="style">
    <link href="/web/dist/css/app.css?v=1775433284510" rel="preload" as="style">
    <link href="/web/dist/js/chunk-vendors.js?v=1775433284510" rel="preload" as="script">
    <link href="/web/dist/js/app.js?v=1775433284510" rel="preload" as="script">
      <link href="/web/dist/css/chunk-vendors.css?v=1775433284510" rel="stylesheet"/>
    <link href="/web/dist/css/app.css?v=1775433284510" rel="stylesheet"/>
</head>
<body>
  <style>
    :root {
            --oxd-primary-one-color:#FF7B1D;
            --oxd-primary-font-color:#FFFFFF;
            --oxd-secondary-four-color:#76BC21;
            --oxd-secondary-font-color:#FFFFFF;
            --oxd-primary-gradient-start-color:#FF920B;
            --oxd-primary-gradient-end-color:#F35C17;
            --oxd-secondary-gradient-start-color:#FF920B;
            --oxd-secondary-gradient-end-color:#F35C17;
            --oxd-primary-one-lighten-5-color:#ff8a37;
            --oxd-primary-one-lighten-30-color:#ffd4b6;
            --oxd-primary-one-darken-5-color:#ff6c03;
            --oxd-primary-one-alpha-10-color:rgba(255, 123, 29, 0.1);
            --oxd-primary-one-alpha-15-color:rgba(255, 123, 29, 0.15);
            --oxd-primary-one-alpha-20-color:rgba(255, 123, 29, 0.2);
            --oxd-primary-one-alpha-50-color:rgba(255, 123, 29, 0.5);
            --oxd-secondary-four-lighten-5-color:#84d225;
            --oxd-secondary-four-darken-5-color:#68a61d;
            --oxd-secondary-four-alpha-10-color:rgba(118, 188, 33, 0.1);
            --oxd-secondary-four-alpha-15-color:rgba(118, 188, 33, 0.15);
            --oxd-secondary-four-alpha-20-color:rgba(118, 188, 33, 0.2);
            --oxd-secondary-four-alpha-50-color:rgba(118, 188, 33, 0.5);
        }
  </style>
    <noscript>
        <strong>
            We're sorry but orangehrm doesn't work properly without JavaScript enabled. Please enable it to continue.
        </strong>
    </noscript>

    <div id="app">
    <auth-login
            :error="{&quot;error&quot;:&quot;invalid_credentials&quot;,&quot;message&quot;:&quot;Invalid credentials&quot;}"
            :token="&quot;3b134e32e4535350f4.MUZ-4zjbfedO9iF0XnZUx5ozV8XuQMjFVXYDKde-x1o.czVHi1-8G6AjjhQjO0Q4oNlKBY6fCqKJEyJZHqWPlBdVID-uSYwJohyUZA&quot;"
            :login-logo-src="&quot;\/web\/images\/ohrm_logo.png&quot;"
            :login-banner-src="&quot;\/web\/images\/ohrm_branding.png?v=1775433284510&quot;"
            :show-social-media="true"
            :is-demo-mode="false"
            :authenticators="[]"
        >
    <template v-slot:footer>
        <div class="orangehrm-copyright-wrapper">
            <oxd-text tag="p" class="orangehrm-copyright">OrangeHRM OS 5.8.1</oxd-text>
<oxd-text tag="p" class="orangehrm-copyright">&copy; 2005 - 2026 <a href="http://www.orangehrm.com" target="_blank">OrangeHRM, Inc</a>. All rights reserved.</oxd-text>
        </div>
    </template>
    </auth-login>
    </div>
    <script type="text/javascript">
        window.appGlobal = {
          baseUrl: "/web/index.php",
          publicPath: "/web",
        };
    </script>
    <script src="/web/dist/js/chunk-vendors.js?v=1775433284510"></script>
    <script src="/web/dist/js/app.js?v=1775433284510"></script>
</body>
</html>

2026-06-01 14:30:04,663 - baseAutoHttp.py - INFO - 【01登录页面接口信息:login_api】接口调用结束

2026-06-01 14:30:04,665 - web_login_page.py - INFO - 【wrong/wrong】断言成功
2026-06-01 14:30:04,667 - baseAutoHttp.py - INFO - 接口会话已关闭
2026-06-01 14:30:04,669 - test_web_ohrm.py - INFO - 【错误用户名/密码】用例执行成功
2026-06-01 14:30:04,675 - baseUtils.py - INFO - 配置文件读取成功：E:\develop\PythonProject\OrangeHRM\Config\配置文件.ini
2026-06-01 14:30:04,722 - baseAutoHttp.py - INFO - 【01登录页面接口信息:login_api】接口调用开始
2026-06-01 14:30:04,726 - baseData.py - INFO - 动态参数替换成功：{'_token': 'cc3.oovA66sWGfJLohSG_ylTrYAM10oAMV0g_XMo-aFifrE.2NK2rOJAYcIv6kH1zR8Ex-hT4x9IYCtJkgpQydMID-fFzfKi-G5znhH2TQ', 'username': '', 'password': 'Keepmoving624.'}
2026-06-01 14:30:04,728 - baseAutoHttp.py - INFO - 请求方式: POST
2026-06-01 14:30:04,730 - baseAutoHttp.py - INFO - 请求地址: http://127.0.0.1:8080/web/index.php/auth/validate
2026-06-01 14:30:04,732 - baseAutoHttp.py - INFO - 请求头: {'User-Agent': 'Mozilla/5.0 (Windows NT 10.0; Win64; x64) AppleWebKit/537.36 (KHTML, like Gecko) Chrome/148.0.0.0 Safari/537.36', 'Content-Type': 'application/x-www-form-urlencoded'}
2026-06-01 14:30:04,734 - baseAutoHttp.py - INFO - 请求参数: params=None | data={'_token': 'cc3.oovA66sWGfJLohSG_ylTrYAM10oAMV0g_XMo-aFifrE.2NK2rOJAYcIv6kH1zR8Ex-hT4x9IYCtJkgpQydMID-fFzfKi-G5znhH2TQ', 'username': '', 'password': 'Keepmoving624.'} | json=None
2026-06-01 14:30:04,838 - baseAutoHttp.py - INFO - 响应状态码: 200
2026-06-01 14:30:04,841 - baseAutoHttp.py - INFO - 响应耗时: 0.04321s
2026-06-01 14:30:04,843 - baseAutoHttp.py - INFO - 响应文本: <!DOCTYPE html>
<html>
<head>
  <meta charset="UTF-8">
  <meta http-equiv="X-UA-Compatible" content="IE=edge">
  <meta name="viewport" content="width=device-width,initial-scale=1">
  <title>OrangeHRM</title>
      <link rel="icon" href="/web/dist/favicon.ico?v=1775433284510">
    <link href="/web/dist/css/chunk-vendors.css?v=1775433284510" rel="preload" as="style">
    <link href="/web/dist/css/app.css?v=1775433284510" rel="preload" as="style">
    <link href="/web/dist/js/chunk-vendors.js?v=1775433284510" rel="preload" as="script">
    <link href="/web/dist/js/app.js?v=1775433284510" rel="preload" as="script">
      <link href="/web/dist/css/chunk-vendors.css?v=1775433284510" rel="stylesheet"/>
    <link href="/web/dist/css/app.css?v=1775433284510" rel="stylesheet"/>
</head>
<body>
  <style>
    :root {
            --oxd-primary-one-color:#FF7B1D;
            --oxd-primary-font-color:#FFFFFF;
            --oxd-secondary-four-color:#76BC21;
            --oxd-secondary-font-color:#FFFFFF;
            --oxd-primary-gradient-start-color:#FF920B;
            --oxd-primary-gradient-end-color:#F35C17;
            --oxd-secondary-gradient-start-color:#FF920B;
            --oxd-secondary-gradient-end-color:#F35C17;
            --oxd-primary-one-lighten-5-color:#ff8a37;
            --oxd-primary-one-lighten-30-color:#ffd4b6;
            --oxd-primary-one-darken-5-color:#ff6c03;
            --oxd-primary-one-alpha-10-color:rgba(255, 123, 29, 0.1);
            --oxd-primary-one-alpha-15-color:rgba(255, 123, 29, 0.15);
            --oxd-primary-one-alpha-20-color:rgba(255, 123, 29, 0.2);
            --oxd-primary-one-alpha-50-color:rgba(255, 123, 29, 0.5);
            --oxd-secondary-four-lighten-5-color:#84d225;
            --oxd-secondary-four-darken-5-color:#68a61d;
            --oxd-secondary-four-alpha-10-color:rgba(118, 188, 33, 0.1);
            --oxd-secondary-four-alpha-15-color:rgba(118, 188, 33, 0.15);
            --oxd-secondary-four-alpha-20-color:rgba(118, 188, 33, 0.2);
            --oxd-secondary-four-alpha-50-color:rgba(118, 188, 33, 0.5);
        }
  </style>
    <noscript>
        <strong>
            We're sorry but orangehrm doesn't work properly without JavaScript enabled. Please enable it to continue.
        </strong>
    </noscript>

    <div id="app">
    <auth-login
            :error="{&quot;error&quot;:&quot;invalid_credentials&quot;,&quot;message&quot;:&quot;Invalid credentials&quot;}"
            :token="&quot;a7ff095.ZilgTEEMCcBVPQwb6jYp9rSguORazDZh1hbThhP4z6o.HHAWCwhacfAxdVlo2AB-nNz_jLESnUAIuW-rtmGSvvwBb1IFEnRjrA9pVQ&quot;"
            :login-logo-src="&quot;\/web\/images\/ohrm_logo.png&quot;"
            :login-banner-src="&quot;\/web\/images\/ohrm_branding.png?v=1775433284510&quot;"
            :show-social-media="true"
            :is-demo-mode="false"
            :authenticators="[]"
        >
    <template v-slot:footer>
        <div class="orangehrm-copyright-wrapper">
            <oxd-text tag="p" class="orangehrm-copyright">OrangeHRM OS 5.8.1</oxd-text>
<oxd-text tag="p" class="orangehrm-copyright">&copy; 2005 - 2026 <a href="http://www.orangehrm.com" target="_blank">OrangeHRM, Inc</a>. All rights reserved.</oxd-text>
        </div>
    </template>
    </auth-login>
    </div>
    <script type="text/javascript">
        window.appGlobal = {
          baseUrl: "/web/index.php",
          publicPath: "/web",
        };
    </script>
    <script src="/web/dist/js/chunk-vendors.js?v=1775433284510"></script>
    <script src="/web/dist/js/app.js?v=1775433284510"></script>
</body>
</html>

2026-06-01 14:30:04,845 - baseAutoHttp.py - INFO - 【01登录页面接口信息:login_api】接口调用结束

2026-06-01 14:30:04,847 - web_login_page.py - INFO - 【空用户名/Keepmoving624.】断言成功
2026-06-01 14:30:04,849 - baseAutoHttp.py - INFO - 接口会话已关闭
2026-06-01 14:30:04,851 - test_web_ohrm.py - INFO - 【用户名为空】用例执行成功
2026-06-01 14:30:04,857 - baseUtils.py - INFO - 配置文件读取成功：E:\develop\PythonProject\OrangeHRM\Config\配置文件.ini
2026-06-01 14:30:04,906 - baseAutoHttp.py - INFO - 【01登录页面接口信息:login_api】接口调用开始
2026-06-01 14:30:04,909 - baseData.py - INFO - 动态参数替换成功：{'_token': '5ad8f1bce922e6f314c99fc797da37._aRfOlx-1BVe2wqylbkuljdHsZQlUYGt2e84ra_Yg4c.p_Uubx5P7VtrklvF24kcp2QX6aJRYsbHv71V-OjuybLMkzFACh_keDaPTw', 'username': 'admin', 'password': ''}
2026-06-01 14:30:04,912 - baseAutoHttp.py - INFO - 请求方式: POST
2026-06-01 14:30:04,914 - baseAutoHttp.py - INFO - 请求地址: http://127.0.0.1:8080/web/index.php/auth/validate
2026-06-01 14:30:04,916 - baseAutoHttp.py - INFO - 请求头: {'User-Agent': 'Mozilla/5.0 (Windows NT 10.0; Win64; x64) AppleWebKit/537.36 (KHTML, like Gecko) Chrome/148.0.0.0 Safari/537.36', 'Content-Type': 'application/x-www-form-urlencoded'}
2026-06-01 14:30:04,918 - baseAutoHttp.py - INFO - 请求参数: params=None | data={'_token': '5ad8f1bce922e6f314c99fc797da37._aRfOlx-1BVe2wqylbkuljdHsZQlUYGt2e84ra_Yg4c.p_Uubx5P7VtrklvF24kcp2QX6aJRYsbHv71V-OjuybLMkzFACh_keDaPTw', 'username': 'admin', 'password': ''} | json=None
2026-06-01 14:30:05,214 - baseAutoHttp.py - INFO - 响应状态码: 200
2026-06-01 14:30:05,217 - baseAutoHttp.py - INFO - 响应耗时: 0.043673s
2026-06-01 14:30:05,219 - baseAutoHttp.py - INFO - 响应文本: <!DOCTYPE html>
<html>
<head>
  <meta charset="UTF-8">
  <meta http-equiv="X-UA-Compatible" content="IE=edge">
  <meta name="viewport" content="width=device-width,initial-scale=1">
  <title>OrangeHRM</title>
      <link rel="icon" href="/web/dist/favicon.ico?v=1775433284510">
    <link href="/web/dist/css/chunk-vendors.css?v=1775433284510" rel="preload" as="style">
    <link href="/web/dist/css/app.css?v=1775433284510" rel="preload" as="style">
    <link href="/web/dist/js/chunk-vendors.js?v=1775433284510" rel="preload" as="script">
    <link href="/web/dist/js/app.js?v=1775433284510" rel="preload" as="script">
      <link href="/web/dist/css/chunk-vendors.css?v=1775433284510" rel="stylesheet"/>
    <link href="/web/dist/css/app.css?v=1775433284510" rel="stylesheet"/>
</head>
<body>
  <style>
    :root {
            --oxd-primary-one-color:#FF7B1D;
            --oxd-primary-font-color:#FFFFFF;
            --oxd-secondary-four-color:#76BC21;
            --oxd-secondary-font-color:#FFFFFF;
            --oxd-primary-gradient-start-color:#FF920B;
            --oxd-primary-gradient-end-color:#F35C17;
            --oxd-secondary-gradient-start-color:#FF920B;
            --oxd-secondary-gradient-end-color:#F35C17;
            --oxd-primary-one-lighten-5-color:#ff8a37;
            --oxd-primary-one-lighten-30-color:#ffd4b6;
            --oxd-primary-one-darken-5-color:#ff6c03;
            --oxd-primary-one-alpha-10-color:rgba(255, 123, 29, 0.1);
            --oxd-primary-one-alpha-15-color:rgba(255, 123, 29, 0.15);
            --oxd-primary-one-alpha-20-color:rgba(255, 123, 29, 0.2);
            --oxd-primary-one-alpha-50-color:rgba(255, 123, 29, 0.5);
            --oxd-secondary-four-lighten-5-color:#84d225;
            --oxd-secondary-four-darken-5-color:#68a61d;
            --oxd-secondary-four-alpha-10-color:rgba(118, 188, 33, 0.1);
            --oxd-secondary-four-alpha-15-color:rgba(118, 188, 33, 0.15);
            --oxd-secondary-four-alpha-20-color:rgba(118, 188, 33, 0.2);
            --oxd-secondary-four-alpha-50-color:rgba(118, 188, 33, 0.5);
        }
  </style>
    <noscript>
        <strong>
            We're sorry but orangehrm doesn't work properly without JavaScript enabled. Please enable it to continue.
        </strong>
    </noscript>

    <div id="app">
    <auth-login
            :error="{&quot;error&quot;:&quot;invalid_credentials&quot;,&quot;message&quot;:&quot;Invalid credentials&quot;}"
            :token="&quot;4d0a4bbde5d6fc06bb620d077799e28.fp6W_BDWbO_QHXrFqB_1QRQPBToLzddZVIZ2Byx-PSA.JM_nqVLnVaHlVCuy5i_HcEdfXQx__pAzMtQbUmtIdxVPqfiGRrdcgrhJPw&quot;"
            :login-logo-src="&quot;\/web\/images\/ohrm_logo.png&quot;"
            :login-banner-src="&quot;\/web\/images\/ohrm_branding.png?v=1775433284510&quot;"
            :show-social-media="true"
            :is-demo-mode="false"
            :authenticators="[]"
        >
    <template v-slot:footer>
        <div class="orangehrm-copyright-wrapper">
            <oxd-text tag="p" class="orangehrm-copyright">OrangeHRM OS 5.8.1</oxd-text>
<oxd-text tag="p" class="orangehrm-copyright">&copy; 2005 - 2026 <a href="http://www.orangehrm.com" target="_blank">OrangeHRM, Inc</a>. All rights reserved.</oxd-text>
        </div>
    </template>
    </auth-login>
    </div>
    <script type="text/javascript">
        window.appGlobal = {
          baseUrl: "/web/index.php",
          publicPath: "/web",
        };
    </script>
    <script src="/web/dist/js/chunk-vendors.js?v=1775433284510"></script>
    <script src="/web/dist/js/app.js?v=1775433284510"></script>
</body>
</html>

2026-06-01 14:30:05,221 - baseAutoHttp.py - INFO - 【01登录页面接口信息:login_api】接口调用结束

2026-06-01 14:30:05,223 - web_login_page.py - INFO - 【admin/空密码】断言成功
2026-06-01 14:30:05,225 - baseAutoHttp.py - INFO - 接口会话已关闭
2026-06-01 14:30:05,228 - test_web_ohrm.py - INFO - 【密码为空】用例执行成功
2026-06-01 14:30:05,631 - baseDB.py - INFO - ✅ MySQL 数据库连接成功
2026-06-01 14:30:05,635 - conftest - INFO - ✅ conftest: 获取数据库连接（MysqlHelp）
2026-06-01 14:30:05,638 - baseUtils.py - INFO - 配置文件读取成功：E:\develop\PythonProject\OrangeHRM\Config\配置文件.ini
2026-06-01 14:30:05,748 - baseUtils.py - INFO - 配置文件读取成功：E:\develop\PythonProject\OrangeHRM\Config\配置文件.ini
2026-06-01 14:30:05,806 - baseUtils.py - INFO - 配置文件读取成功：E:\develop\PythonProject\OrangeHRM\Config\配置文件.ini
2026-06-01 14:30:05,867 - baseUtils.py - INFO - 配置文件读取成功：E:\develop\PythonProject\OrangeHRM\Config\配置文件.ini
2026-06-01 14:30:05,939 - baseAutoHttp.py - INFO - 【03查询员工页面:select_employee】接口调用开始
2026-06-01 14:30:05,943 - baseAutoHttp.py - INFO - 请求方式: GET
2026-06-01 14:30:05,945 - baseAutoHttp.py - INFO - 请求地址: http://127.0.0.1:8080/web/index.php/api/v2/pim/employees
2026-06-01 14:30:05,947 - baseAutoHttp.py - INFO - 请求头: {'User-Agent': 'Mozilla/5.0 (Windows NT 10.0; Win64; x64) AppleWebKit/537.36 (KHTML, like Gecko) Chrome/148.0.0.0 Safari/537.36'}
2026-06-01 14:30:05,949 - baseAutoHttp.py - INFO - 请求参数: params={'limit': '50', 'offset': '0', 'model': 'detailed', 'includeEmployees': 'onlyCurrent', 'sortField': 'employee.firstName', 'sortOrder': 'ASC'} | data=None | json=None
2026-06-01 14:30:06,035 - baseAutoHttp.py - INFO - 响应状态码: 200
2026-06-01 14:30:06,038 - baseAutoHttp.py - INFO - 响应耗时: 0.081889s
2026-06-01 14:30:06,040 - baseAutoHttp.py - INFO - 响应JSON: {'data': [{'empNumber': 2, 'lastName': 'oo', 'firstName': 'hh', 'middleName': '', 'employeeId': '0002', 'terminationId': None, 'jobTitle': {'id': None, 'title': None, 'isDeleted': None}, 'subunit': {'id': None, 'name': None}, 'empStatus': {'id': None, 'name': None}, 'supervisors': []}, {'empNumber': 5, 'lastName': 'Doe', 'firstName': 'John', 'middleName': '', 'employeeId': '1001', 'terminationId': None, 'jobTitle': {'id': None, 'title': None, 'isDeleted': None}, 'subunit': {'id': None, 'name': None}, 'empStatus': {'id': None, 'name': None}, 'supervisors': []}, {'empNumber': 6, 'lastName': 'pp', 'firstName': 'kk', 'middleName': '', 'employeeId': '1002', 'terminationId': None, 'jobTitle': {'id': None, 'title': None, 'isDeleted': None}, 'subunit': {'id': None, 'name': None}, 'empStatus': {'id': None, 'name': None}, 'supervisors': []}, {'empNumber': 14, 'lastName': 'll', 'firstName': 'kk', 'middleName': '', 'employeeId': '0014', 'terminationId': None, 'jobTitle': {'id': None, 'title': None, 'isDeleted': None}, 'subunit': {'id': None, 'name': None}, 'empStatus': {'id': None, 'name': None}, 'supervisors': []}, {'empNumber': 16, 'lastName': 'pp', 'firstName': 'ww', 'middleName': '', 'employeeId': '0016', 'terminationId': None, 'jobTitle': {'id': None, 'title': None, 'isDeleted': None}, 'subunit': {'id': None, 'name': None}, 'empStatus': {'id': None, 'name': None}, 'supervisors': []}, {'empNumber': 17, 'lastName': 'ss', 'firstName': 'zz', 'middleName': '', 'employeeId': '1009', 'terminationId': None, 'jobTitle': {'id': None, 'title': None, 'isDeleted': None}, 'subunit': {'id': None, 'name': None}, 'empStatus': {'id': None, 'name': None}, 'supervisors': []}, {'empNumber': 1, 'lastName': '安', 'firstName': '谢', 'middleName': '', 'employeeId': '0001', 'terminationId': None, 'jobTitle': {'id': None, 'title': None, 'isDeleted': None}, 'subunit': {'id': None, 'name': None}, 'empStatus': {'id': None, 'name': None}, 'supervisors': []}], 'meta': {'total': 7}, 'rels': []}
2026-06-01 14:30:06,042 - baseAutoHttp.py - INFO - 【03查询员工页面:select_employee】接口调用结束

2026-06-01 14:30:06,044 - test_web_ohrm.py - INFO - ☑️ 查询员工列表成功，返回 7 条
2026-06-01 14:30:06,050 - baseUtils.py - INFO - 配置文件读取成功：E:\develop\PythonProject\OrangeHRM\Config\配置文件.ini
2026-06-01 14:30:06,050 - baseAutoHttp.py - INFO - 【03查询员工页面:select_query】接口调用开始
2026-06-01 14:30:06,055 - baseData.py - INFO - 动态参数替换成功：{'employeeId': '1001'}
2026-06-01 14:30:06,057 - baseAutoHttp.py - INFO - 请求方式: GET
2026-06-01 14:30:06,059 - baseAutoHttp.py - INFO - 请求地址: http://127.0.0.1:8080/web/index.php/api/v2/pim/employees
2026-06-01 14:30:06,061 - baseAutoHttp.py - INFO - 请求头: {'User-Agent': 'Mozilla/5.0 (Windows NT 10.0; Win64; x64) AppleWebKit/537.36 (KHTML, like Gecko) Chrome/148.0.0.0 Safari/537.36', 'Referer': 'http://127.0.0.1:8080/web/index.php/pim/viewEmployeeList'}
2026-06-01 14:30:06,063 - baseAutoHttp.py - INFO - 请求参数: params={'limit': '50', 'offset': '0', 'model': 'detailed', 'employeeId': '1001', 'includeEmployees': 'onlyCurrent', 'sortField': 'employee.firstName', 'sortOrder': 'ASC'} | data=None | json=None
2026-06-01 14:30:06,137 - baseAutoHttp.py - INFO - 响应状态码: 200
2026-06-01 14:30:06,140 - baseAutoHttp.py - INFO - 响应耗时: 0.070987s
2026-06-01 14:30:06,142 - baseAutoHttp.py - INFO - 响应JSON: {'data': [{'empNumber': 5, 'lastName': 'Doe', 'firstName': 'John', 'middleName': '', 'employeeId': '1001', 'terminationId': None, 'jobTitle': {'id': None, 'title': None, 'isDeleted': None}, 'subunit': {'id': None, 'name': None}, 'empStatus': {'id': None, 'name': None}, 'supervisors': []}], 'meta': {'total': 1}, 'rels': []}
2026-06-01 14:30:06,144 - baseAutoHttp.py - INFO - 【03查询员工页面:select_query】接口调用结束

2026-06-01 14:30:06,146 - test_web_ohrm.py - INFO - ☑️【指定查询用例】执行完毕
2026-06-01 14:30:06,152 - baseUtils.py - INFO - 配置文件读取成功：E:\develop\PythonProject\OrangeHRM\Config\配置文件.ini
2026-06-01 14:30:06,152 - baseAutoHttp.py - INFO - 【03查询员工页面:select_query】接口调用开始
2026-06-01 14:30:06,156 - baseData.py - INFO - 动态参数替换成功：{'employeeId': '9999'}
2026-06-01 14:30:06,158 - baseAutoHttp.py - INFO - 请求方式: GET
2026-06-01 14:30:06,161 - baseAutoHttp.py - INFO - 请求地址: http://127.0.0.1:8080/web/index.php/api/v2/pim/employees
2026-06-01 14:30:06,163 - baseAutoHttp.py - INFO - 请求头: {'User-Agent': 'Mozilla/5.0 (Windows NT 10.0; Win64; x64) AppleWebKit/537.36 (KHTML, like Gecko) Chrome/148.0.0.0 Safari/537.36', 'Referer': 'http://127.0.0.1:8080/web/index.php/pim/viewEmployeeList'}
2026-06-01 14:30:06,165 - baseAutoHttp.py - INFO - 请求参数: params={'limit': '50', 'offset': '0', 'model': 'detailed', 'employeeId': '9999', 'includeEmployees': 'onlyCurrent', 'sortField': 'employee.firstName', 'sortOrder': 'ASC'} | data=None | json=None
2026-06-01 14:30:06,243 - baseAutoHttp.py - INFO - 响应状态码: 200
2026-06-01 14:30:06,246 - baseAutoHttp.py - INFO - 响应耗时: 0.075871s
2026-06-01 14:30:06,248 - baseAutoHttp.py - INFO - 响应JSON: {'data': [], 'meta': {'total': 0}, 'rels': []}
2026-06-01 14:30:06,250 - baseAutoHttp.py - INFO - 【03查询员工页面:select_query】接口调用结束

2026-06-01 14:30:06,252 - test_web_ohrm.py - INFO - ☑️【指定查询用例】执行完毕
2026-06-01 14:30:06,259 - baseUtils.py - INFO - 配置文件读取成功：E:\develop\PythonProject\OrangeHRM\Config\配置文件.ini
2026-06-01 14:30:06,292 - baseDB.py - INFO - ✅ MySQL 数据库连接成功
2026-06-01 14:30:06,296 - baseAutoHttp.py - INFO - 【04更新员工:update_employee】接口调用开始
2026-06-01 14:30:06,300 - baseData.py - INFO - 动态参数替换成功：{'firstName': 'John', 'lastName': 'Doe', 'employeeId': '1001'}
2026-06-01 14:30:06,302 - baseAutoHttp.py - INFO - 请求方式: PUT
2026-06-01 14:30:06,304 - baseAutoHttp.py - INFO - 请求地址: http://127.0.0.1:8080/web/index.php/api/v2/pim/employees/5/personal-details
2026-06-01 14:30:06,306 - baseAutoHttp.py - INFO - 请求头: {'User-Agent': 'Mozilla/5.0 (Windows NT 10.0; Win64; x64) AppleWebKit/537.36 (KHTML, like Gecko) Chrome/148.0.0.0 Safari/537.36', 'Content-Type': 'application/json', 'Referer': 'http://127.0.0.1:8080/web/index.php/pim/viewPersonalDetails/empNumber/5', 'Origin': 'http://127.0.0.1:8080'}
2026-06-01 14:30:06,309 - baseAutoHttp.py - INFO - 请求参数: params=None | data=None | json={'birthday': None, 'drivingLicenseExpiredDate': None, 'drivingLicenseNo': None, 'employeeId': '1001', 'firstName': 'John', 'gender': None, 'lastName': 'Doe', 'middleName': None, 'otherId': None}
2026-06-01 14:30:06,380 - baseAutoHttp.py - INFO - 响应状态码: 500
2026-06-01 14:30:06,382 - baseAutoHttp.py - INFO - 响应耗时: 0.068264s
2026-06-01 14:30:06,384 - baseAutoHttp.py - INFO - 响应JSON: {'error': {'status': '500', 'message': 'Unexpected Error Occurred'}}
2026-06-01 14:30:06,386 - baseAutoHttp.py - INFO - 【04更新员工:update_employee】接口调用结束

2026-06-01 14:30:06,415 - baseDB.py - INFO - ✅ MySQL 数据库连接成功
2026-06-01 14:30:06,421 - baseDB.py - INFO - ✅ MySQL 执行成功，事务已提交
2026-06-01 14:30:06,423 - baseDB.py - INFO - 🔌 MySQL 连接已关闭
2026-06-01 14:30:06,445 - baseDB.py - INFO - ✅ MySQL 数据库连接成功
2026-06-01 14:30:06,512 - baseUtils.py - INFO - 配置文件读取成功：E:\develop\PythonProject\OrangeHRM\Config\配置文件.ini
2026-06-01 14:30:06,513 - baseUtils.py - INFO - 配置文件读取成功：E:\develop\PythonProject\OrangeHRM\Config\配置文件.ini
2026-06-01 14:30:06,514 - baseAutoHttp.py - INFO - 【03查询员工页面:select_query】接口调用开始
2026-06-01 14:30:06,518 - baseData.py - INFO - 动态参数替换成功：{'employeeId': '0004'}
2026-06-01 14:30:06,520 - baseAutoHttp.py - INFO - 请求方式: GET
2026-06-01 14:30:06,522 - baseAutoHttp.py - INFO - 请求地址: http://127.0.0.1:8080/web/index.php/api/v2/pim/employees
2026-06-01 14:30:06,524 - baseAutoHttp.py - INFO - 请求头: {'User-Agent': 'Mozilla/5.0 (Windows NT 10.0; Win64; x64) AppleWebKit/537.36 (KHTML, like Gecko) Chrome/148.0.0.0 Safari/537.36', 'Referer': 'http://127.0.0.1:8080/web/index.php/pim/viewEmployeeList'}
2026-06-01 14:30:06,526 - baseAutoHttp.py - INFO - 请求参数: params={'limit': '50', 'offset': '0', 'model': 'detailed', 'employeeId': '0004', 'includeEmployees': 'onlyCurrent', 'sortField': 'employee.firstName', 'sortOrder': 'ASC'} | data=None | json=None
2026-06-01 14:30:06,599 - baseAutoHttp.py - INFO - 响应状态码: 200
2026-06-01 14:30:06,602 - baseAutoHttp.py - INFO - 响应耗时: 0.069573s
2026-06-01 14:30:06,604 - baseAutoHttp.py - INFO - 响应JSON: {'data': [], 'meta': {'total': 0}, 'rels': []}
2026-06-01 14:30:06,606 - baseAutoHttp.py - INFO - 【03查询员工页面:select_query】接口调用结束

2026-06-01 14:30:06,634 - baseDB.py - INFO - ✅ MySQL 数据库连接成功
2026-06-01 14:30:06,700 - baseUtils.py - INFO - 配置文件读取成功：E:\develop\PythonProject\OrangeHRM\Config\配置文件.ini
2026-06-01 14:30:06,701 - baseUtils.py - INFO - 配置文件读取成功：E:\develop\PythonProject\OrangeHRM\Config\配置文件.ini
2026-06-01 14:30:06,702 - baseAutoHttp.py - INFO - 【03查询员工页面:select_query】接口调用开始
2026-06-01 14:30:06,706 - baseData.py - INFO - 动态参数替换成功：{'employeeId': '9999'}
2026-06-01 14:30:06,708 - baseAutoHttp.py - INFO - 请求方式: GET
2026-06-01 14:30:06,710 - baseAutoHttp.py - INFO - 请求地址: http://127.0.0.1:8080/web/index.php/api/v2/pim/employees
2026-06-01 14:30:06,712 - baseAutoHttp.py - INFO - 请求头: {'User-Agent': 'Mozilla/5.0 (Windows NT 10.0; Win64; x64) AppleWebKit/537.36 (KHTML, like Gecko) Chrome/148.0.0.0 Safari/537.36', 'Referer': 'http://127.0.0.1:8080/web/index.php/pim/viewEmployeeList'}
2026-06-01 14:30:06,714 - baseAutoHttp.py - INFO - 请求参数: params={'limit': '50', 'offset': '0', 'model': 'detailed', 'employeeId': '9999', 'includeEmployees': 'onlyCurrent', 'sortField': 'employee.firstName', 'sortOrder': 'ASC'} | data=None | json=None
2026-06-01 14:30:06,789 - baseAutoHttp.py - INFO - 响应状态码: 200
2026-06-01 14:30:06,792 - baseAutoHttp.py - INFO - 响应耗时: 0.071503s
2026-06-01 14:30:06,794 - baseAutoHttp.py - INFO - 响应JSON: {'data': [], 'meta': {'total': 0}, 'rels': []}
2026-06-01 14:30:06,796 - baseAutoHttp.py - INFO - 【03查询员工页面:select_query】接口调用结束

2026-06-01 14:30:06,821 - baseDB.py - INFO - ✅ MySQL 数据库连接成功
2026-06-01 14:30:06,825 - test_web_ohrm.py - INFO - ☑️【删除员工】用例执行成功
2026-06-01 14:30:06,831 - baseUtils.py - INFO - 配置文件读取成功：E:\develop\PythonProject\OrangeHRM\Config\配置文件.ini
2026-06-01 14:30:06,832 - baseAutoHttp.py - INFO - 【06未登录访问员工接口:employee】接口调用开始
2026-06-01 14:30:06,835 - baseAutoHttp.py - INFO - 请求方式: GET
2026-06-01 14:30:06,837 - baseAutoHttp.py - INFO - 请求地址: http://127.0.0.1:8080/web/index.php/pim/viewEmployeeList
2026-06-01 14:30:06,839 - baseAutoHttp.py - INFO - 请求头: {'User-Agent': 'Mozilla/5.0 (Windows NT 10.0; Win64; x64) AppleWebKit/537.36 (KHTML, like Gecko) Chrome/148.0.0.0 Safari/537.36'}
2026-06-01 14:30:06,841 - baseAutoHttp.py - INFO - 请求参数: params={'includeEmployees': 'onlyCurrent', 'limit': '50', 'model': 'detailed', 'offset': '0', 'sortField': 'employee.firstName', 'sortOrder': 'ASC'} | data=None | json=None
2026-06-01 14:30:06,897 - baseAutoHttp.py - INFO - 响应状态码: 302
2026-06-01 14:30:06,900 - baseAutoHttp.py - INFO - 响应耗时: 0.052686s
2026-06-01 14:30:06,902 - baseAutoHttp.py - INFO - 响应文本: <!DOCTYPE html>
<html>
    <head>
        <meta charset="UTF-8" />
        <meta http-equiv="refresh" content="0;url='http://127.0.0.1:8080/web/index.php/auth/login'" />

        <title>Redirecting to http://127.0.0.1:8080/web/index.php/auth/login</title>
    </head>
    <body>
        Redirecting to <a href="http://127.0.0.1:8080/web/index.php/auth/login">http://127.0.0.1:8080/web/index.php/auth/login</a>.
    </body>
</html>
2026-06-01 14:30:06,903 - baseAutoHttp.py - INFO - 【06未登录访问员工接口:employee】接口调用结束

2026-06-01 14:30:07,292 - baseUtils.py - INFO - 配置文件读取成功：E:\develop\PythonProject\OrangeHRM\Config\配置文件.ini
2026-06-01 14:30:07,293 - baseAutoHttp.py - INFO - 【07非管理员登录:employee_login】接口调用开始
2026-06-01 14:30:07,296 - baseData.py - INFO - 动态参数替换成功：{'firstName': 'cc', 'lastName': 'dd', 'employeeId': '1010'}
2026-06-01 14:30:07,298 - baseAutoHttp.py - INFO - 请求方式: POST
2026-06-01 14:30:07,300 - baseAutoHttp.py - INFO - 请求地址: http://127.0.0.1:8080/web/index.php/api/v2/pim/employees
2026-06-01 14:30:07,302 - baseAutoHttp.py - INFO - 请求头: {'User-Agent': 'Mozilla/5.0 (Windows NT 10.0; Win64; x64) AppleWebKit/537.36 (KHTML, like Gecko) Chrome/148.0.0.0 Safari/537.36', 'Content-Type': 'application/json', 'Origin': 'http://127.0.0.1:8080', 'Referer': 'http://127.0.0.1:8080/web/index.php/pim/addEmployee'}
2026-06-01 14:30:07,304 - baseAutoHttp.py - INFO - 请求参数: params=None | data=None | json={'employeeId': '1010', 'empPicture': None, 'firstName': 'cc', 'lastName': 'dd', 'middleName': None}
2026-06-01 14:30:07,380 - baseAutoHttp.py - INFO - 响应状态码: 403
2026-06-01 14:30:07,383 - baseAutoHttp.py - INFO - 响应耗时: 0.073295s
2026-06-01 14:30:07,385 - baseAutoHttp.py - INFO - 响应JSON: {'error': {'status': 403, 'message': 'Unauthorized'}}
2026-06-01 14:30:07,387 - baseAutoHttp.py - INFO - 【07非管理员登录:employee_login】接口调用结束

2026-06-01 14:30:07,389 - test_web_ohrm.py - INFO - ☑️【非管理员账号操作员工】用例执行成功
2026-06-01 14:42:37,536 - baseUtils.py - INFO - 配置文件读取成功：E:\develop\PythonProject\OrangeHRM\Config\配置文件.ini
2026-06-01 14:42:37,537 - globalManager.py - INFO - 全局变量管理器初始化成功
2026-06-01 14:42:38,254 - baseUtils.py - INFO - 配置文件读取成功：E:\develop\PythonProject\OrangeHRM\Config\配置文件.ini
2026-06-01 14:42:38,254 - globalManager.py - INFO - 全局变量管理器初始化成功
2026-06-01 14:42:38,270 - runClient.py - INFO - 🔍 正在收集测试用例，请稍候...
2026-06-01 14:42:39,017 - baseUtils.py - INFO - 配置文件读取成功：E:\develop\PythonProject\OrangeHRM\Config\配置文件.ini
2026-06-01 14:42:39,017 - globalManager.py - INFO - 全局变量管理器初始化成功
2026-06-01 14:42:39,236 - baseUtils.py - INFO - 配置文件读取成功：E:\develop\PythonProject\OrangeHRM\Config\配置文件.ini
2026-06-01 14:42:39,394 - baseUtils.py - INFO - 配置文件读取成功：E:\develop\PythonProject\OrangeHRM\Config\配置文件.ini
2026-06-01 14:42:39,395 - baseUtils.py - INFO - 配置文件读取成功：E:\develop\PythonProject\OrangeHRM\Config\配置文件.ini
2026-06-01 14:42:39,651 - baseUtils.py - INFO - 配置文件读取成功：E:\develop\PythonProject\OrangeHRM\Config\配置文件.ini
2026-06-01 14:42:39,652 - baseData.py - INFO - 数据驱动读取成功：01登录接口
2026-06-01 14:42:39,653 - baseUtils.py - INFO - 配置文件读取成功：E:\develop\PythonProject\OrangeHRM\Config\配置文件.ini
2026-06-01 14:42:39,654 - baseData.py - INFO - 数据驱动读取成功：02添加员工接口
2026-06-01 14:42:39,655 - baseUtils.py - INFO - 配置文件读取成功：E:\develop\PythonProject\OrangeHRM\Config\配置文件.ini
2026-06-01 14:42:39,656 - baseData.py - INFO - 数据驱动读取成功：03指定查询
2026-06-01 14:42:39,657 - baseUtils.py - INFO - 配置文件读取成功：E:\develop\PythonProject\OrangeHRM\Config\配置文件.ini
2026-06-01 14:42:39,657 - baseData.py - INFO - 数据驱动读取成功：04删除员工
2026-06-01 14:42:39,665 - baseYaml.py - INFO - YAML写入成功：E:\develop\PythonProject\OrangeHRM\Data\Temp\tempcases.yaml
2026-06-01 14:42:39,665 - conftest.py - INFO - ✅ 用例信息已导出：E:\develop\PythonProject\OrangeHRM\Data\Temp\tempcases.yaml
2026-06-01 14:42:40,078 - runClient.py - INFO - ✅ 用例收集完成，启动用例选择器
2026-06-01 14:42:40,773 - baseUtils.py - INFO - 配置文件读取成功：E:\develop\PythonProject\OrangeHRM\Config\配置文件.ini
2026-06-01 14:42:40,773 - globalManager.py - INFO - 全局变量管理器初始化成功
2026-06-01 14:42:42,881 - baseYaml.py - INFO - YAML写入成功：E:\develop\PythonProject\OrangeHRM\Data\Temp\testcases.yaml
2026-06-01 14:42:42,881 - caseSelector.py - INFO - 用例导出成功：E:\develop\PythonProject\OrangeHRM\Data\Temp\testcases.yaml
2026-06-01 14:42:43,977 - runClient.py - INFO - 🚀 开始执行选中用例，共 18 条
2026-06-01 14:42:44,289 - baseUtils.py - INFO - 配置文件读取成功：E:\develop\PythonProject\OrangeHRM\Config\配置文件.ini
2026-06-01 14:42:44,713 - baseUtils.py - INFO - 配置文件读取成功：E:\develop\PythonProject\OrangeHRM\Config\配置文件.ini
2026-06-01 14:42:44,721 - baseUtils.py - INFO - 配置文件读取成功：E:\develop\PythonProject\OrangeHRM\Config\配置文件.ini
2026-06-01 14:42:45,409 - baseUtils.py - INFO - 配置文件读取成功：E:\develop\PythonProject\OrangeHRM\Config\配置文件.ini
2026-06-01 14:42:45,411 - baseData.py - INFO - 数据驱动读取成功：01登录接口
2026-06-01 14:42:45,417 - baseUtils.py - INFO - 配置文件读取成功：E:\develop\PythonProject\OrangeHRM\Config\配置文件.ini
2026-06-01 14:42:45,419 - baseData.py - INFO - 数据驱动读取成功：02添加员工接口
2026-06-01 14:42:45,420 - baseUtils.py - INFO - 配置文件读取成功：E:\develop\PythonProject\OrangeHRM\Config\配置文件.ini
2026-06-01 14:42:45,421 - baseData.py - INFO - 数据驱动读取成功：03指定查询
2026-06-01 14:42:45,423 - baseUtils.py - INFO - 配置文件读取成功：E:\develop\PythonProject\OrangeHRM\Config\配置文件.ini
2026-06-01 14:42:45,424 - baseData.py - INFO - 数据驱动读取成功：04删除员工
2026-06-01 14:42:45,438 - baseUtils.py - INFO - 配置文件读取成功：E:\develop\PythonProject\OrangeHRM\Config\配置文件.ini
2026-06-01 14:42:45,560 - baseAutoHttp.py - INFO - 【01登录页面接口信息:login_api】接口调用开始
2026-06-01 14:42:45,562 - baseData.py - INFO - 动态参数替换成功：{'_token': 'b834f275fc4f949eb02b014.9sP4YWRDARnrLULHU9iyw7gid_hdr5CBXsOj5fCpLgA.z_KrIBEvVl2gYRH_Yp-fs9YUProT58PFF7XhtbvOQ1aSnI9WIzl5dKcZJQ', 'username': 'admin', 'password': 'Keepmoving624.'}
2026-06-01 14:42:45,562 - baseAutoHttp.py - INFO - 请求方式: POST
2026-06-01 14:42:45,562 - baseAutoHttp.py - INFO - 请求地址: http://127.0.0.1:8080/web/index.php/auth/validate
2026-06-01 14:42:45,562 - baseAutoHttp.py - INFO - 请求头: {'User-Agent': 'Mozilla/5.0 (Windows NT 10.0; Win64; x64) AppleWebKit/537.36 (KHTML, like Gecko) Chrome/148.0.0.0 Safari/537.36', 'Content-Type': 'application/x-www-form-urlencoded'}
2026-06-01 14:42:45,562 - baseAutoHttp.py - INFO - 请求参数: params=None | data={'_token': 'b834f275fc4f949eb02b014.9sP4YWRDARnrLULHU9iyw7gid_hdr5CBXsOj5fCpLgA.z_KrIBEvVl2gYRH_Yp-fs9YUProT58PFF7XhtbvOQ1aSnI9WIzl5dKcZJQ', 'username': 'admin', 'password': 'Keepmoving624.'} | json=None
2026-06-01 14:42:45,982 - baseAutoHttp.py - INFO - 响应状态码: 200
2026-06-01 14:42:45,982 - baseAutoHttp.py - INFO - 响应耗时: 0.093774s
2026-06-01 14:42:45,982 - baseAutoHttp.py - INFO - 响应文本: <!DOCTYPE html>
<html>
<head>
  <meta charset="UTF-8">
  <meta http-equiv="X-UA-Compatible" content="IE=edge">
  <meta name="viewport" content="width=device-width,initial-scale=1">
  <title>OrangeHRM</title>
    <link rel="icon" href="/web/dist/favicon.ico?v=1775433284510">
  <link href="/web/dist/css/chunk-vendors.css?v=1775433284510" rel="preload" as="style">
  <link href="/web/dist/css/app.css?v=1775433284510" rel="preload" as="style">
  <link href="/web/dist/js/chunk-vendors.js?v=1775433284510" rel="preload" as="script">
  <link href="/web/dist/js/app.js?v=1775433284510" rel="preload" as="script">
    <link href="/web/dist/css/chunk-vendors.css?v=1775433284510" rel="stylesheet"/>
  <link href="/web/dist/css/app.css?v=1775433284510" rel="stylesheet"/>
</head>
<body>
  <style>
    :root {
            --oxd-primary-one-color:#FF7B1D;
            --oxd-primary-font-color:#FFFFFF;
            --oxd-secondary-four-color:#76BC21;
            --oxd-secondary-font-color:#FFFFFF;
            --oxd-primary-gradient-start-color:#FF920B;
            --oxd-primary-gradient-end-color:#F35C17;
            --oxd-secondary-gradient-start-color:#FF920B;
            --oxd-secondary-gradient-end-color:#F35C17;
            --oxd-primary-one-lighten-5-color:#ff8a37;
            --oxd-primary-one-lighten-30-color:#ffd4b6;
            --oxd-primary-one-darken-5-color:#ff6c03;
            --oxd-primary-one-alpha-10-color:rgba(255, 123, 29, 0.1);
            --oxd-primary-one-alpha-15-color:rgba(255, 123, 29, 0.15);
            --oxd-primary-one-alpha-20-color:rgba(255, 123, 29, 0.2);
            --oxd-primary-one-alpha-50-color:rgba(255, 123, 29, 0.5);
            --oxd-secondary-four-lighten-5-color:#84d225;
            --oxd-secondary-four-darken-5-color:#68a61d;
            --oxd-secondary-four-alpha-10-color:rgba(118, 188, 33, 0.1);
            --oxd-secondary-four-alpha-15-color:rgba(118, 188, 33, 0.15);
            --oxd-secondary-four-alpha-20-color:rgba(118, 188, 33, 0.2);
            --oxd-secondary-four-alpha-50-color:rgba(118, 188, 33, 0.5);
        }
  </style>
  <noscript>
    <strong>
      We're sorry but orangehrm doesn't work properly without JavaScript enabled. Please enable it to continue.
    </strong>
  </noscript>

  <div id="app">
    <oxd-layout
        home-url="https://www.orangehrm.com/"
        :sidepanel-menu-items="[{&quot;id&quot;:1,&quot;name&quot;:&quot;\u7ba1\u7406\u5458&quot;,&quot;url&quot;:&quot;\/web\/index.php\/admin\/viewAdminModule&quot;,&quot;icon&quot;:&quot;admin&quot;},{&quot;id&quot;:30,&quot;name&quot;:&quot;\u4e2a\u4eba\u4fe1\u606f\u7ba1\u7406\u7cfb\u7edf&quot;,&quot;url&quot;:&quot;\/web\/index.php\/pim\/viewPimModule&quot;,&quot;icon&quot;:&quot;pim&quot;},{&quot;id&quot;:41,&quot;name&quot;:&quot;\u4f11\u5047&quot;,&quot;url&quot;:&quot;\/web\/index.php\/leave\/viewLeaveModule&quot;,&quot;icon&quot;:&quot;leave&quot;},{&quot;id&quot;:52,&quot;name&quot;:&quot;\u65f6\u95f4&quot;,&quot;url&quot;:&quot;\/web\/index.php\/time\/viewTimeModule&quot;,&quot;icon&quot;:&quot;time&quot;},{&quot;id&quot;:65,&quot;name&quot;:&quot;\u62db\u8058&quot;,&quot;url&quot;:&quot;\/web\/index.php\/recruitment\/viewRecruitmentModule&quot;,&quot;icon&quot;:&quot;recruitment&quot;},{&quot;id&quot;:40,&quot;name&quot;:&quot;\u6211\u7684\u4fe1\u606f&quot;,&quot;url&quot;:&quot;\/web\/index.php\/pim\/viewMyDetails&quot;,&quot;icon&quot;:&quot;myinfo&quot;},{&quot;id&quot;:83,&quot;name&quot;:&quot;\u7ee9\u6548&quot;,&quot;url&quot;:&quot;\/web\/index.php\/performance\/viewPerformanceModule&quot;,&quot;icon&quot;:&quot;performance&quot;},{&quot;id&quot;:82,&quot;name&quot;:&quot;\u4eea\u8868\u76d8&quot;,&quot;url&quot;:&quot;\/web\/index.php\/dashboard\/index&quot;,&quot;icon&quot;:&quot;dashboard&quot;,&quot;active&quot;:true},{&quot;id&quot;:93,&quot;name&quot;:&quot;Directory&quot;,&quot;url&quot;:&quot;\/web\/index.php\/directory\/viewDirectory&quot;,&quot;icon&quot;:&quot;directory&quot;},{&quot;id&quot;:96,&quot;name&quot;:&quot;Maintenance&quot;,&quot;url&quot;:&quot;\/web\/index.php\/maintenance\/viewMaintenanceModule&quot;,&quot;icon&quot;:&quot;maintenance&quot;},{&quot;id&quot;:105,&quot;name&quot;:&quot;Claim&quot;,&quot;url&quot;:&quot;\/web\/index.php\/claim\/viewClaimModule&quot;,&quot;icon&quot;:&quot;claim&quot;},{&quot;id&quot;:101,&quot;name&quot;:&quot;\u6fc0\u52a8&quot;,&quot;url&quot;:&quot;\/web\/index.php\/buzz\/viewBuzz&quot;,&quot;icon&quot;:&quot;buzz&quot;}]"
        :topbar-menu-items="[]"
        :user="{&quot;firstName&quot;:&quot;\u8c22&quot;,&quot;lastName&quot;:&quot;\u5b89&quot;,&quot;profImgSrc&quot;:&quot;\/web\/index.php\/pim\/viewPhoto\/empNumber\/1&quot;,&quot;hasPassword&quot;:true}"
        brand-logo-src="/web/images/orange.png?v=1775433284510"
        brand-banner-src="/web/images/orangehrm-logo.png?v=1775433284510"
        logout-url="/web/index.php/auth/logout"
        support-url="/web/index.php/help/support"
        :update-password-url="&quot;/web/index.php/pim/updatePassword&quot;"
        :permissions="{&quot;dashboard_buzz_widget&quot;:{&quot;canRead&quot;:true,&quot;canCreate&quot;:false,&quot;canUpdate&quot;:false,&quot;canDelete&quot;:false},&quot;dashboard_employees_on_leave_today_config&quot;:{&quot;canRead&quot;:true,&quot;canCreate&quot;:false,&quot;canUpdate&quot;:true,&quot;canDelete&quot;:false},&quot;dashboard_leave_widget&quot;:{&quot;canRead&quot;:true,&quot;canCreate&quot;:false,&quot;canUpdate&quot;:false,&quot;canDelete&quot;:false},&quot;dashboard_location_widget&quot;:{&quot;canRead&quot;:true,&quot;canCreate&quot;:false,&quot;canUpdate&quot;:false,&quot;canDelete&quot;:false},&quot;dashboard_subunit_widget&quot;:{&quot;canRead&quot;:true,&quot;canCreate&quot;:false,&quot;canUpdate&quot;:false,&quot;canDelete&quot;:false},&quot;dashboard_time_widget&quot;:{&quot;canRead&quot;:true,&quot;canCreate&quot;:false,&quot;canUpdate&quot;:false,&quot;canDelete&quot;:false}}"
        :breadcrumb="{&quot;moduleName&quot;:&quot;\u4eea\u8868\u76d8&quot;,&quot;level&quot;:null}"
        :date-format="{&quot;id&quot;:&quot;Y-m-d&quot;,&quot;label&quot;:&quot;yyyy-mm-dd&quot;}"
        help-url="/web/index.php/help/help?label=dashboard_index"
        :show-upgrade="1"
    >
      <view-dashboard
            >
    </view-dashboard>
    <template v-slot:footer><oxd-text tag="p" class="orangehrm-copyright">OrangeHRM OS 5.8.1</oxd-text>
<oxd-text tag="p" class="orangehrm-copyright">&copy; 2005 - 2026 <a href="http://www.orangehrm.com" target="_blank">OrangeHRM, Inc</a>. All rights reserved.</oxd-text>
<br></template>
    </oxd-layout>
  </div>
  <script type="text/javascript">
      window.appGlobal = {
        baseUrl: "/web/index.php",
        publicPath: "/web",
      };
  </script>
  <script src="/web/dist/js/chunk-vendors.js?v=1775433284510"></script>
  <script src="/web/dist/js/app.js?v=1775433284510"></script>
</body>
</html>

2026-06-01 14:42:45,983 - baseAutoHttp.py - INFO - 【01登录页面接口信息:login_api】接口调用结束

2026-06-01 14:42:45,983 - web_login_page.py - INFO - 【管理员正常登录】断言成功
2026-06-01 14:42:45,983 - baseAutoHttp.py - INFO - 接口会话已关闭
2026-06-01 14:42:45,983 - test_web_ohrm.py - INFO - 【管理员正常登录】用例执行成功
2026-06-01 14:42:45,990 - baseUtils.py - INFO - 配置文件读取成功：E:\develop\PythonProject\OrangeHRM\Config\配置文件.ini
2026-06-01 14:42:46,043 - baseAutoHttp.py - INFO - 【02登录页面未携带token:login_not_token_api】接口调用开始
2026-06-01 14:42:46,044 - baseData.py - INFO - 动态参数替换成功：{'username': 'admin', 'password': 'Keepmoving624.'}
2026-06-01 14:42:46,044 - baseAutoHttp.py - INFO - 请求方式: POST
2026-06-01 14:42:46,044 - baseAutoHttp.py - INFO - 请求地址: http://127.0.0.1:8080/web/index.php/auth/validate
2026-06-01 14:42:46,044 - baseAutoHttp.py - INFO - 请求头: {'User-Agent': 'Mozilla/5.0 (Windows NT 10.0; Win64; x64) AppleWebKit/537.36 (KHTML, like Gecko) Chrome/148.0.0.0 Safari/537.36', 'Content-Type': 'application/x-www-form-urlencoded'}
2026-06-01 14:42:46,044 - baseAutoHttp.py - INFO - 请求参数: params=None | data={'username': 'admin', 'password': 'Keepmoving624.'} | json=None
2026-06-01 14:42:46,146 - baseAutoHttp.py - INFO - 响应状态码: 200
2026-06-01 14:42:46,146 - baseAutoHttp.py - INFO - 响应耗时: 0.046494s
2026-06-01 14:42:46,146 - baseAutoHttp.py - INFO - 响应文本: <!DOCTYPE html>
<html>
<head>
  <meta charset="UTF-8">
  <meta http-equiv="X-UA-Compatible" content="IE=edge">
  <meta name="viewport" content="width=device-width,initial-scale=1">
  <title>OrangeHRM</title>
      <link rel="icon" href="/web/dist/favicon.ico?v=1775433284510">
    <link href="/web/dist/css/chunk-vendors.css?v=1775433284510" rel="preload" as="style">
    <link href="/web/dist/css/app.css?v=1775433284510" rel="preload" as="style">
    <link href="/web/dist/js/chunk-vendors.js?v=1775433284510" rel="preload" as="script">
    <link href="/web/dist/js/app.js?v=1775433284510" rel="preload" as="script">
      <link href="/web/dist/css/chunk-vendors.css?v=1775433284510" rel="stylesheet"/>
    <link href="/web/dist/css/app.css?v=1775433284510" rel="stylesheet"/>
</head>
<body>
  <style>
    :root {
            --oxd-primary-one-color:#FF7B1D;
            --oxd-primary-font-color:#FFFFFF;
            --oxd-secondary-four-color:#76BC21;
            --oxd-secondary-font-color:#FFFFFF;
            --oxd-primary-gradient-start-color:#FF920B;
            --oxd-primary-gradient-end-color:#F35C17;
            --oxd-secondary-gradient-start-color:#FF920B;
            --oxd-secondary-gradient-end-color:#F35C17;
            --oxd-primary-one-lighten-5-color:#ff8a37;
            --oxd-primary-one-lighten-30-color:#ffd4b6;
            --oxd-primary-one-darken-5-color:#ff6c03;
            --oxd-primary-one-alpha-10-color:rgba(255, 123, 29, 0.1);
            --oxd-primary-one-alpha-15-color:rgba(255, 123, 29, 0.15);
            --oxd-primary-one-alpha-20-color:rgba(255, 123, 29, 0.2);
            --oxd-primary-one-alpha-50-color:rgba(255, 123, 29, 0.5);
            --oxd-secondary-four-lighten-5-color:#84d225;
            --oxd-secondary-four-darken-5-color:#68a61d;
            --oxd-secondary-four-alpha-10-color:rgba(118, 188, 33, 0.1);
            --oxd-secondary-four-alpha-15-color:rgba(118, 188, 33, 0.15);
            --oxd-secondary-four-alpha-20-color:rgba(118, 188, 33, 0.2);
            --oxd-secondary-four-alpha-50-color:rgba(118, 188, 33, 0.5);
        }
  </style>
    <noscript>
        <strong>
            We're sorry but orangehrm doesn't work properly without JavaScript enabled. Please enable it to continue.
        </strong>
    </noscript>

    <div id="app">
    <auth-login
            :error="{&quot;error&quot;:&quot;invalid_csrf_token&quot;,&quot;message&quot;:&quot;CSRF token validation failed&quot;}"
            :token="&quot;89258e1bf.yBaPcJwdVfYp9BHvDDpJg_0N6rpDMwpLXqpWrvbv3C8._2LuBaxVJaJMuESVZnV786Rhr9M0BHwAPN03y4yNuVe5L8Ad7CthsWaBWA&quot;"
            :login-logo-src="&quot;\/web\/images\/ohrm_logo.png&quot;"
            :login-banner-src="&quot;\/web\/images\/ohrm_branding.png?v=1775433284510&quot;"
            :show-social-media="true"
            :is-demo-mode="false"
            :authenticators="[]"
        >
    <template v-slot:footer>
        <div class="orangehrm-copyright-wrapper">
            <oxd-text tag="p" class="orangehrm-copyright">OrangeHRM OS 5.8.1</oxd-text>
<oxd-text tag="p" class="orangehrm-copyright">&copy; 2005 - 2026 <a href="http://www.orangehrm.com" target="_blank">OrangeHRM, Inc</a>. All rights reserved.</oxd-text>
        </div>
    </template>
    </auth-login>
    </div>
    <script type="text/javascript">
        window.appGlobal = {
          baseUrl: "/web/index.php",
          publicPath: "/web",
        };
    </script>
    <script src="/web/dist/js/chunk-vendors.js?v=1775433284510"></script>
    <script src="/web/dist/js/app.js?v=1775433284510"></script>
</body>
</html>

2026-06-01 14:42:46,146 - baseAutoHttp.py - INFO - 【02登录页面未携带token:login_not_token_api】接口调用结束

2026-06-01 14:42:46,146 - web_login_page.py - INFO - 【未携带CSRF令牌】断言成功
2026-06-01 14:42:46,147 - baseAutoHttp.py - INFO - 接口会话已关闭
2026-06-01 14:42:46,147 - test_web_ohrm.py - INFO - 【未携带CSRF令牌】用例执行成功
2026-06-01 14:42:46,152 - baseUtils.py - INFO - 配置文件读取成功：E:\develop\PythonProject\OrangeHRM\Config\配置文件.ini
2026-06-01 14:42:46,256 - baseAutoHttp.py - INFO - 【01登录页面接口信息:login_api】接口调用开始
2026-06-01 14:42:46,257 - baseData.py - INFO - 动态参数替换成功：{'_token': '3354a.pIQPF3i6uhSvsnzZm_Q280cZQIFtsAJFG004kXwoxqE.5c96REnM6ib-hijtwoUPpC5hBcQp2VoUTX5Nxkx8hdfuvGVAQdWKTNX1PQ', 'username': 'admin', 'password': 'Keepmoving624.'}
2026-06-01 14:42:46,257 - baseAutoHttp.py - INFO - 请求方式: POST
2026-06-01 14:42:46,258 - baseAutoHttp.py - INFO - 请求地址: http://127.0.0.1:8080/web/index.php/auth/validate
2026-06-01 14:42:46,258 - baseAutoHttp.py - INFO - 请求头: {'User-Agent': 'Mozilla/5.0 (Windows NT 10.0; Win64; x64) AppleWebKit/537.36 (KHTML, like Gecko) Chrome/148.0.0.0 Safari/537.36', 'Content-Type': 'application/x-www-form-urlencoded'}
2026-06-01 14:42:46,258 - baseAutoHttp.py - INFO - 请求参数: params=None | data={'_token': '3354a.pIQPF3i6uhSvsnzZm_Q280cZQIFtsAJFG004kXwoxqE.5c96REnM6ib-hijtwoUPpC5hBcQp2VoUTX5Nxkx8hdfuvGVAQdWKTNX1PQ', 'username': 'admin', 'password': 'Keepmoving624.'} | json=None
2026-06-01 14:42:46,358 - baseAutoHttp.py - INFO - 响应状态码: 200
2026-06-01 14:42:46,358 - baseAutoHttp.py - INFO - 响应耗时: 0.042861s
2026-06-01 14:42:46,358 - baseAutoHttp.py - INFO - 响应文本: <!DOCTYPE html>
<html>
<head>
  <meta charset="UTF-8">
  <meta http-equiv="X-UA-Compatible" content="IE=edge">
  <meta name="viewport" content="width=device-width,initial-scale=1">
  <title>OrangeHRM</title>
      <link rel="icon" href="/web/dist/favicon.ico?v=1775433284510">
    <link href="/web/dist/css/chunk-vendors.css?v=1775433284510" rel="preload" as="style">
    <link href="/web/dist/css/app.css?v=1775433284510" rel="preload" as="style">
    <link href="/web/dist/js/chunk-vendors.js?v=1775433284510" rel="preload" as="script">
    <link href="/web/dist/js/app.js?v=1775433284510" rel="preload" as="script">
      <link href="/web/dist/css/chunk-vendors.css?v=1775433284510" rel="stylesheet"/>
    <link href="/web/dist/css/app.css?v=1775433284510" rel="stylesheet"/>
</head>
<body>
  <style>
    :root {
            --oxd-primary-one-color:#FF7B1D;
            --oxd-primary-font-color:#FFFFFF;
            --oxd-secondary-four-color:#76BC21;
            --oxd-secondary-font-color:#FFFFFF;
            --oxd-primary-gradient-start-color:#FF920B;
            --oxd-primary-gradient-end-color:#F35C17;
            --oxd-secondary-gradient-start-color:#FF920B;
            --oxd-secondary-gradient-end-color:#F35C17;
            --oxd-primary-one-lighten-5-color:#ff8a37;
            --oxd-primary-one-lighten-30-color:#ffd4b6;
            --oxd-primary-one-darken-5-color:#ff6c03;
            --oxd-primary-one-alpha-10-color:rgba(255, 123, 29, 0.1);
            --oxd-primary-one-alpha-15-color:rgba(255, 123, 29, 0.15);
            --oxd-primary-one-alpha-20-color:rgba(255, 123, 29, 0.2);
            --oxd-primary-one-alpha-50-color:rgba(255, 123, 29, 0.5);
            --oxd-secondary-four-lighten-5-color:#84d225;
            --oxd-secondary-four-darken-5-color:#68a61d;
            --oxd-secondary-four-alpha-10-color:rgba(118, 188, 33, 0.1);
            --oxd-secondary-four-alpha-15-color:rgba(118, 188, 33, 0.15);
            --oxd-secondary-four-alpha-20-color:rgba(118, 188, 33, 0.2);
            --oxd-secondary-four-alpha-50-color:rgba(118, 188, 33, 0.5);
        }
  </style>
    <noscript>
        <strong>
            We're sorry but orangehrm doesn't work properly without JavaScript enabled. Please enable it to continue.
        </strong>
    </noscript>

    <div id="app">
    <auth-login
            :error="{&quot;error&quot;:&quot;invalid_csrf_token&quot;,&quot;message&quot;:&quot;CSRF token validation failed&quot;}"
            :token="&quot;abefe3d0da71901.TgIBufWlBXyu7_eHHo52GWWrZjV9kw2KWaLxR5lU6eU.d3Nxicbidz3ZtqXEcuE3XzzcNWpI3jX7N_OocP4BhKMRN0jAwNBLI-Hdog&quot;"
            :login-logo-src="&quot;\/web\/images\/ohrm_logo.png&quot;"
            :login-banner-src="&quot;\/web\/images\/ohrm_branding.png?v=1775433284510&quot;"
            :show-social-media="true"
            :is-demo-mode="false"
            :authenticators="[]"
        >
    <template v-slot:footer>
        <div class="orangehrm-copyright-wrapper">
            <oxd-text tag="p" class="orangehrm-copyright">OrangeHRM OS 5.8.1</oxd-text>
<oxd-text tag="p" class="orangehrm-copyright">&copy; 2005 - 2026 <a href="http://www.orangehrm.com" target="_blank">OrangeHRM, Inc</a>. All rights reserved.</oxd-text>
        </div>
    </template>
    </auth-login>
    </div>
    <script type="text/javascript">
        window.appGlobal = {
          baseUrl: "/web/index.php",
          publicPath: "/web",
        };
    </script>
    <script src="/web/dist/js/chunk-vendors.js?v=1775433284510"></script>
    <script src="/web/dist/js/app.js?v=1775433284510"></script>
</body>
</html>

2026-06-01 14:42:46,358 - baseAutoHttp.py - INFO - 【01登录页面接口信息:login_api】接口调用结束

2026-06-01 14:42:46,358 - web_login_page.py - INFO - 【跨会话使用Token】断言成功
2026-06-01 14:42:46,358 - baseAutoHttp.py - INFO - 接口会话已关闭
2026-06-01 14:42:46,358 - test_web_ohrm.py - INFO - 【携带过期CSRF令牌】用例执行成功
2026-06-01 14:42:46,364 - baseUtils.py - INFO - 配置文件读取成功：E:\develop\PythonProject\OrangeHRM\Config\配置文件.ini
2026-06-01 14:42:46,365 - baseAutoHttp.py - INFO - 【01登录页面接口信息:login_api】接口调用开始
2026-06-01 14:42:46,366 - baseData.py - INFO - 动态参数替换成功：{'_token': 'aWEZsR%xWjXF3*ihH8kl', 'username': 'admin', 'password': 'Keepmoving624.'}
2026-06-01 14:42:46,366 - baseAutoHttp.py - INFO - 请求方式: POST
2026-06-01 14:42:46,366 - baseAutoHttp.py - INFO - 请求地址: http://127.0.0.1:8080/web/index.php/auth/validate
2026-06-01 14:42:46,366 - baseAutoHttp.py - INFO - 请求头: {'User-Agent': 'Mozilla/5.0 (Windows NT 10.0; Win64; x64) AppleWebKit/537.36 (KHTML, like Gecko) Chrome/148.0.0.0 Safari/537.36', 'Content-Type': 'application/x-www-form-urlencoded'}
2026-06-01 14:42:46,366 - baseAutoHttp.py - INFO - 请求参数: params=None | data={'_token': 'aWEZsR%xWjXF3*ihH8kl', 'username': 'admin', 'password': 'Keepmoving624.'} | json=None
2026-06-01 14:42:46,480 - baseAutoHttp.py - INFO - 响应状态码: 200
2026-06-01 14:42:46,480 - baseAutoHttp.py - INFO - 响应耗时: 0.056955s
2026-06-01 14:42:46,480 - baseAutoHttp.py - INFO - 响应文本: <!DOCTYPE html>
<html>
<head>
  <meta charset="UTF-8">
  <meta http-equiv="X-UA-Compatible" content="IE=edge">
  <meta name="viewport" content="width=device-width,initial-scale=1">
  <title>OrangeHRM</title>
      <link rel="icon" href="/web/dist/favicon.ico?v=1775433284510">
    <link href="/web/dist/css/chunk-vendors.css?v=1775433284510" rel="preload" as="style">
    <link href="/web/dist/css/app.css?v=1775433284510" rel="preload" as="style">
    <link href="/web/dist/js/chunk-vendors.js?v=1775433284510" rel="preload" as="script">
    <link href="/web/dist/js/app.js?v=1775433284510" rel="preload" as="script">
      <link href="/web/dist/css/chunk-vendors.css?v=1775433284510" rel="stylesheet"/>
    <link href="/web/dist/css/app.css?v=1775433284510" rel="stylesheet"/>
</head>
<body>
  <style>
    :root {
            --oxd-primary-one-color:#FF7B1D;
            --oxd-primary-font-color:#FFFFFF;
            --oxd-secondary-four-color:#76BC21;
            --oxd-secondary-font-color:#FFFFFF;
            --oxd-primary-gradient-start-color:#FF920B;
            --oxd-primary-gradient-end-color:#F35C17;
            --oxd-secondary-gradient-start-color:#FF920B;
            --oxd-secondary-gradient-end-color:#F35C17;
            --oxd-primary-one-lighten-5-color:#ff8a37;
            --oxd-primary-one-lighten-30-color:#ffd4b6;
            --oxd-primary-one-darken-5-color:#ff6c03;
            --oxd-primary-one-alpha-10-color:rgba(255, 123, 29, 0.1);
            --oxd-primary-one-alpha-15-color:rgba(255, 123, 29, 0.15);
            --oxd-primary-one-alpha-20-color:rgba(255, 123, 29, 0.2);
            --oxd-primary-one-alpha-50-color:rgba(255, 123, 29, 0.5);
            --oxd-secondary-four-lighten-5-color:#84d225;
            --oxd-secondary-four-darken-5-color:#68a61d;
            --oxd-secondary-four-alpha-10-color:rgba(118, 188, 33, 0.1);
            --oxd-secondary-four-alpha-15-color:rgba(118, 188, 33, 0.15);
            --oxd-secondary-four-alpha-20-color:rgba(118, 188, 33, 0.2);
            --oxd-secondary-four-alpha-50-color:rgba(118, 188, 33, 0.5);
        }
  </style>
    <noscript>
        <strong>
            We're sorry but orangehrm doesn't work properly without JavaScript enabled. Please enable it to continue.
        </strong>
    </noscript>

    <div id="app">
    <auth-login
            :error="{&quot;error&quot;:&quot;invalid_csrf_token&quot;,&quot;message&quot;:&quot;CSRF token validation failed&quot;}"
            :token="&quot;39f02422fe314a9b1533307512f.epVpI0KjcjvWNjntx9su2HAX6u9NzMQi09CHjZCc3bs.ONAwSziUAGy-Xwqei7xX6Dpi3YsogoVXtrf09cL1uPUb9w9uDtcKfrFCUg&quot;"
            :login-logo-src="&quot;\/web\/images\/ohrm_logo.png&quot;"
            :login-banner-src="&quot;\/web\/images\/ohrm_branding.png?v=1775433284510&quot;"
            :show-social-media="true"
            :is-demo-mode="false"
            :authenticators="[]"
        >
    <template v-slot:footer>
        <div class="orangehrm-copyright-wrapper">
            <oxd-text tag="p" class="orangehrm-copyright">OrangeHRM OS 5.8.1</oxd-text>
<oxd-text tag="p" class="orangehrm-copyright">&copy; 2005 - 2026 <a href="http://www.orangehrm.com" target="_blank">OrangeHRM, Inc</a>. All rights reserved.</oxd-text>
        </div>
    </template>
    </auth-login>
    </div>
    <script type="text/javascript">
        window.appGlobal = {
          baseUrl: "/web/index.php",
          publicPath: "/web",
        };
    </script>
    <script src="/web/dist/js/chunk-vendors.js?v=1775433284510"></script>
    <script src="/web/dist/js/app.js?v=1775433284510"></script>
</body>
</html>

2026-06-01 14:42:46,480 - baseAutoHttp.py - INFO - 【01登录页面接口信息:login_api】接口调用结束

2026-06-01 14:42:46,480 - web_login_page.py - INFO - 【携带错误格式Token】断言成功
2026-06-01 14:42:46,481 - baseAutoHttp.py - INFO - 接口会话已关闭
2026-06-01 14:42:46,481 - test_web_ohrm.py - INFO - 【携带错误格式Token】用例执行成功
2026-06-01 14:42:46,488 - baseUtils.py - INFO - 配置文件读取成功：E:\develop\PythonProject\OrangeHRM\Config\配置文件.ini
2026-06-01 14:42:46,534 - baseAutoHttp.py - INFO - 【01登录页面接口信息:login_api】接口调用开始
2026-06-01 14:42:46,535 - baseData.py - INFO - 动态参数替换成功：{'_token': 'fc7d9c29ef.qSGKDzNJnwLxLprccS8ESC6Pdf4DBfffjGCB40HTi3Y.zlbtSx4P8WmaYKmULmQ8cXjNA6F1fIGU9C70qnnm8gz_Td5IaxGnc7lxqg', 'username': 'wrong', 'password': 'wrong'}
2026-06-01 14:42:46,535 - baseAutoHttp.py - INFO - 请求方式: POST
2026-06-01 14:42:46,535 - baseAutoHttp.py - INFO - 请求地址: http://127.0.0.1:8080/web/index.php/auth/validate
2026-06-01 14:42:46,535 - baseAutoHttp.py - INFO - 请求头: {'User-Agent': 'Mozilla/5.0 (Windows NT 10.0; Win64; x64) AppleWebKit/537.36 (KHTML, like Gecko) Chrome/148.0.0.0 Safari/537.36', 'Content-Type': 'application/x-www-form-urlencoded'}
2026-06-01 14:42:46,535 - baseAutoHttp.py - INFO - 请求参数: params=None | data={'_token': 'fc7d9c29ef.qSGKDzNJnwLxLprccS8ESC6Pdf4DBfffjGCB40HTi3Y.zlbtSx4P8WmaYKmULmQ8cXjNA6F1fIGU9C70qnnm8gz_Td5IaxGnc7lxqg', 'username': 'wrong', 'password': 'wrong'} | json=None
2026-06-01 14:42:46,663 - baseAutoHttp.py - INFO - 响应状态码: 200
2026-06-01 14:42:46,663 - baseAutoHttp.py - INFO - 响应耗时: 0.06525s
2026-06-01 14:42:46,663 - baseAutoHttp.py - INFO - 响应文本: <!DOCTYPE html>
<html>
<head>
  <meta charset="UTF-8">
  <meta http-equiv="X-UA-Compatible" content="IE=edge">
  <meta name="viewport" content="width=device-width,initial-scale=1">
  <title>OrangeHRM</title>
      <link rel="icon" href="/web/dist/favicon.ico?v=1775433284510">
    <link href="/web/dist/css/chunk-vendors.css?v=1775433284510" rel="preload" as="style">
    <link href="/web/dist/css/app.css?v=1775433284510" rel="preload" as="style">
    <link href="/web/dist/js/chunk-vendors.js?v=1775433284510" rel="preload" as="script">
    <link href="/web/dist/js/app.js?v=1775433284510" rel="preload" as="script">
      <link href="/web/dist/css/chunk-vendors.css?v=1775433284510" rel="stylesheet"/>
    <link href="/web/dist/css/app.css?v=1775433284510" rel="stylesheet"/>
</head>
<body>
  <style>
    :root {
            --oxd-primary-one-color:#FF7B1D;
            --oxd-primary-font-color:#FFFFFF;
            --oxd-secondary-four-color:#76BC21;
            --oxd-secondary-font-color:#FFFFFF;
            --oxd-primary-gradient-start-color:#FF920B;
            --oxd-primary-gradient-end-color:#F35C17;
            --oxd-secondary-gradient-start-color:#FF920B;
            --oxd-secondary-gradient-end-color:#F35C17;
            --oxd-primary-one-lighten-5-color:#ff8a37;
            --oxd-primary-one-lighten-30-color:#ffd4b6;
            --oxd-primary-one-darken-5-color:#ff6c03;
            --oxd-primary-one-alpha-10-color:rgba(255, 123, 29, 0.1);
            --oxd-primary-one-alpha-15-color:rgba(255, 123, 29, 0.15);
            --oxd-primary-one-alpha-20-color:rgba(255, 123, 29, 0.2);
            --oxd-primary-one-alpha-50-color:rgba(255, 123, 29, 0.5);
            --oxd-secondary-four-lighten-5-color:#84d225;
            --oxd-secondary-four-darken-5-color:#68a61d;
            --oxd-secondary-four-alpha-10-color:rgba(118, 188, 33, 0.1);
            --oxd-secondary-four-alpha-15-color:rgba(118, 188, 33, 0.15);
            --oxd-secondary-four-alpha-20-color:rgba(118, 188, 33, 0.2);
            --oxd-secondary-four-alpha-50-color:rgba(118, 188, 33, 0.5);
        }
  </style>
    <noscript>
        <strong>
            We're sorry but orangehrm doesn't work properly without JavaScript enabled. Please enable it to continue.
        </strong>
    </noscript>

    <div id="app">
    <auth-login
            :error="{&quot;error&quot;:&quot;invalid_credentials&quot;,&quot;message&quot;:&quot;Invalid credentials&quot;}"
            :token="&quot;84810b9b3.SDKbcgk-dvh2IGxuBtoPxA_aUbTCEjiY9VMLqW3ieCs.L0X8NiR4GJMdbl8mWZE3_VmYJ-u0a07TjR1-4FXXAVEeXs81UWZOiT5_XA&quot;"
            :login-logo-src="&quot;\/web\/images\/ohrm_logo.png&quot;"
            :login-banner-src="&quot;\/web\/images\/ohrm_branding.png?v=1775433284510&quot;"
            :show-social-media="true"
            :is-demo-mode="false"
            :authenticators="[]"
        >
    <template v-slot:footer>
        <div class="orangehrm-copyright-wrapper">
            <oxd-text tag="p" class="orangehrm-copyright">OrangeHRM OS 5.8.1</oxd-text>
<oxd-text tag="p" class="orangehrm-copyright">&copy; 2005 - 2026 <a href="http://www.orangehrm.com" target="_blank">OrangeHRM, Inc</a>. All rights reserved.</oxd-text>
        </div>
    </template>
    </auth-login>
    </div>
    <script type="text/javascript">
        window.appGlobal = {
          baseUrl: "/web/index.php",
          publicPath: "/web",
        };
    </script>
    <script src="/web/dist/js/chunk-vendors.js?v=1775433284510"></script>
    <script src="/web/dist/js/app.js?v=1775433284510"></script>
</body>
</html>

2026-06-01 14:42:46,663 - baseAutoHttp.py - INFO - 【01登录页面接口信息:login_api】接口调用结束

2026-06-01 14:42:46,663 - web_login_page.py - INFO - 【wrong/wrong】断言成功
2026-06-01 14:42:46,663 - baseAutoHttp.py - INFO - 接口会话已关闭
2026-06-01 14:42:46,663 - test_web_ohrm.py - INFO - 【错误用户名/密码】用例执行成功
2026-06-01 14:42:46,670 - baseUtils.py - INFO - 配置文件读取成功：E:\develop\PythonProject\OrangeHRM\Config\配置文件.ini
2026-06-01 14:42:46,714 - baseAutoHttp.py - INFO - 【01登录页面接口信息:login_api】接口调用开始
2026-06-01 14:42:46,715 - baseData.py - INFO - 动态参数替换成功：{'_token': '3079f7413b78ba4b717.curtPN3GGIG5w_Vm6zOmYH1XcazHtp9ldyVxu-rLbz0.CInYBJuuQbTYiJMqmlT3JTI5PPad2cYKNmch8Lv6Ol8G37oMiZxJw42Qgg', 'username': '', 'password': 'Keepmoving624.'}
2026-06-01 14:42:46,715 - baseAutoHttp.py - INFO - 请求方式: POST
2026-06-01 14:42:46,715 - baseAutoHttp.py - INFO - 请求地址: http://127.0.0.1:8080/web/index.php/auth/validate
2026-06-01 14:42:46,715 - baseAutoHttp.py - INFO - 请求头: {'User-Agent': 'Mozilla/5.0 (Windows NT 10.0; Win64; x64) AppleWebKit/537.36 (KHTML, like Gecko) Chrome/148.0.0.0 Safari/537.36', 'Content-Type': 'application/x-www-form-urlencoded'}
2026-06-01 14:42:46,715 - baseAutoHttp.py - INFO - 请求参数: params=None | data={'_token': '3079f7413b78ba4b717.curtPN3GGIG5w_Vm6zOmYH1XcazHtp9ldyVxu-rLbz0.CInYBJuuQbTYiJMqmlT3JTI5PPad2cYKNmch8Lv6Ol8G37oMiZxJw42Qgg', 'username': '', 'password': 'Keepmoving624.'} | json=None
2026-06-01 14:42:46,801 - baseAutoHttp.py - INFO - 响应状态码: 200
2026-06-01 14:42:46,801 - baseAutoHttp.py - INFO - 响应耗时: 0.046043s
2026-06-01 14:42:46,801 - baseAutoHttp.py - INFO - 响应文本: <!DOCTYPE html>
<html>
<head>
  <meta charset="UTF-8">
  <meta http-equiv="X-UA-Compatible" content="IE=edge">
  <meta name="viewport" content="width=device-width,initial-scale=1">
  <title>OrangeHRM</title>
      <link rel="icon" href="/web/dist/favicon.ico?v=1775433284510">
    <link href="/web/dist/css/chunk-vendors.css?v=1775433284510" rel="preload" as="style">
    <link href="/web/dist/css/app.css?v=1775433284510" rel="preload" as="style">
    <link href="/web/dist/js/chunk-vendors.js?v=1775433284510" rel="preload" as="script">
    <link href="/web/dist/js/app.js?v=1775433284510" rel="preload" as="script">
      <link href="/web/dist/css/chunk-vendors.css?v=1775433284510" rel="stylesheet"/>
    <link href="/web/dist/css/app.css?v=1775433284510" rel="stylesheet"/>
</head>
<body>
  <style>
    :root {
            --oxd-primary-one-color:#FF7B1D;
            --oxd-primary-font-color:#FFFFFF;
            --oxd-secondary-four-color:#76BC21;
            --oxd-secondary-font-color:#FFFFFF;
            --oxd-primary-gradient-start-color:#FF920B;
            --oxd-primary-gradient-end-color:#F35C17;
            --oxd-secondary-gradient-start-color:#FF920B;
            --oxd-secondary-gradient-end-color:#F35C17;
            --oxd-primary-one-lighten-5-color:#ff8a37;
            --oxd-primary-one-lighten-30-color:#ffd4b6;
            --oxd-primary-one-darken-5-color:#ff6c03;
            --oxd-primary-one-alpha-10-color:rgba(255, 123, 29, 0.1);
            --oxd-primary-one-alpha-15-color:rgba(255, 123, 29, 0.15);
            --oxd-primary-one-alpha-20-color:rgba(255, 123, 29, 0.2);
            --oxd-primary-one-alpha-50-color:rgba(255, 123, 29, 0.5);
            --oxd-secondary-four-lighten-5-color:#84d225;
            --oxd-secondary-four-darken-5-color:#68a61d;
            --oxd-secondary-four-alpha-10-color:rgba(118, 188, 33, 0.1);
            --oxd-secondary-four-alpha-15-color:rgba(118, 188, 33, 0.15);
            --oxd-secondary-four-alpha-20-color:rgba(118, 188, 33, 0.2);
            --oxd-secondary-four-alpha-50-color:rgba(118, 188, 33, 0.5);
        }
  </style>
    <noscript>
        <strong>
            We're sorry but orangehrm doesn't work properly without JavaScript enabled. Please enable it to continue.
        </strong>
    </noscript>

    <div id="app">
    <auth-login
            :error="{&quot;error&quot;:&quot;invalid_credentials&quot;,&quot;message&quot;:&quot;Invalid credentials&quot;}"
            :token="&quot;37b519.xXdmk1bC2iYNGePEL_oi0aBuBnOuvkcFcM1QYTsGJd4.vxRTqxCqgxNsUoWIXp1zlO8ASyn00R5qMY8AKmo3cLyxQjGjApiLZDlKlA&quot;"
            :login-logo-src="&quot;\/web\/images\/ohrm_logo.png&quot;"
            :login-banner-src="&quot;\/web\/images\/ohrm_branding.png?v=1775433284510&quot;"
            :show-social-media="true"
            :is-demo-mode="false"
            :authenticators="[]"
        >
    <template v-slot:footer>
        <div class="orangehrm-copyright-wrapper">
            <oxd-text tag="p" class="orangehrm-copyright">OrangeHRM OS 5.8.1</oxd-text>
<oxd-text tag="p" class="orangehrm-copyright">&copy; 2005 - 2026 <a href="http://www.orangehrm.com" target="_blank">OrangeHRM, Inc</a>. All rights reserved.</oxd-text>
        </div>
    </template>
    </auth-login>
    </div>
    <script type="text/javascript">
        window.appGlobal = {
          baseUrl: "/web/index.php",
          publicPath: "/web",
        };
    </script>
    <script src="/web/dist/js/chunk-vendors.js?v=1775433284510"></script>
    <script src="/web/dist/js/app.js?v=1775433284510"></script>
</body>
</html>

2026-06-01 14:42:46,801 - baseAutoHttp.py - INFO - 【01登录页面接口信息:login_api】接口调用结束

2026-06-01 14:42:46,801 - web_login_page.py - INFO - 【空用户名/Keepmoving624.】断言成功
2026-06-01 14:42:46,801 - baseAutoHttp.py - INFO - 接口会话已关闭
2026-06-01 14:42:46,801 - test_web_ohrm.py - INFO - 【用户名为空】用例执行成功
2026-06-01 14:42:46,808 - baseUtils.py - INFO - 配置文件读取成功：E:\develop\PythonProject\OrangeHRM\Config\配置文件.ini
2026-06-01 14:42:46,854 - baseAutoHttp.py - INFO - 【01登录页面接口信息:login_api】接口调用开始
2026-06-01 14:42:46,855 - baseData.py - INFO - 动态参数替换成功：{'_token': 'bdeb0fba8eaa56.bWtxwj6dfABsK3srQoBQgXOsVMBhj5fUrwBnc7Ej_RA.XzgHhgzvOnAFUw1cGOoC5AX2O4Yb_M-_2DQEJtht0H5AIweRaO8ZRjVJIg', 'username': 'admin', 'password': ''}
2026-06-01 14:42:46,856 - baseAutoHttp.py - INFO - 请求方式: POST
2026-06-01 14:42:46,856 - baseAutoHttp.py - INFO - 请求地址: http://127.0.0.1:8080/web/index.php/auth/validate
2026-06-01 14:42:46,856 - baseAutoHttp.py - INFO - 请求头: {'User-Agent': 'Mozilla/5.0 (Windows NT 10.0; Win64; x64) AppleWebKit/537.36 (KHTML, like Gecko) Chrome/148.0.0.0 Safari/537.36', 'Content-Type': 'application/x-www-form-urlencoded'}
2026-06-01 14:42:46,856 - baseAutoHttp.py - INFO - 请求参数: params=None | data={'_token': 'bdeb0fba8eaa56.bWtxwj6dfABsK3srQoBQgXOsVMBhj5fUrwBnc7Ej_RA.XzgHhgzvOnAFUw1cGOoC5AX2O4Yb_M-_2DQEJtht0H5AIweRaO8ZRjVJIg', 'username': 'admin', 'password': ''} | json=None
2026-06-01 14:42:47,134 - baseAutoHttp.py - INFO - 响应状态码: 200
2026-06-01 14:42:47,134 - baseAutoHttp.py - INFO - 响应耗时: 0.042653s
2026-06-01 14:42:47,134 - baseAutoHttp.py - INFO - 响应文本: <!DOCTYPE html>
<html>
<head>
  <meta charset="UTF-8">
  <meta http-equiv="X-UA-Compatible" content="IE=edge">
  <meta name="viewport" content="width=device-width,initial-scale=1">
  <title>OrangeHRM</title>
      <link rel="icon" href="/web/dist/favicon.ico?v=1775433284510">
    <link href="/web/dist/css/chunk-vendors.css?v=1775433284510" rel="preload" as="style">
    <link href="/web/dist/css/app.css?v=1775433284510" rel="preload" as="style">
    <link href="/web/dist/js/chunk-vendors.js?v=1775433284510" rel="preload" as="script">
    <link href="/web/dist/js/app.js?v=1775433284510" rel="preload" as="script">
      <link href="/web/dist/css/chunk-vendors.css?v=1775433284510" rel="stylesheet"/>
    <link href="/web/dist/css/app.css?v=1775433284510" rel="stylesheet"/>
</head>
<body>
  <style>
    :root {
            --oxd-primary-one-color:#FF7B1D;
            --oxd-primary-font-color:#FFFFFF;
            --oxd-secondary-four-color:#76BC21;
            --oxd-secondary-font-color:#FFFFFF;
            --oxd-primary-gradient-start-color:#FF920B;
            --oxd-primary-gradient-end-color:#F35C17;
            --oxd-secondary-gradient-start-color:#FF920B;
            --oxd-secondary-gradient-end-color:#F35C17;
            --oxd-primary-one-lighten-5-color:#ff8a37;
            --oxd-primary-one-lighten-30-color:#ffd4b6;
            --oxd-primary-one-darken-5-color:#ff6c03;
            --oxd-primary-one-alpha-10-color:rgba(255, 123, 29, 0.1);
            --oxd-primary-one-alpha-15-color:rgba(255, 123, 29, 0.15);
            --oxd-primary-one-alpha-20-color:rgba(255, 123, 29, 0.2);
            --oxd-primary-one-alpha-50-color:rgba(255, 123, 29, 0.5);
            --oxd-secondary-four-lighten-5-color:#84d225;
            --oxd-secondary-four-darken-5-color:#68a61d;
            --oxd-secondary-four-alpha-10-color:rgba(118, 188, 33, 0.1);
            --oxd-secondary-four-alpha-15-color:rgba(118, 188, 33, 0.15);
            --oxd-secondary-four-alpha-20-color:rgba(118, 188, 33, 0.2);
            --oxd-secondary-four-alpha-50-color:rgba(118, 188, 33, 0.5);
        }
  </style>
    <noscript>
        <strong>
            We're sorry but orangehrm doesn't work properly without JavaScript enabled. Please enable it to continue.
        </strong>
    </noscript>

    <div id="app">
    <auth-login
            :error="{&quot;error&quot;:&quot;invalid_credentials&quot;,&quot;message&quot;:&quot;Invalid credentials&quot;}"
            :token="&quot;ad563d049f734.jGCpfPq1ok7mYnIi-bKu_AiyYjmqAZTFjup-Uc-yt4A.vjPfOMjH5D6PGgRVo9j8mX7oDX_Qcsyu-d4dBKb8mu6hKN8vrMfHCL8AKw&quot;"
            :login-logo-src="&quot;\/web\/images\/ohrm_logo.png&quot;"
            :login-banner-src="&quot;\/web\/images\/ohrm_branding.png?v=1775433284510&quot;"
            :show-social-media="true"
            :is-demo-mode="false"
            :authenticators="[]"
        >
    <template v-slot:footer>
        <div class="orangehrm-copyright-wrapper">
            <oxd-text tag="p" class="orangehrm-copyright">OrangeHRM OS 5.8.1</oxd-text>
<oxd-text tag="p" class="orangehrm-copyright">&copy; 2005 - 2026 <a href="http://www.orangehrm.com" target="_blank">OrangeHRM, Inc</a>. All rights reserved.</oxd-text>
        </div>
    </template>
    </auth-login>
    </div>
    <script type="text/javascript">
        window.appGlobal = {
          baseUrl: "/web/index.php",
          publicPath: "/web",
        };
    </script>
    <script src="/web/dist/js/chunk-vendors.js?v=1775433284510"></script>
    <script src="/web/dist/js/app.js?v=1775433284510"></script>
</body>
</html>

2026-06-01 14:42:47,134 - baseAutoHttp.py - INFO - 【01登录页面接口信息:login_api】接口调用结束

2026-06-01 14:42:47,134 - web_login_page.py - INFO - 【admin/空密码】断言成功
2026-06-01 14:42:47,134 - baseAutoHttp.py - INFO - 接口会话已关闭
2026-06-01 14:42:47,134 - test_web_ohrm.py - INFO - 【密码为空】用例执行成功
2026-06-01 14:42:47,541 - baseDB.py - INFO - ✅ MySQL 数据库连接成功
2026-06-01 14:42:47,542 - conftest - INFO - ✅ conftest: 获取数据库连接（MysqlHelp）
2026-06-01 14:42:47,544 - baseUtils.py - INFO - 配置文件读取成功：E:\develop\PythonProject\OrangeHRM\Config\配置文件.ini
2026-06-01 14:42:47,960 - baseUtils.py - INFO - 配置文件读取成功：E:\develop\PythonProject\OrangeHRM\Config\配置文件.ini
2026-06-01 14:42:48,016 - baseUtils.py - INFO - 配置文件读取成功：E:\develop\PythonProject\OrangeHRM\Config\配置文件.ini
2026-06-01 14:42:48,077 - baseUtils.py - INFO - 配置文件读取成功：E:\develop\PythonProject\OrangeHRM\Config\配置文件.ini
2026-06-01 14:42:48,155 - baseAutoHttp.py - INFO - 【03查询员工页面:select_employee】接口调用开始
2026-06-01 14:42:48,157 - baseAutoHttp.py - INFO - 请求方式: GET
2026-06-01 14:42:48,157 - baseAutoHttp.py - INFO - 请求地址: http://127.0.0.1:8080/web/index.php/api/v2/pim/employees
2026-06-01 14:42:48,157 - baseAutoHttp.py - INFO - 请求头: {'User-Agent': 'Mozilla/5.0 (Windows NT 10.0; Win64; x64) AppleWebKit/537.36 (KHTML, like Gecko) Chrome/148.0.0.0 Safari/537.36'}
2026-06-01 14:42:48,158 - baseAutoHttp.py - INFO - 请求参数: params={'limit': '50', 'offset': '0', 'model': 'detailed', 'includeEmployees': 'onlyCurrent', 'sortField': 'employee.firstName', 'sortOrder': 'ASC'} | data=None | json=None
2026-06-01 14:42:48,232 - baseAutoHttp.py - INFO - 响应状态码: 200
2026-06-01 14:42:48,232 - baseAutoHttp.py - INFO - 响应耗时: 0.073666s
2026-06-01 14:42:48,233 - baseAutoHttp.py - INFO - 响应JSON: {'data': [{'empNumber': 2, 'lastName': 'oo', 'firstName': 'hh', 'middleName': '', 'employeeId': '0002', 'terminationId': None, 'jobTitle': {'id': None, 'title': None, 'isDeleted': None}, 'subunit': {'id': None, 'name': None}, 'empStatus': {'id': None, 'name': None}, 'supervisors': []}, {'empNumber': 5, 'lastName': 'Doe', 'firstName': 'John', 'middleName': '', 'employeeId': '1001', 'terminationId': None, 'jobTitle': {'id': None, 'title': None, 'isDeleted': None}, 'subunit': {'id': None, 'name': None}, 'empStatus': {'id': None, 'name': None}, 'supervisors': []}, {'empNumber': 6, 'lastName': 'pp', 'firstName': 'kk', 'middleName': '', 'employeeId': '1002', 'terminationId': None, 'jobTitle': {'id': None, 'title': None, 'isDeleted': None}, 'subunit': {'id': None, 'name': None}, 'empStatus': {'id': None, 'name': None}, 'supervisors': []}, {'empNumber': 14, 'lastName': 'll', 'firstName': 'kk', 'middleName': '', 'employeeId': '0014', 'terminationId': None, 'jobTitle': {'id': None, 'title': None, 'isDeleted': None}, 'subunit': {'id': None, 'name': None}, 'empStatus': {'id': None, 'name': None}, 'supervisors': []}, {'empNumber': 16, 'lastName': 'pp', 'firstName': 'ww', 'middleName': '', 'employeeId': '0016', 'terminationId': None, 'jobTitle': {'id': None, 'title': None, 'isDeleted': None}, 'subunit': {'id': None, 'name': None}, 'empStatus': {'id': None, 'name': None}, 'supervisors': []}, {'empNumber': 17, 'lastName': 'ss', 'firstName': 'zz', 'middleName': '', 'employeeId': '1009', 'terminationId': None, 'jobTitle': {'id': None, 'title': None, 'isDeleted': None}, 'subunit': {'id': None, 'name': None}, 'empStatus': {'id': None, 'name': None}, 'supervisors': []}, {'empNumber': 1, 'lastName': '安', 'firstName': '谢', 'middleName': '', 'employeeId': '0001', 'terminationId': None, 'jobTitle': {'id': None, 'title': None, 'isDeleted': None}, 'subunit': {'id': None, 'name': None}, 'empStatus': {'id': None, 'name': None}, 'supervisors': []}], 'meta': {'total': 7}, 'rels': []}
2026-06-01 14:42:48,233 - baseAutoHttp.py - INFO - 【03查询员工页面:select_employee】接口调用结束

2026-06-01 14:42:48,233 - test_web_ohrm.py - INFO - ☑️ 查询员工列表成功，返回 7 条
2026-06-01 14:42:48,238 - baseUtils.py - INFO - 配置文件读取成功：E:\develop\PythonProject\OrangeHRM\Config\配置文件.ini
2026-06-01 14:42:48,239 - baseAutoHttp.py - INFO - 【03查询员工页面:select_query】接口调用开始
2026-06-01 14:42:48,241 - baseData.py - INFO - 动态参数替换成功：{'employeeId': '1001'}
2026-06-01 14:42:48,241 - baseAutoHttp.py - INFO - 请求方式: GET
2026-06-01 14:42:48,241 - baseAutoHttp.py - INFO - 请求地址: http://127.0.0.1:8080/web/index.php/api/v2/pim/employees
2026-06-01 14:42:48,241 - baseAutoHttp.py - INFO - 请求头: {'User-Agent': 'Mozilla/5.0 (Windows NT 10.0; Win64; x64) AppleWebKit/537.36 (KHTML, like Gecko) Chrome/148.0.0.0 Safari/537.36', 'Referer': 'http://127.0.0.1:8080/web/index.php/pim/viewEmployeeList'}
2026-06-01 14:42:48,241 - baseAutoHttp.py - INFO - 请求参数: params={'limit': '50', 'offset': '0', 'model': 'detailed', 'employeeId': '1001', 'includeEmployees': 'onlyCurrent', 'sortField': 'employee.firstName', 'sortOrder': 'ASC'} | data=None | json=None
2026-06-01 14:42:48,298 - baseAutoHttp.py - INFO - 响应状态码: 200
2026-06-01 14:42:48,299 - baseAutoHttp.py - INFO - 响应耗时: 0.055772s
2026-06-01 14:42:48,299 - baseAutoHttp.py - INFO - 响应JSON: {'data': [{'empNumber': 5, 'lastName': 'Doe', 'firstName': 'John', 'middleName': '', 'employeeId': '1001', 'terminationId': None, 'jobTitle': {'id': None, 'title': None, 'isDeleted': None}, 'subunit': {'id': None, 'name': None}, 'empStatus': {'id': None, 'name': None}, 'supervisors': []}], 'meta': {'total': 1}, 'rels': []}
2026-06-01 14:42:48,299 - baseAutoHttp.py - INFO - 【03查询员工页面:select_query】接口调用结束

2026-06-01 14:42:48,299 - test_web_ohrm.py - INFO - ☑️【指定查询用例】执行完毕
2026-06-01 14:42:48,306 - baseUtils.py - INFO - 配置文件读取成功：E:\develop\PythonProject\OrangeHRM\Config\配置文件.ini
2026-06-01 14:42:48,306 - baseAutoHttp.py - INFO - 【03查询员工页面:select_query】接口调用开始
2026-06-01 14:42:48,308 - baseData.py - INFO - 动态参数替换成功：{'employeeId': '9999'}
2026-06-01 14:42:48,308 - baseAutoHttp.py - INFO - 请求方式: GET
2026-06-01 14:42:48,308 - baseAutoHttp.py - INFO - 请求地址: http://127.0.0.1:8080/web/index.php/api/v2/pim/employees
2026-06-01 14:42:48,308 - baseAutoHttp.py - INFO - 请求头: {'User-Agent': 'Mozilla/5.0 (Windows NT 10.0; Win64; x64) AppleWebKit/537.36 (KHTML, like Gecko) Chrome/148.0.0.0 Safari/537.36', 'Referer': 'http://127.0.0.1:8080/web/index.php/pim/viewEmployeeList'}
2026-06-01 14:42:48,308 - baseAutoHttp.py - INFO - 请求参数: params={'limit': '50', 'offset': '0', 'model': 'detailed', 'employeeId': '9999', 'includeEmployees': 'onlyCurrent', 'sortField': 'employee.firstName', 'sortOrder': 'ASC'} | data=None | json=None
2026-06-01 14:42:48,358 - baseAutoHttp.py - INFO - 响应状态码: 200
2026-06-01 14:42:48,359 - baseAutoHttp.py - INFO - 响应耗时: 0.048843s
2026-06-01 14:42:48,359 - baseAutoHttp.py - INFO - 响应JSON: {'data': [], 'meta': {'total': 0}, 'rels': []}
2026-06-01 14:42:48,359 - baseAutoHttp.py - INFO - 【03查询员工页面:select_query】接口调用结束

2026-06-01 14:42:48,359 - test_web_ohrm.py - INFO - ☑️【指定查询用例】执行完毕
2026-06-01 14:42:48,365 - baseUtils.py - INFO - 配置文件读取成功：E:\develop\PythonProject\OrangeHRM\Config\配置文件.ini
2026-06-01 14:42:48,373 - baseDB.py - INFO - ✅ MySQL 数据库连接成功
2026-06-01 14:42:48,376 - baseAutoHttp.py - INFO - 【04更新员工:update_employee】接口调用开始
2026-06-01 14:42:48,378 - baseData.py - INFO - 动态参数替换成功：{'firstName': 'John', 'lastName': 'Doe', 'employeeId': '1001'}
2026-06-01 14:42:48,378 - baseAutoHttp.py - INFO - 请求方式: PUT
2026-06-01 14:42:48,378 - baseAutoHttp.py - INFO - 请求地址: http://127.0.0.1:8080/web/index.php/api/v2/pim/employees/5/personal-details
2026-06-01 14:42:48,378 - baseAutoHttp.py - INFO - 请求头: {'User-Agent': 'Mozilla/5.0 (Windows NT 10.0; Win64; x64) AppleWebKit/537.36 (KHTML, like Gecko) Chrome/148.0.0.0 Safari/537.36', 'Content-Type': 'application/json', 'Referer': 'http://127.0.0.1:8080/web/index.php/pim/viewPersonalDetails/empNumber/5', 'Origin': 'http://127.0.0.1:8080'}
2026-06-01 14:42:48,378 - baseAutoHttp.py - INFO - 请求参数: params=None | data=None | json={'birthday': None, 'drivingLicenseExpiredDate': None, 'drivingLicenseNo': None, 'employeeId': '1001', 'firstName': 'John', 'gender': None, 'lastName': 'Doe', 'middleName': None, 'otherId': None}
2026-06-01 14:42:48,452 - baseAutoHttp.py - INFO - 响应状态码: 500
2026-06-01 14:42:48,452 - baseAutoHttp.py - INFO - 响应耗时: 0.072587s
2026-06-01 14:42:48,452 - baseAutoHttp.py - INFO - 响应JSON: {'error': {'status': '500', 'message': 'Unexpected Error Occurred'}}
2026-06-01 14:42:48,452 - baseAutoHttp.py - INFO - 【04更新员工:update_employee】接口调用结束

2026-06-01 14:42:48,461 - baseDB.py - INFO - ✅ MySQL 数据库连接成功
2026-06-01 14:42:48,466 - baseDB.py - INFO - ✅ MySQL 执行成功，事务已提交
2026-06-01 14:42:48,466 - baseDB.py - INFO - 🔌 MySQL 连接已关闭
2026-06-01 14:42:48,495 - baseDB.py - INFO - ✅ MySQL 数据库连接成功
2026-06-01 14:42:48,510 - baseUtils.py - INFO - 配置文件读取成功：E:\develop\PythonProject\OrangeHRM\Config\配置文件.ini
2026-06-01 14:42:48,511 - baseUtils.py - INFO - 配置文件读取成功：E:\develop\PythonProject\OrangeHRM\Config\配置文件.ini
2026-06-01 14:42:48,511 - baseAutoHttp.py - INFO - 【03查询员工页面:select_query】接口调用开始
2026-06-01 14:42:48,513 - baseData.py - INFO - 动态参数替换成功：{'employeeId': '0004'}
2026-06-01 14:42:48,513 - baseAutoHttp.py - INFO - 请求方式: GET
2026-06-01 14:42:48,513 - baseAutoHttp.py - INFO - 请求地址: http://127.0.0.1:8080/web/index.php/api/v2/pim/employees
2026-06-01 14:42:48,513 - baseAutoHttp.py - INFO - 请求头: {'User-Agent': 'Mozilla/5.0 (Windows NT 10.0; Win64; x64) AppleWebKit/537.36 (KHTML, like Gecko) Chrome/148.0.0.0 Safari/537.36', 'Referer': 'http://127.0.0.1:8080/web/index.php/pim/viewEmployeeList'}
2026-06-01 14:42:48,513 - baseAutoHttp.py - INFO - 请求参数: params={'limit': '50', 'offset': '0', 'model': 'detailed', 'employeeId': '0004', 'includeEmployees': 'onlyCurrent', 'sortField': 'employee.firstName', 'sortOrder': 'ASC'} | data=None | json=None
2026-06-01 14:42:48,584 - baseAutoHttp.py - INFO - 响应状态码: 200
2026-06-01 14:42:48,585 - baseAutoHttp.py - INFO - 响应耗时: 0.070104s
2026-06-01 14:42:48,585 - baseAutoHttp.py - INFO - 响应JSON: {'data': [], 'meta': {'total': 0}, 'rels': []}
2026-06-01 14:42:48,585 - baseAutoHttp.py - INFO - 【03查询员工页面:select_query】接口调用结束

2026-06-01 14:42:48,591 - baseDB.py - INFO - ✅ MySQL 数据库连接成功
2026-06-01 14:42:48,605 - baseUtils.py - INFO - 配置文件读取成功：E:\develop\PythonProject\OrangeHRM\Config\配置文件.ini
2026-06-01 14:42:48,606 - baseUtils.py - INFO - 配置文件读取成功：E:\develop\PythonProject\OrangeHRM\Config\配置文件.ini
2026-06-01 14:42:48,607 - baseAutoHttp.py - INFO - 【03查询员工页面:select_query】接口调用开始
2026-06-01 14:42:48,609 - baseData.py - INFO - 动态参数替换成功：{'employeeId': '9999'}
2026-06-01 14:42:48,609 - baseAutoHttp.py - INFO - 请求方式: GET
2026-06-01 14:42:48,609 - baseAutoHttp.py - INFO - 请求地址: http://127.0.0.1:8080/web/index.php/api/v2/pim/employees
2026-06-01 14:42:48,609 - baseAutoHttp.py - INFO - 请求头: {'User-Agent': 'Mozilla/5.0 (Windows NT 10.0; Win64; x64) AppleWebKit/537.36 (KHTML, like Gecko) Chrome/148.0.0.0 Safari/537.36', 'Referer': 'http://127.0.0.1:8080/web/index.php/pim/viewEmployeeList'}
2026-06-01 14:42:48,609 - baseAutoHttp.py - INFO - 请求参数: params={'limit': '50', 'offset': '0', 'model': 'detailed', 'employeeId': '9999', 'includeEmployees': 'onlyCurrent', 'sortField': 'employee.firstName', 'sortOrder': 'ASC'} | data=None | json=None
2026-06-01 14:42:48,674 - baseAutoHttp.py - INFO - 响应状态码: 200
2026-06-01 14:42:48,674 - baseAutoHttp.py - INFO - 响应耗时: 0.063638s
2026-06-01 14:42:48,674 - baseAutoHttp.py - INFO - 响应JSON: {'data': [], 'meta': {'total': 0}, 'rels': []}
2026-06-01 14:42:48,674 - baseAutoHttp.py - INFO - 【03查询员工页面:select_query】接口调用结束

2026-06-01 14:42:48,681 - baseDB.py - INFO - ✅ MySQL 数据库连接成功
2026-06-01 14:42:48,683 - test_web_ohrm.py - INFO - ☑️【删除员工】用例执行成功
2026-06-01 14:42:48,689 - baseUtils.py - INFO - 配置文件读取成功：E:\develop\PythonProject\OrangeHRM\Config\配置文件.ini
2026-06-01 14:42:48,689 - baseAutoHttp.py - INFO - 【06未登录访问员工接口:employee】接口调用开始
2026-06-01 14:42:48,691 - baseAutoHttp.py - INFO - 请求方式: GET
2026-06-01 14:42:48,691 - baseAutoHttp.py - INFO - 请求地址: http://127.0.0.1:8080/web/index.php/pim/viewEmployeeList
2026-06-01 14:42:48,691 - baseAutoHttp.py - INFO - 请求头: {'User-Agent': 'Mozilla/5.0 (Windows NT 10.0; Win64; x64) AppleWebKit/537.36 (KHTML, like Gecko) Chrome/148.0.0.0 Safari/537.36'}
2026-06-01 14:42:48,691 - baseAutoHttp.py - INFO - 请求参数: params={'includeEmployees': 'onlyCurrent', 'limit': '50', 'model': 'detailed', 'offset': '0', 'sortField': 'employee.firstName', 'sortOrder': 'ASC'} | data=None | json=None
2026-06-01 14:42:48,748 - baseAutoHttp.py - INFO - 响应状态码: 302
2026-06-01 14:42:48,748 - baseAutoHttp.py - INFO - 响应耗时: 0.05504s
2026-06-01 14:42:48,748 - baseAutoHttp.py - INFO - 响应文本: <!DOCTYPE html>
<html>
    <head>
        <meta charset="UTF-8" />
        <meta http-equiv="refresh" content="0;url='http://127.0.0.1:8080/web/index.php/auth/login'" />

        <title>Redirecting to http://127.0.0.1:8080/web/index.php/auth/login</title>
    </head>
    <body>
        Redirecting to <a href="http://127.0.0.1:8080/web/index.php/auth/login">http://127.0.0.1:8080/web/index.php/auth/login</a>.
    </body>
</html>
2026-06-01 14:42:48,748 - baseAutoHttp.py - INFO - 【06未登录访问员工接口:employee】接口调用结束

2026-06-01 14:42:49,139 - baseUtils.py - INFO - 配置文件读取成功：E:\develop\PythonProject\OrangeHRM\Config\配置文件.ini
2026-06-01 14:42:49,139 - baseAutoHttp.py - INFO - 【07非管理员登录:employee_login】接口调用开始
2026-06-01 14:42:49,140 - baseData.py - INFO - 动态参数替换成功：{'firstName': 'cc', 'lastName': 'dd', 'employeeId': '1010'}
2026-06-01 14:42:49,141 - baseAutoHttp.py - INFO - 请求方式: POST
2026-06-01 14:42:49,141 - baseAutoHttp.py - INFO - 请求地址: http://127.0.0.1:8080/web/index.php/api/v2/pim/employees
2026-06-01 14:42:49,141 - baseAutoHttp.py - INFO - 请求头: {'User-Agent': 'Mozilla/5.0 (Windows NT 10.0; Win64; x64) AppleWebKit/537.36 (KHTML, like Gecko) Chrome/148.0.0.0 Safari/537.36', 'Content-Type': 'application/json', 'Origin': 'http://127.0.0.1:8080', 'Referer': 'http://127.0.0.1:8080/web/index.php/pim/addEmployee'}
2026-06-01 14:42:49,141 - baseAutoHttp.py - INFO - 请求参数: params=None | data=None | json={'employeeId': '1010', 'empPicture': None, 'firstName': 'cc', 'lastName': 'dd', 'middleName': None}
2026-06-01 14:42:49,203 - baseAutoHttp.py - INFO - 响应状态码: 403
2026-06-01 14:42:49,203 - baseAutoHttp.py - INFO - 响应耗时: 0.060998s
2026-06-01 14:42:49,203 - baseAutoHttp.py - INFO - 响应JSON: {'error': {'status': 403, 'message': 'Unauthorized'}}
2026-06-01 14:42:49,203 - baseAutoHttp.py - INFO - 【07非管理员登录:employee_login】接口调用结束

2026-06-01 14:42:49,203 - test_web_ohrm.py - INFO - ☑️【非管理员账号操作员工】用例执行成功
2026-06-01 14:42:49,410 - runClient.py - WARNING - ⚠️ 未找到用例文件，执行项目全量用例
2026-06-01 14:42:49,447 - baseUtils.py - INFO - 配置文件读取成功：E:\develop\PythonProject\OrangeHRM\Config\配置文件.ini
2026-06-01 14:42:49,487 - baseUtils.py - INFO - 配置文件读取成功：E:\develop\PythonProject\OrangeHRM\Config\配置文件.ini
2026-06-01 14:42:49,540 - baseAutoHttp.py - INFO - 【01登录页面接口信息:login_api】接口调用开始
2026-06-01 14:42:49,548 - baseData.py - INFO - 动态参数替换成功：{'_token': '909ae6d1492081690f6f8.9Pf02-2PTGxGTYS-FrQHVcBt6WIWMw698BivvKSajeI.m8WriInBDR8pft3EIeM-MLo-pgZhVXjbgF3qy_3A2Lq7v6Tiu8EbPgB1wQ', 'username': 'admin', 'password': 'Keepmoving624.'}
2026-06-01 14:42:49,550 - baseAutoHttp.py - INFO - 请求方式: POST
2026-06-01 14:42:49,553 - baseAutoHttp.py - INFO - 请求地址: http://127.0.0.1:8080/web/index.php/auth/validate
2026-06-01 14:42:49,555 - baseAutoHttp.py - INFO - 请求头: {'User-Agent': 'Mozilla/5.0 (Windows NT 10.0; Win64; x64) AppleWebKit/537.36 (KHTML, like Gecko) Chrome/148.0.0.0 Safari/537.36', 'Content-Type': 'application/x-www-form-urlencoded'}
2026-06-01 14:42:49,557 - baseAutoHttp.py - INFO - 请求参数: params=None | data={'_token': '909ae6d1492081690f6f8.9Pf02-2PTGxGTYS-FrQHVcBt6WIWMw698BivvKSajeI.m8WriInBDR8pft3EIeM-MLo-pgZhVXjbgF3qy_3A2Lq7v6Tiu8EbPgB1wQ', 'username': 'admin', 'password': 'Keepmoving624.'} | json=None
2026-06-01 14:42:49,955 - baseAutoHttp.py - INFO - 响应状态码: 200
2026-06-01 14:42:49,958 - baseAutoHttp.py - INFO - 响应耗时: 0.10009s
2026-06-01 14:42:49,960 - baseAutoHttp.py - INFO - 响应文本: <!DOCTYPE html>
<html>
<head>
  <meta charset="UTF-8">
  <meta http-equiv="X-UA-Compatible" content="IE=edge">
  <meta name="viewport" content="width=device-width,initial-scale=1">
  <title>OrangeHRM</title>
    <link rel="icon" href="/web/dist/favicon.ico?v=1775433284510">
  <link href="/web/dist/css/chunk-vendors.css?v=1775433284510" rel="preload" as="style">
  <link href="/web/dist/css/app.css?v=1775433284510" rel="preload" as="style">
  <link href="/web/dist/js/chunk-vendors.js?v=1775433284510" rel="preload" as="script">
  <link href="/web/dist/js/app.js?v=1775433284510" rel="preload" as="script">
    <link href="/web/dist/css/chunk-vendors.css?v=1775433284510" rel="stylesheet"/>
  <link href="/web/dist/css/app.css?v=1775433284510" rel="stylesheet"/>
</head>
<body>
  <style>
    :root {
            --oxd-primary-one-color:#FF7B1D;
            --oxd-primary-font-color:#FFFFFF;
            --oxd-secondary-four-color:#76BC21;
            --oxd-secondary-font-color:#FFFFFF;
            --oxd-primary-gradient-start-color:#FF920B;
            --oxd-primary-gradient-end-color:#F35C17;
            --oxd-secondary-gradient-start-color:#FF920B;
            --oxd-secondary-gradient-end-color:#F35C17;
            --oxd-primary-one-lighten-5-color:#ff8a37;
            --oxd-primary-one-lighten-30-color:#ffd4b6;
            --oxd-primary-one-darken-5-color:#ff6c03;
            --oxd-primary-one-alpha-10-color:rgba(255, 123, 29, 0.1);
            --oxd-primary-one-alpha-15-color:rgba(255, 123, 29, 0.15);
            --oxd-primary-one-alpha-20-color:rgba(255, 123, 29, 0.2);
            --oxd-primary-one-alpha-50-color:rgba(255, 123, 29, 0.5);
            --oxd-secondary-four-lighten-5-color:#84d225;
            --oxd-secondary-four-darken-5-color:#68a61d;
            --oxd-secondary-four-alpha-10-color:rgba(118, 188, 33, 0.1);
            --oxd-secondary-four-alpha-15-color:rgba(118, 188, 33, 0.15);
            --oxd-secondary-four-alpha-20-color:rgba(118, 188, 33, 0.2);
            --oxd-secondary-four-alpha-50-color:rgba(118, 188, 33, 0.5);
        }
  </style>
  <noscript>
    <strong>
      We're sorry but orangehrm doesn't work properly without JavaScript enabled. Please enable it to continue.
    </strong>
  </noscript>

  <div id="app">
    <oxd-layout
        home-url="https://www.orangehrm.com/"
        :sidepanel-menu-items="[{&quot;id&quot;:1,&quot;name&quot;:&quot;\u7ba1\u7406\u5458&quot;,&quot;url&quot;:&quot;\/web\/index.php\/admin\/viewAdminModule&quot;,&quot;icon&quot;:&quot;admin&quot;},{&quot;id&quot;:30,&quot;name&quot;:&quot;\u4e2a\u4eba\u4fe1\u606f\u7ba1\u7406\u7cfb\u7edf&quot;,&quot;url&quot;:&quot;\/web\/index.php\/pim\/viewPimModule&quot;,&quot;icon&quot;:&quot;pim&quot;},{&quot;id&quot;:41,&quot;name&quot;:&quot;\u4f11\u5047&quot;,&quot;url&quot;:&quot;\/web\/index.php\/leave\/viewLeaveModule&quot;,&quot;icon&quot;:&quot;leave&quot;},{&quot;id&quot;:52,&quot;name&quot;:&quot;\u65f6\u95f4&quot;,&quot;url&quot;:&quot;\/web\/index.php\/time\/viewTimeModule&quot;,&quot;icon&quot;:&quot;time&quot;},{&quot;id&quot;:65,&quot;name&quot;:&quot;\u62db\u8058&quot;,&quot;url&quot;:&quot;\/web\/index.php\/recruitment\/viewRecruitmentModule&quot;,&quot;icon&quot;:&quot;recruitment&quot;},{&quot;id&quot;:40,&quot;name&quot;:&quot;\u6211\u7684\u4fe1\u606f&quot;,&quot;url&quot;:&quot;\/web\/index.php\/pim\/viewMyDetails&quot;,&quot;icon&quot;:&quot;myinfo&quot;},{&quot;id&quot;:83,&quot;name&quot;:&quot;\u7ee9\u6548&quot;,&quot;url&quot;:&quot;\/web\/index.php\/performance\/viewPerformanceModule&quot;,&quot;icon&quot;:&quot;performance&quot;},{&quot;id&quot;:82,&quot;name&quot;:&quot;\u4eea\u8868\u76d8&quot;,&quot;url&quot;:&quot;\/web\/index.php\/dashboard\/index&quot;,&quot;icon&quot;:&quot;dashboard&quot;,&quot;active&quot;:true},{&quot;id&quot;:93,&quot;name&quot;:&quot;Directory&quot;,&quot;url&quot;:&quot;\/web\/index.php\/directory\/viewDirectory&quot;,&quot;icon&quot;:&quot;directory&quot;},{&quot;id&quot;:96,&quot;name&quot;:&quot;Maintenance&quot;,&quot;url&quot;:&quot;\/web\/index.php\/maintenance\/viewMaintenanceModule&quot;,&quot;icon&quot;:&quot;maintenance&quot;},{&quot;id&quot;:105,&quot;name&quot;:&quot;Claim&quot;,&quot;url&quot;:&quot;\/web\/index.php\/claim\/viewClaimModule&quot;,&quot;icon&quot;:&quot;claim&quot;},{&quot;id&quot;:101,&quot;name&quot;:&quot;\u6fc0\u52a8&quot;,&quot;url&quot;:&quot;\/web\/index.php\/buzz\/viewBuzz&quot;,&quot;icon&quot;:&quot;buzz&quot;}]"
        :topbar-menu-items="[]"
        :user="{&quot;firstName&quot;:&quot;\u8c22&quot;,&quot;lastName&quot;:&quot;\u5b89&quot;,&quot;profImgSrc&quot;:&quot;\/web\/index.php\/pim\/viewPhoto\/empNumber\/1&quot;,&quot;hasPassword&quot;:true}"
        brand-logo-src="/web/images/orange.png?v=1775433284510"
        brand-banner-src="/web/images/orangehrm-logo.png?v=1775433284510"
        logout-url="/web/index.php/auth/logout"
        support-url="/web/index.php/help/support"
        :update-password-url="&quot;/web/index.php/pim/updatePassword&quot;"
        :permissions="{&quot;dashboard_buzz_widget&quot;:{&quot;canRead&quot;:true,&quot;canCreate&quot;:false,&quot;canUpdate&quot;:false,&quot;canDelete&quot;:false},&quot;dashboard_employees_on_leave_today_config&quot;:{&quot;canRead&quot;:true,&quot;canCreate&quot;:false,&quot;canUpdate&quot;:true,&quot;canDelete&quot;:false},&quot;dashboard_leave_widget&quot;:{&quot;canRead&quot;:true,&quot;canCreate&quot;:false,&quot;canUpdate&quot;:false,&quot;canDelete&quot;:false},&quot;dashboard_location_widget&quot;:{&quot;canRead&quot;:true,&quot;canCreate&quot;:false,&quot;canUpdate&quot;:false,&quot;canDelete&quot;:false},&quot;dashboard_subunit_widget&quot;:{&quot;canRead&quot;:true,&quot;canCreate&quot;:false,&quot;canUpdate&quot;:false,&quot;canDelete&quot;:false},&quot;dashboard_time_widget&quot;:{&quot;canRead&quot;:true,&quot;canCreate&quot;:false,&quot;canUpdate&quot;:false,&quot;canDelete&quot;:false}}"
        :breadcrumb="{&quot;moduleName&quot;:&quot;\u4eea\u8868\u76d8&quot;,&quot;level&quot;:null}"
        :date-format="{&quot;id&quot;:&quot;Y-m-d&quot;,&quot;label&quot;:&quot;yyyy-mm-dd&quot;}"
        help-url="/web/index.php/help/help?label=dashboard_index"
        :show-upgrade="1"
    >
      <view-dashboard
            >
    </view-dashboard>
    <template v-slot:footer><oxd-text tag="p" class="orangehrm-copyright">OrangeHRM OS 5.8.1</oxd-text>
<oxd-text tag="p" class="orangehrm-copyright">&copy; 2005 - 2026 <a href="http://www.orangehrm.com" target="_blank">OrangeHRM, Inc</a>. All rights reserved.</oxd-text>
<br></template>
    </oxd-layout>
  </div>
  <script type="text/javascript">
      window.appGlobal = {
        baseUrl: "/web/index.php",
        publicPath: "/web",
      };
  </script>
  <script src="/web/dist/js/chunk-vendors.js?v=1775433284510"></script>
  <script src="/web/dist/js/app.js?v=1775433284510"></script>
</body>
</html>

2026-06-01 14:42:49,964 - baseAutoHttp.py - INFO - 【01登录页面接口信息:login_api】接口调用结束

2026-06-01 14:42:49,966 - web_login_page.py - INFO - 【管理员正常登录】断言成功
2026-06-01 14:42:49,968 - baseAutoHttp.py - INFO - 接口会话已关闭
2026-06-01 14:42:49,971 - test_web_ohrm.py - INFO - 【管理员正常登录】用例执行成功
2026-06-01 14:42:49,978 - baseUtils.py - INFO - 配置文件读取成功：E:\develop\PythonProject\OrangeHRM\Config\配置文件.ini
2026-06-01 14:42:50,025 - baseAutoHttp.py - INFO - 【02登录页面未携带token:login_not_token_api】接口调用开始
2026-06-01 14:42:50,028 - baseData.py - INFO - 动态参数替换成功：{'username': 'admin', 'password': 'Keepmoving624.'}
2026-06-01 14:42:50,031 - baseAutoHttp.py - INFO - 请求方式: POST
2026-06-01 14:42:50,032 - baseAutoHttp.py - INFO - 请求地址: http://127.0.0.1:8080/web/index.php/auth/validate
2026-06-01 14:42:50,035 - baseAutoHttp.py - INFO - 请求头: {'User-Agent': 'Mozilla/5.0 (Windows NT 10.0; Win64; x64) AppleWebKit/537.36 (KHTML, like Gecko) Chrome/148.0.0.0 Safari/537.36', 'Content-Type': 'application/x-www-form-urlencoded'}
2026-06-01 14:42:50,037 - baseAutoHttp.py - INFO - 请求参数: params=None | data={'username': 'admin', 'password': 'Keepmoving624.'} | json=None
2026-06-01 14:42:50,142 - baseAutoHttp.py - INFO - 响应状态码: 200
2026-06-01 14:42:50,145 - baseAutoHttp.py - INFO - 响应耗时: 0.043426s
2026-06-01 14:42:50,147 - baseAutoHttp.py - INFO - 响应文本: <!DOCTYPE html>
<html>
<head>
  <meta charset="UTF-8">
  <meta http-equiv="X-UA-Compatible" content="IE=edge">
  <meta name="viewport" content="width=device-width,initial-scale=1">
  <title>OrangeHRM</title>
      <link rel="icon" href="/web/dist/favicon.ico?v=1775433284510">
    <link href="/web/dist/css/chunk-vendors.css?v=1775433284510" rel="preload" as="style">
    <link href="/web/dist/css/app.css?v=1775433284510" rel="preload" as="style">
    <link href="/web/dist/js/chunk-vendors.js?v=1775433284510" rel="preload" as="script">
    <link href="/web/dist/js/app.js?v=1775433284510" rel="preload" as="script">
      <link href="/web/dist/css/chunk-vendors.css?v=1775433284510" rel="stylesheet"/>
    <link href="/web/dist/css/app.css?v=1775433284510" rel="stylesheet"/>
</head>
<body>
  <style>
    :root {
            --oxd-primary-one-color:#FF7B1D;
            --oxd-primary-font-color:#FFFFFF;
            --oxd-secondary-four-color:#76BC21;
            --oxd-secondary-font-color:#FFFFFF;
            --oxd-primary-gradient-start-color:#FF920B;
            --oxd-primary-gradient-end-color:#F35C17;
            --oxd-secondary-gradient-start-color:#FF920B;
            --oxd-secondary-gradient-end-color:#F35C17;
            --oxd-primary-one-lighten-5-color:#ff8a37;
            --oxd-primary-one-lighten-30-color:#ffd4b6;
            --oxd-primary-one-darken-5-color:#ff6c03;
            --oxd-primary-one-alpha-10-color:rgba(255, 123, 29, 0.1);
            --oxd-primary-one-alpha-15-color:rgba(255, 123, 29, 0.15);
            --oxd-primary-one-alpha-20-color:rgba(255, 123, 29, 0.2);
            --oxd-primary-one-alpha-50-color:rgba(255, 123, 29, 0.5);
            --oxd-secondary-four-lighten-5-color:#84d225;
            --oxd-secondary-four-darken-5-color:#68a61d;
            --oxd-secondary-four-alpha-10-color:rgba(118, 188, 33, 0.1);
            --oxd-secondary-four-alpha-15-color:rgba(118, 188, 33, 0.15);
            --oxd-secondary-four-alpha-20-color:rgba(118, 188, 33, 0.2);
            --oxd-secondary-four-alpha-50-color:rgba(118, 188, 33, 0.5);
        }
  </style>
    <noscript>
        <strong>
            We're sorry but orangehrm doesn't work properly without JavaScript enabled. Please enable it to continue.
        </strong>
    </noscript>

    <div id="app">
    <auth-login
            :error="{&quot;error&quot;:&quot;invalid_csrf_token&quot;,&quot;message&quot;:&quot;CSRF token validation failed&quot;}"
            :token="&quot;18a1b205.p9xYtLqAk4I04o_BU8h_1oExygoKJ6cEFVMfJuQKOak.xb4X5uW4pe1mqc2CHoZHg7BTgW0yEfJLIWNtfLJ4FNP1v2_gwurY01it1g&quot;"
            :login-logo-src="&quot;\/web\/images\/ohrm_logo.png&quot;"
            :login-banner-src="&quot;\/web\/images\/ohrm_branding.png?v=1775433284510&quot;"
            :show-social-media="true"
            :is-demo-mode="false"
            :authenticators="[]"
        >
    <template v-slot:footer>
        <div class="orangehrm-copyright-wrapper">
            <oxd-text tag="p" class="orangehrm-copyright">OrangeHRM OS 5.8.1</oxd-text>
<oxd-text tag="p" class="orangehrm-copyright">&copy; 2005 - 2026 <a href="http://www.orangehrm.com" target="_blank">OrangeHRM, Inc</a>. All rights reserved.</oxd-text>
        </div>
    </template>
    </auth-login>
    </div>
    <script type="text/javascript">
        window.appGlobal = {
          baseUrl: "/web/index.php",
          publicPath: "/web",
        };
    </script>
    <script src="/web/dist/js/chunk-vendors.js?v=1775433284510"></script>
    <script src="/web/dist/js/app.js?v=1775433284510"></script>
</body>
</html>

2026-06-01 14:42:50,149 - baseAutoHttp.py - INFO - 【02登录页面未携带token:login_not_token_api】接口调用结束

2026-06-01 14:42:50,151 - web_login_page.py - INFO - 【未携带CSRF令牌】断言成功
2026-06-01 14:42:50,153 - baseAutoHttp.py - INFO - 接口会话已关闭
2026-06-01 14:42:50,155 - test_web_ohrm.py - INFO - 【未携带CSRF令牌】用例执行成功
2026-06-01 14:42:50,161 - baseUtils.py - INFO - 配置文件读取成功：E:\develop\PythonProject\OrangeHRM\Config\配置文件.ini
2026-06-01 14:42:50,262 - baseAutoHttp.py - INFO - 【01登录页面接口信息:login_api】接口调用开始
2026-06-01 14:42:50,265 - baseData.py - INFO - 动态参数替换成功：{'_token': '0bccc048582e.SxMzdflJFIP8scnIr_glQfl153AvllT7gDDLVJwyAR8.AXsFHsl7J-Cr3IG9_YFOG8kH1zQbwWeh02-TZftEZ0YPSkpNiCtWzJ3DiA', 'username': 'admin', 'password': 'Keepmoving624.'}
2026-06-01 14:42:50,268 - baseAutoHttp.py - INFO - 请求方式: POST
2026-06-01 14:42:50,269 - baseAutoHttp.py - INFO - 请求地址: http://127.0.0.1:8080/web/index.php/auth/validate
2026-06-01 14:42:50,272 - baseAutoHttp.py - INFO - 请求头: {'User-Agent': 'Mozilla/5.0 (Windows NT 10.0; Win64; x64) AppleWebKit/537.36 (KHTML, like Gecko) Chrome/148.0.0.0 Safari/537.36', 'Content-Type': 'application/x-www-form-urlencoded'}
2026-06-01 14:42:50,274 - baseAutoHttp.py - INFO - 请求参数: params=None | data={'_token': '0bccc048582e.SxMzdflJFIP8scnIr_glQfl153AvllT7gDDLVJwyAR8.AXsFHsl7J-Cr3IG9_YFOG8kH1zQbwWeh02-TZftEZ0YPSkpNiCtWzJ3DiA', 'username': 'admin', 'password': 'Keepmoving624.'} | json=None
2026-06-01 14:42:50,375 - baseAutoHttp.py - INFO - 响应状态码: 200
2026-06-01 14:42:50,377 - baseAutoHttp.py - INFO - 响应耗时: 0.042185s
2026-06-01 14:42:50,379 - baseAutoHttp.py - INFO - 响应文本: <!DOCTYPE html>
<html>
<head>
  <meta charset="UTF-8">
  <meta http-equiv="X-UA-Compatible" content="IE=edge">
  <meta name="viewport" content="width=device-width,initial-scale=1">
  <title>OrangeHRM</title>
      <link rel="icon" href="/web/dist/favicon.ico?v=1775433284510">
    <link href="/web/dist/css/chunk-vendors.css?v=1775433284510" rel="preload" as="style">
    <link href="/web/dist/css/app.css?v=1775433284510" rel="preload" as="style">
    <link href="/web/dist/js/chunk-vendors.js?v=1775433284510" rel="preload" as="script">
    <link href="/web/dist/js/app.js?v=1775433284510" rel="preload" as="script">
      <link href="/web/dist/css/chunk-vendors.css?v=1775433284510" rel="stylesheet"/>
    <link href="/web/dist/css/app.css?v=1775433284510" rel="stylesheet"/>
</head>
<body>
  <style>
    :root {
            --oxd-primary-one-color:#FF7B1D;
            --oxd-primary-font-color:#FFFFFF;
            --oxd-secondary-four-color:#76BC21;
            --oxd-secondary-font-color:#FFFFFF;
            --oxd-primary-gradient-start-color:#FF920B;
            --oxd-primary-gradient-end-color:#F35C17;
            --oxd-secondary-gradient-start-color:#FF920B;
            --oxd-secondary-gradient-end-color:#F35C17;
            --oxd-primary-one-lighten-5-color:#ff8a37;
            --oxd-primary-one-lighten-30-color:#ffd4b6;
            --oxd-primary-one-darken-5-color:#ff6c03;
            --oxd-primary-one-alpha-10-color:rgba(255, 123, 29, 0.1);
            --oxd-primary-one-alpha-15-color:rgba(255, 123, 29, 0.15);
            --oxd-primary-one-alpha-20-color:rgba(255, 123, 29, 0.2);
            --oxd-primary-one-alpha-50-color:rgba(255, 123, 29, 0.5);
            --oxd-secondary-four-lighten-5-color:#84d225;
            --oxd-secondary-four-darken-5-color:#68a61d;
            --oxd-secondary-four-alpha-10-color:rgba(118, 188, 33, 0.1);
            --oxd-secondary-four-alpha-15-color:rgba(118, 188, 33, 0.15);
            --oxd-secondary-four-alpha-20-color:rgba(118, 188, 33, 0.2);
            --oxd-secondary-four-alpha-50-color:rgba(118, 188, 33, 0.5);
        }
  </style>
    <noscript>
        <strong>
            We're sorry but orangehrm doesn't work properly without JavaScript enabled. Please enable it to continue.
        </strong>
    </noscript>

    <div id="app">
    <auth-login
            :error="{&quot;error&quot;:&quot;invalid_csrf_token&quot;,&quot;message&quot;:&quot;CSRF token validation failed&quot;}"
            :token="&quot;1bc4836e2c9dd02200.sdrWwVadm7fygr6OyWDXDeNrPLoMYls3fbppmkKlKu4.6ZCSphWv0uC34fK_5BKuXLA0W41VCipQJMgvoyzvaaDksID5ZfTXmqjk-w&quot;"
            :login-logo-src="&quot;\/web\/images\/ohrm_logo.png&quot;"
            :login-banner-src="&quot;\/web\/images\/ohrm_branding.png?v=1775433284510&quot;"
            :show-social-media="true"
            :is-demo-mode="false"
            :authenticators="[]"
        >
    <template v-slot:footer>
        <div class="orangehrm-copyright-wrapper">
            <oxd-text tag="p" class="orangehrm-copyright">OrangeHRM OS 5.8.1</oxd-text>
<oxd-text tag="p" class="orangehrm-copyright">&copy; 2005 - 2026 <a href="http://www.orangehrm.com" target="_blank">OrangeHRM, Inc</a>. All rights reserved.</oxd-text>
        </div>
    </template>
    </auth-login>
    </div>
    <script type="text/javascript">
        window.appGlobal = {
          baseUrl: "/web/index.php",
          publicPath: "/web",
        };
    </script>
    <script src="/web/dist/js/chunk-vendors.js?v=1775433284510"></script>
    <script src="/web/dist/js/app.js?v=1775433284510"></script>
</body>
</html>

2026-06-01 14:42:50,381 - baseAutoHttp.py - INFO - 【01登录页面接口信息:login_api】接口调用结束

2026-06-01 14:42:50,383 - web_login_page.py - INFO - 【跨会话使用Token】断言成功
2026-06-01 14:42:50,385 - baseAutoHttp.py - INFO - 接口会话已关闭
2026-06-01 14:42:50,387 - test_web_ohrm.py - INFO - 【携带过期CSRF令牌】用例执行成功
2026-06-01 14:42:50,393 - baseUtils.py - INFO - 配置文件读取成功：E:\develop\PythonProject\OrangeHRM\Config\配置文件.ini
2026-06-01 14:42:50,394 - baseAutoHttp.py - INFO - 【01登录页面接口信息:login_api】接口调用开始
2026-06-01 14:42:50,397 - baseData.py - INFO - 动态参数替换成功：{'_token': 'g@q@BEa0Doic0GKBJsEE', 'username': 'admin', 'password': 'Keepmoving624.'}
2026-06-01 14:42:50,399 - baseAutoHttp.py - INFO - 请求方式: POST
2026-06-01 14:42:50,401 - baseAutoHttp.py - INFO - 请求地址: http://127.0.0.1:8080/web/index.php/auth/validate
2026-06-01 14:42:50,403 - baseAutoHttp.py - INFO - 请求头: {'User-Agent': 'Mozilla/5.0 (Windows NT 10.0; Win64; x64) AppleWebKit/537.36 (KHTML, like Gecko) Chrome/148.0.0.0 Safari/537.36', 'Content-Type': 'application/x-www-form-urlencoded'}
2026-06-01 14:42:50,405 - baseAutoHttp.py - INFO - 请求参数: params=None | data={'_token': 'g@q@BEa0Doic0GKBJsEE', 'username': 'admin', 'password': 'Keepmoving624.'} | json=None
2026-06-01 14:42:50,502 - baseAutoHttp.py - INFO - 响应状态码: 200
2026-06-01 14:42:50,505 - baseAutoHttp.py - INFO - 响应耗时: 0.043503s
2026-06-01 14:42:50,507 - baseAutoHttp.py - INFO - 响应文本: <!DOCTYPE html>
<html>
<head>
  <meta charset="UTF-8">
  <meta http-equiv="X-UA-Compatible" content="IE=edge">
  <meta name="viewport" content="width=device-width,initial-scale=1">
  <title>OrangeHRM</title>
      <link rel="icon" href="/web/dist/favicon.ico?v=1775433284510">
    <link href="/web/dist/css/chunk-vendors.css?v=1775433284510" rel="preload" as="style">
    <link href="/web/dist/css/app.css?v=1775433284510" rel="preload" as="style">
    <link href="/web/dist/js/chunk-vendors.js?v=1775433284510" rel="preload" as="script">
    <link href="/web/dist/js/app.js?v=1775433284510" rel="preload" as="script">
      <link href="/web/dist/css/chunk-vendors.css?v=1775433284510" rel="stylesheet"/>
    <link href="/web/dist/css/app.css?v=1775433284510" rel="stylesheet"/>
</head>
<body>
  <style>
    :root {
            --oxd-primary-one-color:#FF7B1D;
            --oxd-primary-font-color:#FFFFFF;
            --oxd-secondary-four-color:#76BC21;
            --oxd-secondary-font-color:#FFFFFF;
            --oxd-primary-gradient-start-color:#FF920B;
            --oxd-primary-gradient-end-color:#F35C17;
            --oxd-secondary-gradient-start-color:#FF920B;
            --oxd-secondary-gradient-end-color:#F35C17;
            --oxd-primary-one-lighten-5-color:#ff8a37;
            --oxd-primary-one-lighten-30-color:#ffd4b6;
            --oxd-primary-one-darken-5-color:#ff6c03;
            --oxd-primary-one-alpha-10-color:rgba(255, 123, 29, 0.1);
            --oxd-primary-one-alpha-15-color:rgba(255, 123, 29, 0.15);
            --oxd-primary-one-alpha-20-color:rgba(255, 123, 29, 0.2);
            --oxd-primary-one-alpha-50-color:rgba(255, 123, 29, 0.5);
            --oxd-secondary-four-lighten-5-color:#84d225;
            --oxd-secondary-four-darken-5-color:#68a61d;
            --oxd-secondary-four-alpha-10-color:rgba(118, 188, 33, 0.1);
            --oxd-secondary-four-alpha-15-color:rgba(118, 188, 33, 0.15);
            --oxd-secondary-four-alpha-20-color:rgba(118, 188, 33, 0.2);
            --oxd-secondary-four-alpha-50-color:rgba(118, 188, 33, 0.5);
        }
  </style>
    <noscript>
        <strong>
            We're sorry but orangehrm doesn't work properly without JavaScript enabled. Please enable it to continue.
        </strong>
    </noscript>

    <div id="app">
    <auth-login
            :error="{&quot;error&quot;:&quot;invalid_csrf_token&quot;,&quot;message&quot;:&quot;CSRF token validation failed&quot;}"
            :token="&quot;ee9f532300a1eaf4319b00e3bd.Oc3sxH5o258bvsR2-63kbznREq3GhLHoiXTprQTFFGs.QJqe90svtsZ4-7A3meK-DQ3ifcC00uOR3BCCxjysWwp7-4GDTjfi8lHGrw&quot;"
            :login-logo-src="&quot;\/web\/images\/ohrm_logo.png&quot;"
            :login-banner-src="&quot;\/web\/images\/ohrm_branding.png?v=1775433284510&quot;"
            :show-social-media="true"
            :is-demo-mode="false"
            :authenticators="[]"
        >
    <template v-slot:footer>
        <div class="orangehrm-copyright-wrapper">
            <oxd-text tag="p" class="orangehrm-copyright">OrangeHRM OS 5.8.1</oxd-text>
<oxd-text tag="p" class="orangehrm-copyright">&copy; 2005 - 2026 <a href="http://www.orangehrm.com" target="_blank">OrangeHRM, Inc</a>. All rights reserved.</oxd-text>
        </div>
    </template>
    </auth-login>
    </div>
    <script type="text/javascript">
        window.appGlobal = {
          baseUrl: "/web/index.php",
          publicPath: "/web",
        };
    </script>
    <script src="/web/dist/js/chunk-vendors.js?v=1775433284510"></script>
    <script src="/web/dist/js/app.js?v=1775433284510"></script>
</body>
</html>

2026-06-01 14:42:50,509 - baseAutoHttp.py - INFO - 【01登录页面接口信息:login_api】接口调用结束

2026-06-01 14:42:50,511 - web_login_page.py - INFO - 【携带错误格式Token】断言成功
2026-06-01 14:42:50,513 - baseAutoHttp.py - INFO - 接口会话已关闭
2026-06-01 14:42:50,515 - test_web_ohrm.py - INFO - 【携带错误格式Token】用例执行成功
2026-06-01 14:42:50,521 - baseUtils.py - INFO - 配置文件读取成功：E:\develop\PythonProject\OrangeHRM\Config\配置文件.ini
2026-06-01 14:42:50,568 - baseAutoHttp.py - INFO - 【01登录页面接口信息:login_api】接口调用开始
2026-06-01 14:42:50,572 - baseData.py - INFO - 动态参数替换成功：{'_token': '1c50ce839d9f1e6c5bf6.E56v7mGMD0f3q7ssgwQ2LhNCfEtwQRfcAXixBEalHgs.duyfnBDVNii9mtd1zFwPV0INJXsBAEKwWyuGcy3DWUgnrPe4MOJhL5rOgw', 'username': 'wrong', 'password': 'wrong'}
2026-06-01 14:42:50,574 - baseAutoHttp.py - INFO - 请求方式: POST
2026-06-01 14:42:50,576 - baseAutoHttp.py - INFO - 请求地址: http://127.0.0.1:8080/web/index.php/auth/validate
2026-06-01 14:42:50,578 - baseAutoHttp.py - INFO - 请求头: {'User-Agent': 'Mozilla/5.0 (Windows NT 10.0; Win64; x64) AppleWebKit/537.36 (KHTML, like Gecko) Chrome/148.0.0.0 Safari/537.36', 'Content-Type': 'application/x-www-form-urlencoded'}
2026-06-01 14:42:50,580 - baseAutoHttp.py - INFO - 请求参数: params=None | data={'_token': '1c50ce839d9f1e6c5bf6.E56v7mGMD0f3q7ssgwQ2LhNCfEtwQRfcAXixBEalHgs.duyfnBDVNii9mtd1zFwPV0INJXsBAEKwWyuGcy3DWUgnrPe4MOJhL5rOgw', 'username': 'wrong', 'password': 'wrong'} | json=None
2026-06-01 14:42:50,700 - baseAutoHttp.py - INFO - 响应状态码: 200
2026-06-01 14:42:50,703 - baseAutoHttp.py - INFO - 响应耗时: 0.064843s
2026-06-01 14:42:50,705 - baseAutoHttp.py - INFO - 响应文本: <!DOCTYPE html>
<html>
<head>
  <meta charset="UTF-8">
  <meta http-equiv="X-UA-Compatible" content="IE=edge">
  <meta name="viewport" content="width=device-width,initial-scale=1">
  <title>OrangeHRM</title>
      <link rel="icon" href="/web/dist/favicon.ico?v=1775433284510">
    <link href="/web/dist/css/chunk-vendors.css?v=1775433284510" rel="preload" as="style">
    <link href="/web/dist/css/app.css?v=1775433284510" rel="preload" as="style">
    <link href="/web/dist/js/chunk-vendors.js?v=1775433284510" rel="preload" as="script">
    <link href="/web/dist/js/app.js?v=1775433284510" rel="preload" as="script">
      <link href="/web/dist/css/chunk-vendors.css?v=1775433284510" rel="stylesheet"/>
    <link href="/web/dist/css/app.css?v=1775433284510" rel="stylesheet"/>
</head>
<body>
  <style>
    :root {
            --oxd-primary-one-color:#FF7B1D;
            --oxd-primary-font-color:#FFFFFF;
            --oxd-secondary-four-color:#76BC21;
            --oxd-secondary-font-color:#FFFFFF;
            --oxd-primary-gradient-start-color:#FF920B;
            --oxd-primary-gradient-end-color:#F35C17;
            --oxd-secondary-gradient-start-color:#FF920B;
            --oxd-secondary-gradient-end-color:#F35C17;
            --oxd-primary-one-lighten-5-color:#ff8a37;
            --oxd-primary-one-lighten-30-color:#ffd4b6;
            --oxd-primary-one-darken-5-color:#ff6c03;
            --oxd-primary-one-alpha-10-color:rgba(255, 123, 29, 0.1);
            --oxd-primary-one-alpha-15-color:rgba(255, 123, 29, 0.15);
            --oxd-primary-one-alpha-20-color:rgba(255, 123, 29, 0.2);
            --oxd-primary-one-alpha-50-color:rgba(255, 123, 29, 0.5);
            --oxd-secondary-four-lighten-5-color:#84d225;
            --oxd-secondary-four-darken-5-color:#68a61d;
            --oxd-secondary-four-alpha-10-color:rgba(118, 188, 33, 0.1);
            --oxd-secondary-four-alpha-15-color:rgba(118, 188, 33, 0.15);
            --oxd-secondary-four-alpha-20-color:rgba(118, 188, 33, 0.2);
            --oxd-secondary-four-alpha-50-color:rgba(118, 188, 33, 0.5);
        }
  </style>
    <noscript>
        <strong>
            We're sorry but orangehrm doesn't work properly without JavaScript enabled. Please enable it to continue.
        </strong>
    </noscript>

    <div id="app">
    <auth-login
            :error="{&quot;error&quot;:&quot;invalid_credentials&quot;,&quot;message&quot;:&quot;Invalid credentials&quot;}"
            :token="&quot;2208da253dc8bbe20cd6.c66yl0ywDbeBIBpBS94APwjr5hSxCYQ32DVIw5K7c2U.FtyC5T3pNNjLEXYYBIY5RlmkvyTASNFbgmZ_tPndNCZHnOrBHd5j3-xFIg&quot;"
            :login-logo-src="&quot;\/web\/images\/ohrm_logo.png&quot;"
            :login-banner-src="&quot;\/web\/images\/ohrm_branding.png?v=1775433284510&quot;"
            :show-social-media="true"
            :is-demo-mode="false"
            :authenticators="[]"
        >
    <template v-slot:footer>
        <div class="orangehrm-copyright-wrapper">
            <oxd-text tag="p" class="orangehrm-copyright">OrangeHRM OS 5.8.1</oxd-text>
<oxd-text tag="p" class="orangehrm-copyright">&copy; 2005 - 2026 <a href="http://www.orangehrm.com" target="_blank">OrangeHRM, Inc</a>. All rights reserved.</oxd-text>
        </div>
    </template>
    </auth-login>
    </div>
    <script type="text/javascript">
        window.appGlobal = {
          baseUrl: "/web/index.php",
          publicPath: "/web",
        };
    </script>
    <script src="/web/dist/js/chunk-vendors.js?v=1775433284510"></script>
    <script src="/web/dist/js/app.js?v=1775433284510"></script>
</body>
</html>

2026-06-01 14:42:50,707 - baseAutoHttp.py - INFO - 【01登录页面接口信息:login_api】接口调用结束

2026-06-01 14:42:50,709 - web_login_page.py - INFO - 【wrong/wrong】断言成功
2026-06-01 14:42:50,711 - baseAutoHttp.py - INFO - 接口会话已关闭
2026-06-01 14:42:50,713 - test_web_ohrm.py - INFO - 【错误用户名/密码】用例执行成功
2026-06-01 14:42:50,719 - baseUtils.py - INFO - 配置文件读取成功：E:\develop\PythonProject\OrangeHRM\Config\配置文件.ini
2026-06-01 14:42:50,765 - baseAutoHttp.py - INFO - 【01登录页面接口信息:login_api】接口调用开始
2026-06-01 14:42:50,769 - baseData.py - INFO - 动态参数替换成功：{'_token': '369438b81fbfa730d48.Mrk0Cw_2Ni-Ue338WC7aTQHUne7g8PvCeWARX-v0MG0.Qt98aWu9B2b5AUuaERutdVW62Ze6sda2SSUmar3EQj0ClG5FbZ8OW6UrTQ', 'username': '', 'password': 'Keepmoving624.'}
2026-06-01 14:42:50,771 - baseAutoHttp.py - INFO - 请求方式: POST
2026-06-01 14:42:50,773 - baseAutoHttp.py - INFO - 请求地址: http://127.0.0.1:8080/web/index.php/auth/validate
2026-06-01 14:42:50,775 - baseAutoHttp.py - INFO - 请求头: {'User-Agent': 'Mozilla/5.0 (Windows NT 10.0; Win64; x64) AppleWebKit/537.36 (KHTML, like Gecko) Chrome/148.0.0.0 Safari/537.36', 'Content-Type': 'application/x-www-form-urlencoded'}
2026-06-01 14:42:50,777 - baseAutoHttp.py - INFO - 请求参数: params=None | data={'_token': '369438b81fbfa730d48.Mrk0Cw_2Ni-Ue338WC7aTQHUne7g8PvCeWARX-v0MG0.Qt98aWu9B2b5AUuaERutdVW62Ze6sda2SSUmar3EQj0ClG5FbZ8OW6UrTQ', 'username': '', 'password': 'Keepmoving624.'} | json=None
2026-06-01 14:42:50,905 - baseAutoHttp.py - INFO - 响应状态码: 200
2026-06-01 14:42:50,908 - baseAutoHttp.py - INFO - 响应耗时: 0.07336s
2026-06-01 14:42:50,910 - baseAutoHttp.py - INFO - 响应文本: <!DOCTYPE html>
<html>
<head>
  <meta charset="UTF-8">
  <meta http-equiv="X-UA-Compatible" content="IE=edge">
  <meta name="viewport" content="width=device-width,initial-scale=1">
  <title>OrangeHRM</title>
      <link rel="icon" href="/web/dist/favicon.ico?v=1775433284510">
    <link href="/web/dist/css/chunk-vendors.css?v=1775433284510" rel="preload" as="style">
    <link href="/web/dist/css/app.css?v=1775433284510" rel="preload" as="style">
    <link href="/web/dist/js/chunk-vendors.js?v=1775433284510" rel="preload" as="script">
    <link href="/web/dist/js/app.js?v=1775433284510" rel="preload" as="script">
      <link href="/web/dist/css/chunk-vendors.css?v=1775433284510" rel="stylesheet"/>
    <link href="/web/dist/css/app.css?v=1775433284510" rel="stylesheet"/>
</head>
<body>
  <style>
    :root {
            --oxd-primary-one-color:#FF7B1D;
            --oxd-primary-font-color:#FFFFFF;
            --oxd-secondary-four-color:#76BC21;
            --oxd-secondary-font-color:#FFFFFF;
            --oxd-primary-gradient-start-color:#FF920B;
            --oxd-primary-gradient-end-color:#F35C17;
            --oxd-secondary-gradient-start-color:#FF920B;
            --oxd-secondary-gradient-end-color:#F35C17;
            --oxd-primary-one-lighten-5-color:#ff8a37;
            --oxd-primary-one-lighten-30-color:#ffd4b6;
            --oxd-primary-one-darken-5-color:#ff6c03;
            --oxd-primary-one-alpha-10-color:rgba(255, 123, 29, 0.1);
            --oxd-primary-one-alpha-15-color:rgba(255, 123, 29, 0.15);
            --oxd-primary-one-alpha-20-color:rgba(255, 123, 29, 0.2);
            --oxd-primary-one-alpha-50-color:rgba(255, 123, 29, 0.5);
            --oxd-secondary-four-lighten-5-color:#84d225;
            --oxd-secondary-four-darken-5-color:#68a61d;
            --oxd-secondary-four-alpha-10-color:rgba(118, 188, 33, 0.1);
            --oxd-secondary-four-alpha-15-color:rgba(118, 188, 33, 0.15);
            --oxd-secondary-four-alpha-20-color:rgba(118, 188, 33, 0.2);
            --oxd-secondary-four-alpha-50-color:rgba(118, 188, 33, 0.5);
        }
  </style>
    <noscript>
        <strong>
            We're sorry but orangehrm doesn't work properly without JavaScript enabled. Please enable it to continue.
        </strong>
    </noscript>

    <div id="app">
    <auth-login
            :error="{&quot;error&quot;:&quot;invalid_credentials&quot;,&quot;message&quot;:&quot;Invalid credentials&quot;}"
            :token="&quot;b3d3c47.JkKxnfUFayegncb7tAwbzb3w8BqCd_ZL6VRIXlUiMUc.ViT5_5FOWm7N5_Cd_Tls9emetGPYNts_2RF_awMSQxcWb-vTl2xTU5HN9g&quot;"
            :login-logo-src="&quot;\/web\/images\/ohrm_logo.png&quot;"
            :login-banner-src="&quot;\/web\/images\/ohrm_branding.png?v=1775433284510&quot;"
            :show-social-media="true"
            :is-demo-mode="false"
            :authenticators="[]"
        >
    <template v-slot:footer>
        <div class="orangehrm-copyright-wrapper">
            <oxd-text tag="p" class="orangehrm-copyright">OrangeHRM OS 5.8.1</oxd-text>
<oxd-text tag="p" class="orangehrm-copyright">&copy; 2005 - 2026 <a href="http://www.orangehrm.com" target="_blank">OrangeHRM, Inc</a>. All rights reserved.</oxd-text>
        </div>
    </template>
    </auth-login>
    </div>
    <script type="text/javascript">
        window.appGlobal = {
          baseUrl: "/web/index.php",
          publicPath: "/web",
        };
    </script>
    <script src="/web/dist/js/chunk-vendors.js?v=1775433284510"></script>
    <script src="/web/dist/js/app.js?v=1775433284510"></script>
</body>
</html>

2026-06-01 14:42:50,912 - baseAutoHttp.py - INFO - 【01登录页面接口信息:login_api】接口调用结束

2026-06-01 14:42:50,914 - web_login_page.py - INFO - 【空用户名/Keepmoving624.】断言成功
2026-06-01 14:42:50,916 - baseAutoHttp.py - INFO - 接口会话已关闭
2026-06-01 14:42:50,918 - test_web_ohrm.py - INFO - 【用户名为空】用例执行成功
2026-06-01 14:42:50,924 - baseUtils.py - INFO - 配置文件读取成功：E:\develop\PythonProject\OrangeHRM\Config\配置文件.ini
2026-06-01 14:42:50,973 - baseAutoHttp.py - INFO - 【01登录页面接口信息:login_api】接口调用开始
2026-06-01 14:42:50,976 - baseData.py - INFO - 动态参数替换成功：{'_token': '7c647f8a3313d.rO9paNQYrrFhonBf3BI7zget-V2IRnymSLnsjWoQ6Tg.6tcGBrFi-90bxiMWlWtYg3DkoRT-AhGTIuq42SFnjkCZqh0SsFnL4xeUKQ', 'username': 'admin', 'password': ''}
2026-06-01 14:42:50,979 - baseAutoHttp.py - INFO - 请求方式: POST
2026-06-01 14:42:50,981 - baseAutoHttp.py - INFO - 请求地址: http://127.0.0.1:8080/web/index.php/auth/validate
2026-06-01 14:42:50,983 - baseAutoHttp.py - INFO - 请求头: {'User-Agent': 'Mozilla/5.0 (Windows NT 10.0; Win64; x64) AppleWebKit/537.36 (KHTML, like Gecko) Chrome/148.0.0.0 Safari/537.36', 'Content-Type': 'application/x-www-form-urlencoded'}
2026-06-01 14:42:50,985 - baseAutoHttp.py - INFO - 请求参数: params=None | data={'_token': '7c647f8a3313d.rO9paNQYrrFhonBf3BI7zget-V2IRnymSLnsjWoQ6Tg.6tcGBrFi-90bxiMWlWtYg3DkoRT-AhGTIuq42SFnjkCZqh0SsFnL4xeUKQ', 'username': 'admin', 'password': ''} | json=None
2026-06-01 14:42:51,314 - baseAutoHttp.py - INFO - 响应状态码: 200
2026-06-01 14:42:51,319 - baseAutoHttp.py - INFO - 响应耗时: 0.074778s
2026-06-01 14:42:51,322 - baseAutoHttp.py - INFO - 响应文本: <!DOCTYPE html>
<html>
<head>
  <meta charset="UTF-8">
  <meta http-equiv="X-UA-Compatible" content="IE=edge">
  <meta name="viewport" content="width=device-width,initial-scale=1">
  <title>OrangeHRM</title>
      <link rel="icon" href="/web/dist/favicon.ico?v=1775433284510">
    <link href="/web/dist/css/chunk-vendors.css?v=1775433284510" rel="preload" as="style">
    <link href="/web/dist/css/app.css?v=1775433284510" rel="preload" as="style">
    <link href="/web/dist/js/chunk-vendors.js?v=1775433284510" rel="preload" as="script">
    <link href="/web/dist/js/app.js?v=1775433284510" rel="preload" as="script">
      <link href="/web/dist/css/chunk-vendors.css?v=1775433284510" rel="stylesheet"/>
    <link href="/web/dist/css/app.css?v=1775433284510" rel="stylesheet"/>
</head>
<body>
  <style>
    :root {
            --oxd-primary-one-color:#FF7B1D;
            --oxd-primary-font-color:#FFFFFF;
            --oxd-secondary-four-color:#76BC21;
            --oxd-secondary-font-color:#FFFFFF;
            --oxd-primary-gradient-start-color:#FF920B;
            --oxd-primary-gradient-end-color:#F35C17;
            --oxd-secondary-gradient-start-color:#FF920B;
            --oxd-secondary-gradient-end-color:#F35C17;
            --oxd-primary-one-lighten-5-color:#ff8a37;
            --oxd-primary-one-lighten-30-color:#ffd4b6;
            --oxd-primary-one-darken-5-color:#ff6c03;
            --oxd-primary-one-alpha-10-color:rgba(255, 123, 29, 0.1);
            --oxd-primary-one-alpha-15-color:rgba(255, 123, 29, 0.15);
            --oxd-primary-one-alpha-20-color:rgba(255, 123, 29, 0.2);
            --oxd-primary-one-alpha-50-color:rgba(255, 123, 29, 0.5);
            --oxd-secondary-four-lighten-5-color:#84d225;
            --oxd-secondary-four-darken-5-color:#68a61d;
            --oxd-secondary-four-alpha-10-color:rgba(118, 188, 33, 0.1);
            --oxd-secondary-four-alpha-15-color:rgba(118, 188, 33, 0.15);
            --oxd-secondary-four-alpha-20-color:rgba(118, 188, 33, 0.2);
            --oxd-secondary-four-alpha-50-color:rgba(118, 188, 33, 0.5);
        }
  </style>
    <noscript>
        <strong>
            We're sorry but orangehrm doesn't work properly without JavaScript enabled. Please enable it to continue.
        </strong>
    </noscript>

    <div id="app">
    <auth-login
            :error="{&quot;error&quot;:&quot;invalid_credentials&quot;,&quot;message&quot;:&quot;Invalid credentials&quot;}"
            :token="&quot;d3d5be9a859cfe5916db5abf9df4.mz2gKoaauIe3UxJbg_Mx2qba4Gr_MG2wGHZBbwSEny0.3QXPROPg7evNN0ESyopSl9GTuCOJdACFciUVO0_z-FWueNRQ4tvd1cFlSw&quot;"
            :login-logo-src="&quot;\/web\/images\/ohrm_logo.png&quot;"
            :login-banner-src="&quot;\/web\/images\/ohrm_branding.png?v=1775433284510&quot;"
            :show-social-media="true"
            :is-demo-mode="false"
            :authenticators="[]"
        >
    <template v-slot:footer>
        <div class="orangehrm-copyright-wrapper">
            <oxd-text tag="p" class="orangehrm-copyright">OrangeHRM OS 5.8.1</oxd-text>
<oxd-text tag="p" class="orangehrm-copyright">&copy; 2005 - 2026 <a href="http://www.orangehrm.com" target="_blank">OrangeHRM, Inc</a>. All rights reserved.</oxd-text>
        </div>
    </template>
    </auth-login>
    </div>
    <script type="text/javascript">
        window.appGlobal = {
          baseUrl: "/web/index.php",
          publicPath: "/web",
        };
    </script>
    <script src="/web/dist/js/chunk-vendors.js?v=1775433284510"></script>
    <script src="/web/dist/js/app.js?v=1775433284510"></script>
</body>
</html>

2026-06-01 14:42:51,324 - baseAutoHttp.py - INFO - 【01登录页面接口信息:login_api】接口调用结束

2026-06-01 14:42:51,327 - web_login_page.py - INFO - 【admin/空密码】断言成功
2026-06-01 14:42:51,329 - baseAutoHttp.py - INFO - 接口会话已关闭
2026-06-01 14:42:51,332 - test_web_ohrm.py - INFO - 【密码为空】用例执行成功
2026-06-01 14:42:51,753 - baseDB.py - INFO - ✅ MySQL 数据库连接成功
2026-06-01 14:42:51,757 - conftest - INFO - ✅ conftest: 获取数据库连接（MysqlHelp）
2026-06-01 14:42:51,760 - baseUtils.py - INFO - 配置文件读取成功：E:\develop\PythonProject\OrangeHRM\Config\配置文件.ini
2026-06-01 14:42:51,873 - baseUtils.py - INFO - 配置文件读取成功：E:\develop\PythonProject\OrangeHRM\Config\配置文件.ini
2026-06-01 14:42:51,930 - baseUtils.py - INFO - 配置文件读取成功：E:\develop\PythonProject\OrangeHRM\Config\配置文件.ini
2026-06-01 14:42:51,985 - baseUtils.py - INFO - 配置文件读取成功：E:\develop\PythonProject\OrangeHRM\Config\配置文件.ini
2026-06-01 14:42:52,052 - baseAutoHttp.py - INFO - 【03查询员工页面:select_employee】接口调用开始
2026-06-01 14:42:52,056 - baseAutoHttp.py - INFO - 请求方式: GET
2026-06-01 14:42:52,059 - baseAutoHttp.py - INFO - 请求地址: http://127.0.0.1:8080/web/index.php/api/v2/pim/employees
2026-06-01 14:42:52,061 - baseAutoHttp.py - INFO - 请求头: {'User-Agent': 'Mozilla/5.0 (Windows NT 10.0; Win64; x64) AppleWebKit/537.36 (KHTML, like Gecko) Chrome/148.0.0.0 Safari/537.36'}
2026-06-01 14:42:52,063 - baseAutoHttp.py - INFO - 请求参数: params={'limit': '50', 'offset': '0', 'model': 'detailed', 'includeEmployees': 'onlyCurrent', 'sortField': 'employee.firstName', 'sortOrder': 'ASC'} | data=None | json=None
2026-06-01 14:42:52,148 - baseAutoHttp.py - INFO - 响应状态码: 200
2026-06-01 14:42:52,151 - baseAutoHttp.py - INFO - 响应耗时: 0.081831s
2026-06-01 14:42:52,153 - baseAutoHttp.py - INFO - 响应JSON: {'data': [{'empNumber': 2, 'lastName': 'oo', 'firstName': 'hh', 'middleName': '', 'employeeId': '0002', 'terminationId': None, 'jobTitle': {'id': None, 'title': None, 'isDeleted': None}, 'subunit': {'id': None, 'name': None}, 'empStatus': {'id': None, 'name': None}, 'supervisors': []}, {'empNumber': 5, 'lastName': 'Doe', 'firstName': 'John', 'middleName': '', 'employeeId': '1001', 'terminationId': None, 'jobTitle': {'id': None, 'title': None, 'isDeleted': None}, 'subunit': {'id': None, 'name': None}, 'empStatus': {'id': None, 'name': None}, 'supervisors': []}, {'empNumber': 6, 'lastName': 'pp', 'firstName': 'kk', 'middleName': '', 'employeeId': '1002', 'terminationId': None, 'jobTitle': {'id': None, 'title': None, 'isDeleted': None}, 'subunit': {'id': None, 'name': None}, 'empStatus': {'id': None, 'name': None}, 'supervisors': []}, {'empNumber': 14, 'lastName': 'll', 'firstName': 'kk', 'middleName': '', 'employeeId': '0014', 'terminationId': None, 'jobTitle': {'id': None, 'title': None, 'isDeleted': None}, 'subunit': {'id': None, 'name': None}, 'empStatus': {'id': None, 'name': None}, 'supervisors': []}, {'empNumber': 16, 'lastName': 'pp', 'firstName': 'ww', 'middleName': '', 'employeeId': '0016', 'terminationId': None, 'jobTitle': {'id': None, 'title': None, 'isDeleted': None}, 'subunit': {'id': None, 'name': None}, 'empStatus': {'id': None, 'name': None}, 'supervisors': []}, {'empNumber': 17, 'lastName': 'ss', 'firstName': 'zz', 'middleName': '', 'employeeId': '1009', 'terminationId': None, 'jobTitle': {'id': None, 'title': None, 'isDeleted': None}, 'subunit': {'id': None, 'name': None}, 'empStatus': {'id': None, 'name': None}, 'supervisors': []}, {'empNumber': 1, 'lastName': '安', 'firstName': '谢', 'middleName': '', 'employeeId': '0001', 'terminationId': None, 'jobTitle': {'id': None, 'title': None, 'isDeleted': None}, 'subunit': {'id': None, 'name': None}, 'empStatus': {'id': None, 'name': None}, 'supervisors': []}], 'meta': {'total': 7}, 'rels': []}
2026-06-01 14:42:52,155 - baseAutoHttp.py - INFO - 【03查询员工页面:select_employee】接口调用结束

2026-06-01 14:42:52,157 - test_web_ohrm.py - INFO - ☑️ 查询员工列表成功，返回 7 条
2026-06-01 14:42:52,163 - baseUtils.py - INFO - 配置文件读取成功：E:\develop\PythonProject\OrangeHRM\Config\配置文件.ini
2026-06-01 14:42:52,163 - baseAutoHttp.py - INFO - 【03查询员工页面:select_query】接口调用开始
2026-06-01 14:42:52,167 - baseData.py - INFO - 动态参数替换成功：{'employeeId': '1001'}
2026-06-01 14:42:52,169 - baseAutoHttp.py - INFO - 请求方式: GET
2026-06-01 14:42:52,171 - baseAutoHttp.py - INFO - 请求地址: http://127.0.0.1:8080/web/index.php/api/v2/pim/employees
2026-06-01 14:42:52,173 - baseAutoHttp.py - INFO - 请求头: {'User-Agent': 'Mozilla/5.0 (Windows NT 10.0; Win64; x64) AppleWebKit/537.36 (KHTML, like Gecko) Chrome/148.0.0.0 Safari/537.36', 'Referer': 'http://127.0.0.1:8080/web/index.php/pim/viewEmployeeList'}
2026-06-01 14:42:52,175 - baseAutoHttp.py - INFO - 请求参数: params={'limit': '50', 'offset': '0', 'model': 'detailed', 'employeeId': '1001', 'includeEmployees': 'onlyCurrent', 'sortField': 'employee.firstName', 'sortOrder': 'ASC'} | data=None | json=None
2026-06-01 14:42:52,250 - baseAutoHttp.py - INFO - 响应状态码: 200
2026-06-01 14:42:52,252 - baseAutoHttp.py - INFO - 响应耗时: 0.070814s
2026-06-01 14:42:52,254 - baseAutoHttp.py - INFO - 响应JSON: {'data': [{'empNumber': 5, 'lastName': 'Doe', 'firstName': 'John', 'middleName': '', 'employeeId': '1001', 'terminationId': None, 'jobTitle': {'id': None, 'title': None, 'isDeleted': None}, 'subunit': {'id': None, 'name': None}, 'empStatus': {'id': None, 'name': None}, 'supervisors': []}], 'meta': {'total': 1}, 'rels': []}
2026-06-01 14:42:52,256 - baseAutoHttp.py - INFO - 【03查询员工页面:select_query】接口调用结束

2026-06-01 14:42:52,258 - test_web_ohrm.py - INFO - ☑️【指定查询用例】执行完毕
2026-06-01 14:42:52,264 - baseUtils.py - INFO - 配置文件读取成功：E:\develop\PythonProject\OrangeHRM\Config\配置文件.ini
2026-06-01 14:42:52,265 - baseAutoHttp.py - INFO - 【03查询员工页面:select_query】接口调用开始
2026-06-01 14:42:52,269 - baseData.py - INFO - 动态参数替换成功：{'employeeId': '9999'}
2026-06-01 14:42:52,271 - baseAutoHttp.py - INFO - 请求方式: GET
2026-06-01 14:42:52,273 - baseAutoHttp.py - INFO - 请求地址: http://127.0.0.1:8080/web/index.php/api/v2/pim/employees
2026-06-01 14:42:52,275 - baseAutoHttp.py - INFO - 请求头: {'User-Agent': 'Mozilla/5.0 (Windows NT 10.0; Win64; x64) AppleWebKit/537.36 (KHTML, like Gecko) Chrome/148.0.0.0 Safari/537.36', 'Referer': 'http://127.0.0.1:8080/web/index.php/pim/viewEmployeeList'}
2026-06-01 14:42:52,277 - baseAutoHttp.py - INFO - 请求参数: params={'limit': '50', 'offset': '0', 'model': 'detailed', 'employeeId': '9999', 'includeEmployees': 'onlyCurrent', 'sortField': 'employee.firstName', 'sortOrder': 'ASC'} | data=None | json=None
2026-06-01 14:42:52,358 - baseAutoHttp.py - INFO - 响应状态码: 200
2026-06-01 14:42:52,361 - baseAutoHttp.py - INFO - 响应耗时: 0.078827s
2026-06-01 14:42:52,363 - baseAutoHttp.py - INFO - 响应JSON: {'data': [], 'meta': {'total': 0}, 'rels': []}
2026-06-01 14:42:52,365 - baseAutoHttp.py - INFO - 【03查询员工页面:select_query】接口调用结束

2026-06-01 14:42:52,367 - test_web_ohrm.py - INFO - ☑️【指定查询用例】执行完毕
2026-06-01 14:42:52,374 - baseUtils.py - INFO - 配置文件读取成功：E:\develop\PythonProject\OrangeHRM\Config\配置文件.ini
2026-06-01 14:42:52,403 - baseDB.py - INFO - ✅ MySQL 数据库连接成功
2026-06-01 14:42:52,408 - baseAutoHttp.py - INFO - 【04更新员工:update_employee】接口调用开始
2026-06-01 14:42:52,413 - baseData.py - INFO - 动态参数替换成功：{'firstName': 'John', 'lastName': 'Doe', 'employeeId': '1001'}
2026-06-01 14:42:52,415 - baseAutoHttp.py - INFO - 请求方式: PUT
2026-06-01 14:42:52,417 - baseAutoHttp.py - INFO - 请求地址: http://127.0.0.1:8080/web/index.php/api/v2/pim/employees/5/personal-details
2026-06-01 14:42:52,419 - baseAutoHttp.py - INFO - 请求头: {'User-Agent': 'Mozilla/5.0 (Windows NT 10.0; Win64; x64) AppleWebKit/537.36 (KHTML, like Gecko) Chrome/148.0.0.0 Safari/537.36', 'Content-Type': 'application/json', 'Referer': 'http://127.0.0.1:8080/web/index.php/pim/viewPersonalDetails/empNumber/5', 'Origin': 'http://127.0.0.1:8080'}
2026-06-01 14:42:52,421 - baseAutoHttp.py - INFO - 请求参数: params=None | data=None | json={'birthday': None, 'drivingLicenseExpiredDate': None, 'drivingLicenseNo': None, 'employeeId': '1001', 'firstName': 'John', 'gender': None, 'lastName': 'Doe', 'middleName': None, 'otherId': None}
2026-06-01 14:42:52,491 - baseAutoHttp.py - INFO - 响应状态码: 500
2026-06-01 14:42:52,494 - baseAutoHttp.py - INFO - 响应耗时: 0.067291s
2026-06-01 14:42:52,496 - baseAutoHttp.py - INFO - 响应JSON: {'error': {'status': '500', 'message': 'Unexpected Error Occurred'}}
2026-06-01 14:42:52,498 - baseAutoHttp.py - INFO - 【04更新员工:update_employee】接口调用结束

2026-06-01 14:42:52,527 - baseDB.py - INFO - ✅ MySQL 数据库连接成功
2026-06-01 14:42:52,533 - baseDB.py - INFO - ✅ MySQL 执行成功，事务已提交
2026-06-01 14:42:52,536 - baseDB.py - INFO - 🔌 MySQL 连接已关闭
2026-06-01 14:42:52,559 - baseDB.py - INFO - ✅ MySQL 数据库连接成功
2026-06-01 14:42:52,626 - baseUtils.py - INFO - 配置文件读取成功：E:\develop\PythonProject\OrangeHRM\Config\配置文件.ini
2026-06-01 14:42:52,627 - baseUtils.py - INFO - 配置文件读取成功：E:\develop\PythonProject\OrangeHRM\Config\配置文件.ini
2026-06-01 14:42:52,627 - baseAutoHttp.py - INFO - 【03查询员工页面:select_query】接口调用开始
2026-06-01 14:42:52,631 - baseData.py - INFO - 动态参数替换成功：{'employeeId': '0004'}
2026-06-01 14:42:52,634 - baseAutoHttp.py - INFO - 请求方式: GET
2026-06-01 14:42:52,636 - baseAutoHttp.py - INFO - 请求地址: http://127.0.0.1:8080/web/index.php/api/v2/pim/employees
2026-06-01 14:42:52,638 - baseAutoHttp.py - INFO - 请求头: {'User-Agent': 'Mozilla/5.0 (Windows NT 10.0; Win64; x64) AppleWebKit/537.36 (KHTML, like Gecko) Chrome/148.0.0.0 Safari/537.36', 'Referer': 'http://127.0.0.1:8080/web/index.php/pim/viewEmployeeList'}
2026-06-01 14:42:52,640 - baseAutoHttp.py - INFO - 请求参数: params={'limit': '50', 'offset': '0', 'model': 'detailed', 'employeeId': '0004', 'includeEmployees': 'onlyCurrent', 'sortField': 'employee.firstName', 'sortOrder': 'ASC'} | data=None | json=None
2026-06-01 14:42:52,715 - baseAutoHttp.py - INFO - 响应状态码: 200
2026-06-01 14:42:52,718 - baseAutoHttp.py - INFO - 响应耗时: 0.072884s
2026-06-01 14:42:52,720 - baseAutoHttp.py - INFO - 响应JSON: {'data': [], 'meta': {'total': 0}, 'rels': []}
2026-06-01 14:42:52,722 - baseAutoHttp.py - INFO - 【03查询员工页面:select_query】接口调用结束

2026-06-01 14:42:52,747 - baseDB.py - INFO - ✅ MySQL 数据库连接成功
2026-06-01 14:42:52,811 - baseUtils.py - INFO - 配置文件读取成功：E:\develop\PythonProject\OrangeHRM\Config\配置文件.ini
2026-06-01 14:42:52,813 - baseUtils.py - INFO - 配置文件读取成功：E:\develop\PythonProject\OrangeHRM\Config\配置文件.ini
2026-06-01 14:42:52,813 - baseAutoHttp.py - INFO - 【03查询员工页面:select_query】接口调用开始
2026-06-01 14:42:52,817 - baseData.py - INFO - 动态参数替换成功：{'employeeId': '9999'}
2026-06-01 14:42:52,819 - baseAutoHttp.py - INFO - 请求方式: GET
2026-06-01 14:42:52,821 - baseAutoHttp.py - INFO - 请求地址: http://127.0.0.1:8080/web/index.php/api/v2/pim/employees
2026-06-01 14:42:52,823 - baseAutoHttp.py - INFO - 请求头: {'User-Agent': 'Mozilla/5.0 (Windows NT 10.0; Win64; x64) AppleWebKit/537.36 (KHTML, like Gecko) Chrome/148.0.0.0 Safari/537.36', 'Referer': 'http://127.0.0.1:8080/web/index.php/pim/viewEmployeeList'}
2026-06-01 14:42:52,825 - baseAutoHttp.py - INFO - 请求参数: params={'limit': '50', 'offset': '0', 'model': 'detailed', 'employeeId': '9999', 'includeEmployees': 'onlyCurrent', 'sortField': 'employee.firstName', 'sortOrder': 'ASC'} | data=None | json=None
2026-06-01 14:42:52,877 - baseAutoHttp.py - INFO - 响应状态码: 200
2026-06-01 14:42:52,880 - baseAutoHttp.py - INFO - 响应耗时: 0.048379s
2026-06-01 14:42:52,882 - baseAutoHttp.py - INFO - 响应JSON: {'data': [], 'meta': {'total': 0}, 'rels': []}
2026-06-01 14:42:52,884 - baseAutoHttp.py - INFO - 【03查询员工页面:select_query】接口调用结束

2026-06-01 14:42:52,902 - baseDB.py - INFO - ✅ MySQL 数据库连接成功
2026-06-01 14:42:52,907 - test_web_ohrm.py - INFO - ☑️【删除员工】用例执行成功
2026-06-01 14:42:52,914 - baseUtils.py - INFO - 配置文件读取成功：E:\develop\PythonProject\OrangeHRM\Config\配置文件.ini
2026-06-01 14:42:52,914 - baseAutoHttp.py - INFO - 【06未登录访问员工接口:employee】接口调用开始
2026-06-01 14:42:52,917 - baseAutoHttp.py - INFO - 请求方式: GET
2026-06-01 14:42:52,919 - baseAutoHttp.py - INFO - 请求地址: http://127.0.0.1:8080/web/index.php/pim/viewEmployeeList
2026-06-01 14:42:52,921 - baseAutoHttp.py - INFO - 请求头: {'User-Agent': 'Mozilla/5.0 (Windows NT 10.0; Win64; x64) AppleWebKit/537.36 (KHTML, like Gecko) Chrome/148.0.0.0 Safari/537.36'}
2026-06-01 14:42:52,923 - baseAutoHttp.py - INFO - 请求参数: params={'includeEmployees': 'onlyCurrent', 'limit': '50', 'model': 'detailed', 'offset': '0', 'sortField': 'employee.firstName', 'sortOrder': 'ASC'} | data=None | json=None
2026-06-01 14:42:52,980 - baseAutoHttp.py - INFO - 响应状态码: 302
2026-06-01 14:42:52,983 - baseAutoHttp.py - INFO - 响应耗时: 0.053607s
2026-06-01 14:42:52,985 - baseAutoHttp.py - INFO - 响应文本: <!DOCTYPE html>
<html>
    <head>
        <meta charset="UTF-8" />
        <meta http-equiv="refresh" content="0;url='http://127.0.0.1:8080/web/index.php/auth/login'" />

        <title>Redirecting to http://127.0.0.1:8080/web/index.php/auth/login</title>
    </head>
    <body>
        Redirecting to <a href="http://127.0.0.1:8080/web/index.php/auth/login">http://127.0.0.1:8080/web/index.php/auth/login</a>.
    </body>
</html>
2026-06-01 14:42:52,986 - baseAutoHttp.py - INFO - 【06未登录访问员工接口:employee】接口调用结束

2026-06-01 14:42:53,364 - baseUtils.py - INFO - 配置文件读取成功：E:\develop\PythonProject\OrangeHRM\Config\配置文件.ini
2026-06-01 14:42:53,365 - baseAutoHttp.py - INFO - 【07非管理员登录:employee_login】接口调用开始
2026-06-01 14:42:53,369 - baseData.py - INFO - 动态参数替换成功：{'firstName': 'cc', 'lastName': 'dd', 'employeeId': '1010'}
2026-06-01 14:42:53,371 - baseAutoHttp.py - INFO - 请求方式: POST
2026-06-01 14:42:53,373 - baseAutoHttp.py - INFO - 请求地址: http://127.0.0.1:8080/web/index.php/api/v2/pim/employees
2026-06-01 14:42:53,375 - baseAutoHttp.py - INFO - 请求头: {'User-Agent': 'Mozilla/5.0 (Windows NT 10.0; Win64; x64) AppleWebKit/537.36 (KHTML, like Gecko) Chrome/148.0.0.0 Safari/537.36', 'Content-Type': 'application/json', 'Origin': 'http://127.0.0.1:8080', 'Referer': 'http://127.0.0.1:8080/web/index.php/pim/addEmployee'}
2026-06-01 14:42:53,377 - baseAutoHttp.py - INFO - 请求参数: params=None | data=None | json={'employeeId': '1010', 'empPicture': None, 'firstName': 'cc', 'lastName': 'dd', 'middleName': None}
2026-06-01 14:42:53,444 - baseAutoHttp.py - INFO - 响应状态码: 403
2026-06-01 14:42:53,447 - baseAutoHttp.py - INFO - 响应耗时: 0.064253s
2026-06-01 14:42:53,449 - baseAutoHttp.py - INFO - 响应JSON: {'error': {'status': 403, 'message': 'Unauthorized'}}
2026-06-01 14:42:53,451 - baseAutoHttp.py - INFO - 【07非管理员登录:employee_login】接口调用结束

2026-06-01 14:42:53,453 - test_web_ohrm.py - INFO - ☑️【非管理员账号操作员工】用例执行成功
2026-06-01 14:57:40,934 - baseUtils.py - INFO - 配置文件读取成功：E:\develop\PythonProject\OrangeHRM\Config\配置文件.ini
2026-06-01 14:57:40,934 - globalManager.py - INFO - 全局变量管理器初始化成功
2026-06-01 14:57:41,656 - baseUtils.py - INFO - 配置文件读取成功：E:\develop\PythonProject\OrangeHRM\Config\配置文件.ini
2026-06-01 14:57:41,657 - globalManager.py - INFO - 全局变量管理器初始化成功
2026-06-01 14:57:41,671 - runClient.py - INFO - 🔍 正在收集测试用例，请稍候...
2026-06-01 14:57:42,359 - baseUtils.py - INFO - 配置文件读取成功：E:\develop\PythonProject\OrangeHRM\Config\配置文件.ini
2026-06-01 14:57:42,360 - globalManager.py - INFO - 全局变量管理器初始化成功
2026-06-01 14:57:42,583 - baseUtils.py - INFO - 配置文件读取成功：E:\develop\PythonProject\OrangeHRM\Config\配置文件.ini
2026-06-01 14:57:42,726 - baseUtils.py - INFO - 配置文件读取成功：E:\develop\PythonProject\OrangeHRM\Config\配置文件.ini
2026-06-01 14:57:42,727 - baseUtils.py - INFO - 配置文件读取成功：E:\develop\PythonProject\OrangeHRM\Config\配置文件.ini
2026-06-01 14:57:42,980 - baseUtils.py - INFO - 配置文件读取成功：E:\develop\PythonProject\OrangeHRM\Config\配置文件.ini
2026-06-01 14:57:42,981 - baseData.py - INFO - 数据驱动读取成功：01登录接口
2026-06-01 14:57:42,982 - baseUtils.py - INFO - 配置文件读取成功：E:\develop\PythonProject\OrangeHRM\Config\配置文件.ini
2026-06-01 14:57:42,983 - baseData.py - INFO - 数据驱动读取成功：02添加员工接口
2026-06-01 14:57:42,984 - baseUtils.py - INFO - 配置文件读取成功：E:\develop\PythonProject\OrangeHRM\Config\配置文件.ini
2026-06-01 14:57:42,985 - baseData.py - INFO - 数据驱动读取成功：03指定查询
2026-06-01 14:57:42,986 - baseUtils.py - INFO - 配置文件读取成功：E:\develop\PythonProject\OrangeHRM\Config\配置文件.ini
2026-06-01 14:57:42,987 - baseData.py - INFO - 数据驱动读取成功：04删除员工
2026-06-01 14:57:42,993 - baseYaml.py - INFO - YAML写入成功：E:\develop\PythonProject\OrangeHRM\Data\Temp\tempcases.yaml
2026-06-01 14:57:42,996 - conftest.py - INFO - ✅ 用例信息已导出：E:\develop\PythonProject\OrangeHRM\Data\Temp\tempcases.yaml
2026-06-01 14:57:43,399 - runClient.py - INFO - ✅ 用例收集完成，启动用例选择器
2026-06-01 14:57:44,093 - baseUtils.py - INFO - 配置文件读取成功：E:\develop\PythonProject\OrangeHRM\Config\配置文件.ini
2026-06-01 14:57:44,094 - globalManager.py - INFO - 全局变量管理器初始化成功
2026-06-01 14:57:46,964 - baseYaml.py - INFO - YAML写入成功：E:\develop\PythonProject\OrangeHRM\Data\Temp\testcases.yaml
2026-06-01 14:57:46,964 - caseSelector.py - INFO - 用例导出成功：E:\develop\PythonProject\OrangeHRM\Data\Temp\testcases.yaml
2026-06-01 14:57:47,989 - runClient.py - INFO - 🚀 开始执行选中用例，共 18 条
2026-06-01 14:57:48,272 - baseUtils.py - INFO - 配置文件读取成功：E:\develop\PythonProject\OrangeHRM\Config\配置文件.ini
2026-06-01 14:57:48,530 - baseUtils.py - INFO - 配置文件读取成功：E:\develop\PythonProject\OrangeHRM\Config\配置文件.ini
2026-06-01 14:57:48,534 - baseUtils.py - INFO - 配置文件读取成功：E:\develop\PythonProject\OrangeHRM\Config\配置文件.ini
2026-06-01 14:57:49,110 - baseUtils.py - INFO - 配置文件读取成功：E:\develop\PythonProject\OrangeHRM\Config\配置文件.ini
2026-06-01 14:57:49,112 - baseData.py - INFO - 数据驱动读取成功：01登录接口
2026-06-01 14:57:49,124 - baseUtils.py - INFO - 配置文件读取成功：E:\develop\PythonProject\OrangeHRM\Config\配置文件.ini
2026-06-01 14:57:49,126 - baseData.py - INFO - 数据驱动读取成功：02添加员工接口
2026-06-01 14:57:49,127 - baseUtils.py - INFO - 配置文件读取成功：E:\develop\PythonProject\OrangeHRM\Config\配置文件.ini
2026-06-01 14:57:49,128 - baseData.py - INFO - 数据驱动读取成功：03指定查询
2026-06-01 14:57:49,129 - baseUtils.py - INFO - 配置文件读取成功：E:\develop\PythonProject\OrangeHRM\Config\配置文件.ini
2026-06-01 14:57:49,130 - baseData.py - INFO - 数据驱动读取成功：04删除员工
2026-06-01 14:57:49,141 - baseUtils.py - INFO - 配置文件读取成功：E:\develop\PythonProject\OrangeHRM\Config\配置文件.ini
2026-06-01 14:57:49,243 - baseAutoHttp.py - INFO - 【01登录页面接口信息:login_api】接口调用开始
2026-06-01 14:57:49,244 - baseData.py - INFO - 动态参数替换成功：{'_token': '3f97b094d8c1d88d691.EuYMO28H6KQfKyJKpqW-vAnqCD7EmrVF8BqyPj36zKM.V8tVcTBmruNMenYlypL40l6MUViAw-YywFXXVlSMmc55g01hJGaj0E1NVQ', 'username': 'admin', 'password': 'Keepmoving624.'}
2026-06-01 14:57:49,244 - baseAutoHttp.py - INFO - 请求方式: POST
2026-06-01 14:57:49,244 - baseAutoHttp.py - INFO - 请求地址: http://127.0.0.1:8080/web/index.php/auth/validate
2026-06-01 14:57:49,244 - baseAutoHttp.py - INFO - 请求头: {'User-Agent': 'Mozilla/5.0 (Windows NT 10.0; Win64; x64) AppleWebKit/537.36 (KHTML, like Gecko) Chrome/148.0.0.0 Safari/537.36', 'Content-Type': 'application/x-www-form-urlencoded'}
2026-06-01 14:57:49,244 - baseAutoHttp.py - INFO - 请求参数: params=None | data={'_token': '3f97b094d8c1d88d691.EuYMO28H6KQfKyJKpqW-vAnqCD7EmrVF8BqyPj36zKM.V8tVcTBmruNMenYlypL40l6MUViAw-YywFXXVlSMmc55g01hJGaj0E1NVQ', 'username': 'admin', 'password': 'Keepmoving624.'} | json=None
2026-06-01 14:57:49,656 - baseAutoHttp.py - INFO - 响应状态码: 200
2026-06-01 14:57:49,656 - baseAutoHttp.py - INFO - 响应耗时: 0.109825s
2026-06-01 14:57:49,656 - baseAutoHttp.py - INFO - 响应文本: <!DOCTYPE html>
<html>
<head>
  <meta charset="UTF-8">
  <meta http-equiv="X-UA-Compatible" content="IE=edge">
  <meta name="viewport" content="width=device-width,initial-scale=1">
  <title>OrangeHRM</title>
    <link rel="icon" href="/web/dist/favicon.ico?v=1775433284510">
  <link href="/web/dist/css/chunk-vendors.css?v=1775433284510" rel="preload" as="style">
  <link href="/web/dist/css/app.css?v=1775433284510" rel="preload" as="style">
  <link href="/web/dist/js/chunk-vendors.js?v=1775433284510" rel="preload" as="script">
  <link href="/web/dist/js/app.js?v=1775433284510" rel="preload" as="script">
    <link href="/web/dist/css/chunk-vendors.css?v=1775433284510" rel="stylesheet"/>
  <link href="/web/dist/css/app.css?v=1775433284510" rel="stylesheet"/>
</head>
<body>
  <style>
    :root {
            --oxd-primary-one-color:#FF7B1D;
            --oxd-primary-font-color:#FFFFFF;
            --oxd-secondary-four-color:#76BC21;
            --oxd-secondary-font-color:#FFFFFF;
            --oxd-primary-gradient-start-color:#FF920B;
            --oxd-primary-gradient-end-color:#F35C17;
            --oxd-secondary-gradient-start-color:#FF920B;
            --oxd-secondary-gradient-end-color:#F35C17;
            --oxd-primary-one-lighten-5-color:#ff8a37;
            --oxd-primary-one-lighten-30-color:#ffd4b6;
            --oxd-primary-one-darken-5-color:#ff6c03;
            --oxd-primary-one-alpha-10-color:rgba(255, 123, 29, 0.1);
            --oxd-primary-one-alpha-15-color:rgba(255, 123, 29, 0.15);
            --oxd-primary-one-alpha-20-color:rgba(255, 123, 29, 0.2);
            --oxd-primary-one-alpha-50-color:rgba(255, 123, 29, 0.5);
            --oxd-secondary-four-lighten-5-color:#84d225;
            --oxd-secondary-four-darken-5-color:#68a61d;
            --oxd-secondary-four-alpha-10-color:rgba(118, 188, 33, 0.1);
            --oxd-secondary-four-alpha-15-color:rgba(118, 188, 33, 0.15);
            --oxd-secondary-four-alpha-20-color:rgba(118, 188, 33, 0.2);
            --oxd-secondary-four-alpha-50-color:rgba(118, 188, 33, 0.5);
        }
  </style>
  <noscript>
    <strong>
      We're sorry but orangehrm doesn't work properly without JavaScript enabled. Please enable it to continue.
    </strong>
  </noscript>

  <div id="app">
    <oxd-layout
        home-url="https://www.orangehrm.com/"
        :sidepanel-menu-items="[{&quot;id&quot;:1,&quot;name&quot;:&quot;\u7ba1\u7406\u5458&quot;,&quot;url&quot;:&quot;\/web\/index.php\/admin\/viewAdminModule&quot;,&quot;icon&quot;:&quot;admin&quot;},{&quot;id&quot;:30,&quot;name&quot;:&quot;\u4e2a\u4eba\u4fe1\u606f\u7ba1\u7406\u7cfb\u7edf&quot;,&quot;url&quot;:&quot;\/web\/index.php\/pim\/viewPimModule&quot;,&quot;icon&quot;:&quot;pim&quot;},{&quot;id&quot;:41,&quot;name&quot;:&quot;\u4f11\u5047&quot;,&quot;url&quot;:&quot;\/web\/index.php\/leave\/viewLeaveModule&quot;,&quot;icon&quot;:&quot;leave&quot;},{&quot;id&quot;:52,&quot;name&quot;:&quot;\u65f6\u95f4&quot;,&quot;url&quot;:&quot;\/web\/index.php\/time\/viewTimeModule&quot;,&quot;icon&quot;:&quot;time&quot;},{&quot;id&quot;:65,&quot;name&quot;:&quot;\u62db\u8058&quot;,&quot;url&quot;:&quot;\/web\/index.php\/recruitment\/viewRecruitmentModule&quot;,&quot;icon&quot;:&quot;recruitment&quot;},{&quot;id&quot;:40,&quot;name&quot;:&quot;\u6211\u7684\u4fe1\u606f&quot;,&quot;url&quot;:&quot;\/web\/index.php\/pim\/viewMyDetails&quot;,&quot;icon&quot;:&quot;myinfo&quot;},{&quot;id&quot;:83,&quot;name&quot;:&quot;\u7ee9\u6548&quot;,&quot;url&quot;:&quot;\/web\/index.php\/performance\/viewPerformanceModule&quot;,&quot;icon&quot;:&quot;performance&quot;},{&quot;id&quot;:82,&quot;name&quot;:&quot;\u4eea\u8868\u76d8&quot;,&quot;url&quot;:&quot;\/web\/index.php\/dashboard\/index&quot;,&quot;icon&quot;:&quot;dashboard&quot;,&quot;active&quot;:true},{&quot;id&quot;:93,&quot;name&quot;:&quot;Directory&quot;,&quot;url&quot;:&quot;\/web\/index.php\/directory\/viewDirectory&quot;,&quot;icon&quot;:&quot;directory&quot;},{&quot;id&quot;:96,&quot;name&quot;:&quot;Maintenance&quot;,&quot;url&quot;:&quot;\/web\/index.php\/maintenance\/viewMaintenanceModule&quot;,&quot;icon&quot;:&quot;maintenance&quot;},{&quot;id&quot;:105,&quot;name&quot;:&quot;Claim&quot;,&quot;url&quot;:&quot;\/web\/index.php\/claim\/viewClaimModule&quot;,&quot;icon&quot;:&quot;claim&quot;},{&quot;id&quot;:101,&quot;name&quot;:&quot;\u6fc0\u52a8&quot;,&quot;url&quot;:&quot;\/web\/index.php\/buzz\/viewBuzz&quot;,&quot;icon&quot;:&quot;buzz&quot;}]"
        :topbar-menu-items="[]"
        :user="{&quot;firstName&quot;:&quot;\u8c22&quot;,&quot;lastName&quot;:&quot;\u5b89&quot;,&quot;profImgSrc&quot;:&quot;\/web\/index.php\/pim\/viewPhoto\/empNumber\/1&quot;,&quot;hasPassword&quot;:true}"
        brand-logo-src="/web/images/orange.png?v=1775433284510"
        brand-banner-src="/web/images/orangehrm-logo.png?v=1775433284510"
        logout-url="/web/index.php/auth/logout"
        support-url="/web/index.php/help/support"
        :update-password-url="&quot;/web/index.php/pim/updatePassword&quot;"
        :permissions="{&quot;dashboard_buzz_widget&quot;:{&quot;canRead&quot;:true,&quot;canCreate&quot;:false,&quot;canUpdate&quot;:false,&quot;canDelete&quot;:false},&quot;dashboard_employees_on_leave_today_config&quot;:{&quot;canRead&quot;:true,&quot;canCreate&quot;:false,&quot;canUpdate&quot;:true,&quot;canDelete&quot;:false},&quot;dashboard_leave_widget&quot;:{&quot;canRead&quot;:true,&quot;canCreate&quot;:false,&quot;canUpdate&quot;:false,&quot;canDelete&quot;:false},&quot;dashboard_location_widget&quot;:{&quot;canRead&quot;:true,&quot;canCreate&quot;:false,&quot;canUpdate&quot;:false,&quot;canDelete&quot;:false},&quot;dashboard_subunit_widget&quot;:{&quot;canRead&quot;:true,&quot;canCreate&quot;:false,&quot;canUpdate&quot;:false,&quot;canDelete&quot;:false},&quot;dashboard_time_widget&quot;:{&quot;canRead&quot;:true,&quot;canCreate&quot;:false,&quot;canUpdate&quot;:false,&quot;canDelete&quot;:false}}"
        :breadcrumb="{&quot;moduleName&quot;:&quot;\u4eea\u8868\u76d8&quot;,&quot;level&quot;:null}"
        :date-format="{&quot;id&quot;:&quot;Y-m-d&quot;,&quot;label&quot;:&quot;yyyy-mm-dd&quot;}"
        help-url="/web/index.php/help/help?label=dashboard_index"
        :show-upgrade="1"
    >
      <view-dashboard
            >
    </view-dashboard>
    <template v-slot:footer><oxd-text tag="p" class="orangehrm-copyright">OrangeHRM OS 5.8.1</oxd-text>
<oxd-text tag="p" class="orangehrm-copyright">&copy; 2005 - 2026 <a href="http://www.orangehrm.com" target="_blank">OrangeHRM, Inc</a>. All rights reserved.</oxd-text>
<br></template>
    </oxd-layout>
  </div>
  <script type="text/javascript">
      window.appGlobal = {
        baseUrl: "/web/index.php",
        publicPath: "/web",
      };
  </script>
  <script src="/web/dist/js/chunk-vendors.js?v=1775433284510"></script>
  <script src="/web/dist/js/app.js?v=1775433284510"></script>
</body>
</html>

2026-06-01 14:57:49,657 - baseAutoHttp.py - INFO - 【01登录页面接口信息:login_api】接口调用结束

2026-06-01 14:57:49,657 - web_login_page.py - INFO - 【管理员正常登录】断言成功
2026-06-01 14:57:49,657 - baseAutoHttp.py - INFO - 接口会话已关闭
2026-06-01 14:57:49,657 - test_web_ohrm.py - INFO - 【管理员正常登录】用例执行成功
2026-06-01 14:57:49,663 - baseUtils.py - INFO - 配置文件读取成功：E:\develop\PythonProject\OrangeHRM\Config\配置文件.ini
2026-06-01 14:57:49,712 - baseAutoHttp.py - INFO - 【02登录页面未携带token:login_not_token_api】接口调用开始
2026-06-01 14:57:49,713 - baseData.py - INFO - 动态参数替换成功：{'username': 'admin', 'password': 'Keepmoving624.'}
2026-06-01 14:57:49,714 - baseAutoHttp.py - INFO - 请求方式: POST
2026-06-01 14:57:49,714 - baseAutoHttp.py - INFO - 请求地址: http://127.0.0.1:8080/web/index.php/auth/validate
2026-06-01 14:57:49,714 - baseAutoHttp.py - INFO - 请求头: {'User-Agent': 'Mozilla/5.0 (Windows NT 10.0; Win64; x64) AppleWebKit/537.36 (KHTML, like Gecko) Chrome/148.0.0.0 Safari/537.36', 'Content-Type': 'application/x-www-form-urlencoded'}
2026-06-01 14:57:49,714 - baseAutoHttp.py - INFO - 请求参数: params=None | data={'username': 'admin', 'password': 'Keepmoving624.'} | json=None
2026-06-01 14:57:49,803 - baseAutoHttp.py - INFO - 响应状态码: 200
2026-06-01 14:57:49,803 - baseAutoHttp.py - INFO - 响应耗时: 0.049703s
2026-06-01 14:57:49,803 - baseAutoHttp.py - INFO - 响应文本: <!DOCTYPE html>
<html>
<head>
  <meta charset="UTF-8">
  <meta http-equiv="X-UA-Compatible" content="IE=edge">
  <meta name="viewport" content="width=device-width,initial-scale=1">
  <title>OrangeHRM</title>
      <link rel="icon" href="/web/dist/favicon.ico?v=1775433284510">
    <link href="/web/dist/css/chunk-vendors.css?v=1775433284510" rel="preload" as="style">
    <link href="/web/dist/css/app.css?v=1775433284510" rel="preload" as="style">
    <link href="/web/dist/js/chunk-vendors.js?v=1775433284510" rel="preload" as="script">
    <link href="/web/dist/js/app.js?v=1775433284510" rel="preload" as="script">
      <link href="/web/dist/css/chunk-vendors.css?v=1775433284510" rel="stylesheet"/>
    <link href="/web/dist/css/app.css?v=1775433284510" rel="stylesheet"/>
</head>
<body>
  <style>
    :root {
            --oxd-primary-one-color:#FF7B1D;
            --oxd-primary-font-color:#FFFFFF;
            --oxd-secondary-four-color:#76BC21;
            --oxd-secondary-font-color:#FFFFFF;
            --oxd-primary-gradient-start-color:#FF920B;
            --oxd-primary-gradient-end-color:#F35C17;
            --oxd-secondary-gradient-start-color:#FF920B;
            --oxd-secondary-gradient-end-color:#F35C17;
            --oxd-primary-one-lighten-5-color:#ff8a37;
            --oxd-primary-one-lighten-30-color:#ffd4b6;
            --oxd-primary-one-darken-5-color:#ff6c03;
            --oxd-primary-one-alpha-10-color:rgba(255, 123, 29, 0.1);
            --oxd-primary-one-alpha-15-color:rgba(255, 123, 29, 0.15);
            --oxd-primary-one-alpha-20-color:rgba(255, 123, 29, 0.2);
            --oxd-primary-one-alpha-50-color:rgba(255, 123, 29, 0.5);
            --oxd-secondary-four-lighten-5-color:#84d225;
            --oxd-secondary-four-darken-5-color:#68a61d;
            --oxd-secondary-four-alpha-10-color:rgba(118, 188, 33, 0.1);
            --oxd-secondary-four-alpha-15-color:rgba(118, 188, 33, 0.15);
            --oxd-secondary-four-alpha-20-color:rgba(118, 188, 33, 0.2);
            --oxd-secondary-four-alpha-50-color:rgba(118, 188, 33, 0.5);
        }
  </style>
    <noscript>
        <strong>
            We're sorry but orangehrm doesn't work properly without JavaScript enabled. Please enable it to continue.
        </strong>
    </noscript>

    <div id="app">
    <auth-login
            :error="{&quot;error&quot;:&quot;invalid_csrf_token&quot;,&quot;message&quot;:&quot;CSRF token validation failed&quot;}"
            :token="&quot;2188e15615d94a784ae5c.lO6CYt9ZUfVxkr0NxffQhkqEQ2MNJ_i_9x5jr6RRGd4.p5TMEbUOIIQAp_NirqOR7y_qKghoFZrlnlE31_wCIJrCgPdb7ik0nUb25A&quot;"
            :login-logo-src="&quot;\/web\/images\/ohrm_logo.png&quot;"
            :login-banner-src="&quot;\/web\/images\/ohrm_branding.png?v=1775433284510&quot;"
            :show-social-media="true"
            :is-demo-mode="false"
            :authenticators="[]"
        >
    <template v-slot:footer>
        <div class="orangehrm-copyright-wrapper">
            <oxd-text tag="p" class="orangehrm-copyright">OrangeHRM OS 5.8.1</oxd-text>
<oxd-text tag="p" class="orangehrm-copyright">&copy; 2005 - 2026 <a href="http://www.orangehrm.com" target="_blank">OrangeHRM, Inc</a>. All rights reserved.</oxd-text>
        </div>
    </template>
    </auth-login>
    </div>
    <script type="text/javascript">
        window.appGlobal = {
          baseUrl: "/web/index.php",
          publicPath: "/web",
        };
    </script>
    <script src="/web/dist/js/chunk-vendors.js?v=1775433284510"></script>
    <script src="/web/dist/js/app.js?v=1775433284510"></script>
</body>
</html>

2026-06-01 14:57:49,803 - baseAutoHttp.py - INFO - 【02登录页面未携带token:login_not_token_api】接口调用结束

2026-06-01 14:57:49,803 - web_login_page.py - INFO - 【未携带CSRF令牌】断言成功
2026-06-01 14:57:49,804 - baseAutoHttp.py - INFO - 接口会话已关闭
2026-06-01 14:57:49,804 - test_web_ohrm.py - INFO - 【未携带CSRF令牌】用例执行成功
2026-06-01 14:57:49,809 - baseUtils.py - INFO - 配置文件读取成功：E:\develop\PythonProject\OrangeHRM\Config\配置文件.ini
2026-06-01 14:57:49,914 - baseAutoHttp.py - INFO - 【01登录页面接口信息:login_api】接口调用开始
2026-06-01 14:57:49,916 - baseData.py - INFO - 动态参数替换成功：{'_token': 'f76f075307be3.7Ord6U0Oe0zSD3R6qRjX79z5ldNeMMqZgf81N5w4wVU.oKTliBJPNXuAXwIg_F_u1uy93-MSd4zRto59Qq59lwWEr-rZfWgMI5FgPQ', 'username': 'admin', 'password': 'Keepmoving624.'}
2026-06-01 14:57:49,916 - baseAutoHttp.py - INFO - 请求方式: POST
2026-06-01 14:57:49,916 - baseAutoHttp.py - INFO - 请求地址: http://127.0.0.1:8080/web/index.php/auth/validate
2026-06-01 14:57:49,916 - baseAutoHttp.py - INFO - 请求头: {'User-Agent': 'Mozilla/5.0 (Windows NT 10.0; Win64; x64) AppleWebKit/537.36 (KHTML, like Gecko) Chrome/148.0.0.0 Safari/537.36', 'Content-Type': 'application/x-www-form-urlencoded'}
2026-06-01 14:57:49,916 - baseAutoHttp.py - INFO - 请求参数: params=None | data={'_token': 'f76f075307be3.7Ord6U0Oe0zSD3R6qRjX79z5ldNeMMqZgf81N5w4wVU.oKTliBJPNXuAXwIg_F_u1uy93-MSd4zRto59Qq59lwWEr-rZfWgMI5FgPQ', 'username': 'admin', 'password': 'Keepmoving624.'} | json=None
2026-06-01 14:57:50,022 - baseAutoHttp.py - INFO - 响应状态码: 200
2026-06-01 14:57:50,022 - baseAutoHttp.py - INFO - 响应耗时: 0.046766s
2026-06-01 14:57:50,022 - baseAutoHttp.py - INFO - 响应文本: <!DOCTYPE html>
<html>
<head>
  <meta charset="UTF-8">
  <meta http-equiv="X-UA-Compatible" content="IE=edge">
  <meta name="viewport" content="width=device-width,initial-scale=1">
  <title>OrangeHRM</title>
      <link rel="icon" href="/web/dist/favicon.ico?v=1775433284510">
    <link href="/web/dist/css/chunk-vendors.css?v=1775433284510" rel="preload" as="style">
    <link href="/web/dist/css/app.css?v=1775433284510" rel="preload" as="style">
    <link href="/web/dist/js/chunk-vendors.js?v=1775433284510" rel="preload" as="script">
    <link href="/web/dist/js/app.js?v=1775433284510" rel="preload" as="script">
      <link href="/web/dist/css/chunk-vendors.css?v=1775433284510" rel="stylesheet"/>
    <link href="/web/dist/css/app.css?v=1775433284510" rel="stylesheet"/>
</head>
<body>
  <style>
    :root {
            --oxd-primary-one-color:#FF7B1D;
            --oxd-primary-font-color:#FFFFFF;
            --oxd-secondary-four-color:#76BC21;
            --oxd-secondary-font-color:#FFFFFF;
            --oxd-primary-gradient-start-color:#FF920B;
            --oxd-primary-gradient-end-color:#F35C17;
            --oxd-secondary-gradient-start-color:#FF920B;
            --oxd-secondary-gradient-end-color:#F35C17;
            --oxd-primary-one-lighten-5-color:#ff8a37;
            --oxd-primary-one-lighten-30-color:#ffd4b6;
            --oxd-primary-one-darken-5-color:#ff6c03;
            --oxd-primary-one-alpha-10-color:rgba(255, 123, 29, 0.1);
            --oxd-primary-one-alpha-15-color:rgba(255, 123, 29, 0.15);
            --oxd-primary-one-alpha-20-color:rgba(255, 123, 29, 0.2);
            --oxd-primary-one-alpha-50-color:rgba(255, 123, 29, 0.5);
            --oxd-secondary-four-lighten-5-color:#84d225;
            --oxd-secondary-four-darken-5-color:#68a61d;
            --oxd-secondary-four-alpha-10-color:rgba(118, 188, 33, 0.1);
            --oxd-secondary-four-alpha-15-color:rgba(118, 188, 33, 0.15);
            --oxd-secondary-four-alpha-20-color:rgba(118, 188, 33, 0.2);
            --oxd-secondary-four-alpha-50-color:rgba(118, 188, 33, 0.5);
        }
  </style>
    <noscript>
        <strong>
            We're sorry but orangehrm doesn't work properly without JavaScript enabled. Please enable it to continue.
        </strong>
    </noscript>

    <div id="app">
    <auth-login
            :error="{&quot;error&quot;:&quot;invalid_csrf_token&quot;,&quot;message&quot;:&quot;CSRF token validation failed&quot;}"
            :token="&quot;5ecbbf389db8b58f6.UKNZs5Fh3_ipzVh5iKhkx11J5l8d3PQjRDJUCC3MKJM.GtoIgPgjjLTHtDoQzPtV_m8crwlPpbEQPHE4e3iga9s89xvf0AinotyjNw&quot;"
            :login-logo-src="&quot;\/web\/images\/ohrm_logo.png&quot;"
            :login-banner-src="&quot;\/web\/images\/ohrm_branding.png?v=1775433284510&quot;"
            :show-social-media="true"
            :is-demo-mode="false"
            :authenticators="[]"
        >
    <template v-slot:footer>
        <div class="orangehrm-copyright-wrapper">
            <oxd-text tag="p" class="orangehrm-copyright">OrangeHRM OS 5.8.1</oxd-text>
<oxd-text tag="p" class="orangehrm-copyright">&copy; 2005 - 2026 <a href="http://www.orangehrm.com" target="_blank">OrangeHRM, Inc</a>. All rights reserved.</oxd-text>
        </div>
    </template>
    </auth-login>
    </div>
    <script type="text/javascript">
        window.appGlobal = {
          baseUrl: "/web/index.php",
          publicPath: "/web",
        };
    </script>
    <script src="/web/dist/js/chunk-vendors.js?v=1775433284510"></script>
    <script src="/web/dist/js/app.js?v=1775433284510"></script>
</body>
</html>

2026-06-01 14:57:50,022 - baseAutoHttp.py - INFO - 【01登录页面接口信息:login_api】接口调用结束

2026-06-01 14:57:50,022 - web_login_page.py - INFO - 【跨会话使用Token】断言成功
2026-06-01 14:57:50,022 - baseAutoHttp.py - INFO - 接口会话已关闭
2026-06-01 14:57:50,022 - test_web_ohrm.py - INFO - 【携带过期CSRF令牌】用例执行成功
2026-06-01 14:57:50,028 - baseUtils.py - INFO - 配置文件读取成功：E:\develop\PythonProject\OrangeHRM\Config\配置文件.ini
2026-06-01 14:57:50,028 - baseAutoHttp.py - INFO - 【01登录页面接口信息:login_api】接口调用开始
2026-06-01 14:57:50,029 - baseData.py - INFO - 动态参数替换成功：{'_token': 'YNFMZM$DDa%R@bbtawj2', 'username': 'admin', 'password': 'Keepmoving624.'}
2026-06-01 14:57:50,030 - baseAutoHttp.py - INFO - 请求方式: POST
2026-06-01 14:57:50,030 - baseAutoHttp.py - INFO - 请求地址: http://127.0.0.1:8080/web/index.php/auth/validate
2026-06-01 14:57:50,030 - baseAutoHttp.py - INFO - 请求头: {'User-Agent': 'Mozilla/5.0 (Windows NT 10.0; Win64; x64) AppleWebKit/537.36 (KHTML, like Gecko) Chrome/148.0.0.0 Safari/537.36', 'Content-Type': 'application/x-www-form-urlencoded'}
2026-06-01 14:57:50,030 - baseAutoHttp.py - INFO - 请求参数: params=None | data={'_token': 'YNFMZM$DDa%R@bbtawj2', 'username': 'admin', 'password': 'Keepmoving624.'} | json=None
2026-06-01 14:57:50,129 - baseAutoHttp.py - INFO - 响应状态码: 200
2026-06-01 14:57:50,129 - baseAutoHttp.py - INFO - 响应耗时: 0.046151s
2026-06-01 14:57:50,129 - baseAutoHttp.py - INFO - 响应文本: <!DOCTYPE html>
<html>
<head>
  <meta charset="UTF-8">
  <meta http-equiv="X-UA-Compatible" content="IE=edge">
  <meta name="viewport" content="width=device-width,initial-scale=1">
  <title>OrangeHRM</title>
      <link rel="icon" href="/web/dist/favicon.ico?v=1775433284510">
    <link href="/web/dist/css/chunk-vendors.css?v=1775433284510" rel="preload" as="style">
    <link href="/web/dist/css/app.css?v=1775433284510" rel="preload" as="style">
    <link href="/web/dist/js/chunk-vendors.js?v=1775433284510" rel="preload" as="script">
    <link href="/web/dist/js/app.js?v=1775433284510" rel="preload" as="script">
      <link href="/web/dist/css/chunk-vendors.css?v=1775433284510" rel="stylesheet"/>
    <link href="/web/dist/css/app.css?v=1775433284510" rel="stylesheet"/>
</head>
<body>
  <style>
    :root {
            --oxd-primary-one-color:#FF7B1D;
            --oxd-primary-font-color:#FFFFFF;
            --oxd-secondary-four-color:#76BC21;
            --oxd-secondary-font-color:#FFFFFF;
            --oxd-primary-gradient-start-color:#FF920B;
            --oxd-primary-gradient-end-color:#F35C17;
            --oxd-secondary-gradient-start-color:#FF920B;
            --oxd-secondary-gradient-end-color:#F35C17;
            --oxd-primary-one-lighten-5-color:#ff8a37;
            --oxd-primary-one-lighten-30-color:#ffd4b6;
            --oxd-primary-one-darken-5-color:#ff6c03;
            --oxd-primary-one-alpha-10-color:rgba(255, 123, 29, 0.1);
            --oxd-primary-one-alpha-15-color:rgba(255, 123, 29, 0.15);
            --oxd-primary-one-alpha-20-color:rgba(255, 123, 29, 0.2);
            --oxd-primary-one-alpha-50-color:rgba(255, 123, 29, 0.5);
            --oxd-secondary-four-lighten-5-color:#84d225;
            --oxd-secondary-four-darken-5-color:#68a61d;
            --oxd-secondary-four-alpha-10-color:rgba(118, 188, 33, 0.1);
            --oxd-secondary-four-alpha-15-color:rgba(118, 188, 33, 0.15);
            --oxd-secondary-four-alpha-20-color:rgba(118, 188, 33, 0.2);
            --oxd-secondary-four-alpha-50-color:rgba(118, 188, 33, 0.5);
        }
  </style>
    <noscript>
        <strong>
            We're sorry but orangehrm doesn't work properly without JavaScript enabled. Please enable it to continue.
        </strong>
    </noscript>

    <div id="app">
    <auth-login
            :error="{&quot;error&quot;:&quot;invalid_csrf_token&quot;,&quot;message&quot;:&quot;CSRF token validation failed&quot;}"
            :token="&quot;0512c7d6e9fa03.bV1FhqCqeZRbEZJy53peuShBjf9LKLdwnR0oJ_ivMVw.LgwSypbaTucyUME80hQcw38M9Yt5Qt859y5SQo7mcCsCNnXL0cUR5AJ10w&quot;"
            :login-logo-src="&quot;\/web\/images\/ohrm_logo.png&quot;"
            :login-banner-src="&quot;\/web\/images\/ohrm_branding.png?v=1775433284510&quot;"
            :show-social-media="true"
            :is-demo-mode="false"
            :authenticators="[]"
        >
    <template v-slot:footer>
        <div class="orangehrm-copyright-wrapper">
            <oxd-text tag="p" class="orangehrm-copyright">OrangeHRM OS 5.8.1</oxd-text>
<oxd-text tag="p" class="orangehrm-copyright">&copy; 2005 - 2026 <a href="http://www.orangehrm.com" target="_blank">OrangeHRM, Inc</a>. All rights reserved.</oxd-text>
        </div>
    </template>
    </auth-login>
    </div>
    <script type="text/javascript">
        window.appGlobal = {
          baseUrl: "/web/index.php",
          publicPath: "/web",
        };
    </script>
    <script src="/web/dist/js/chunk-vendors.js?v=1775433284510"></script>
    <script src="/web/dist/js/app.js?v=1775433284510"></script>
</body>
</html>

2026-06-01 14:57:50,129 - baseAutoHttp.py - INFO - 【01登录页面接口信息:login_api】接口调用结束

2026-06-01 14:57:50,129 - web_login_page.py - INFO - 【携带错误格式Token】断言成功
2026-06-01 14:57:50,129 - baseAutoHttp.py - INFO - 接口会话已关闭
2026-06-01 14:57:50,129 - test_web_ohrm.py - INFO - 【携带错误格式Token】用例执行成功
2026-06-01 14:57:50,136 - baseUtils.py - INFO - 配置文件读取成功：E:\develop\PythonProject\OrangeHRM\Config\配置文件.ini
2026-06-01 14:57:50,185 - baseAutoHttp.py - INFO - 【01登录页面接口信息:login_api】接口调用开始
2026-06-01 14:57:50,186 - baseData.py - INFO - 动态参数替换成功：{'_token': '5d066de40ce810eab2210c134d31b62a.P3xJaUDCcuYX8GLbCBE39vsuaKNUuUQ2eIJPVbe0IuA.byYjBgixENJjsQaJOmQBh49XHOEfzDRFHLoMEo77b4JlSy0NdrE1iV7HEQ', 'username': 'wrong', 'password': 'wrong'}
2026-06-01 14:57:50,187 - baseAutoHttp.py - INFO - 请求方式: POST
2026-06-01 14:57:50,187 - baseAutoHttp.py - INFO - 请求地址: http://127.0.0.1:8080/web/index.php/auth/validate
2026-06-01 14:57:50,187 - baseAutoHttp.py - INFO - 请求头: {'User-Agent': 'Mozilla/5.0 (Windows NT 10.0; Win64; x64) AppleWebKit/537.36 (KHTML, like Gecko) Chrome/148.0.0.0 Safari/537.36', 'Content-Type': 'application/x-www-form-urlencoded'}
2026-06-01 14:57:50,187 - baseAutoHttp.py - INFO - 请求参数: params=None | data={'_token': '5d066de40ce810eab2210c134d31b62a.P3xJaUDCcuYX8GLbCBE39vsuaKNUuUQ2eIJPVbe0IuA.byYjBgixENJjsQaJOmQBh49XHOEfzDRFHLoMEo77b4JlSy0NdrE1iV7HEQ', 'username': 'wrong', 'password': 'wrong'} | json=None
2026-06-01 14:57:50,274 - baseAutoHttp.py - INFO - 响应状态码: 200
2026-06-01 14:57:50,274 - baseAutoHttp.py - INFO - 响应耗时: 0.047798s
2026-06-01 14:57:50,274 - baseAutoHttp.py - INFO - 响应文本: <!DOCTYPE html>
<html>
<head>
  <meta charset="UTF-8">
  <meta http-equiv="X-UA-Compatible" content="IE=edge">
  <meta name="viewport" content="width=device-width,initial-scale=1">
  <title>OrangeHRM</title>
      <link rel="icon" href="/web/dist/favicon.ico?v=1775433284510">
    <link href="/web/dist/css/chunk-vendors.css?v=1775433284510" rel="preload" as="style">
    <link href="/web/dist/css/app.css?v=1775433284510" rel="preload" as="style">
    <link href="/web/dist/js/chunk-vendors.js?v=1775433284510" rel="preload" as="script">
    <link href="/web/dist/js/app.js?v=1775433284510" rel="preload" as="script">
      <link href="/web/dist/css/chunk-vendors.css?v=1775433284510" rel="stylesheet"/>
    <link href="/web/dist/css/app.css?v=1775433284510" rel="stylesheet"/>
</head>
<body>
  <style>
    :root {
            --oxd-primary-one-color:#FF7B1D;
            --oxd-primary-font-color:#FFFFFF;
            --oxd-secondary-four-color:#76BC21;
            --oxd-secondary-font-color:#FFFFFF;
            --oxd-primary-gradient-start-color:#FF920B;
            --oxd-primary-gradient-end-color:#F35C17;
            --oxd-secondary-gradient-start-color:#FF920B;
            --oxd-secondary-gradient-end-color:#F35C17;
            --oxd-primary-one-lighten-5-color:#ff8a37;
            --oxd-primary-one-lighten-30-color:#ffd4b6;
            --oxd-primary-one-darken-5-color:#ff6c03;
            --oxd-primary-one-alpha-10-color:rgba(255, 123, 29, 0.1);
            --oxd-primary-one-alpha-15-color:rgba(255, 123, 29, 0.15);
            --oxd-primary-one-alpha-20-color:rgba(255, 123, 29, 0.2);
            --oxd-primary-one-alpha-50-color:rgba(255, 123, 29, 0.5);
            --oxd-secondary-four-lighten-5-color:#84d225;
            --oxd-secondary-four-darken-5-color:#68a61d;
            --oxd-secondary-four-alpha-10-color:rgba(118, 188, 33, 0.1);
            --oxd-secondary-four-alpha-15-color:rgba(118, 188, 33, 0.15);
            --oxd-secondary-four-alpha-20-color:rgba(118, 188, 33, 0.2);
            --oxd-secondary-four-alpha-50-color:rgba(118, 188, 33, 0.5);
        }
  </style>
    <noscript>
        <strong>
            We're sorry but orangehrm doesn't work properly without JavaScript enabled. Please enable it to continue.
        </strong>
    </noscript>

    <div id="app">
    <auth-login
            :error="{&quot;error&quot;:&quot;invalid_credentials&quot;,&quot;message&quot;:&quot;Invalid credentials&quot;}"
            :token="&quot;40b5805563e0232c6ee7135.1slOVdixAi-SRB5mmdPmx3g88YmVzixTXW-aeQVaFQU.hpMkOpDCYBvmBXo0q6bQtgxFhcveu1wgOVfZPjwVWGeM_iox7sJFQNtzbQ&quot;"
            :login-logo-src="&quot;\/web\/images\/ohrm_logo.png&quot;"
            :login-banner-src="&quot;\/web\/images\/ohrm_branding.png?v=1775433284510&quot;"
            :show-social-media="true"
            :is-demo-mode="false"
            :authenticators="[]"
        >
    <template v-slot:footer>
        <div class="orangehrm-copyright-wrapper">
            <oxd-text tag="p" class="orangehrm-copyright">OrangeHRM OS 5.8.1</oxd-text>
<oxd-text tag="p" class="orangehrm-copyright">&copy; 2005 - 2026 <a href="http://www.orangehrm.com" target="_blank">OrangeHRM, Inc</a>. All rights reserved.</oxd-text>
        </div>
    </template>
    </auth-login>
    </div>
    <script type="text/javascript">
        window.appGlobal = {
          baseUrl: "/web/index.php",
          publicPath: "/web",
        };
    </script>
    <script src="/web/dist/js/chunk-vendors.js?v=1775433284510"></script>
    <script src="/web/dist/js/app.js?v=1775433284510"></script>
</body>
</html>

2026-06-01 14:57:50,274 - baseAutoHttp.py - INFO - 【01登录页面接口信息:login_api】接口调用结束

2026-06-01 14:57:50,274 - web_login_page.py - INFO - 【wrong/wrong】断言成功
2026-06-01 14:57:50,274 - baseAutoHttp.py - INFO - 接口会话已关闭
2026-06-01 14:57:50,275 - test_web_ohrm.py - INFO - 【错误用户名/密码】用例执行成功
2026-06-01 14:57:50,281 - baseUtils.py - INFO - 配置文件读取成功：E:\develop\PythonProject\OrangeHRM\Config\配置文件.ini
2026-06-01 14:57:50,329 - baseAutoHttp.py - INFO - 【01登录页面接口信息:login_api】接口调用开始
2026-06-01 14:57:50,330 - baseData.py - INFO - 动态参数替换成功：{'_token': 'ed86983e0.yIbwB0yvqfBL1m30B3ajYa9Vo9SSeQ8CVm7n22cDFI0.mc2Ubgr17akKrzqwciX3VYIZ0bbDPW5wMQWkqDVOZNv6zJJuDpb9wAjvBg', 'username': '', 'password': 'Keepmoving624.'}
2026-06-01 14:57:50,331 - baseAutoHttp.py - INFO - 请求方式: POST
2026-06-01 14:57:50,331 - baseAutoHttp.py - INFO - 请求地址: http://127.0.0.1:8080/web/index.php/auth/validate
2026-06-01 14:57:50,331 - baseAutoHttp.py - INFO - 请求头: {'User-Agent': 'Mozilla/5.0 (Windows NT 10.0; Win64; x64) AppleWebKit/537.36 (KHTML, like Gecko) Chrome/148.0.0.0 Safari/537.36', 'Content-Type': 'application/x-www-form-urlencoded'}
2026-06-01 14:57:50,331 - baseAutoHttp.py - INFO - 请求参数: params=None | data={'_token': 'ed86983e0.yIbwB0yvqfBL1m30B3ajYa9Vo9SSeQ8CVm7n22cDFI0.mc2Ubgr17akKrzqwciX3VYIZ0bbDPW5wMQWkqDVOZNv6zJJuDpb9wAjvBg', 'username': '', 'password': 'Keepmoving624.'} | json=None
2026-06-01 14:57:50,413 - baseAutoHttp.py - INFO - 响应状态码: 200
2026-06-01 14:57:50,413 - baseAutoHttp.py - INFO - 响应耗时: 0.044723s
2026-06-01 14:57:50,413 - baseAutoHttp.py - INFO - 响应文本: <!DOCTYPE html>
<html>
<head>
  <meta charset="UTF-8">
  <meta http-equiv="X-UA-Compatible" content="IE=edge">
  <meta name="viewport" content="width=device-width,initial-scale=1">
  <title>OrangeHRM</title>
      <link rel="icon" href="/web/dist/favicon.ico?v=1775433284510">
    <link href="/web/dist/css/chunk-vendors.css?v=1775433284510" rel="preload" as="style">
    <link href="/web/dist/css/app.css?v=1775433284510" rel="preload" as="style">
    <link href="/web/dist/js/chunk-vendors.js?v=1775433284510" rel="preload" as="script">
    <link href="/web/dist/js/app.js?v=1775433284510" rel="preload" as="script">
      <link href="/web/dist/css/chunk-vendors.css?v=1775433284510" rel="stylesheet"/>
    <link href="/web/dist/css/app.css?v=1775433284510" rel="stylesheet"/>
</head>
<body>
  <style>
    :root {
            --oxd-primary-one-color:#FF7B1D;
            --oxd-primary-font-color:#FFFFFF;
            --oxd-secondary-four-color:#76BC21;
            --oxd-secondary-font-color:#FFFFFF;
            --oxd-primary-gradient-start-color:#FF920B;
            --oxd-primary-gradient-end-color:#F35C17;
            --oxd-secondary-gradient-start-color:#FF920B;
            --oxd-secondary-gradient-end-color:#F35C17;
            --oxd-primary-one-lighten-5-color:#ff8a37;
            --oxd-primary-one-lighten-30-color:#ffd4b6;
            --oxd-primary-one-darken-5-color:#ff6c03;
            --oxd-primary-one-alpha-10-color:rgba(255, 123, 29, 0.1);
            --oxd-primary-one-alpha-15-color:rgba(255, 123, 29, 0.15);
            --oxd-primary-one-alpha-20-color:rgba(255, 123, 29, 0.2);
            --oxd-primary-one-alpha-50-color:rgba(255, 123, 29, 0.5);
            --oxd-secondary-four-lighten-5-color:#84d225;
            --oxd-secondary-four-darken-5-color:#68a61d;
            --oxd-secondary-four-alpha-10-color:rgba(118, 188, 33, 0.1);
            --oxd-secondary-four-alpha-15-color:rgba(118, 188, 33, 0.15);
            --oxd-secondary-four-alpha-20-color:rgba(118, 188, 33, 0.2);
            --oxd-secondary-four-alpha-50-color:rgba(118, 188, 33, 0.5);
        }
  </style>
    <noscript>
        <strong>
            We're sorry but orangehrm doesn't work properly without JavaScript enabled. Please enable it to continue.
        </strong>
    </noscript>

    <div id="app">
    <auth-login
            :error="{&quot;error&quot;:&quot;invalid_credentials&quot;,&quot;message&quot;:&quot;Invalid credentials&quot;}"
            :token="&quot;ed7a.YzCUvwzC956Daz8K196lUQtxe7_j8sDrlRHXFP92Ro8.Mnvw1kqYs8fCEmhOoo3xZSY9Cd2ytqGZ8nqUZ607NtlRevbWTvujrsBSVA&quot;"
            :login-logo-src="&quot;\/web\/images\/ohrm_logo.png&quot;"
            :login-banner-src="&quot;\/web\/images\/ohrm_branding.png?v=1775433284510&quot;"
            :show-social-media="true"
            :is-demo-mode="false"
            :authenticators="[]"
        >
    <template v-slot:footer>
        <div class="orangehrm-copyright-wrapper">
            <oxd-text tag="p" class="orangehrm-copyright">OrangeHRM OS 5.8.1</oxd-text>
<oxd-text tag="p" class="orangehrm-copyright">&copy; 2005 - 2026 <a href="http://www.orangehrm.com" target="_blank">OrangeHRM, Inc</a>. All rights reserved.</oxd-text>
        </div>
    </template>
    </auth-login>
    </div>
    <script type="text/javascript">
        window.appGlobal = {
          baseUrl: "/web/index.php",
          publicPath: "/web",
        };
    </script>
    <script src="/web/dist/js/chunk-vendors.js?v=1775433284510"></script>
    <script src="/web/dist/js/app.js?v=1775433284510"></script>
</body>
</html>

2026-06-01 14:57:50,414 - baseAutoHttp.py - INFO - 【01登录页面接口信息:login_api】接口调用结束

2026-06-01 14:57:50,414 - web_login_page.py - INFO - 【空用户名/Keepmoving624.】断言成功
2026-06-01 14:57:50,414 - baseAutoHttp.py - INFO - 接口会话已关闭
2026-06-01 14:57:50,414 - test_web_ohrm.py - INFO - 【用户名为空】用例执行成功
2026-06-01 14:57:50,421 - baseUtils.py - INFO - 配置文件读取成功：E:\develop\PythonProject\OrangeHRM\Config\配置文件.ini
2026-06-01 14:57:50,469 - baseAutoHttp.py - INFO - 【01登录页面接口信息:login_api】接口调用开始
2026-06-01 14:57:50,470 - baseData.py - INFO - 动态参数替换成功：{'_token': '4910641b756cb28.zv7PpBEc3YsiHuJJnvhkL98qscni7XD70Jcs7A7b5O4.jJ-Ql0V5sLtWcI0r2p0Xd-xH34PPhDmRncJEvEawk9-Pzbj1VWy8w2xT2g', 'username': 'admin', 'password': ''}
2026-06-01 14:57:50,471 - baseAutoHttp.py - INFO - 请求方式: POST
2026-06-01 14:57:50,471 - baseAutoHttp.py - INFO - 请求地址: http://127.0.0.1:8080/web/index.php/auth/validate
2026-06-01 14:57:50,471 - baseAutoHttp.py - INFO - 请求头: {'User-Agent': 'Mozilla/5.0 (Windows NT 10.0; Win64; x64) AppleWebKit/537.36 (KHTML, like Gecko) Chrome/148.0.0.0 Safari/537.36', 'Content-Type': 'application/x-www-form-urlencoded'}
2026-06-01 14:57:50,471 - baseAutoHttp.py - INFO - 请求参数: params=None | data={'_token': '4910641b756cb28.zv7PpBEc3YsiHuJJnvhkL98qscni7XD70Jcs7A7b5O4.jJ-Ql0V5sLtWcI0r2p0Xd-xH34PPhDmRncJEvEawk9-Pzbj1VWy8w2xT2g', 'username': 'admin', 'password': ''} | json=None
2026-06-01 14:57:50,779 - baseAutoHttp.py - INFO - 响应状态码: 200
2026-06-01 14:57:50,779 - baseAutoHttp.py - INFO - 响应耗时: 0.070887s
2026-06-01 14:57:50,779 - baseAutoHttp.py - INFO - 响应文本: <!DOCTYPE html>
<html>
<head>
  <meta charset="UTF-8">
  <meta http-equiv="X-UA-Compatible" content="IE=edge">
  <meta name="viewport" content="width=device-width,initial-scale=1">
  <title>OrangeHRM</title>
      <link rel="icon" href="/web/dist/favicon.ico?v=1775433284510">
    <link href="/web/dist/css/chunk-vendors.css?v=1775433284510" rel="preload" as="style">
    <link href="/web/dist/css/app.css?v=1775433284510" rel="preload" as="style">
    <link href="/web/dist/js/chunk-vendors.js?v=1775433284510" rel="preload" as="script">
    <link href="/web/dist/js/app.js?v=1775433284510" rel="preload" as="script">
      <link href="/web/dist/css/chunk-vendors.css?v=1775433284510" rel="stylesheet"/>
    <link href="/web/dist/css/app.css?v=1775433284510" rel="stylesheet"/>
</head>
<body>
  <style>
    :root {
            --oxd-primary-one-color:#FF7B1D;
            --oxd-primary-font-color:#FFFFFF;
            --oxd-secondary-four-color:#76BC21;
            --oxd-secondary-font-color:#FFFFFF;
            --oxd-primary-gradient-start-color:#FF920B;
            --oxd-primary-gradient-end-color:#F35C17;
            --oxd-secondary-gradient-start-color:#FF920B;
            --oxd-secondary-gradient-end-color:#F35C17;
            --oxd-primary-one-lighten-5-color:#ff8a37;
            --oxd-primary-one-lighten-30-color:#ffd4b6;
            --oxd-primary-one-darken-5-color:#ff6c03;
            --oxd-primary-one-alpha-10-color:rgba(255, 123, 29, 0.1);
            --oxd-primary-one-alpha-15-color:rgba(255, 123, 29, 0.15);
            --oxd-primary-one-alpha-20-color:rgba(255, 123, 29, 0.2);
            --oxd-primary-one-alpha-50-color:rgba(255, 123, 29, 0.5);
            --oxd-secondary-four-lighten-5-color:#84d225;
            --oxd-secondary-four-darken-5-color:#68a61d;
            --oxd-secondary-four-alpha-10-color:rgba(118, 188, 33, 0.1);
            --oxd-secondary-four-alpha-15-color:rgba(118, 188, 33, 0.15);
            --oxd-secondary-four-alpha-20-color:rgba(118, 188, 33, 0.2);
            --oxd-secondary-four-alpha-50-color:rgba(118, 188, 33, 0.5);
        }
  </style>
    <noscript>
        <strong>
            We're sorry but orangehrm doesn't work properly without JavaScript enabled. Please enable it to continue.
        </strong>
    </noscript>

    <div id="app">
    <auth-login
            :error="{&quot;error&quot;:&quot;invalid_credentials&quot;,&quot;message&quot;:&quot;Invalid credentials&quot;}"
            :token="&quot;388e834965b6c.DGq2TsI45wjlKeCkL4YGM0G2Q6qudmNImrvcl--ezvE.TgvpfZZdijiRR4_Ga-N1a3LbLeCDHyoi1-60x6f1ucBNWcEfhkiGQKtk2A&quot;"
            :login-logo-src="&quot;\/web\/images\/ohrm_logo.png&quot;"
            :login-banner-src="&quot;\/web\/images\/ohrm_branding.png?v=1775433284510&quot;"
            :show-social-media="true"
            :is-demo-mode="false"
            :authenticators="[]"
        >
    <template v-slot:footer>
        <div class="orangehrm-copyright-wrapper">
            <oxd-text tag="p" class="orangehrm-copyright">OrangeHRM OS 5.8.1</oxd-text>
<oxd-text tag="p" class="orangehrm-copyright">&copy; 2005 - 2026 <a href="http://www.orangehrm.com" target="_blank">OrangeHRM, Inc</a>. All rights reserved.</oxd-text>
        </div>
    </template>
    </auth-login>
    </div>
    <script type="text/javascript">
        window.appGlobal = {
          baseUrl: "/web/index.php",
          publicPath: "/web",
        };
    </script>
    <script src="/web/dist/js/chunk-vendors.js?v=1775433284510"></script>
    <script src="/web/dist/js/app.js?v=1775433284510"></script>
</body>
</html>

2026-06-01 14:57:50,779 - baseAutoHttp.py - INFO - 【01登录页面接口信息:login_api】接口调用结束

2026-06-01 14:57:50,779 - web_login_page.py - INFO - 【admin/空密码】断言成功
2026-06-01 14:57:50,779 - baseAutoHttp.py - INFO - 接口会话已关闭
2026-06-01 14:57:50,779 - test_web_ohrm.py - INFO - 【密码为空】用例执行成功
2026-06-01 14:57:51,187 - baseDB.py - INFO - ✅ MySQL 数据库连接成功
2026-06-01 14:57:51,187 - conftest - INFO - ✅ conftest: 获取数据库连接（MysqlHelp）
2026-06-01 14:57:51,189 - baseUtils.py - INFO - 配置文件读取成功：E:\develop\PythonProject\OrangeHRM\Config\配置文件.ini
2026-06-01 14:57:51,645 - baseUtils.py - INFO - 配置文件读取成功：E:\develop\PythonProject\OrangeHRM\Config\配置文件.ini
2026-06-01 14:57:51,708 - baseUtils.py - INFO - 配置文件读取成功：E:\develop\PythonProject\OrangeHRM\Config\配置文件.ini
2026-06-01 14:57:51,772 - baseUtils.py - INFO - 配置文件读取成功：E:\develop\PythonProject\OrangeHRM\Config\配置文件.ini
2026-06-01 14:57:51,855 - baseAutoHttp.py - INFO - 【03查询员工页面:select_employee】接口调用开始
2026-06-01 14:57:51,857 - baseAutoHttp.py - INFO - 请求方式: GET
2026-06-01 14:57:51,858 - baseAutoHttp.py - INFO - 请求地址: http://127.0.0.1:8080/web/index.php/api/v2/pim/employees
2026-06-01 14:57:51,858 - baseAutoHttp.py - INFO - 请求头: {'User-Agent': 'Mozilla/5.0 (Windows NT 10.0; Win64; x64) AppleWebKit/537.36 (KHTML, like Gecko) Chrome/148.0.0.0 Safari/537.36'}
2026-06-01 14:57:51,858 - baseAutoHttp.py - INFO - 请求参数: params={'limit': '50', 'offset': '0', 'model': 'detailed', 'includeEmployees': 'onlyCurrent', 'sortField': 'employee.firstName', 'sortOrder': 'ASC'} | data=None | json=None
2026-06-01 14:57:51,953 - baseAutoHttp.py - INFO - 响应状态码: 200
2026-06-01 14:57:51,953 - baseAutoHttp.py - INFO - 响应耗时: 0.093915s
2026-06-01 14:57:51,953 - baseAutoHttp.py - INFO - 响应JSON: {'data': [{'empNumber': 2, 'lastName': 'oo', 'firstName': 'hh', 'middleName': '', 'employeeId': '0002', 'terminationId': None, 'jobTitle': {'id': None, 'title': None, 'isDeleted': None}, 'subunit': {'id': None, 'name': None}, 'empStatus': {'id': None, 'name': None}, 'supervisors': []}, {'empNumber': 5, 'lastName': 'Doe', 'firstName': 'John', 'middleName': '', 'employeeId': '1001', 'terminationId': None, 'jobTitle': {'id': None, 'title': None, 'isDeleted': None}, 'subunit': {'id': None, 'name': None}, 'empStatus': {'id': None, 'name': None}, 'supervisors': []}, {'empNumber': 6, 'lastName': 'pp', 'firstName': 'kk', 'middleName': '', 'employeeId': '1002', 'terminationId': None, 'jobTitle': {'id': None, 'title': None, 'isDeleted': None}, 'subunit': {'id': None, 'name': None}, 'empStatus': {'id': None, 'name': None}, 'supervisors': []}, {'empNumber': 14, 'lastName': 'll', 'firstName': 'kk', 'middleName': '', 'employeeId': '0014', 'terminationId': None, 'jobTitle': {'id': None, 'title': None, 'isDeleted': None}, 'subunit': {'id': None, 'name': None}, 'empStatus': {'id': None, 'name': None}, 'supervisors': []}, {'empNumber': 16, 'lastName': 'pp', 'firstName': 'ww', 'middleName': '', 'employeeId': '0016', 'terminationId': None, 'jobTitle': {'id': None, 'title': None, 'isDeleted': None}, 'subunit': {'id': None, 'name': None}, 'empStatus': {'id': None, 'name': None}, 'supervisors': []}, {'empNumber': 17, 'lastName': 'ss', 'firstName': 'zz', 'middleName': '', 'employeeId': '1009', 'terminationId': None, 'jobTitle': {'id': None, 'title': None, 'isDeleted': None}, 'subunit': {'id': None, 'name': None}, 'empStatus': {'id': None, 'name': None}, 'supervisors': []}, {'empNumber': 1, 'lastName': '安', 'firstName': '谢', 'middleName': '', 'employeeId': '0001', 'terminationId': None, 'jobTitle': {'id': None, 'title': None, 'isDeleted': None}, 'subunit': {'id': None, 'name': None}, 'empStatus': {'id': None, 'name': None}, 'supervisors': []}], 'meta': {'total': 7}, 'rels': []}
2026-06-01 14:57:51,953 - baseAutoHttp.py - INFO - 【03查询员工页面:select_employee】接口调用结束

2026-06-01 14:57:51,953 - test_web_ohrm.py - INFO - ☑️ 查询员工列表成功，返回 7 条
2026-06-01 14:57:51,959 - baseUtils.py - INFO - 配置文件读取成功：E:\develop\PythonProject\OrangeHRM\Config\配置文件.ini
2026-06-01 14:57:51,959 - baseAutoHttp.py - INFO - 【03查询员工页面:select_query】接口调用开始
2026-06-01 14:57:51,961 - baseData.py - INFO - 动态参数替换成功：{'employeeId': '1001'}
2026-06-01 14:57:51,961 - baseAutoHttp.py - INFO - 请求方式: GET
2026-06-01 14:57:51,961 - baseAutoHttp.py - INFO - 请求地址: http://127.0.0.1:8080/web/index.php/api/v2/pim/employees
2026-06-01 14:57:51,961 - baseAutoHttp.py - INFO - 请求头: {'User-Agent': 'Mozilla/5.0 (Windows NT 10.0; Win64; x64) AppleWebKit/537.36 (KHTML, like Gecko) Chrome/148.0.0.0 Safari/537.36', 'Referer': 'http://127.0.0.1:8080/web/index.php/pim/viewEmployeeList'}
2026-06-01 14:57:51,962 - baseAutoHttp.py - INFO - 请求参数: params={'limit': '50', 'offset': '0', 'model': 'detailed', 'employeeId': '1001', 'includeEmployees': 'onlyCurrent', 'sortField': 'employee.firstName', 'sortOrder': 'ASC'} | data=None | json=None
2026-06-01 14:57:52,030 - baseAutoHttp.py - INFO - 响应状态码: 200
2026-06-01 14:57:52,030 - baseAutoHttp.py - INFO - 响应耗时: 0.067422s
2026-06-01 14:57:52,030 - baseAutoHttp.py - INFO - 响应JSON: {'data': [{'empNumber': 5, 'lastName': 'Doe', 'firstName': 'John', 'middleName': '', 'employeeId': '1001', 'terminationId': None, 'jobTitle': {'id': None, 'title': None, 'isDeleted': None}, 'subunit': {'id': None, 'name': None}, 'empStatus': {'id': None, 'name': None}, 'supervisors': []}], 'meta': {'total': 1}, 'rels': []}
2026-06-01 14:57:52,030 - baseAutoHttp.py - INFO - 【03查询员工页面:select_query】接口调用结束

2026-06-01 14:57:52,030 - test_web_ohrm.py - INFO - ☑️【指定查询用例】执行完毕
2026-06-01 14:57:52,038 - baseUtils.py - INFO - 配置文件读取成功：E:\develop\PythonProject\OrangeHRM\Config\配置文件.ini
2026-06-01 14:57:52,038 - baseAutoHttp.py - INFO - 【03查询员工页面:select_query】接口调用开始
2026-06-01 14:57:52,040 - baseData.py - INFO - 动态参数替换成功：{'employeeId': '9999'}
2026-06-01 14:57:52,040 - baseAutoHttp.py - INFO - 请求方式: GET
2026-06-01 14:57:52,040 - baseAutoHttp.py - INFO - 请求地址: http://127.0.0.1:8080/web/index.php/api/v2/pim/employees
2026-06-01 14:57:52,040 - baseAutoHttp.py - INFO - 请求头: {'User-Agent': 'Mozilla/5.0 (Windows NT 10.0; Win64; x64) AppleWebKit/537.36 (KHTML, like Gecko) Chrome/148.0.0.0 Safari/537.36', 'Referer': 'http://127.0.0.1:8080/web/index.php/pim/viewEmployeeList'}
2026-06-01 14:57:52,040 - baseAutoHttp.py - INFO - 请求参数: params={'limit': '50', 'offset': '0', 'model': 'detailed', 'employeeId': '9999', 'includeEmployees': 'onlyCurrent', 'sortField': 'employee.firstName', 'sortOrder': 'ASC'} | data=None | json=None
2026-06-01 14:57:52,117 - baseAutoHttp.py - INFO - 响应状态码: 200
2026-06-01 14:57:52,118 - baseAutoHttp.py - INFO - 响应耗时: 0.076134s
2026-06-01 14:57:52,118 - baseAutoHttp.py - INFO - 响应JSON: {'data': [], 'meta': {'total': 0}, 'rels': []}
2026-06-01 14:57:52,118 - baseAutoHttp.py - INFO - 【03查询员工页面:select_query】接口调用结束

2026-06-01 14:57:52,118 - test_web_ohrm.py - INFO - ☑️【指定查询用例】执行完毕
2026-06-01 14:57:52,125 - baseUtils.py - INFO - 配置文件读取成功：E:\develop\PythonProject\OrangeHRM\Config\配置文件.ini
2026-06-01 14:57:52,148 - baseDB.py - INFO - ✅ MySQL 数据库连接成功
2026-06-01 14:57:52,150 - baseAutoHttp.py - INFO - 【04更新员工:update_employee】接口调用开始
2026-06-01 14:57:52,153 - baseData.py - INFO - 动态参数替换成功：{'firstName': 'John', 'lastName': 'Doe', 'employeeId': '1001'}
2026-06-01 14:57:52,153 - baseAutoHttp.py - INFO - 请求方式: PUT
2026-06-01 14:57:52,153 - baseAutoHttp.py - INFO - 请求地址: http://127.0.0.1:8080/web/index.php/api/v2/pim/employees/5/personal-details
2026-06-01 14:57:52,153 - baseAutoHttp.py - INFO - 请求头: {'User-Agent': 'Mozilla/5.0 (Windows NT 10.0; Win64; x64) AppleWebKit/537.36 (KHTML, like Gecko) Chrome/148.0.0.0 Safari/537.36', 'Content-Type': 'application/json', 'Referer': 'http://127.0.0.1:8080/web/index.php/pim/viewPersonalDetails/empNumber/5', 'Origin': 'http://127.0.0.1:8080'}
2026-06-01 14:57:52,153 - baseAutoHttp.py - INFO - 请求参数: params=None | data=None | json={'birthday': None, 'drivingLicenseExpiredDate': None, 'drivingLicenseNo': None, 'employeeId': '1001', 'firstName': 'John', 'gender': None, 'lastName': 'Doe', 'middleName': None, 'otherId': None}
2026-06-01 14:57:52,210 - baseAutoHttp.py - INFO - 响应状态码: 500
2026-06-01 14:57:52,211 - baseAutoHttp.py - INFO - 响应耗时: 0.055981s
2026-06-01 14:57:52,211 - baseAutoHttp.py - INFO - 响应JSON: {'error': {'status': '500', 'message': 'Unexpected Error Occurred'}}
2026-06-01 14:57:52,211 - baseAutoHttp.py - INFO - 【04更新员工:update_employee】接口调用结束

2026-06-01 14:57:52,218 - baseDB.py - INFO - ✅ MySQL 数据库连接成功
2026-06-01 14:57:52,222 - baseDB.py - INFO - ✅ MySQL 执行成功，事务已提交
2026-06-01 14:57:52,222 - baseDB.py - INFO - 🔌 MySQL 连接已关闭
2026-06-01 14:57:52,229 - baseDB.py - INFO - ✅ MySQL 数据库连接成功
2026-06-01 14:57:52,243 - baseUtils.py - INFO - 配置文件读取成功：E:\develop\PythonProject\OrangeHRM\Config\配置文件.ini
2026-06-01 14:57:52,244 - baseUtils.py - INFO - 配置文件读取成功：E:\develop\PythonProject\OrangeHRM\Config\配置文件.ini
2026-06-01 14:57:52,245 - baseAutoHttp.py - INFO - 【03查询员工页面:select_query】接口调用开始
2026-06-01 14:57:52,247 - baseData.py - INFO - 动态参数替换成功：{'employeeId': '0004'}
2026-06-01 14:57:52,247 - baseAutoHttp.py - INFO - 请求方式: GET
2026-06-01 14:57:52,247 - baseAutoHttp.py - INFO - 请求地址: http://127.0.0.1:8080/web/index.php/api/v2/pim/employees
2026-06-01 14:57:52,247 - baseAutoHttp.py - INFO - 请求头: {'User-Agent': 'Mozilla/5.0 (Windows NT 10.0; Win64; x64) AppleWebKit/537.36 (KHTML, like Gecko) Chrome/148.0.0.0 Safari/537.36', 'Referer': 'http://127.0.0.1:8080/web/index.php/pim/viewEmployeeList'}
2026-06-01 14:57:52,247 - baseAutoHttp.py - INFO - 请求参数: params={'limit': '50', 'offset': '0', 'model': 'detailed', 'employeeId': '0004', 'includeEmployees': 'onlyCurrent', 'sortField': 'employee.firstName', 'sortOrder': 'ASC'} | data=None | json=None
2026-06-01 14:57:52,319 - baseAutoHttp.py - INFO - 响应状态码: 200
2026-06-01 14:57:52,319 - baseAutoHttp.py - INFO - 响应耗时: 0.07065s
2026-06-01 14:57:52,319 - baseAutoHttp.py - INFO - 响应JSON: {'data': [], 'meta': {'total': 0}, 'rels': []}
2026-06-01 14:57:52,319 - baseAutoHttp.py - INFO - 【03查询员工页面:select_query】接口调用结束

2026-06-01 14:57:52,325 - baseDB.py - INFO - ✅ MySQL 数据库连接成功
2026-06-01 14:57:52,340 - baseUtils.py - INFO - 配置文件读取成功：E:\develop\PythonProject\OrangeHRM\Config\配置文件.ini
2026-06-01 14:57:52,341 - baseUtils.py - INFO - 配置文件读取成功：E:\develop\PythonProject\OrangeHRM\Config\配置文件.ini
2026-06-01 14:57:52,341 - baseAutoHttp.py - INFO - 【03查询员工页面:select_query】接口调用开始
2026-06-01 14:57:52,343 - baseData.py - INFO - 动态参数替换成功：{'employeeId': '9999'}
2026-06-01 14:57:52,343 - baseAutoHttp.py - INFO - 请求方式: GET
2026-06-01 14:57:52,343 - baseAutoHttp.py - INFO - 请求地址: http://127.0.0.1:8080/web/index.php/api/v2/pim/employees
2026-06-01 14:57:52,343 - baseAutoHttp.py - INFO - 请求头: {'User-Agent': 'Mozilla/5.0 (Windows NT 10.0; Win64; x64) AppleWebKit/537.36 (KHTML, like Gecko) Chrome/148.0.0.0 Safari/537.36', 'Referer': 'http://127.0.0.1:8080/web/index.php/pim/viewEmployeeList'}
2026-06-01 14:57:52,344 - baseAutoHttp.py - INFO - 请求参数: params={'limit': '50', 'offset': '0', 'model': 'detailed', 'employeeId': '9999', 'includeEmployees': 'onlyCurrent', 'sortField': 'employee.firstName', 'sortOrder': 'ASC'} | data=None | json=None
2026-06-01 14:57:52,415 - baseAutoHttp.py - INFO - 响应状态码: 200
2026-06-01 14:57:52,415 - baseAutoHttp.py - INFO - 响应耗时: 0.070192s
2026-06-01 14:57:52,415 - baseAutoHttp.py - INFO - 响应JSON: {'data': [], 'meta': {'total': 0}, 'rels': []}
2026-06-01 14:57:52,415 - baseAutoHttp.py - INFO - 【03查询员工页面:select_query】接口调用结束

2026-06-01 14:57:52,442 - baseDB.py - INFO - ✅ MySQL 数据库连接成功
2026-06-01 14:57:52,444 - test_web_ohrm.py - INFO - ☑️【删除员工】用例执行成功
2026-06-01 14:57:52,452 - baseUtils.py - INFO - 配置文件读取成功：E:\develop\PythonProject\OrangeHRM\Config\配置文件.ini
2026-06-01 14:57:52,452 - baseAutoHttp.py - INFO - 【06未登录访问员工接口:employee】接口调用开始
2026-06-01 14:57:52,454 - baseAutoHttp.py - INFO - 请求方式: GET
2026-06-01 14:57:52,454 - baseAutoHttp.py - INFO - 请求地址: http://127.0.0.1:8080/web/index.php/pim/viewEmployeeList
2026-06-01 14:57:52,454 - baseAutoHttp.py - INFO - 请求头: {'User-Agent': 'Mozilla/5.0 (Windows NT 10.0; Win64; x64) AppleWebKit/537.36 (KHTML, like Gecko) Chrome/148.0.0.0 Safari/537.36'}
2026-06-01 14:57:52,454 - baseAutoHttp.py - INFO - 请求参数: params={'includeEmployees': 'onlyCurrent', 'limit': '50', 'model': 'detailed', 'offset': '0', 'sortField': 'employee.firstName', 'sortOrder': 'ASC'} | data=None | json=None
2026-06-01 14:57:52,506 - baseAutoHttp.py - INFO - 响应状态码: 302
2026-06-01 14:57:52,506 - baseAutoHttp.py - INFO - 响应耗时: 0.050776s
2026-06-01 14:57:52,507 - baseAutoHttp.py - INFO - 响应文本: <!DOCTYPE html>
<html>
    <head>
        <meta charset="UTF-8" />
        <meta http-equiv="refresh" content="0;url='http://127.0.0.1:8080/web/index.php/auth/login'" />

        <title>Redirecting to http://127.0.0.1:8080/web/index.php/auth/login</title>
    </head>
    <body>
        Redirecting to <a href="http://127.0.0.1:8080/web/index.php/auth/login">http://127.0.0.1:8080/web/index.php/auth/login</a>.
    </body>
</html>
2026-06-01 14:57:52,507 - baseAutoHttp.py - INFO - 【06未登录访问员工接口:employee】接口调用结束

2026-06-01 14:57:52,904 - baseUtils.py - INFO - 配置文件读取成功：E:\develop\PythonProject\OrangeHRM\Config\配置文件.ini
2026-06-01 14:57:52,904 - baseAutoHttp.py - INFO - 【07非管理员登录:employee_login】接口调用开始
2026-06-01 14:57:52,905 - baseData.py - INFO - 动态参数替换成功：{'firstName': 'cc', 'lastName': 'dd', 'employeeId': '1010'}
2026-06-01 14:57:52,906 - baseAutoHttp.py - INFO - 请求方式: POST
2026-06-01 14:57:52,906 - baseAutoHttp.py - INFO - 请求地址: http://127.0.0.1:8080/web/index.php/api/v2/pim/employees
2026-06-01 14:57:52,906 - baseAutoHttp.py - INFO - 请求头: {'User-Agent': 'Mozilla/5.0 (Windows NT 10.0; Win64; x64) AppleWebKit/537.36 (KHTML, like Gecko) Chrome/148.0.0.0 Safari/537.36', 'Content-Type': 'application/json', 'Origin': 'http://127.0.0.1:8080', 'Referer': 'http://127.0.0.1:8080/web/index.php/pim/addEmployee'}
2026-06-01 14:57:52,906 - baseAutoHttp.py - INFO - 请求参数: params=None | data=None | json={'employeeId': '1010', 'empPicture': None, 'firstName': 'cc', 'lastName': 'dd', 'middleName': None}
2026-06-01 14:57:52,969 - baseAutoHttp.py - INFO - 响应状态码: 403
2026-06-01 14:57:52,969 - baseAutoHttp.py - INFO - 响应耗时: 0.062333s
2026-06-01 14:57:52,969 - baseAutoHttp.py - INFO - 响应JSON: {'error': {'status': 403, 'message': 'Unauthorized'}}
2026-06-01 14:57:52,969 - baseAutoHttp.py - INFO - 【07非管理员登录:employee_login】接口调用结束

2026-06-01 14:57:52,969 - test_web_ohrm.py - INFO - ☑️【非管理员账号操作员工】用例执行成功
2026-06-01 14:57:53,188 - runClient.py - WARNING - ⚠️ 未找到用例文件，执行项目全量用例
2026-06-01 14:57:53,224 - baseUtils.py - INFO - 配置文件读取成功：E:\develop\PythonProject\OrangeHRM\Config\配置文件.ini
2026-06-01 14:57:53,258 - baseUtils.py - INFO - 配置文件读取成功：E:\develop\PythonProject\OrangeHRM\Config\配置文件.ini
2026-06-01 14:57:53,307 - baseAutoHttp.py - INFO - 【01登录页面接口信息:login_api】接口调用开始
2026-06-01 14:57:53,316 - baseData.py - INFO - 动态参数替换成功：{'_token': 'ebf52c44a3.CZWRCmwuPMM8-YswiGB6T_jWot7JPzZGsbS-t5EsYbg.cM_9STRtCa5Ji7No8DIOBoickZmfXl4X6MfV7slZFMtZ0v0zKEBYp1rKyg', 'username': 'admin', 'password': 'Keepmoving624.'}
2026-06-01 14:57:53,319 - baseAutoHttp.py - INFO - 请求方式: POST
2026-06-01 14:57:53,321 - baseAutoHttp.py - INFO - 请求地址: http://127.0.0.1:8080/web/index.php/auth/validate
2026-06-01 14:57:53,323 - baseAutoHttp.py - INFO - 请求头: {'User-Agent': 'Mozilla/5.0 (Windows NT 10.0; Win64; x64) AppleWebKit/537.36 (KHTML, like Gecko) Chrome/148.0.0.0 Safari/537.36', 'Content-Type': 'application/x-www-form-urlencoded'}
2026-06-01 14:57:53,325 - baseAutoHttp.py - INFO - 请求参数: params=None | data={'_token': 'ebf52c44a3.CZWRCmwuPMM8-YswiGB6T_jWot7JPzZGsbS-t5EsYbg.cM_9STRtCa5Ji7No8DIOBoickZmfXl4X6MfV7slZFMtZ0v0zKEBYp1rKyg', 'username': 'admin', 'password': 'Keepmoving624.'} | json=None
2026-06-01 14:57:53,725 - baseAutoHttp.py - INFO - 响应状态码: 200
2026-06-01 14:57:53,728 - baseAutoHttp.py - INFO - 响应耗时: 0.106046s
2026-06-01 14:57:53,730 - baseAutoHttp.py - INFO - 响应文本: <!DOCTYPE html>
<html>
<head>
  <meta charset="UTF-8">
  <meta http-equiv="X-UA-Compatible" content="IE=edge">
  <meta name="viewport" content="width=device-width,initial-scale=1">
  <title>OrangeHRM</title>
    <link rel="icon" href="/web/dist/favicon.ico?v=1775433284510">
  <link href="/web/dist/css/chunk-vendors.css?v=1775433284510" rel="preload" as="style">
  <link href="/web/dist/css/app.css?v=1775433284510" rel="preload" as="style">
  <link href="/web/dist/js/chunk-vendors.js?v=1775433284510" rel="preload" as="script">
  <link href="/web/dist/js/app.js?v=1775433284510" rel="preload" as="script">
    <link href="/web/dist/css/chunk-vendors.css?v=1775433284510" rel="stylesheet"/>
  <link href="/web/dist/css/app.css?v=1775433284510" rel="stylesheet"/>
</head>
<body>
  <style>
    :root {
            --oxd-primary-one-color:#FF7B1D;
            --oxd-primary-font-color:#FFFFFF;
            --oxd-secondary-four-color:#76BC21;
            --oxd-secondary-font-color:#FFFFFF;
            --oxd-primary-gradient-start-color:#FF920B;
            --oxd-primary-gradient-end-color:#F35C17;
            --oxd-secondary-gradient-start-color:#FF920B;
            --oxd-secondary-gradient-end-color:#F35C17;
            --oxd-primary-one-lighten-5-color:#ff8a37;
            --oxd-primary-one-lighten-30-color:#ffd4b6;
            --oxd-primary-one-darken-5-color:#ff6c03;
            --oxd-primary-one-alpha-10-color:rgba(255, 123, 29, 0.1);
            --oxd-primary-one-alpha-15-color:rgba(255, 123, 29, 0.15);
            --oxd-primary-one-alpha-20-color:rgba(255, 123, 29, 0.2);
            --oxd-primary-one-alpha-50-color:rgba(255, 123, 29, 0.5);
            --oxd-secondary-four-lighten-5-color:#84d225;
            --oxd-secondary-four-darken-5-color:#68a61d;
            --oxd-secondary-four-alpha-10-color:rgba(118, 188, 33, 0.1);
            --oxd-secondary-four-alpha-15-color:rgba(118, 188, 33, 0.15);
            --oxd-secondary-four-alpha-20-color:rgba(118, 188, 33, 0.2);
            --oxd-secondary-four-alpha-50-color:rgba(118, 188, 33, 0.5);
        }
  </style>
  <noscript>
    <strong>
      We're sorry but orangehrm doesn't work properly without JavaScript enabled. Please enable it to continue.
    </strong>
  </noscript>

  <div id="app">
    <oxd-layout
        home-url="https://www.orangehrm.com/"
        :sidepanel-menu-items="[{&quot;id&quot;:1,&quot;name&quot;:&quot;\u7ba1\u7406\u5458&quot;,&quot;url&quot;:&quot;\/web\/index.php\/admin\/viewAdminModule&quot;,&quot;icon&quot;:&quot;admin&quot;},{&quot;id&quot;:30,&quot;name&quot;:&quot;\u4e2a\u4eba\u4fe1\u606f\u7ba1\u7406\u7cfb\u7edf&quot;,&quot;url&quot;:&quot;\/web\/index.php\/pim\/viewPimModule&quot;,&quot;icon&quot;:&quot;pim&quot;},{&quot;id&quot;:41,&quot;name&quot;:&quot;\u4f11\u5047&quot;,&quot;url&quot;:&quot;\/web\/index.php\/leave\/viewLeaveModule&quot;,&quot;icon&quot;:&quot;leave&quot;},{&quot;id&quot;:52,&quot;name&quot;:&quot;\u65f6\u95f4&quot;,&quot;url&quot;:&quot;\/web\/index.php\/time\/viewTimeModule&quot;,&quot;icon&quot;:&quot;time&quot;},{&quot;id&quot;:65,&quot;name&quot;:&quot;\u62db\u8058&quot;,&quot;url&quot;:&quot;\/web\/index.php\/recruitment\/viewRecruitmentModule&quot;,&quot;icon&quot;:&quot;recruitment&quot;},{&quot;id&quot;:40,&quot;name&quot;:&quot;\u6211\u7684\u4fe1\u606f&quot;,&quot;url&quot;:&quot;\/web\/index.php\/pim\/viewMyDetails&quot;,&quot;icon&quot;:&quot;myinfo&quot;},{&quot;id&quot;:83,&quot;name&quot;:&quot;\u7ee9\u6548&quot;,&quot;url&quot;:&quot;\/web\/index.php\/performance\/viewPerformanceModule&quot;,&quot;icon&quot;:&quot;performance&quot;},{&quot;id&quot;:82,&quot;name&quot;:&quot;\u4eea\u8868\u76d8&quot;,&quot;url&quot;:&quot;\/web\/index.php\/dashboard\/index&quot;,&quot;icon&quot;:&quot;dashboard&quot;,&quot;active&quot;:true},{&quot;id&quot;:93,&quot;name&quot;:&quot;Directory&quot;,&quot;url&quot;:&quot;\/web\/index.php\/directory\/viewDirectory&quot;,&quot;icon&quot;:&quot;directory&quot;},{&quot;id&quot;:96,&quot;name&quot;:&quot;Maintenance&quot;,&quot;url&quot;:&quot;\/web\/index.php\/maintenance\/viewMaintenanceModule&quot;,&quot;icon&quot;:&quot;maintenance&quot;},{&quot;id&quot;:105,&quot;name&quot;:&quot;Claim&quot;,&quot;url&quot;:&quot;\/web\/index.php\/claim\/viewClaimModule&quot;,&quot;icon&quot;:&quot;claim&quot;},{&quot;id&quot;:101,&quot;name&quot;:&quot;\u6fc0\u52a8&quot;,&quot;url&quot;:&quot;\/web\/index.php\/buzz\/viewBuzz&quot;,&quot;icon&quot;:&quot;buzz&quot;}]"
        :topbar-menu-items="[]"
        :user="{&quot;firstName&quot;:&quot;\u8c22&quot;,&quot;lastName&quot;:&quot;\u5b89&quot;,&quot;profImgSrc&quot;:&quot;\/web\/index.php\/pim\/viewPhoto\/empNumber\/1&quot;,&quot;hasPassword&quot;:true}"
        brand-logo-src="/web/images/orange.png?v=1775433284510"
        brand-banner-src="/web/images/orangehrm-logo.png?v=1775433284510"
        logout-url="/web/index.php/auth/logout"
        support-url="/web/index.php/help/support"
        :update-password-url="&quot;/web/index.php/pim/updatePassword&quot;"
        :permissions="{&quot;dashboard_buzz_widget&quot;:{&quot;canRead&quot;:true,&quot;canCreate&quot;:false,&quot;canUpdate&quot;:false,&quot;canDelete&quot;:false},&quot;dashboard_employees_on_leave_today_config&quot;:{&quot;canRead&quot;:true,&quot;canCreate&quot;:false,&quot;canUpdate&quot;:true,&quot;canDelete&quot;:false},&quot;dashboard_leave_widget&quot;:{&quot;canRead&quot;:true,&quot;canCreate&quot;:false,&quot;canUpdate&quot;:false,&quot;canDelete&quot;:false},&quot;dashboard_location_widget&quot;:{&quot;canRead&quot;:true,&quot;canCreate&quot;:false,&quot;canUpdate&quot;:false,&quot;canDelete&quot;:false},&quot;dashboard_subunit_widget&quot;:{&quot;canRead&quot;:true,&quot;canCreate&quot;:false,&quot;canUpdate&quot;:false,&quot;canDelete&quot;:false},&quot;dashboard_time_widget&quot;:{&quot;canRead&quot;:true,&quot;canCreate&quot;:false,&quot;canUpdate&quot;:false,&quot;canDelete&quot;:false}}"
        :breadcrumb="{&quot;moduleName&quot;:&quot;\u4eea\u8868\u76d8&quot;,&quot;level&quot;:null}"
        :date-format="{&quot;id&quot;:&quot;Y-m-d&quot;,&quot;label&quot;:&quot;yyyy-mm-dd&quot;}"
        help-url="/web/index.php/help/help?label=dashboard_index"
        :show-upgrade="1"
    >
      <view-dashboard
            >
    </view-dashboard>
    <template v-slot:footer><oxd-text tag="p" class="orangehrm-copyright">OrangeHRM OS 5.8.1</oxd-text>
<oxd-text tag="p" class="orangehrm-copyright">&copy; 2005 - 2026 <a href="http://www.orangehrm.com" target="_blank">OrangeHRM, Inc</a>. All rights reserved.</oxd-text>
<br></template>
    </oxd-layout>
  </div>
  <script type="text/javascript">
      window.appGlobal = {
        baseUrl: "/web/index.php",
        publicPath: "/web",
      };
  </script>
  <script src="/web/dist/js/chunk-vendors.js?v=1775433284510"></script>
  <script src="/web/dist/js/app.js?v=1775433284510"></script>
</body>
</html>

2026-06-01 14:57:53,733 - baseAutoHttp.py - INFO - 【01登录页面接口信息:login_api】接口调用结束

2026-06-01 14:57:53,736 - web_login_page.py - INFO - 【管理员正常登录】断言成功
2026-06-01 14:57:53,738 - baseAutoHttp.py - INFO - 接口会话已关闭
2026-06-01 14:57:53,740 - test_web_ohrm.py - INFO - 【管理员正常登录】用例执行成功
2026-06-01 14:57:53,747 - baseUtils.py - INFO - 配置文件读取成功：E:\develop\PythonProject\OrangeHRM\Config\配置文件.ini
2026-06-01 14:57:53,798 - baseAutoHttp.py - INFO - 【02登录页面未携带token:login_not_token_api】接口调用开始
2026-06-01 14:57:53,802 - baseData.py - INFO - 动态参数替换成功：{'username': 'admin', 'password': 'Keepmoving624.'}
2026-06-01 14:57:53,804 - baseAutoHttp.py - INFO - 请求方式: POST
2026-06-01 14:57:53,806 - baseAutoHttp.py - INFO - 请求地址: http://127.0.0.1:8080/web/index.php/auth/validate
2026-06-01 14:57:53,809 - baseAutoHttp.py - INFO - 请求头: {'User-Agent': 'Mozilla/5.0 (Windows NT 10.0; Win64; x64) AppleWebKit/537.36 (KHTML, like Gecko) Chrome/148.0.0.0 Safari/537.36', 'Content-Type': 'application/x-www-form-urlencoded'}
2026-06-01 14:57:53,811 - baseAutoHttp.py - INFO - 请求参数: params=None | data={'username': 'admin', 'password': 'Keepmoving624.'} | json=None
2026-06-01 14:57:53,919 - baseAutoHttp.py - INFO - 响应状态码: 200
2026-06-01 14:57:53,921 - baseAutoHttp.py - INFO - 响应耗时: 0.067209s
2026-06-01 14:57:53,924 - baseAutoHttp.py - INFO - 响应文本: <!DOCTYPE html>
<html>
<head>
  <meta charset="UTF-8">
  <meta http-equiv="X-UA-Compatible" content="IE=edge">
  <meta name="viewport" content="width=device-width,initial-scale=1">
  <title>OrangeHRM</title>
      <link rel="icon" href="/web/dist/favicon.ico?v=1775433284510">
    <link href="/web/dist/css/chunk-vendors.css?v=1775433284510" rel="preload" as="style">
    <link href="/web/dist/css/app.css?v=1775433284510" rel="preload" as="style">
    <link href="/web/dist/js/chunk-vendors.js?v=1775433284510" rel="preload" as="script">
    <link href="/web/dist/js/app.js?v=1775433284510" rel="preload" as="script">
      <link href="/web/dist/css/chunk-vendors.css?v=1775433284510" rel="stylesheet"/>
    <link href="/web/dist/css/app.css?v=1775433284510" rel="stylesheet"/>
</head>
<body>
  <style>
    :root {
            --oxd-primary-one-color:#FF7B1D;
            --oxd-primary-font-color:#FFFFFF;
            --oxd-secondary-four-color:#76BC21;
            --oxd-secondary-font-color:#FFFFFF;
            --oxd-primary-gradient-start-color:#FF920B;
            --oxd-primary-gradient-end-color:#F35C17;
            --oxd-secondary-gradient-start-color:#FF920B;
            --oxd-secondary-gradient-end-color:#F35C17;
            --oxd-primary-one-lighten-5-color:#ff8a37;
            --oxd-primary-one-lighten-30-color:#ffd4b6;
            --oxd-primary-one-darken-5-color:#ff6c03;
            --oxd-primary-one-alpha-10-color:rgba(255, 123, 29, 0.1);
            --oxd-primary-one-alpha-15-color:rgba(255, 123, 29, 0.15);
            --oxd-primary-one-alpha-20-color:rgba(255, 123, 29, 0.2);
            --oxd-primary-one-alpha-50-color:rgba(255, 123, 29, 0.5);
            --oxd-secondary-four-lighten-5-color:#84d225;
            --oxd-secondary-four-darken-5-color:#68a61d;
            --oxd-secondary-four-alpha-10-color:rgba(118, 188, 33, 0.1);
            --oxd-secondary-four-alpha-15-color:rgba(118, 188, 33, 0.15);
            --oxd-secondary-four-alpha-20-color:rgba(118, 188, 33, 0.2);
            --oxd-secondary-four-alpha-50-color:rgba(118, 188, 33, 0.5);
        }
  </style>
    <noscript>
        <strong>
            We're sorry but orangehrm doesn't work properly without JavaScript enabled. Please enable it to continue.
        </strong>
    </noscript>

    <div id="app">
    <auth-login
            :error="{&quot;error&quot;:&quot;invalid_csrf_token&quot;,&quot;message&quot;:&quot;CSRF token validation failed&quot;}"
            :token="&quot;0a.Ib89J3VeLvv8De8K0X3zvmmCbkW-bUcAblx03TJrA9g.bY1fTxgkH4uOILp_sByw6BvRFHLnMhJzCjcSp21bYLlL1kdAAjxWzLZomA&quot;"
            :login-logo-src="&quot;\/web\/images\/ohrm_logo.png&quot;"
            :login-banner-src="&quot;\/web\/images\/ohrm_branding.png?v=1775433284510&quot;"
            :show-social-media="true"
            :is-demo-mode="false"
            :authenticators="[]"
        >
    <template v-slot:footer>
        <div class="orangehrm-copyright-wrapper">
            <oxd-text tag="p" class="orangehrm-copyright">OrangeHRM OS 5.8.1</oxd-text>
<oxd-text tag="p" class="orangehrm-copyright">&copy; 2005 - 2026 <a href="http://www.orangehrm.com" target="_blank">OrangeHRM, Inc</a>. All rights reserved.</oxd-text>
        </div>
    </template>
    </auth-login>
    </div>
    <script type="text/javascript">
        window.appGlobal = {
          baseUrl: "/web/index.php",
          publicPath: "/web",
        };
    </script>
    <script src="/web/dist/js/chunk-vendors.js?v=1775433284510"></script>
    <script src="/web/dist/js/app.js?v=1775433284510"></script>
</body>
</html>

2026-06-01 14:57:53,926 - baseAutoHttp.py - INFO - 【02登录页面未携带token:login_not_token_api】接口调用结束

2026-06-01 14:57:53,928 - web_login_page.py - INFO - 【未携带CSRF令牌】断言成功
2026-06-01 14:57:53,930 - baseAutoHttp.py - INFO - 接口会话已关闭
2026-06-01 14:57:53,932 - test_web_ohrm.py - INFO - 【未携带CSRF令牌】用例执行成功
2026-06-01 14:57:53,938 - baseUtils.py - INFO - 配置文件读取成功：E:\develop\PythonProject\OrangeHRM\Config\配置文件.ini
2026-06-01 14:57:54,034 - baseAutoHttp.py - INFO - 【01登录页面接口信息:login_api】接口调用开始
2026-06-01 14:57:54,038 - baseData.py - INFO - 动态参数替换成功：{'_token': '60a57db30ec92829963890f6613a2a.vXugLmaK1iNU6ZoQn1rCwkfzP4hpkv7T9FQu8uJZQn0.3k3PWQrVrEs6vc5PzhKL8AWkVrwdpbDmvD9ooa4PdD7pAsZ0FMXldDKcww', 'username': 'admin', 'password': 'Keepmoving624.'}
2026-06-01 14:57:54,040 - baseAutoHttp.py - INFO - 请求方式: POST
2026-06-01 14:57:54,042 - baseAutoHttp.py - INFO - 请求地址: http://127.0.0.1:8080/web/index.php/auth/validate
2026-06-01 14:57:54,044 - baseAutoHttp.py - INFO - 请求头: {'User-Agent': 'Mozilla/5.0 (Windows NT 10.0; Win64; x64) AppleWebKit/537.36 (KHTML, like Gecko) Chrome/148.0.0.0 Safari/537.36', 'Content-Type': 'application/x-www-form-urlencoded'}
2026-06-01 14:57:54,046 - baseAutoHttp.py - INFO - 请求参数: params=None | data={'_token': '60a57db30ec92829963890f6613a2a.vXugLmaK1iNU6ZoQn1rCwkfzP4hpkv7T9FQu8uJZQn0.3k3PWQrVrEs6vc5PzhKL8AWkVrwdpbDmvD9ooa4PdD7pAsZ0FMXldDKcww', 'username': 'admin', 'password': 'Keepmoving624.'} | json=None
2026-06-01 14:57:54,133 - baseAutoHttp.py - INFO - 响应状态码: 200
2026-06-01 14:57:54,136 - baseAutoHttp.py - INFO - 响应耗时: 0.045713s
2026-06-01 14:57:54,138 - baseAutoHttp.py - INFO - 响应文本: <!DOCTYPE html>
<html>
<head>
  <meta charset="UTF-8">
  <meta http-equiv="X-UA-Compatible" content="IE=edge">
  <meta name="viewport" content="width=device-width,initial-scale=1">
  <title>OrangeHRM</title>
      <link rel="icon" href="/web/dist/favicon.ico?v=1775433284510">
    <link href="/web/dist/css/chunk-vendors.css?v=1775433284510" rel="preload" as="style">
    <link href="/web/dist/css/app.css?v=1775433284510" rel="preload" as="style">
    <link href="/web/dist/js/chunk-vendors.js?v=1775433284510" rel="preload" as="script">
    <link href="/web/dist/js/app.js?v=1775433284510" rel="preload" as="script">
      <link href="/web/dist/css/chunk-vendors.css?v=1775433284510" rel="stylesheet"/>
    <link href="/web/dist/css/app.css?v=1775433284510" rel="stylesheet"/>
</head>
<body>
  <style>
    :root {
            --oxd-primary-one-color:#FF7B1D;
            --oxd-primary-font-color:#FFFFFF;
            --oxd-secondary-four-color:#76BC21;
            --oxd-secondary-font-color:#FFFFFF;
            --oxd-primary-gradient-start-color:#FF920B;
            --oxd-primary-gradient-end-color:#F35C17;
            --oxd-secondary-gradient-start-color:#FF920B;
            --oxd-secondary-gradient-end-color:#F35C17;
            --oxd-primary-one-lighten-5-color:#ff8a37;
            --oxd-primary-one-lighten-30-color:#ffd4b6;
            --oxd-primary-one-darken-5-color:#ff6c03;
            --oxd-primary-one-alpha-10-color:rgba(255, 123, 29, 0.1);
            --oxd-primary-one-alpha-15-color:rgba(255, 123, 29, 0.15);
            --oxd-primary-one-alpha-20-color:rgba(255, 123, 29, 0.2);
            --oxd-primary-one-alpha-50-color:rgba(255, 123, 29, 0.5);
            --oxd-secondary-four-lighten-5-color:#84d225;
            --oxd-secondary-four-darken-5-color:#68a61d;
            --oxd-secondary-four-alpha-10-color:rgba(118, 188, 33, 0.1);
            --oxd-secondary-four-alpha-15-color:rgba(118, 188, 33, 0.15);
            --oxd-secondary-four-alpha-20-color:rgba(118, 188, 33, 0.2);
            --oxd-secondary-four-alpha-50-color:rgba(118, 188, 33, 0.5);
        }
  </style>
    <noscript>
        <strong>
            We're sorry but orangehrm doesn't work properly without JavaScript enabled. Please enable it to continue.
        </strong>
    </noscript>

    <div id="app">
    <auth-login
            :error="{&quot;error&quot;:&quot;invalid_csrf_token&quot;,&quot;message&quot;:&quot;CSRF token validation failed&quot;}"
            :token="&quot;5.oMpMHbcySdv3Ju9bKgomfoz4MUxz8rlQjgm94GqBxH4.1vgKfvh0IeKdVrBjQXhpTfbJBXoct8k7vEfrsAiwlE_KvDRK2kInqcZXjA&quot;"
            :login-logo-src="&quot;\/web\/images\/ohrm_logo.png&quot;"
            :login-banner-src="&quot;\/web\/images\/ohrm_branding.png?v=1775433284510&quot;"
            :show-social-media="true"
            :is-demo-mode="false"
            :authenticators="[]"
        >
    <template v-slot:footer>
        <div class="orangehrm-copyright-wrapper">
            <oxd-text tag="p" class="orangehrm-copyright">OrangeHRM OS 5.8.1</oxd-text>
<oxd-text tag="p" class="orangehrm-copyright">&copy; 2005 - 2026 <a href="http://www.orangehrm.com" target="_blank">OrangeHRM, Inc</a>. All rights reserved.</oxd-text>
        </div>
    </template>
    </auth-login>
    </div>
    <script type="text/javascript">
        window.appGlobal = {
          baseUrl: "/web/index.php",
          publicPath: "/web",
        };
    </script>
    <script src="/web/dist/js/chunk-vendors.js?v=1775433284510"></script>
    <script src="/web/dist/js/app.js?v=1775433284510"></script>
</body>
</html>

2026-06-01 14:57:54,140 - baseAutoHttp.py - INFO - 【01登录页面接口信息:login_api】接口调用结束

2026-06-01 14:57:54,142 - web_login_page.py - INFO - 【跨会话使用Token】断言成功
2026-06-01 14:57:54,144 - baseAutoHttp.py - INFO - 接口会话已关闭
2026-06-01 14:57:54,146 - test_web_ohrm.py - INFO - 【携带过期CSRF令牌】用例执行成功
2026-06-01 14:57:54,152 - baseUtils.py - INFO - 配置文件读取成功：E:\develop\PythonProject\OrangeHRM\Config\配置文件.ini
2026-06-01 14:57:54,153 - baseAutoHttp.py - INFO - 【01登录页面接口信息:login_api】接口调用开始
2026-06-01 14:57:54,156 - baseData.py - INFO - 动态参数替换成功：{'_token': '!&GUmspsq1KPUsfEt!TB', 'username': 'admin', 'password': 'Keepmoving624.'}
2026-06-01 14:57:54,158 - baseAutoHttp.py - INFO - 请求方式: POST
2026-06-01 14:57:54,160 - baseAutoHttp.py - INFO - 请求地址: http://127.0.0.1:8080/web/index.php/auth/validate
2026-06-01 14:57:54,162 - baseAutoHttp.py - INFO - 请求头: {'User-Agent': 'Mozilla/5.0 (Windows NT 10.0; Win64; x64) AppleWebKit/537.36 (KHTML, like Gecko) Chrome/148.0.0.0 Safari/537.36', 'Content-Type': 'application/x-www-form-urlencoded'}
2026-06-01 14:57:54,164 - baseAutoHttp.py - INFO - 请求参数: params=None | data={'_token': '!&GUmspsq1KPUsfEt!TB', 'username': 'admin', 'password': 'Keepmoving624.'} | json=None
2026-06-01 14:57:54,293 - baseAutoHttp.py - INFO - 响应状态码: 200
2026-06-01 14:57:54,296 - baseAutoHttp.py - INFO - 响应耗时: 0.068214s
2026-06-01 14:57:54,301 - baseAutoHttp.py - INFO - 响应文本: <!DOCTYPE html>
<html>
<head>
  <meta charset="UTF-8">
  <meta http-equiv="X-UA-Compatible" content="IE=edge">
  <meta name="viewport" content="width=device-width,initial-scale=1">
  <title>OrangeHRM</title>
      <link rel="icon" href="/web/dist/favicon.ico?v=1775433284510">
    <link href="/web/dist/css/chunk-vendors.css?v=1775433284510" rel="preload" as="style">
    <link href="/web/dist/css/app.css?v=1775433284510" rel="preload" as="style">
    <link href="/web/dist/js/chunk-vendors.js?v=1775433284510" rel="preload" as="script">
    <link href="/web/dist/js/app.js?v=1775433284510" rel="preload" as="script">
      <link href="/web/dist/css/chunk-vendors.css?v=1775433284510" rel="stylesheet"/>
    <link href="/web/dist/css/app.css?v=1775433284510" rel="stylesheet"/>
</head>
<body>
  <style>
    :root {
            --oxd-primary-one-color:#FF7B1D;
            --oxd-primary-font-color:#FFFFFF;
            --oxd-secondary-four-color:#76BC21;
            --oxd-secondary-font-color:#FFFFFF;
            --oxd-primary-gradient-start-color:#FF920B;
            --oxd-primary-gradient-end-color:#F35C17;
            --oxd-secondary-gradient-start-color:#FF920B;
            --oxd-secondary-gradient-end-color:#F35C17;
            --oxd-primary-one-lighten-5-color:#ff8a37;
            --oxd-primary-one-lighten-30-color:#ffd4b6;
            --oxd-primary-one-darken-5-color:#ff6c03;
            --oxd-primary-one-alpha-10-color:rgba(255, 123, 29, 0.1);
            --oxd-primary-one-alpha-15-color:rgba(255, 123, 29, 0.15);
            --oxd-primary-one-alpha-20-color:rgba(255, 123, 29, 0.2);
            --oxd-primary-one-alpha-50-color:rgba(255, 123, 29, 0.5);
            --oxd-secondary-four-lighten-5-color:#84d225;
            --oxd-secondary-four-darken-5-color:#68a61d;
            --oxd-secondary-four-alpha-10-color:rgba(118, 188, 33, 0.1);
            --oxd-secondary-four-alpha-15-color:rgba(118, 188, 33, 0.15);
            --oxd-secondary-four-alpha-20-color:rgba(118, 188, 33, 0.2);
            --oxd-secondary-four-alpha-50-color:rgba(118, 188, 33, 0.5);
        }
  </style>
    <noscript>
        <strong>
            We're sorry but orangehrm doesn't work properly without JavaScript enabled. Please enable it to continue.
        </strong>
    </noscript>

    <div id="app">
    <auth-login
            :error="{&quot;error&quot;:&quot;invalid_csrf_token&quot;,&quot;message&quot;:&quot;CSRF token validation failed&quot;}"
            :token="&quot;085cc.RF7qewLW4bzSpxSsgajO-SfwZgdXGW_wlknGhAO_-4c.cSffGXqvq9uN1yHd6Ou8v1bIH18Fdl2p5yS-zWrppMYPDKE2ZLOX7-P2XQ&quot;"
            :login-logo-src="&quot;\/web\/images\/ohrm_logo.png&quot;"
            :login-banner-src="&quot;\/web\/images\/ohrm_branding.png?v=1775433284510&quot;"
            :show-social-media="true"
            :is-demo-mode="false"
            :authenticators="[]"
        >
    <template v-slot:footer>
        <div class="orangehrm-copyright-wrapper">
            <oxd-text tag="p" class="orangehrm-copyright">OrangeHRM OS 5.8.1</oxd-text>
<oxd-text tag="p" class="orangehrm-copyright">&copy; 2005 - 2026 <a href="http://www.orangehrm.com" target="_blank">OrangeHRM, Inc</a>. All rights reserved.</oxd-text>
        </div>
    </template>
    </auth-login>
    </div>
    <script type="text/javascript">
        window.appGlobal = {
          baseUrl: "/web/index.php",
          publicPath: "/web",
        };
    </script>
    <script src="/web/dist/js/chunk-vendors.js?v=1775433284510"></script>
    <script src="/web/dist/js/app.js?v=1775433284510"></script>
</body>
</html>

2026-06-01 14:57:54,303 - baseAutoHttp.py - INFO - 【01登录页面接口信息:login_api】接口调用结束

2026-06-01 14:57:54,305 - web_login_page.py - INFO - 【携带错误格式Token】断言成功
2026-06-01 14:57:54,307 - baseAutoHttp.py - INFO - 接口会话已关闭
2026-06-01 14:57:54,309 - test_web_ohrm.py - INFO - 【携带错误格式Token】用例执行成功
2026-06-01 14:57:54,315 - baseUtils.py - INFO - 配置文件读取成功：E:\develop\PythonProject\OrangeHRM\Config\配置文件.ini
2026-06-01 14:57:54,363 - baseAutoHttp.py - INFO - 【01登录页面接口信息:login_api】接口调用开始
2026-06-01 14:57:54,367 - baseData.py - INFO - 动态参数替换成功：{'_token': '6425e0efd95c39a73a390cf7.d8D4kmsIVcjSqlYjXOIapWn1t8jjBtYlLT0rpaDFnHg.NpKOp19GL4njk2RoCK1d4Tqe35yAU4NfdHFg4uqDsQk8t72_JVoCg-PnIQ', 'username': 'wrong', 'password': 'wrong'}
2026-06-01 14:57:54,370 - baseAutoHttp.py - INFO - 请求方式: POST
2026-06-01 14:57:54,372 - baseAutoHttp.py - INFO - 请求地址: http://127.0.0.1:8080/web/index.php/auth/validate
2026-06-01 14:57:54,375 - baseAutoHttp.py - INFO - 请求头: {'User-Agent': 'Mozilla/5.0 (Windows NT 10.0; Win64; x64) AppleWebKit/537.36 (KHTML, like Gecko) Chrome/148.0.0.0 Safari/537.36', 'Content-Type': 'application/x-www-form-urlencoded'}
2026-06-01 14:57:54,377 - baseAutoHttp.py - INFO - 请求参数: params=None | data={'_token': '6425e0efd95c39a73a390cf7.d8D4kmsIVcjSqlYjXOIapWn1t8jjBtYlLT0rpaDFnHg.NpKOp19GL4njk2RoCK1d4Tqe35yAU4NfdHFg4uqDsQk8t72_JVoCg-PnIQ', 'username': 'wrong', 'password': 'wrong'} | json=None
2026-06-01 14:57:54,472 - baseAutoHttp.py - INFO - 响应状态码: 200
2026-06-01 14:57:54,475 - baseAutoHttp.py - INFO - 响应耗时: 0.048572s
2026-06-01 14:57:54,477 - baseAutoHttp.py - INFO - 响应文本: <!DOCTYPE html>
<html>
<head>
  <meta charset="UTF-8">
  <meta http-equiv="X-UA-Compatible" content="IE=edge">
  <meta name="viewport" content="width=device-width,initial-scale=1">
  <title>OrangeHRM</title>
      <link rel="icon" href="/web/dist/favicon.ico?v=1775433284510">
    <link href="/web/dist/css/chunk-vendors.css?v=1775433284510" rel="preload" as="style">
    <link href="/web/dist/css/app.css?v=1775433284510" rel="preload" as="style">
    <link href="/web/dist/js/chunk-vendors.js?v=1775433284510" rel="preload" as="script">
    <link href="/web/dist/js/app.js?v=1775433284510" rel="preload" as="script">
      <link href="/web/dist/css/chunk-vendors.css?v=1775433284510" rel="stylesheet"/>
    <link href="/web/dist/css/app.css?v=1775433284510" rel="stylesheet"/>
</head>
<body>
  <style>
    :root {
            --oxd-primary-one-color:#FF7B1D;
            --oxd-primary-font-color:#FFFFFF;
            --oxd-secondary-four-color:#76BC21;
            --oxd-secondary-font-color:#FFFFFF;
            --oxd-primary-gradient-start-color:#FF920B;
            --oxd-primary-gradient-end-color:#F35C17;
            --oxd-secondary-gradient-start-color:#FF920B;
            --oxd-secondary-gradient-end-color:#F35C17;
            --oxd-primary-one-lighten-5-color:#ff8a37;
            --oxd-primary-one-lighten-30-color:#ffd4b6;
            --oxd-primary-one-darken-5-color:#ff6c03;
            --oxd-primary-one-alpha-10-color:rgba(255, 123, 29, 0.1);
            --oxd-primary-one-alpha-15-color:rgba(255, 123, 29, 0.15);
            --oxd-primary-one-alpha-20-color:rgba(255, 123, 29, 0.2);
            --oxd-primary-one-alpha-50-color:rgba(255, 123, 29, 0.5);
            --oxd-secondary-four-lighten-5-color:#84d225;
            --oxd-secondary-four-darken-5-color:#68a61d;
            --oxd-secondary-four-alpha-10-color:rgba(118, 188, 33, 0.1);
            --oxd-secondary-four-alpha-15-color:rgba(118, 188, 33, 0.15);
            --oxd-secondary-four-alpha-20-color:rgba(118, 188, 33, 0.2);
            --oxd-secondary-four-alpha-50-color:rgba(118, 188, 33, 0.5);
        }
  </style>
    <noscript>
        <strong>
            We're sorry but orangehrm doesn't work properly without JavaScript enabled. Please enable it to continue.
        </strong>
    </noscript>

    <div id="app">
    <auth-login
            :error="{&quot;error&quot;:&quot;invalid_credentials&quot;,&quot;message&quot;:&quot;Invalid credentials&quot;}"
            :token="&quot;7f9eaa884.SGnjhn-Wk9WXUj-A0EKdKL6PwVM-H1fxrRBTCNJuzYo.CTuVs0vY6ZSmaw3LhA3abO3kqQddSgKL9FwYT5go4PsDHqarMcTEnqYfSA&quot;"
            :login-logo-src="&quot;\/web\/images\/ohrm_logo.png&quot;"
            :login-banner-src="&quot;\/web\/images\/ohrm_branding.png?v=1775433284510&quot;"
            :show-social-media="true"
            :is-demo-mode="false"
            :authenticators="[]"
        >
    <template v-slot:footer>
        <div class="orangehrm-copyright-wrapper">
            <oxd-text tag="p" class="orangehrm-copyright">OrangeHRM OS 5.8.1</oxd-text>
<oxd-text tag="p" class="orangehrm-copyright">&copy; 2005 - 2026 <a href="http://www.orangehrm.com" target="_blank">OrangeHRM, Inc</a>. All rights reserved.</oxd-text>
        </div>
    </template>
    </auth-login>
    </div>
    <script type="text/javascript">
        window.appGlobal = {
          baseUrl: "/web/index.php",
          publicPath: "/web",
        };
    </script>
    <script src="/web/dist/js/chunk-vendors.js?v=1775433284510"></script>
    <script src="/web/dist/js/app.js?v=1775433284510"></script>
</body>
</html>

2026-06-01 14:57:54,479 - baseAutoHttp.py - INFO - 【01登录页面接口信息:login_api】接口调用结束

2026-06-01 14:57:54,482 - web_login_page.py - INFO - 【wrong/wrong】断言成功
2026-06-01 14:57:54,485 - baseAutoHttp.py - INFO - 接口会话已关闭
2026-06-01 14:57:54,487 - test_web_ohrm.py - INFO - 【错误用户名/密码】用例执行成功
2026-06-01 14:57:54,494 - baseUtils.py - INFO - 配置文件读取成功：E:\develop\PythonProject\OrangeHRM\Config\配置文件.ini
2026-06-01 14:57:54,544 - baseAutoHttp.py - INFO - 【01登录页面接口信息:login_api】接口调用开始
2026-06-01 14:57:54,548 - baseData.py - INFO - 动态参数替换成功：{'_token': '157a33.xc_4nzi_kbhJRs1Cm3zzFMflzQC85aH8QbtY860rWaQ.tfme8E3Z-cgmd5x00heAV62siDT_hpGMJuNslc9RH96WmJL8XIvi8Rs-lA', 'username': '', 'password': 'Keepmoving624.'}
2026-06-01 14:57:54,551 - baseAutoHttp.py - INFO - 请求方式: POST
2026-06-01 14:57:54,553 - baseAutoHttp.py - INFO - 请求地址: http://127.0.0.1:8080/web/index.php/auth/validate
2026-06-01 14:57:54,555 - baseAutoHttp.py - INFO - 请求头: {'User-Agent': 'Mozilla/5.0 (Windows NT 10.0; Win64; x64) AppleWebKit/537.36 (KHTML, like Gecko) Chrome/148.0.0.0 Safari/537.36', 'Content-Type': 'application/x-www-form-urlencoded'}
2026-06-01 14:57:54,557 - baseAutoHttp.py - INFO - 请求参数: params=None | data={'_token': '157a33.xc_4nzi_kbhJRs1Cm3zzFMflzQC85aH8QbtY860rWaQ.tfme8E3Z-cgmd5x00heAV62siDT_hpGMJuNslc9RH96WmJL8XIvi8Rs-lA', 'username': '', 'password': 'Keepmoving624.'} | json=None
2026-06-01 14:57:54,684 - baseAutoHttp.py - INFO - 响应状态码: 200
2026-06-01 14:57:54,687 - baseAutoHttp.py - INFO - 响应耗时: 0.070005s
2026-06-01 14:57:54,689 - baseAutoHttp.py - INFO - 响应文本: <!DOCTYPE html>
<html>
<head>
  <meta charset="UTF-8">
  <meta http-equiv="X-UA-Compatible" content="IE=edge">
  <meta name="viewport" content="width=device-width,initial-scale=1">
  <title>OrangeHRM</title>
      <link rel="icon" href="/web/dist/favicon.ico?v=1775433284510">
    <link href="/web/dist/css/chunk-vendors.css?v=1775433284510" rel="preload" as="style">
    <link href="/web/dist/css/app.css?v=1775433284510" rel="preload" as="style">
    <link href="/web/dist/js/chunk-vendors.js?v=1775433284510" rel="preload" as="script">
    <link href="/web/dist/js/app.js?v=1775433284510" rel="preload" as="script">
      <link href="/web/dist/css/chunk-vendors.css?v=1775433284510" rel="stylesheet"/>
    <link href="/web/dist/css/app.css?v=1775433284510" rel="stylesheet"/>
</head>
<body>
  <style>
    :root {
            --oxd-primary-one-color:#FF7B1D;
            --oxd-primary-font-color:#FFFFFF;
            --oxd-secondary-four-color:#76BC21;
            --oxd-secondary-font-color:#FFFFFF;
            --oxd-primary-gradient-start-color:#FF920B;
            --oxd-primary-gradient-end-color:#F35C17;
            --oxd-secondary-gradient-start-color:#FF920B;
            --oxd-secondary-gradient-end-color:#F35C17;
            --oxd-primary-one-lighten-5-color:#ff8a37;
            --oxd-primary-one-lighten-30-color:#ffd4b6;
            --oxd-primary-one-darken-5-color:#ff6c03;
            --oxd-primary-one-alpha-10-color:rgba(255, 123, 29, 0.1);
            --oxd-primary-one-alpha-15-color:rgba(255, 123, 29, 0.15);
            --oxd-primary-one-alpha-20-color:rgba(255, 123, 29, 0.2);
            --oxd-primary-one-alpha-50-color:rgba(255, 123, 29, 0.5);
            --oxd-secondary-four-lighten-5-color:#84d225;
            --oxd-secondary-four-darken-5-color:#68a61d;
            --oxd-secondary-four-alpha-10-color:rgba(118, 188, 33, 0.1);
            --oxd-secondary-four-alpha-15-color:rgba(118, 188, 33, 0.15);
            --oxd-secondary-four-alpha-20-color:rgba(118, 188, 33, 0.2);
            --oxd-secondary-four-alpha-50-color:rgba(118, 188, 33, 0.5);
        }
  </style>
    <noscript>
        <strong>
            We're sorry but orangehrm doesn't work properly without JavaScript enabled. Please enable it to continue.
        </strong>
    </noscript>

    <div id="app">
    <auth-login
            :error="{&quot;error&quot;:&quot;invalid_credentials&quot;,&quot;message&quot;:&quot;Invalid credentials&quot;}"
            :token="&quot;89e861a74dc68d6359c1707258511a76.3zQ-QE28w6A8HuyBp3xwe5xrmz2KwUWc4ZOS-3IBesA.rwJYLzjaq9BTL7237hcDOPYi3gnJonXshsumnRB7PLqMY1QjKYiw6W5mtQ&quot;"
            :login-logo-src="&quot;\/web\/images\/ohrm_logo.png&quot;"
            :login-banner-src="&quot;\/web\/images\/ohrm_branding.png?v=1775433284510&quot;"
            :show-social-media="true"
            :is-demo-mode="false"
            :authenticators="[]"
        >
    <template v-slot:footer>
        <div class="orangehrm-copyright-wrapper">
            <oxd-text tag="p" class="orangehrm-copyright">OrangeHRM OS 5.8.1</oxd-text>
<oxd-text tag="p" class="orangehrm-copyright">&copy; 2005 - 2026 <a href="http://www.orangehrm.com" target="_blank">OrangeHRM, Inc</a>. All rights reserved.</oxd-text>
        </div>
    </template>
    </auth-login>
    </div>
    <script type="text/javascript">
        window.appGlobal = {
          baseUrl: "/web/index.php",
          publicPath: "/web",
        };
    </script>
    <script src="/web/dist/js/chunk-vendors.js?v=1775433284510"></script>
    <script src="/web/dist/js/app.js?v=1775433284510"></script>
</body>
</html>

2026-06-01 14:57:54,691 - baseAutoHttp.py - INFO - 【01登录页面接口信息:login_api】接口调用结束

2026-06-01 14:57:54,693 - web_login_page.py - INFO - 【空用户名/Keepmoving624.】断言成功
2026-06-01 14:57:54,695 - baseAutoHttp.py - INFO - 接口会话已关闭
2026-06-01 14:57:54,697 - test_web_ohrm.py - INFO - 【用户名为空】用例执行成功
2026-06-01 14:57:54,705 - baseUtils.py - INFO - 配置文件读取成功：E:\develop\PythonProject\OrangeHRM\Config\配置文件.ini
2026-06-01 14:57:54,750 - baseAutoHttp.py - INFO - 【01登录页面接口信息:login_api】接口调用开始
2026-06-01 14:57:54,753 - baseData.py - INFO - 动态参数替换成功：{'_token': '5e4d5e4237f7.6yAiwHX1xMAsqh0AHj-5gu-lLniOM6HOhbylgcEKlKU.iFBWiziat4N88FVGclfTsYPdVhLpUM746vXrx6054PCNFmyqAZCduFvdbg', 'username': 'admin', 'password': ''}
2026-06-01 14:57:54,755 - baseAutoHttp.py - INFO - 请求方式: POST
2026-06-01 14:57:54,757 - baseAutoHttp.py - INFO - 请求地址: http://127.0.0.1:8080/web/index.php/auth/validate
2026-06-01 14:57:54,759 - baseAutoHttp.py - INFO - 请求头: {'User-Agent': 'Mozilla/5.0 (Windows NT 10.0; Win64; x64) AppleWebKit/537.36 (KHTML, like Gecko) Chrome/148.0.0.0 Safari/537.36', 'Content-Type': 'application/x-www-form-urlencoded'}
2026-06-01 14:57:54,761 - baseAutoHttp.py - INFO - 请求参数: params=None | data={'_token': '5e4d5e4237f7.6yAiwHX1xMAsqh0AHj-5gu-lLniOM6HOhbylgcEKlKU.iFBWiziat4N88FVGclfTsYPdVhLpUM746vXrx6054PCNFmyqAZCduFvdbg', 'username': 'admin', 'password': ''} | json=None
2026-06-01 14:57:55,045 - baseAutoHttp.py - INFO - 响应状态码: 200
2026-06-01 14:57:55,048 - baseAutoHttp.py - INFO - 响应耗时: 0.045504s
2026-06-01 14:57:55,050 - baseAutoHttp.py - INFO - 响应文本: <!DOCTYPE html>
<html>
<head>
  <meta charset="UTF-8">
  <meta http-equiv="X-UA-Compatible" content="IE=edge">
  <meta name="viewport" content="width=device-width,initial-scale=1">
  <title>OrangeHRM</title>
      <link rel="icon" href="/web/dist/favicon.ico?v=1775433284510">
    <link href="/web/dist/css/chunk-vendors.css?v=1775433284510" rel="preload" as="style">
    <link href="/web/dist/css/app.css?v=1775433284510" rel="preload" as="style">
    <link href="/web/dist/js/chunk-vendors.js?v=1775433284510" rel="preload" as="script">
    <link href="/web/dist/js/app.js?v=1775433284510" rel="preload" as="script">
      <link href="/web/dist/css/chunk-vendors.css?v=1775433284510" rel="stylesheet"/>
    <link href="/web/dist/css/app.css?v=1775433284510" rel="stylesheet"/>
</head>
<body>
  <style>
    :root {
            --oxd-primary-one-color:#FF7B1D;
            --oxd-primary-font-color:#FFFFFF;
            --oxd-secondary-four-color:#76BC21;
            --oxd-secondary-font-color:#FFFFFF;
            --oxd-primary-gradient-start-color:#FF920B;
            --oxd-primary-gradient-end-color:#F35C17;
            --oxd-secondary-gradient-start-color:#FF920B;
            --oxd-secondary-gradient-end-color:#F35C17;
            --oxd-primary-one-lighten-5-color:#ff8a37;
            --oxd-primary-one-lighten-30-color:#ffd4b6;
            --oxd-primary-one-darken-5-color:#ff6c03;
            --oxd-primary-one-alpha-10-color:rgba(255, 123, 29, 0.1);
            --oxd-primary-one-alpha-15-color:rgba(255, 123, 29, 0.15);
            --oxd-primary-one-alpha-20-color:rgba(255, 123, 29, 0.2);
            --oxd-primary-one-alpha-50-color:rgba(255, 123, 29, 0.5);
            --oxd-secondary-four-lighten-5-color:#84d225;
            --oxd-secondary-four-darken-5-color:#68a61d;
            --oxd-secondary-four-alpha-10-color:rgba(118, 188, 33, 0.1);
            --oxd-secondary-four-alpha-15-color:rgba(118, 188, 33, 0.15);
            --oxd-secondary-four-alpha-20-color:rgba(118, 188, 33, 0.2);
            --oxd-secondary-four-alpha-50-color:rgba(118, 188, 33, 0.5);
        }
  </style>
    <noscript>
        <strong>
            We're sorry but orangehrm doesn't work properly without JavaScript enabled. Please enable it to continue.
        </strong>
    </noscript>

    <div id="app">
    <auth-login
            :error="{&quot;error&quot;:&quot;invalid_credentials&quot;,&quot;message&quot;:&quot;Invalid credentials&quot;}"
            :token="&quot;8ec5d7c095c2acf28728e4388281c.vH7wZjUzWg8Sb2D9RT4Y9MSnNcG8L1NcgWTmzHbXkZY.3w6ELXhcKUxCNSi7KVZyx6jfTavbTDxq7i2oihrk5cPaSL4MQVYDd2UYEw&quot;"
            :login-logo-src="&quot;\/web\/images\/ohrm_logo.png&quot;"
            :login-banner-src="&quot;\/web\/images\/ohrm_branding.png?v=1775433284510&quot;"
            :show-social-media="true"
            :is-demo-mode="false"
            :authenticators="[]"
        >
    <template v-slot:footer>
        <div class="orangehrm-copyright-wrapper">
            <oxd-text tag="p" class="orangehrm-copyright">OrangeHRM OS 5.8.1</oxd-text>
<oxd-text tag="p" class="orangehrm-copyright">&copy; 2005 - 2026 <a href="http://www.orangehrm.com" target="_blank">OrangeHRM, Inc</a>. All rights reserved.</oxd-text>
        </div>
    </template>
    </auth-login>
    </div>
    <script type="text/javascript">
        window.appGlobal = {
          baseUrl: "/web/index.php",
          publicPath: "/web",
        };
    </script>
    <script src="/web/dist/js/chunk-vendors.js?v=1775433284510"></script>
    <script src="/web/dist/js/app.js?v=1775433284510"></script>
</body>
</html>

2026-06-01 14:57:55,053 - baseAutoHttp.py - INFO - 【01登录页面接口信息:login_api】接口调用结束

2026-06-01 14:57:55,055 - web_login_page.py - INFO - 【admin/空密码】断言成功
2026-06-01 14:57:55,057 - baseAutoHttp.py - INFO - 接口会话已关闭
2026-06-01 14:57:55,059 - test_web_ohrm.py - INFO - 【密码为空】用例执行成功
2026-06-01 14:57:55,458 - baseDB.py - INFO - ✅ MySQL 数据库连接成功
2026-06-01 14:57:55,462 - conftest - INFO - ✅ conftest: 获取数据库连接（MysqlHelp）
2026-06-01 14:57:55,466 - baseUtils.py - INFO - 配置文件读取成功：E:\develop\PythonProject\OrangeHRM\Config\配置文件.ini
2026-06-01 14:57:55,582 - baseUtils.py - INFO - 配置文件读取成功：E:\develop\PythonProject\OrangeHRM\Config\配置文件.ini
2026-06-01 14:57:55,635 - baseUtils.py - INFO - 配置文件读取成功：E:\develop\PythonProject\OrangeHRM\Config\配置文件.ini
2026-06-01 14:57:55,692 - baseUtils.py - INFO - 配置文件读取成功：E:\develop\PythonProject\OrangeHRM\Config\配置文件.ini
2026-06-01 14:57:55,764 - baseAutoHttp.py - INFO - 【03查询员工页面:select_employee】接口调用开始
2026-06-01 14:57:55,769 - baseAutoHttp.py - INFO - 请求方式: GET
2026-06-01 14:57:55,771 - baseAutoHttp.py - INFO - 请求地址: http://127.0.0.1:8080/web/index.php/api/v2/pim/employees
2026-06-01 14:57:55,773 - baseAutoHttp.py - INFO - 请求头: {'User-Agent': 'Mozilla/5.0 (Windows NT 10.0; Win64; x64) AppleWebKit/537.36 (KHTML, like Gecko) Chrome/148.0.0.0 Safari/537.36'}
2026-06-01 14:57:55,775 - baseAutoHttp.py - INFO - 请求参数: params={'limit': '50', 'offset': '0', 'model': 'detailed', 'includeEmployees': 'onlyCurrent', 'sortField': 'employee.firstName', 'sortOrder': 'ASC'} | data=None | json=None
2026-06-01 14:57:55,857 - baseAutoHttp.py - INFO - 响应状态码: 200
2026-06-01 14:57:55,860 - baseAutoHttp.py - INFO - 响应耗时: 0.078746s
2026-06-01 14:57:55,862 - baseAutoHttp.py - INFO - 响应JSON: {'data': [{'empNumber': 2, 'lastName': 'oo', 'firstName': 'hh', 'middleName': '', 'employeeId': '0002', 'terminationId': None, 'jobTitle': {'id': None, 'title': None, 'isDeleted': None}, 'subunit': {'id': None, 'name': None}, 'empStatus': {'id': None, 'name': None}, 'supervisors': []}, {'empNumber': 5, 'lastName': 'Doe', 'firstName': 'John', 'middleName': '', 'employeeId': '1001', 'terminationId': None, 'jobTitle': {'id': None, 'title': None, 'isDeleted': None}, 'subunit': {'id': None, 'name': None}, 'empStatus': {'id': None, 'name': None}, 'supervisors': []}, {'empNumber': 6, 'lastName': 'pp', 'firstName': 'kk', 'middleName': '', 'employeeId': '1002', 'terminationId': None, 'jobTitle': {'id': None, 'title': None, 'isDeleted': None}, 'subunit': {'id': None, 'name': None}, 'empStatus': {'id': None, 'name': None}, 'supervisors': []}, {'empNumber': 14, 'lastName': 'll', 'firstName': 'kk', 'middleName': '', 'employeeId': '0014', 'terminationId': None, 'jobTitle': {'id': None, 'title': None, 'isDeleted': None}, 'subunit': {'id': None, 'name': None}, 'empStatus': {'id': None, 'name': None}, 'supervisors': []}, {'empNumber': 16, 'lastName': 'pp', 'firstName': 'ww', 'middleName': '', 'employeeId': '0016', 'terminationId': None, 'jobTitle': {'id': None, 'title': None, 'isDeleted': None}, 'subunit': {'id': None, 'name': None}, 'empStatus': {'id': None, 'name': None}, 'supervisors': []}, {'empNumber': 17, 'lastName': 'ss', 'firstName': 'zz', 'middleName': '', 'employeeId': '1009', 'terminationId': None, 'jobTitle': {'id': None, 'title': None, 'isDeleted': None}, 'subunit': {'id': None, 'name': None}, 'empStatus': {'id': None, 'name': None}, 'supervisors': []}, {'empNumber': 1, 'lastName': '安', 'firstName': '谢', 'middleName': '', 'employeeId': '0001', 'terminationId': None, 'jobTitle': {'id': None, 'title': None, 'isDeleted': None}, 'subunit': {'id': None, 'name': None}, 'empStatus': {'id': None, 'name': None}, 'supervisors': []}], 'meta': {'total': 7}, 'rels': []}
2026-06-01 14:57:55,864 - baseAutoHttp.py - INFO - 【03查询员工页面:select_employee】接口调用结束

2026-06-01 14:57:55,866 - test_web_ohrm.py - INFO - ☑️ 查询员工列表成功，返回 7 条
2026-06-01 14:57:55,872 - baseUtils.py - INFO - 配置文件读取成功：E:\develop\PythonProject\OrangeHRM\Config\配置文件.ini
2026-06-01 14:57:55,872 - baseAutoHttp.py - INFO - 【03查询员工页面:select_query】接口调用开始
2026-06-01 14:57:55,876 - baseData.py - INFO - 动态参数替换成功：{'employeeId': '1001'}
2026-06-01 14:57:55,879 - baseAutoHttp.py - INFO - 请求方式: GET
2026-06-01 14:57:55,881 - baseAutoHttp.py - INFO - 请求地址: http://127.0.0.1:8080/web/index.php/api/v2/pim/employees
2026-06-01 14:57:55,883 - baseAutoHttp.py - INFO - 请求头: {'User-Agent': 'Mozilla/5.0 (Windows NT 10.0; Win64; x64) AppleWebKit/537.36 (KHTML, like Gecko) Chrome/148.0.0.0 Safari/537.36', 'Referer': 'http://127.0.0.1:8080/web/index.php/pim/viewEmployeeList'}
2026-06-01 14:57:55,885 - baseAutoHttp.py - INFO - 请求参数: params={'limit': '50', 'offset': '0', 'model': 'detailed', 'employeeId': '1001', 'includeEmployees': 'onlyCurrent', 'sortField': 'employee.firstName', 'sortOrder': 'ASC'} | data=None | json=None
2026-06-01 14:57:55,956 - baseAutoHttp.py - INFO - 响应状态码: 200
2026-06-01 14:57:55,959 - baseAutoHttp.py - INFO - 响应耗时: 0.068164s
2026-06-01 14:57:55,961 - baseAutoHttp.py - INFO - 响应JSON: {'data': [{'empNumber': 5, 'lastName': 'Doe', 'firstName': 'John', 'middleName': '', 'employeeId': '1001', 'terminationId': None, 'jobTitle': {'id': None, 'title': None, 'isDeleted': None}, 'subunit': {'id': None, 'name': None}, 'empStatus': {'id': None, 'name': None}, 'supervisors': []}], 'meta': {'total': 1}, 'rels': []}
2026-06-01 14:57:55,963 - baseAutoHttp.py - INFO - 【03查询员工页面:select_query】接口调用结束

2026-06-01 14:57:55,965 - test_web_ohrm.py - INFO - ☑️【指定查询用例】执行完毕
2026-06-01 14:57:55,971 - baseUtils.py - INFO - 配置文件读取成功：E:\develop\PythonProject\OrangeHRM\Config\配置文件.ini
2026-06-01 14:57:55,972 - baseAutoHttp.py - INFO - 【03查询员工页面:select_query】接口调用开始
2026-06-01 14:57:55,976 - baseData.py - INFO - 动态参数替换成功：{'employeeId': '9999'}
2026-06-01 14:57:55,978 - baseAutoHttp.py - INFO - 请求方式: GET
2026-06-01 14:57:55,980 - baseAutoHttp.py - INFO - 请求地址: http://127.0.0.1:8080/web/index.php/api/v2/pim/employees
2026-06-01 14:57:55,983 - baseAutoHttp.py - INFO - 请求头: {'User-Agent': 'Mozilla/5.0 (Windows NT 10.0; Win64; x64) AppleWebKit/537.36 (KHTML, like Gecko) Chrome/148.0.0.0 Safari/537.36', 'Referer': 'http://127.0.0.1:8080/web/index.php/pim/viewEmployeeList'}
2026-06-01 14:57:55,985 - baseAutoHttp.py - INFO - 请求参数: params={'limit': '50', 'offset': '0', 'model': 'detailed', 'employeeId': '9999', 'includeEmployees': 'onlyCurrent', 'sortField': 'employee.firstName', 'sortOrder': 'ASC'} | data=None | json=None
2026-06-01 14:57:56,056 - baseAutoHttp.py - INFO - 响应状态码: 200
2026-06-01 14:57:56,059 - baseAutoHttp.py - INFO - 响应耗时: 0.068891s
2026-06-01 14:57:56,061 - baseAutoHttp.py - INFO - 响应JSON: {'data': [], 'meta': {'total': 0}, 'rels': []}
2026-06-01 14:57:56,063 - baseAutoHttp.py - INFO - 【03查询员工页面:select_query】接口调用结束

2026-06-01 14:57:56,065 - test_web_ohrm.py - INFO - ☑️【指定查询用例】执行完毕
2026-06-01 14:57:56,071 - baseUtils.py - INFO - 配置文件读取成功：E:\develop\PythonProject\OrangeHRM\Config\配置文件.ini
2026-06-01 14:57:56,090 - baseDB.py - INFO - ✅ MySQL 数据库连接成功
2026-06-01 14:57:56,095 - baseAutoHttp.py - INFO - 【04更新员工:update_employee】接口调用开始
2026-06-01 14:57:56,101 - baseData.py - INFO - 动态参数替换成功：{'firstName': 'John', 'lastName': 'Doe', 'employeeId': '1001'}
2026-06-01 14:57:56,104 - baseAutoHttp.py - INFO - 请求方式: PUT
2026-06-01 14:57:56,106 - baseAutoHttp.py - INFO - 请求地址: http://127.0.0.1:8080/web/index.php/api/v2/pim/employees/5/personal-details
2026-06-01 14:57:56,108 - baseAutoHttp.py - INFO - 请求头: {'User-Agent': 'Mozilla/5.0 (Windows NT 10.0; Win64; x64) AppleWebKit/537.36 (KHTML, like Gecko) Chrome/148.0.0.0 Safari/537.36', 'Content-Type': 'application/json', 'Referer': 'http://127.0.0.1:8080/web/index.php/pim/viewPersonalDetails/empNumber/5', 'Origin': 'http://127.0.0.1:8080'}
2026-06-01 14:57:56,110 - baseAutoHttp.py - INFO - 请求参数: params=None | data=None | json={'birthday': None, 'drivingLicenseExpiredDate': None, 'drivingLicenseNo': None, 'employeeId': '1001', 'firstName': 'John', 'gender': None, 'lastName': 'Doe', 'middleName': None, 'otherId': None}
2026-06-01 14:57:56,179 - baseAutoHttp.py - INFO - 响应状态码: 500
2026-06-01 14:57:56,182 - baseAutoHttp.py - INFO - 响应耗时: 0.066727s
2026-06-01 14:57:56,184 - baseAutoHttp.py - INFO - 响应JSON: {'error': {'status': '500', 'message': 'Unexpected Error Occurred'}}
2026-06-01 14:57:56,186 - baseAutoHttp.py - INFO - 【04更新员工:update_employee】接口调用结束

2026-06-01 14:57:56,215 - baseDB.py - INFO - ✅ MySQL 数据库连接成功
2026-06-01 14:57:56,221 - baseDB.py - INFO - ✅ MySQL 执行成功，事务已提交
2026-06-01 14:57:56,224 - baseDB.py - INFO - 🔌 MySQL 连接已关闭
2026-06-01 14:57:56,245 - baseDB.py - INFO - ✅ MySQL 数据库连接成功
2026-06-01 14:57:56,309 - baseUtils.py - INFO - 配置文件读取成功：E:\develop\PythonProject\OrangeHRM\Config\配置文件.ini
2026-06-01 14:57:56,310 - baseUtils.py - INFO - 配置文件读取成功：E:\develop\PythonProject\OrangeHRM\Config\配置文件.ini
2026-06-01 14:57:56,310 - baseAutoHttp.py - INFO - 【03查询员工页面:select_query】接口调用开始
2026-06-01 14:57:56,315 - baseData.py - INFO - 动态参数替换成功：{'employeeId': '0004'}
2026-06-01 14:57:56,317 - baseAutoHttp.py - INFO - 请求方式: GET
2026-06-01 14:57:56,319 - baseAutoHttp.py - INFO - 请求地址: http://127.0.0.1:8080/web/index.php/api/v2/pim/employees
2026-06-01 14:57:56,321 - baseAutoHttp.py - INFO - 请求头: {'User-Agent': 'Mozilla/5.0 (Windows NT 10.0; Win64; x64) AppleWebKit/537.36 (KHTML, like Gecko) Chrome/148.0.0.0 Safari/537.36', 'Referer': 'http://127.0.0.1:8080/web/index.php/pim/viewEmployeeList'}
2026-06-01 14:57:56,323 - baseAutoHttp.py - INFO - 请求参数: params={'limit': '50', 'offset': '0', 'model': 'detailed', 'employeeId': '0004', 'includeEmployees': 'onlyCurrent', 'sortField': 'employee.firstName', 'sortOrder': 'ASC'} | data=None | json=None
2026-06-01 14:57:56,401 - baseAutoHttp.py - INFO - 响应状态码: 200
2026-06-01 14:57:56,403 - baseAutoHttp.py - INFO - 响应耗时: 0.074371s
2026-06-01 14:57:56,406 - baseAutoHttp.py - INFO - 响应JSON: {'data': [], 'meta': {'total': 0}, 'rels': []}
2026-06-01 14:57:56,408 - baseAutoHttp.py - INFO - 【03查询员工页面:select_query】接口调用结束

2026-06-01 14:57:56,432 - baseDB.py - INFO - ✅ MySQL 数据库连接成功
2026-06-01 14:57:56,495 - baseUtils.py - INFO - 配置文件读取成功：E:\develop\PythonProject\OrangeHRM\Config\配置文件.ini
2026-06-01 14:57:56,496 - baseUtils.py - INFO - 配置文件读取成功：E:\develop\PythonProject\OrangeHRM\Config\配置文件.ini
2026-06-01 14:57:56,496 - baseAutoHttp.py - INFO - 【03查询员工页面:select_query】接口调用开始
2026-06-01 14:57:56,501 - baseData.py - INFO - 动态参数替换成功：{'employeeId': '9999'}
2026-06-01 14:57:56,503 - baseAutoHttp.py - INFO - 请求方式: GET
2026-06-01 14:57:56,505 - baseAutoHttp.py - INFO - 请求地址: http://127.0.0.1:8080/web/index.php/api/v2/pim/employees
2026-06-01 14:57:56,507 - baseAutoHttp.py - INFO - 请求头: {'User-Agent': 'Mozilla/5.0 (Windows NT 10.0; Win64; x64) AppleWebKit/537.36 (KHTML, like Gecko) Chrome/148.0.0.0 Safari/537.36', 'Referer': 'http://127.0.0.1:8080/web/index.php/pim/viewEmployeeList'}
2026-06-01 14:57:56,509 - baseAutoHttp.py - INFO - 请求参数: params={'limit': '50', 'offset': '0', 'model': 'detailed', 'employeeId': '9999', 'includeEmployees': 'onlyCurrent', 'sortField': 'employee.firstName', 'sortOrder': 'ASC'} | data=None | json=None
2026-06-01 14:57:56,589 - baseAutoHttp.py - INFO - 响应状态码: 200
2026-06-01 14:57:56,591 - baseAutoHttp.py - INFO - 响应耗时: 0.076236s
2026-06-01 14:57:56,594 - baseAutoHttp.py - INFO - 响应JSON: {'data': [], 'meta': {'total': 0}, 'rels': []}
2026-06-01 14:57:56,596 - baseAutoHttp.py - INFO - 【03查询员工页面:select_query】接口调用结束

2026-06-01 14:57:56,617 - baseDB.py - INFO - ✅ MySQL 数据库连接成功
2026-06-01 14:57:56,622 - test_web_ohrm.py - INFO - ☑️【删除员工】用例执行成功
2026-06-01 14:57:56,628 - baseUtils.py - INFO - 配置文件读取成功：E:\develop\PythonProject\OrangeHRM\Config\配置文件.ini
2026-06-01 14:57:56,632 - baseAutoHttp.py - INFO - 【06未登录访问员工接口:employee】接口调用开始
2026-06-01 14:57:56,635 - baseAutoHttp.py - INFO - 请求方式: GET
2026-06-01 14:57:56,637 - baseAutoHttp.py - INFO - 请求地址: http://127.0.0.1:8080/web/index.php/pim/viewEmployeeList
2026-06-01 14:57:56,639 - baseAutoHttp.py - INFO - 请求头: {'User-Agent': 'Mozilla/5.0 (Windows NT 10.0; Win64; x64) AppleWebKit/537.36 (KHTML, like Gecko) Chrome/148.0.0.0 Safari/537.36'}
2026-06-01 14:57:56,641 - baseAutoHttp.py - INFO - 请求参数: params={'includeEmployees': 'onlyCurrent', 'limit': '50', 'model': 'detailed', 'offset': '0', 'sortField': 'employee.firstName', 'sortOrder': 'ASC'} | data=None | json=None
2026-06-01 14:57:56,694 - baseAutoHttp.py - INFO - 响应状态码: 302
2026-06-01 14:57:56,696 - baseAutoHttp.py - INFO - 响应耗时: 0.048926s
2026-06-01 14:57:56,698 - baseAutoHttp.py - INFO - 响应文本: <!DOCTYPE html>
<html>
    <head>
        <meta charset="UTF-8" />
        <meta http-equiv="refresh" content="0;url='http://127.0.0.1:8080/web/index.php/auth/login'" />

        <title>Redirecting to http://127.0.0.1:8080/web/index.php/auth/login</title>
    </head>
    <body>
        Redirecting to <a href="http://127.0.0.1:8080/web/index.php/auth/login">http://127.0.0.1:8080/web/index.php/auth/login</a>.
    </body>
</html>
2026-06-01 14:57:56,700 - baseAutoHttp.py - INFO - 【06未登录访问员工接口:employee】接口调用结束

2026-06-01 14:57:57,102 - baseUtils.py - INFO - 配置文件读取成功：E:\develop\PythonProject\OrangeHRM\Config\配置文件.ini
2026-06-01 14:57:57,103 - baseAutoHttp.py - INFO - 【07非管理员登录:employee_login】接口调用开始
2026-06-01 14:57:57,106 - baseData.py - INFO - 动态参数替换成功：{'firstName': 'cc', 'lastName': 'dd', 'employeeId': '1010'}
2026-06-01 14:57:57,108 - baseAutoHttp.py - INFO - 请求方式: POST
2026-06-01 14:57:57,110 - baseAutoHttp.py - INFO - 请求地址: http://127.0.0.1:8080/web/index.php/api/v2/pim/employees
2026-06-01 14:57:57,113 - baseAutoHttp.py - INFO - 请求头: {'User-Agent': 'Mozilla/5.0 (Windows NT 10.0; Win64; x64) AppleWebKit/537.36 (KHTML, like Gecko) Chrome/148.0.0.0 Safari/537.36', 'Content-Type': 'application/json', 'Origin': 'http://127.0.0.1:8080', 'Referer': 'http://127.0.0.1:8080/web/index.php/pim/addEmployee'}
2026-06-01 14:57:57,115 - baseAutoHttp.py - INFO - 请求参数: params=None | data=None | json={'employeeId': '1010', 'empPicture': None, 'firstName': 'cc', 'lastName': 'dd', 'middleName': None}
2026-06-01 14:57:57,189 - baseAutoHttp.py - INFO - 响应状态码: 403
2026-06-01 14:57:57,192 - baseAutoHttp.py - INFO - 响应耗时: 0.070609s
2026-06-01 14:57:57,194 - baseAutoHttp.py - INFO - 响应JSON: {'error': {'status': 403, 'message': 'Unauthorized'}}
2026-06-01 14:57:57,196 - baseAutoHttp.py - INFO - 【07非管理员登录:employee_login】接口调用结束

2026-06-01 14:57:57,198 - test_web_ohrm.py - INFO - ☑️【非管理员账号操作员工】用例执行成功
