2026-06-01 22:00:02,900 - baseUtils.py - INFO - 配置文件读取成功：E:\develop\PythonProject\OrangeHRM\Config\配置文件.ini
2026-06-01 22:00:02,900 - globalManager.py - INFO - 全局变量管理器初始化成功
2026-06-01 22:00:03,652 - baseUtils.py - INFO - 配置文件读取成功：E:\develop\PythonProject\OrangeHRM\Config\配置文件.ini
2026-06-01 22:00:03,652 - globalManager.py - INFO - 全局变量管理器初始化成功
2026-06-01 22:00:03,666 - runClient.py - INFO - 🔍 正在收集测试用例，请稍候...
2026-06-01 22:00:04,345 - baseUtils.py - INFO - 配置文件读取成功：E:\develop\PythonProject\OrangeHRM\Config\配置文件.ini
2026-06-01 22:00:04,346 - globalManager.py - INFO - 全局变量管理器初始化成功
2026-06-01 22:00:04,578 - baseUtils.py - INFO - 配置文件读取成功：E:\develop\PythonProject\OrangeHRM\Config\配置文件.ini
2026-06-01 22:00:04,716 - baseUtils.py - INFO - 配置文件读取成功：E:\develop\PythonProject\OrangeHRM\Config\配置文件.ini
2026-06-01 22:00:04,717 - baseUtils.py - INFO - 配置文件读取成功：E:\develop\PythonProject\OrangeHRM\Config\配置文件.ini
2026-06-01 22:00:04,978 - baseUtils.py - INFO - 配置文件读取成功：E:\develop\PythonProject\OrangeHRM\Config\配置文件.ini
2026-06-01 22:00:04,979 - baseData.py - INFO - 数据驱动读取成功：01登录接口
2026-06-01 22:00:04,980 - baseUtils.py - INFO - 配置文件读取成功：E:\develop\PythonProject\OrangeHRM\Config\配置文件.ini
2026-06-01 22:00:04,981 - baseData.py - INFO - 数据驱动读取成功：02添加员工接口
2026-06-01 22:00:04,982 - baseUtils.py - INFO - 配置文件读取成功：E:\develop\PythonProject\OrangeHRM\Config\配置文件.ini
2026-06-01 22:00:04,983 - baseData.py - INFO - 数据驱动读取成功：03指定查询
2026-06-01 22:00:04,984 - baseUtils.py - INFO - 配置文件读取成功：E:\develop\PythonProject\OrangeHRM\Config\配置文件.ini
2026-06-01 22:00:04,985 - baseData.py - INFO - 数据驱动读取成功：04删除员工
2026-06-01 22:00:04,991 - baseYaml.py - INFO - YAML写入成功：E:\develop\PythonProject\OrangeHRM\Data\Temp\tempcases.yaml
2026-06-01 22:00:04,991 - conftest.py - INFO - ✅ 用例信息已导出：E:\develop\PythonProject\OrangeHRM\Data\Temp\tempcases.yaml
2026-06-01 22:00:05,386 - runClient.py - INFO - ✅ 用例收集完成，启动用例选择器
2026-06-01 22:00:06,070 - baseUtils.py - INFO - 配置文件读取成功：E:\develop\PythonProject\OrangeHRM\Config\配置文件.ini
2026-06-01 22:00:06,070 - globalManager.py - INFO - 全局变量管理器初始化成功
2026-06-01 22:00:08,424 - baseYaml.py - INFO - YAML写入成功：E:\develop\PythonProject\OrangeHRM\Data\Temp\testcases.yaml
2026-06-01 22:00:08,424 - caseSelector.py - INFO - 用例导出成功：E:\develop\PythonProject\OrangeHRM\Data\Temp\testcases.yaml
2026-06-01 22:00:09,402 - runClient.py - INFO - 🚀 开始执行选中用例，共 18 条
2026-06-01 22:00:09,683 - baseUtils.py - INFO - 配置文件读取成功：E:\develop\PythonProject\OrangeHRM\Config\配置文件.ini
2026-06-01 22:00:09,849 - baseUtils.py - INFO - 配置文件读取成功：E:\develop\PythonProject\OrangeHRM\Config\配置文件.ini
2026-06-01 22:00:09,850 - baseUtils.py - INFO - 配置文件读取成功：E:\develop\PythonProject\OrangeHRM\Config\配置文件.ini
2026-06-01 22:00:10,460 - baseUtils.py - INFO - 配置文件读取成功：E:\develop\PythonProject\OrangeHRM\Config\配置文件.ini
2026-06-01 22:00:10,470 - baseData.py - INFO - 数据驱动读取成功：01登录接口
2026-06-01 22:00:10,473 - baseUtils.py - INFO - 配置文件读取成功：E:\develop\PythonProject\OrangeHRM\Config\配置文件.ini
2026-06-01 22:00:10,476 - baseData.py - INFO - 数据驱动读取成功：02添加员工接口
2026-06-01 22:00:10,477 - baseUtils.py - INFO - 配置文件读取成功：E:\develop\PythonProject\OrangeHRM\Config\配置文件.ini
2026-06-01 22:00:10,479 - baseData.py - INFO - 数据驱动读取成功：03指定查询
2026-06-01 22:00:10,481 - baseUtils.py - INFO - 配置文件读取成功：E:\develop\PythonProject\OrangeHRM\Config\配置文件.ini
2026-06-01 22:00:10,482 - baseData.py - INFO - 数据驱动读取成功：04删除员工
2026-06-01 22:00:10,498 - baseUtils.py - INFO - 配置文件读取成功：E:\develop\PythonProject\OrangeHRM\Config\配置文件.ini
2026-06-01 22:00:10,660 - baseAutoHttp.py - INFO - 【01登录页面接口信息:login_api】接口调用开始
2026-06-01 22:00:10,661 - baseData.py - INFO - 动态参数替换成功：{'_token': 'ac27935be819bb11b8a1.k7x6R7kmqodPvYxVNNNBI6j7tmKztxCB6-O4h19gQFw.5f4JI4kT4bZ4x889VpclZeCi1Srj6FTioLKA7zQDGGn9hQ8F6lbztx-FyQ', 'username': 'admin', 'password': 'Keepmoving624.'}
2026-06-01 22:00:10,662 - baseAutoHttp.py - INFO - 请求方式: POST
2026-06-01 22:00:10,662 - baseAutoHttp.py - INFO - 请求地址: http://127.0.0.1:8080/web/index.php/auth/validate
2026-06-01 22:00:10,662 - baseAutoHttp.py - INFO - 请求头: {'User-Agent': 'Mozilla/5.0 (Windows NT 10.0; Win64; x64) AppleWebKit/537.36 (KHTML, like Gecko) Chrome/148.0.0.0 Safari/537.36', 'Content-Type': 'application/x-www-form-urlencoded'}
2026-06-01 22:00:10,662 - baseAutoHttp.py - INFO - 请求参数: params=None | data={'_token': 'ac27935be819bb11b8a1.k7x6R7kmqodPvYxVNNNBI6j7tmKztxCB6-O4h19gQFw.5f4JI4kT4bZ4x889VpclZeCi1Srj6FTioLKA7zQDGGn9hQ8F6lbztx-FyQ', 'username': 'admin', 'password': 'Keepmoving624.'} | json=None
2026-06-01 22:00:11,090 - baseAutoHttp.py - INFO - 响应状态码: 200
2026-06-01 22:00:11,090 - baseAutoHttp.py - INFO - 响应耗时: 0.098764s
2026-06-01 22:00:11,090 - baseAutoHttp.py - INFO - 响应文本: <!DOCTYPE html>
<html>
<head>
  <meta charset="UTF-8">
  <meta http-equiv="X-UA-Compatible" content="IE=edge">
  <meta name="viewport" content="width=device-width,initial-scale=1">
  <title>OrangeHRM</title>
    <link rel="icon" href="/web/dist/favicon.ico?v=1775433284510">
  <link href="/web/dist/css/chunk-vendors.css?v=1775433284510" rel="preload" as="style">
  <link href="/web/dist/css/app.css?v=1775433284510" rel="preload" as="style">
  <link href="/web/dist/js/chunk-vendors.js?v=1775433284510" rel="preload" as="script">
  <link href="/web/dist/js/app.js?v=1775433284510" rel="preload" as="script">
    <link href="/web/dist/css/chunk-vendors.css?v=1775433284510" rel="stylesheet"/>
  <link href="/web/dist/css/app.css?v=1775433284510" rel="stylesheet"/>
</head>
<body>
  <style>
    :root {
            --oxd-primary-one-color:#FF7B1D;
            --oxd-primary-font-color:#FFFFFF;
            --oxd-secondary-four-color:#76BC21;
            --oxd-secondary-font-color:#FFFFFF;
            --oxd-primary-gradient-start-color:#FF920B;
            --oxd-primary-gradient-end-color:#F35C17;
            --oxd-secondary-gradient-start-color:#FF920B;
            --oxd-secondary-gradient-end-color:#F35C17;
            --oxd-primary-one-lighten-5-color:#ff8a37;
            --oxd-primary-one-lighten-30-color:#ffd4b6;
            --oxd-primary-one-darken-5-color:#ff6c03;
            --oxd-primary-one-alpha-10-color:rgba(255, 123, 29, 0.1);
            --oxd-primary-one-alpha-15-color:rgba(255, 123, 29, 0.15);
            --oxd-primary-one-alpha-20-color:rgba(255, 123, 29, 0.2);
            --oxd-primary-one-alpha-50-color:rgba(255, 123, 29, 0.5);
            --oxd-secondary-four-lighten-5-color:#84d225;
            --oxd-secondary-four-darken-5-color:#68a61d;
            --oxd-secondary-four-alpha-10-color:rgba(118, 188, 33, 0.1);
            --oxd-secondary-four-alpha-15-color:rgba(118, 188, 33, 0.15);
            --oxd-secondary-four-alpha-20-color:rgba(118, 188, 33, 0.2);
            --oxd-secondary-four-alpha-50-color:rgba(118, 188, 33, 0.5);
        }
  </style>
  <noscript>
    <strong>
      We're sorry but orangehrm doesn't work properly without JavaScript enabled. Please enable it to continue.
    </strong>
  </noscript>

  <div id="app">
    <oxd-layout
        home-url="https://www.orangehrm.com/"
        :sidepanel-menu-items="[{&quot;id&quot;:1,&quot;name&quot;:&quot;\u7ba1\u7406\u5458&quot;,&quot;url&quot;:&quot;\/web\/index.php\/admin\/viewAdminModule&quot;,&quot;icon&quot;:&quot;admin&quot;},{&quot;id&quot;:30,&quot;name&quot;:&quot;\u4e2a\u4eba\u4fe1\u606f\u7ba1\u7406\u7cfb\u7edf&quot;,&quot;url&quot;:&quot;\/web\/index.php\/pim\/viewPimModule&quot;,&quot;icon&quot;:&quot;pim&quot;},{&quot;id&quot;:41,&quot;name&quot;:&quot;\u4f11\u5047&quot;,&quot;url&quot;:&quot;\/web\/index.php\/leave\/viewLeaveModule&quot;,&quot;icon&quot;:&quot;leave&quot;},{&quot;id&quot;:52,&quot;name&quot;:&quot;\u65f6\u95f4&quot;,&quot;url&quot;:&quot;\/web\/index.php\/time\/viewTimeModule&quot;,&quot;icon&quot;:&quot;time&quot;},{&quot;id&quot;:65,&quot;name&quot;:&quot;\u62db\u8058&quot;,&quot;url&quot;:&quot;\/web\/index.php\/recruitment\/viewRecruitmentModule&quot;,&quot;icon&quot;:&quot;recruitment&quot;},{&quot;id&quot;:40,&quot;name&quot;:&quot;\u6211\u7684\u4fe1\u606f&quot;,&quot;url&quot;:&quot;\/web\/index.php\/pim\/viewMyDetails&quot;,&quot;icon&quot;:&quot;myinfo&quot;},{&quot;id&quot;:83,&quot;name&quot;:&quot;\u7ee9\u6548&quot;,&quot;url&quot;:&quot;\/web\/index.php\/performance\/viewPerformanceModule&quot;,&quot;icon&quot;:&quot;performance&quot;},{&quot;id&quot;:82,&quot;name&quot;:&quot;\u4eea\u8868\u76d8&quot;,&quot;url&quot;:&quot;\/web\/index.php\/dashboard\/index&quot;,&quot;icon&quot;:&quot;dashboard&quot;,&quot;active&quot;:true},{&quot;id&quot;:93,&quot;name&quot;:&quot;Directory&quot;,&quot;url&quot;:&quot;\/web\/index.php\/directory\/viewDirectory&quot;,&quot;icon&quot;:&quot;directory&quot;},{&quot;id&quot;:96,&quot;name&quot;:&quot;Maintenance&quot;,&quot;url&quot;:&quot;\/web\/index.php\/maintenance\/viewMaintenanceModule&quot;,&quot;icon&quot;:&quot;maintenance&quot;},{&quot;id&quot;:105,&quot;name&quot;:&quot;Claim&quot;,&quot;url&quot;:&quot;\/web\/index.php\/claim\/viewClaimModule&quot;,&quot;icon&quot;:&quot;claim&quot;},{&quot;id&quot;:101,&quot;name&quot;:&quot;\u6fc0\u52a8&quot;,&quot;url&quot;:&quot;\/web\/index.php\/buzz\/viewBuzz&quot;,&quot;icon&quot;:&quot;buzz&quot;}]"
        :topbar-menu-items="[]"
        :user="{&quot;firstName&quot;:&quot;\u8c22&quot;,&quot;lastName&quot;:&quot;\u5b89&quot;,&quot;profImgSrc&quot;:&quot;\/web\/index.php\/pim\/viewPhoto\/empNumber\/1&quot;,&quot;hasPassword&quot;:true}"
        brand-logo-src="/web/images/orange.png?v=1775433284510"
        brand-banner-src="/web/images/orangehrm-logo.png?v=1775433284510"
        logout-url="/web/index.php/auth/logout"
        support-url="/web/index.php/help/support"
        :update-password-url="&quot;/web/index.php/pim/updatePassword&quot;"
        :permissions="{&quot;dashboard_buzz_widget&quot;:{&quot;canRead&quot;:true,&quot;canCreate&quot;:false,&quot;canUpdate&quot;:false,&quot;canDelete&quot;:false},&quot;dashboard_employees_on_leave_today_config&quot;:{&quot;canRead&quot;:true,&quot;canCreate&quot;:false,&quot;canUpdate&quot;:true,&quot;canDelete&quot;:false},&quot;dashboard_leave_widget&quot;:{&quot;canRead&quot;:true,&quot;canCreate&quot;:false,&quot;canUpdate&quot;:false,&quot;canDelete&quot;:false},&quot;dashboard_location_widget&quot;:{&quot;canRead&quot;:true,&quot;canCreate&quot;:false,&quot;canUpdate&quot;:false,&quot;canDelete&quot;:false},&quot;dashboard_subunit_widget&quot;:{&quot;canRead&quot;:true,&quot;canCreate&quot;:false,&quot;canUpdate&quot;:false,&quot;canDelete&quot;:false},&quot;dashboard_time_widget&quot;:{&quot;canRead&quot;:true,&quot;canCreate&quot;:false,&quot;canUpdate&quot;:false,&quot;canDelete&quot;:false}}"
        :breadcrumb="{&quot;moduleName&quot;:&quot;\u4eea\u8868\u76d8&quot;,&quot;level&quot;:null}"
        :date-format="{&quot;id&quot;:&quot;Y-m-d&quot;,&quot;label&quot;:&quot;yyyy-mm-dd&quot;}"
        help-url="/web/index.php/help/help?label=dashboard_index"
        :show-upgrade="1"
    >
      <view-dashboard
            >
    </view-dashboard>
    <template v-slot:footer><oxd-text tag="p" class="orangehrm-copyright">OrangeHRM OS 5.8.1</oxd-text>
<oxd-text tag="p" class="orangehrm-copyright">&copy; 2005 - 2026 <a href="http://www.orangehrm.com" target="_blank">OrangeHRM, Inc</a>. All rights reserved.</oxd-text>
<br></template>
    </oxd-layout>
  </div>
  <script type="text/javascript">
      window.appGlobal = {
        baseUrl: "/web/index.php",
        publicPath: "/web",
      };
  </script>
  <script src="/web/dist/js/chunk-vendors.js?v=1775433284510"></script>
  <script src="/web/dist/js/app.js?v=1775433284510"></script>
</body>
</html>

2026-06-01 22:00:11,091 - baseAutoHttp.py - INFO - 【01登录页面接口信息:login_api】接口调用结束

2026-06-01 22:00:11,091 - web_login_page.py - INFO - 【管理员正常登录】断言成功
2026-06-01 22:00:11,091 - baseAutoHttp.py - INFO - 接口会话已关闭
2026-06-01 22:00:11,091 - test_web_ohrm.py - INFO - 【管理员正常登录】用例执行成功
2026-06-01 22:00:11,098 - baseUtils.py - INFO - 配置文件读取成功：E:\develop\PythonProject\OrangeHRM\Config\配置文件.ini
2026-06-01 22:00:11,149 - baseAutoHttp.py - INFO - 【02登录页面未携带token:login_not_token_api】接口调用开始
2026-06-01 22:00:11,150 - baseData.py - INFO - 动态参数替换成功：{'username': 'admin', 'password': 'Keepmoving624.'}
2026-06-01 22:00:11,151 - baseAutoHttp.py - INFO - 请求方式: POST
2026-06-01 22:00:11,151 - baseAutoHttp.py - INFO - 请求地址: http://127.0.0.1:8080/web/index.php/auth/validate
2026-06-01 22:00:11,151 - baseAutoHttp.py - INFO - 请求头: {'User-Agent': 'Mozilla/5.0 (Windows NT 10.0; Win64; x64) AppleWebKit/537.36 (KHTML, like Gecko) Chrome/148.0.0.0 Safari/537.36', 'Content-Type': 'application/x-www-form-urlencoded'}
2026-06-01 22:00:11,151 - baseAutoHttp.py - INFO - 请求参数: params=None | data={'username': 'admin', 'password': 'Keepmoving624.'} | json=None
2026-06-01 22:00:11,283 - baseAutoHttp.py - INFO - 响应状态码: 200
2026-06-01 22:00:11,283 - baseAutoHttp.py - INFO - 响应耗时: 0.072049s
2026-06-01 22:00:11,283 - baseAutoHttp.py - INFO - 响应文本: <!DOCTYPE html>
<html>
<head>
  <meta charset="UTF-8">
  <meta http-equiv="X-UA-Compatible" content="IE=edge">
  <meta name="viewport" content="width=device-width,initial-scale=1">
  <title>OrangeHRM</title>
      <link rel="icon" href="/web/dist/favicon.ico?v=1775433284510">
    <link href="/web/dist/css/chunk-vendors.css?v=1775433284510" rel="preload" as="style">
    <link href="/web/dist/css/app.css?v=1775433284510" rel="preload" as="style">
    <link href="/web/dist/js/chunk-vendors.js?v=1775433284510" rel="preload" as="script">
    <link href="/web/dist/js/app.js?v=1775433284510" rel="preload" as="script">
      <link href="/web/dist/css/chunk-vendors.css?v=1775433284510" rel="stylesheet"/>
    <link href="/web/dist/css/app.css?v=1775433284510" rel="stylesheet"/>
</head>
<body>
  <style>
    :root {
            --oxd-primary-one-color:#FF7B1D;
            --oxd-primary-font-color:#FFFFFF;
            --oxd-secondary-four-color:#76BC21;
            --oxd-secondary-font-color:#FFFFFF;
            --oxd-primary-gradient-start-color:#FF920B;
            --oxd-primary-gradient-end-color:#F35C17;
            --oxd-secondary-gradient-start-color:#FF920B;
            --oxd-secondary-gradient-end-color:#F35C17;
            --oxd-primary-one-lighten-5-color:#ff8a37;
            --oxd-primary-one-lighten-30-color:#ffd4b6;
            --oxd-primary-one-darken-5-color:#ff6c03;
            --oxd-primary-one-alpha-10-color:rgba(255, 123, 29, 0.1);
            --oxd-primary-one-alpha-15-color:rgba(255, 123, 29, 0.15);
            --oxd-primary-one-alpha-20-color:rgba(255, 123, 29, 0.2);
            --oxd-primary-one-alpha-50-color:rgba(255, 123, 29, 0.5);
            --oxd-secondary-four-lighten-5-color:#84d225;
            --oxd-secondary-four-darken-5-color:#68a61d;
            --oxd-secondary-four-alpha-10-color:rgba(118, 188, 33, 0.1);
            --oxd-secondary-four-alpha-15-color:rgba(118, 188, 33, 0.15);
            --oxd-secondary-four-alpha-20-color:rgba(118, 188, 33, 0.2);
            --oxd-secondary-four-alpha-50-color:rgba(118, 188, 33, 0.5);
        }
  </style>
    <noscript>
        <strong>
            We're sorry but orangehrm doesn't work properly without JavaScript enabled. Please enable it to continue.
        </strong>
    </noscript>

    <div id="app">
    <auth-login
            :error="{&quot;error&quot;:&quot;invalid_csrf_token&quot;,&quot;message&quot;:&quot;CSRF token validation failed&quot;}"
            :token="&quot;d9fa108390d.CiNTaGlxrbakTkv1VIEP2ETIWo2e1ct6evCuma-IW0w.bxAXXQUh38PRAjGdIsxKlAewI9nWg4QqO6j3zJffF39fQCEnIlzr2fQNEg&quot;"
            :login-logo-src="&quot;\/web\/images\/ohrm_logo.png&quot;"
            :login-banner-src="&quot;\/web\/images\/ohrm_branding.png?v=1775433284510&quot;"
            :show-social-media="true"
            :is-demo-mode="false"
            :authenticators="[]"
        >
    <template v-slot:footer>
        <div class="orangehrm-copyright-wrapper">
            <oxd-text tag="p" class="orangehrm-copyright">OrangeHRM OS 5.8.1</oxd-text>
<oxd-text tag="p" class="orangehrm-copyright">&copy; 2005 - 2026 <a href="http://www.orangehrm.com" target="_blank">OrangeHRM, Inc</a>. All rights reserved.</oxd-text>
        </div>
    </template>
    </auth-login>
    </div>
    <script type="text/javascript">
        window.appGlobal = {
          baseUrl: "/web/index.php",
          publicPath: "/web",
        };
    </script>
    <script src="/web/dist/js/chunk-vendors.js?v=1775433284510"></script>
    <script src="/web/dist/js/app.js?v=1775433284510"></script>
</body>
</html>

2026-06-01 22:00:11,283 - baseAutoHttp.py - INFO - 【02登录页面未携带token:login_not_token_api】接口调用结束

2026-06-01 22:00:11,283 - web_login_page.py - INFO - 【未携带CSRF令牌】断言成功
2026-06-01 22:00:11,284 - baseAutoHttp.py - INFO - 接口会话已关闭
2026-06-01 22:00:11,284 - test_web_ohrm.py - INFO - 【未携带CSRF令牌】用例执行成功
2026-06-01 22:00:11,289 - baseUtils.py - INFO - 配置文件读取成功：E:\develop\PythonProject\OrangeHRM\Config\配置文件.ini
2026-06-01 22:00:11,389 - baseAutoHttp.py - INFO - 【01登录页面接口信息:login_api】接口调用开始
2026-06-01 22:00:11,390 - baseData.py - INFO - 动态参数替换成功：{'_token': '8.4NfPkc1-KxSkfSnwDKmZ-tWJfS7DrMHLL_l2emUZtxw.hr-6oZsbdCbWKXG5X9P4vbbrRGKtyfSOapQmIyMumki1svuhhU0GUfw8Qg', 'username': 'admin', 'password': 'Keepmoving624.'}
2026-06-01 22:00:11,391 - baseAutoHttp.py - INFO - 请求方式: POST
2026-06-01 22:00:11,391 - baseAutoHttp.py - INFO - 请求地址: http://127.0.0.1:8080/web/index.php/auth/validate
2026-06-01 22:00:11,391 - baseAutoHttp.py - INFO - 请求头: {'User-Agent': 'Mozilla/5.0 (Windows NT 10.0; Win64; x64) AppleWebKit/537.36 (KHTML, like Gecko) Chrome/148.0.0.0 Safari/537.36', 'Content-Type': 'application/x-www-form-urlencoded'}
2026-06-01 22:00:11,391 - baseAutoHttp.py - INFO - 请求参数: params=None | data={'_token': '8.4NfPkc1-KxSkfSnwDKmZ-tWJfS7DrMHLL_l2emUZtxw.hr-6oZsbdCbWKXG5X9P4vbbrRGKtyfSOapQmIyMumki1svuhhU0GUfw8Qg', 'username': 'admin', 'password': 'Keepmoving624.'} | json=None
2026-06-01 22:00:11,513 - baseAutoHttp.py - INFO - 响应状态码: 200
2026-06-01 22:00:11,513 - baseAutoHttp.py - INFO - 响应耗时: 0.07062s
2026-06-01 22:00:11,513 - baseAutoHttp.py - INFO - 响应文本: <!DOCTYPE html>
<html>
<head>
  <meta charset="UTF-8">
  <meta http-equiv="X-UA-Compatible" content="IE=edge">
  <meta name="viewport" content="width=device-width,initial-scale=1">
  <title>OrangeHRM</title>
      <link rel="icon" href="/web/dist/favicon.ico?v=1775433284510">
    <link href="/web/dist/css/chunk-vendors.css?v=1775433284510" rel="preload" as="style">
    <link href="/web/dist/css/app.css?v=1775433284510" rel="preload" as="style">
    <link href="/web/dist/js/chunk-vendors.js?v=1775433284510" rel="preload" as="script">
    <link href="/web/dist/js/app.js?v=1775433284510" rel="preload" as="script">
      <link href="/web/dist/css/chunk-vendors.css?v=1775433284510" rel="stylesheet"/>
    <link href="/web/dist/css/app.css?v=1775433284510" rel="stylesheet"/>
</head>
<body>
  <style>
    :root {
            --oxd-primary-one-color:#FF7B1D;
            --oxd-primary-font-color:#FFFFFF;
            --oxd-secondary-four-color:#76BC21;
            --oxd-secondary-font-color:#FFFFFF;
            --oxd-primary-gradient-start-color:#FF920B;
            --oxd-primary-gradient-end-color:#F35C17;
            --oxd-secondary-gradient-start-color:#FF920B;
            --oxd-secondary-gradient-end-color:#F35C17;
            --oxd-primary-one-lighten-5-color:#ff8a37;
            --oxd-primary-one-lighten-30-color:#ffd4b6;
            --oxd-primary-one-darken-5-color:#ff6c03;
            --oxd-primary-one-alpha-10-color:rgba(255, 123, 29, 0.1);
            --oxd-primary-one-alpha-15-color:rgba(255, 123, 29, 0.15);
            --oxd-primary-one-alpha-20-color:rgba(255, 123, 29, 0.2);
            --oxd-primary-one-alpha-50-color:rgba(255, 123, 29, 0.5);
            --oxd-secondary-four-lighten-5-color:#84d225;
            --oxd-secondary-four-darken-5-color:#68a61d;
            --oxd-secondary-four-alpha-10-color:rgba(118, 188, 33, 0.1);
            --oxd-secondary-four-alpha-15-color:rgba(118, 188, 33, 0.15);
            --oxd-secondary-four-alpha-20-color:rgba(118, 188, 33, 0.2);
            --oxd-secondary-four-alpha-50-color:rgba(118, 188, 33, 0.5);
        }
  </style>
    <noscript>
        <strong>
            We're sorry but orangehrm doesn't work properly without JavaScript enabled. Please enable it to continue.
        </strong>
    </noscript>

    <div id="app">
    <auth-login
            :error="{&quot;error&quot;:&quot;invalid_csrf_token&quot;,&quot;message&quot;:&quot;CSRF token validation failed&quot;}"
            :token="&quot;bb0a1b5bc061d938f168885f66.GaxuPAeWf2qz9nbf5fxjiQsRRO7r55CTPsvdmTvbACU.f90CCGLYKD3gtEGdstEk0HJ2dbSBgOXJCf2w0kKfNmtvwikNTcUzR9e5Lw&quot;"
            :login-logo-src="&quot;\/web\/images\/ohrm_logo.png&quot;"
            :login-banner-src="&quot;\/web\/images\/ohrm_branding.png?v=1775433284510&quot;"
            :show-social-media="true"
            :is-demo-mode="false"
            :authenticators="[]"
        >
    <template v-slot:footer>
        <div class="orangehrm-copyright-wrapper">
            <oxd-text tag="p" class="orangehrm-copyright">OrangeHRM OS 5.8.1</oxd-text>
<oxd-text tag="p" class="orangehrm-copyright">&copy; 2005 - 2026 <a href="http://www.orangehrm.com" target="_blank">OrangeHRM, Inc</a>. All rights reserved.</oxd-text>
        </div>
    </template>
    </auth-login>
    </div>
    <script type="text/javascript">
        window.appGlobal = {
          baseUrl: "/web/index.php",
          publicPath: "/web",
        };
    </script>
    <script src="/web/dist/js/chunk-vendors.js?v=1775433284510"></script>
    <script src="/web/dist/js/app.js?v=1775433284510"></script>
</body>
</html>

2026-06-01 22:00:11,513 - baseAutoHttp.py - INFO - 【01登录页面接口信息:login_api】接口调用结束

2026-06-01 22:00:11,513 - web_login_page.py - INFO - 【跨会话使用Token】断言成功
2026-06-01 22:00:11,513 - baseAutoHttp.py - INFO - 接口会话已关闭
2026-06-01 22:00:11,514 - test_web_ohrm.py - INFO - 【携带过期CSRF令牌】用例执行成功
2026-06-01 22:00:11,520 - baseUtils.py - INFO - 配置文件读取成功：E:\develop\PythonProject\OrangeHRM\Config\配置文件.ini
2026-06-01 22:00:11,520 - baseAutoHttp.py - INFO - 【01登录页面接口信息:login_api】接口调用开始
2026-06-01 22:00:11,521 - baseData.py - INFO - 动态参数替换成功：{'_token': 'qy1zra47skKCMPTHkAUw', 'username': 'admin', 'password': 'Keepmoving624.'}
2026-06-01 22:00:11,522 - baseAutoHttp.py - INFO - 请求方式: POST
2026-06-01 22:00:11,522 - baseAutoHttp.py - INFO - 请求地址: http://127.0.0.1:8080/web/index.php/auth/validate
2026-06-01 22:00:11,522 - baseAutoHttp.py - INFO - 请求头: {'User-Agent': 'Mozilla/5.0 (Windows NT 10.0; Win64; x64) AppleWebKit/537.36 (KHTML, like Gecko) Chrome/148.0.0.0 Safari/537.36', 'Content-Type': 'application/x-www-form-urlencoded'}
2026-06-01 22:00:11,522 - baseAutoHttp.py - INFO - 请求参数: params=None | data={'_token': 'qy1zra47skKCMPTHkAUw', 'username': 'admin', 'password': 'Keepmoving624.'} | json=None
2026-06-01 22:00:11,652 - baseAutoHttp.py - INFO - 响应状态码: 200
2026-06-01 22:00:11,652 - baseAutoHttp.py - INFO - 响应耗时: 0.070275s
2026-06-01 22:00:11,652 - baseAutoHttp.py - INFO - 响应文本: <!DOCTYPE html>
<html>
<head>
  <meta charset="UTF-8">
  <meta http-equiv="X-UA-Compatible" content="IE=edge">
  <meta name="viewport" content="width=device-width,initial-scale=1">
  <title>OrangeHRM</title>
      <link rel="icon" href="/web/dist/favicon.ico?v=1775433284510">
    <link href="/web/dist/css/chunk-vendors.css?v=1775433284510" rel="preload" as="style">
    <link href="/web/dist/css/app.css?v=1775433284510" rel="preload" as="style">
    <link href="/web/dist/js/chunk-vendors.js?v=1775433284510" rel="preload" as="script">
    <link href="/web/dist/js/app.js?v=1775433284510" rel="preload" as="script">
      <link href="/web/dist/css/chunk-vendors.css?v=1775433284510" rel="stylesheet"/>
    <link href="/web/dist/css/app.css?v=1775433284510" rel="stylesheet"/>
</head>
<body>
  <style>
    :root {
            --oxd-primary-one-color:#FF7B1D;
            --oxd-primary-font-color:#FFFFFF;
            --oxd-secondary-four-color:#76BC21;
            --oxd-secondary-font-color:#FFFFFF;
            --oxd-primary-gradient-start-color:#FF920B;
            --oxd-primary-gradient-end-color:#F35C17;
            --oxd-secondary-gradient-start-color:#FF920B;
            --oxd-secondary-gradient-end-color:#F35C17;
            --oxd-primary-one-lighten-5-color:#ff8a37;
            --oxd-primary-one-lighten-30-color:#ffd4b6;
            --oxd-primary-one-darken-5-color:#ff6c03;
            --oxd-primary-one-alpha-10-color:rgba(255, 123, 29, 0.1);
            --oxd-primary-one-alpha-15-color:rgba(255, 123, 29, 0.15);
            --oxd-primary-one-alpha-20-color:rgba(255, 123, 29, 0.2);
            --oxd-primary-one-alpha-50-color:rgba(255, 123, 29, 0.5);
            --oxd-secondary-four-lighten-5-color:#84d225;
            --oxd-secondary-four-darken-5-color:#68a61d;
            --oxd-secondary-four-alpha-10-color:rgba(118, 188, 33, 0.1);
            --oxd-secondary-four-alpha-15-color:rgba(118, 188, 33, 0.15);
            --oxd-secondary-four-alpha-20-color:rgba(118, 188, 33, 0.2);
            --oxd-secondary-four-alpha-50-color:rgba(118, 188, 33, 0.5);
        }
  </style>
    <noscript>
        <strong>
            We're sorry but orangehrm doesn't work properly without JavaScript enabled. Please enable it to continue.
        </strong>
    </noscript>

    <div id="app">
    <auth-login
            :error="{&quot;error&quot;:&quot;invalid_csrf_token&quot;,&quot;message&quot;:&quot;CSRF token validation failed&quot;}"
            :token="&quot;c2bf5707c4eec354bc45c6237b42.u38jzEBnu2kIrDEmEMFP9BTz8uQ83UWaUcttgJ3Vrx4.iDh7-QI46ytBnkh8Kagbt1LBnaNbhHOpO7Fd9LDtwGfsMFanL1LMBUvzUg&quot;"
            :login-logo-src="&quot;\/web\/images\/ohrm_logo.png&quot;"
            :login-banner-src="&quot;\/web\/images\/ohrm_branding.png?v=1775433284510&quot;"
            :show-social-media="true"
            :is-demo-mode="false"
            :authenticators="[]"
        >
    <template v-slot:footer>
        <div class="orangehrm-copyright-wrapper">
            <oxd-text tag="p" class="orangehrm-copyright">OrangeHRM OS 5.8.1</oxd-text>
<oxd-text tag="p" class="orangehrm-copyright">&copy; 2005 - 2026 <a href="http://www.orangehrm.com" target="_blank">OrangeHRM, Inc</a>. All rights reserved.</oxd-text>
        </div>
    </template>
    </auth-login>
    </div>
    <script type="text/javascript">
        window.appGlobal = {
          baseUrl: "/web/index.php",
          publicPath: "/web",
        };
    </script>
    <script src="/web/dist/js/chunk-vendors.js?v=1775433284510"></script>
    <script src="/web/dist/js/app.js?v=1775433284510"></script>
</body>
</html>

2026-06-01 22:00:11,652 - baseAutoHttp.py - INFO - 【01登录页面接口信息:login_api】接口调用结束

2026-06-01 22:00:11,652 - web_login_page.py - INFO - 【携带错误格式Token】断言成功
2026-06-01 22:00:11,652 - baseAutoHttp.py - INFO - 接口会话已关闭
2026-06-01 22:00:11,652 - test_web_ohrm.py - INFO - 【携带错误格式Token】用例执行成功
2026-06-01 22:00:11,660 - baseUtils.py - INFO - 配置文件读取成功：E:\develop\PythonProject\OrangeHRM\Config\配置文件.ini
2026-06-01 22:00:11,710 - baseAutoHttp.py - INFO - 【01登录页面接口信息:login_api】接口调用开始
2026-06-01 22:00:11,711 - baseData.py - INFO - 动态参数替换成功：{'_token': 'c2.QYi7Difmmu9GF3UkiSRmgGK7-YNy1VwHpU1ocpCEmik.OcSPVl6E17gIThNqsVxRyjeDqrEcoxB3kyBQJ6j3okUq6tJvEqCihBJcNA', 'username': 'wrong', 'password': 'wrong'}
2026-06-01 22:00:11,712 - baseAutoHttp.py - INFO - 请求方式: POST
2026-06-01 22:00:11,712 - baseAutoHttp.py - INFO - 请求地址: http://127.0.0.1:8080/web/index.php/auth/validate
2026-06-01 22:00:11,712 - baseAutoHttp.py - INFO - 请求头: {'User-Agent': 'Mozilla/5.0 (Windows NT 10.0; Win64; x64) AppleWebKit/537.36 (KHTML, like Gecko) Chrome/148.0.0.0 Safari/537.36', 'Content-Type': 'application/x-www-form-urlencoded'}
2026-06-01 22:00:11,712 - baseAutoHttp.py - INFO - 请求参数: params=None | data={'_token': 'c2.QYi7Difmmu9GF3UkiSRmgGK7-YNy1VwHpU1ocpCEmik.OcSPVl6E17gIThNqsVxRyjeDqrEcoxB3kyBQJ6j3okUq6tJvEqCihBJcNA', 'username': 'wrong', 'password': 'wrong'} | json=None
2026-06-01 22:00:11,823 - baseAutoHttp.py - INFO - 响应状态码: 200
2026-06-01 22:00:11,824 - baseAutoHttp.py - INFO - 响应耗时: 0.067495s
2026-06-01 22:00:11,824 - baseAutoHttp.py - INFO - 响应文本: <!DOCTYPE html>
<html>
<head>
  <meta charset="UTF-8">
  <meta http-equiv="X-UA-Compatible" content="IE=edge">
  <meta name="viewport" content="width=device-width,initial-scale=1">
  <title>OrangeHRM</title>
      <link rel="icon" href="/web/dist/favicon.ico?v=1775433284510">
    <link href="/web/dist/css/chunk-vendors.css?v=1775433284510" rel="preload" as="style">
    <link href="/web/dist/css/app.css?v=1775433284510" rel="preload" as="style">
    <link href="/web/dist/js/chunk-vendors.js?v=1775433284510" rel="preload" as="script">
    <link href="/web/dist/js/app.js?v=1775433284510" rel="preload" as="script">
      <link href="/web/dist/css/chunk-vendors.css?v=1775433284510" rel="stylesheet"/>
    <link href="/web/dist/css/app.css?v=1775433284510" rel="stylesheet"/>
</head>
<body>
  <style>
    :root {
            --oxd-primary-one-color:#FF7B1D;
            --oxd-primary-font-color:#FFFFFF;
            --oxd-secondary-four-color:#76BC21;
            --oxd-secondary-font-color:#FFFFFF;
            --oxd-primary-gradient-start-color:#FF920B;
            --oxd-primary-gradient-end-color:#F35C17;
            --oxd-secondary-gradient-start-color:#FF920B;
            --oxd-secondary-gradient-end-color:#F35C17;
            --oxd-primary-one-lighten-5-color:#ff8a37;
            --oxd-primary-one-lighten-30-color:#ffd4b6;
            --oxd-primary-one-darken-5-color:#ff6c03;
            --oxd-primary-one-alpha-10-color:rgba(255, 123, 29, 0.1);
            --oxd-primary-one-alpha-15-color:rgba(255, 123, 29, 0.15);
            --oxd-primary-one-alpha-20-color:rgba(255, 123, 29, 0.2);
            --oxd-primary-one-alpha-50-color:rgba(255, 123, 29, 0.5);
            --oxd-secondary-four-lighten-5-color:#84d225;
            --oxd-secondary-four-darken-5-color:#68a61d;
            --oxd-secondary-four-alpha-10-color:rgba(118, 188, 33, 0.1);
            --oxd-secondary-four-alpha-15-color:rgba(118, 188, 33, 0.15);
            --oxd-secondary-four-alpha-20-color:rgba(118, 188, 33, 0.2);
            --oxd-secondary-four-alpha-50-color:rgba(118, 188, 33, 0.5);
        }
  </style>
    <noscript>
        <strong>
            We're sorry but orangehrm doesn't work properly without JavaScript enabled. Please enable it to continue.
        </strong>
    </noscript>

    <div id="app">
    <auth-login
            :error="{&quot;error&quot;:&quot;invalid_credentials&quot;,&quot;message&quot;:&quot;Invalid credentials&quot;}"
            :token="&quot;abd6c7588869b462a5899eed446df30._liR34pdlcZoONkwbWc316UIkS8rfwDZ08TD6Qdcqf4.hhSlh_M_2JEmYb9-VR8AnfAwwh1FCUyp5an7vD8vkZKVOvi-vxutrTxzmA&quot;"
            :login-logo-src="&quot;\/web\/images\/ohrm_logo.png&quot;"
            :login-banner-src="&quot;\/web\/images\/ohrm_branding.png?v=1775433284510&quot;"
            :show-social-media="true"
            :is-demo-mode="false"
            :authenticators="[]"
        >
    <template v-slot:footer>
        <div class="orangehrm-copyright-wrapper">
            <oxd-text tag="p" class="orangehrm-copyright">OrangeHRM OS 5.8.1</oxd-text>
<oxd-text tag="p" class="orangehrm-copyright">&copy; 2005 - 2026 <a href="http://www.orangehrm.com" target="_blank">OrangeHRM, Inc</a>. All rights reserved.</oxd-text>
        </div>
    </template>
    </auth-login>
    </div>
    <script type="text/javascript">
        window.appGlobal = {
          baseUrl: "/web/index.php",
          publicPath: "/web",
        };
    </script>
    <script src="/web/dist/js/chunk-vendors.js?v=1775433284510"></script>
    <script src="/web/dist/js/app.js?v=1775433284510"></script>
</body>
</html>

2026-06-01 22:00:11,824 - baseAutoHttp.py - INFO - 【01登录页面接口信息:login_api】接口调用结束

2026-06-01 22:00:11,824 - web_login_page.py - INFO - 【wrong/wrong】断言成功
2026-06-01 22:00:11,824 - baseAutoHttp.py - INFO - 接口会话已关闭
2026-06-01 22:00:11,824 - test_web_ohrm.py - INFO - 【错误用户名/密码】用例执行成功
2026-06-01 22:00:11,831 - baseUtils.py - INFO - 配置文件读取成功：E:\develop\PythonProject\OrangeHRM\Config\配置文件.ini
2026-06-01 22:00:11,879 - baseAutoHttp.py - INFO - 【01登录页面接口信息:login_api】接口调用开始
2026-06-01 22:00:11,880 - baseData.py - INFO - 动态参数替换成功：{'_token': '0fc2007cea58e4.zTDQBgU4MA1EgONjUCNfXKqSeiUQNR_bfshDlPLDRok.mWmjdTYOZiAVt9oUB0IRG5jHDhVzXCbqDYEp-oKxA9GpWZF_Vw15fBTk1w', 'username': '', 'password': 'Keepmoving624.'}
2026-06-01 22:00:11,880 - baseAutoHttp.py - INFO - 请求方式: POST
2026-06-01 22:00:11,880 - baseAutoHttp.py - INFO - 请求地址: http://127.0.0.1:8080/web/index.php/auth/validate
2026-06-01 22:00:11,880 - baseAutoHttp.py - INFO - 请求头: {'User-Agent': 'Mozilla/5.0 (Windows NT 10.0; Win64; x64) AppleWebKit/537.36 (KHTML, like Gecko) Chrome/148.0.0.0 Safari/537.36', 'Content-Type': 'application/x-www-form-urlencoded'}
2026-06-01 22:00:11,881 - baseAutoHttp.py - INFO - 请求参数: params=None | data={'_token': '0fc2007cea58e4.zTDQBgU4MA1EgONjUCNfXKqSeiUQNR_bfshDlPLDRok.mWmjdTYOZiAVt9oUB0IRG5jHDhVzXCbqDYEp-oKxA9GpWZF_Vw15fBTk1w', 'username': '', 'password': 'Keepmoving624.'} | json=None
2026-06-01 22:00:11,985 - baseAutoHttp.py - INFO - 响应状态码: 200
2026-06-01 22:00:11,985 - baseAutoHttp.py - INFO - 响应耗时: 0.044522s
2026-06-01 22:00:11,985 - baseAutoHttp.py - INFO - 响应文本: <!DOCTYPE html>
<html>
<head>
  <meta charset="UTF-8">
  <meta http-equiv="X-UA-Compatible" content="IE=edge">
  <meta name="viewport" content="width=device-width,initial-scale=1">
  <title>OrangeHRM</title>
      <link rel="icon" href="/web/dist/favicon.ico?v=1775433284510">
    <link href="/web/dist/css/chunk-vendors.css?v=1775433284510" rel="preload" as="style">
    <link href="/web/dist/css/app.css?v=1775433284510" rel="preload" as="style">
    <link href="/web/dist/js/chunk-vendors.js?v=1775433284510" rel="preload" as="script">
    <link href="/web/dist/js/app.js?v=1775433284510" rel="preload" as="script">
      <link href="/web/dist/css/chunk-vendors.css?v=1775433284510" rel="stylesheet"/>
    <link href="/web/dist/css/app.css?v=1775433284510" rel="stylesheet"/>
</head>
<body>
  <style>
    :root {
            --oxd-primary-one-color:#FF7B1D;
            --oxd-primary-font-color:#FFFFFF;
            --oxd-secondary-four-color:#76BC21;
            --oxd-secondary-font-color:#FFFFFF;
            --oxd-primary-gradient-start-color:#FF920B;
            --oxd-primary-gradient-end-color:#F35C17;
            --oxd-secondary-gradient-start-color:#FF920B;
            --oxd-secondary-gradient-end-color:#F35C17;
            --oxd-primary-one-lighten-5-color:#ff8a37;
            --oxd-primary-one-lighten-30-color:#ffd4b6;
            --oxd-primary-one-darken-5-color:#ff6c03;
            --oxd-primary-one-alpha-10-color:rgba(255, 123, 29, 0.1);
            --oxd-primary-one-alpha-15-color:rgba(255, 123, 29, 0.15);
            --oxd-primary-one-alpha-20-color:rgba(255, 123, 29, 0.2);
            --oxd-primary-one-alpha-50-color:rgba(255, 123, 29, 0.5);
            --oxd-secondary-four-lighten-5-color:#84d225;
            --oxd-secondary-four-darken-5-color:#68a61d;
            --oxd-secondary-four-alpha-10-color:rgba(118, 188, 33, 0.1);
            --oxd-secondary-four-alpha-15-color:rgba(118, 188, 33, 0.15);
            --oxd-secondary-four-alpha-20-color:rgba(118, 188, 33, 0.2);
            --oxd-secondary-four-alpha-50-color:rgba(118, 188, 33, 0.5);
        }
  </style>
    <noscript>
        <strong>
            We're sorry but orangehrm doesn't work properly without JavaScript enabled. Please enable it to continue.
        </strong>
    </noscript>

    <div id="app">
    <auth-login
            :error="{&quot;error&quot;:&quot;invalid_credentials&quot;,&quot;message&quot;:&quot;Invalid credentials&quot;}"
            :token="&quot;3122258da2.qanE3kcO0FYCtoanDVLQwqmyMjGhvEXdgiLW6yK5-Ug._fC3rXQ4hntTgb_QWjOehZvnRgHC1Xzs8Wu8hVLLvBDNwIWnFTuZJ1LSsg&quot;"
            :login-logo-src="&quot;\/web\/images\/ohrm_logo.png&quot;"
            :login-banner-src="&quot;\/web\/images\/ohrm_branding.png?v=1775433284510&quot;"
            :show-social-media="true"
            :is-demo-mode="false"
            :authenticators="[]"
        >
    <template v-slot:footer>
        <div class="orangehrm-copyright-wrapper">
            <oxd-text tag="p" class="orangehrm-copyright">OrangeHRM OS 5.8.1</oxd-text>
<oxd-text tag="p" class="orangehrm-copyright">&copy; 2005 - 2026 <a href="http://www.orangehrm.com" target="_blank">OrangeHRM, Inc</a>. All rights reserved.</oxd-text>
        </div>
    </template>
    </auth-login>
    </div>
    <script type="text/javascript">
        window.appGlobal = {
          baseUrl: "/web/index.php",
          publicPath: "/web",
        };
    </script>
    <script src="/web/dist/js/chunk-vendors.js?v=1775433284510"></script>
    <script src="/web/dist/js/app.js?v=1775433284510"></script>
</body>
</html>

2026-06-01 22:00:11,986 - baseAutoHttp.py - INFO - 【01登录页面接口信息:login_api】接口调用结束

2026-06-01 22:00:11,986 - web_login_page.py - INFO - 【空用户名/Keepmoving624.】断言成功
2026-06-01 22:00:11,986 - baseAutoHttp.py - INFO - 接口会话已关闭
2026-06-01 22:00:11,986 - test_web_ohrm.py - INFO - 【用户名为空】用例执行成功
2026-06-01 22:00:11,992 - baseUtils.py - INFO - 配置文件读取成功：E:\develop\PythonProject\OrangeHRM\Config\配置文件.ini
2026-06-01 22:00:12,042 - baseAutoHttp.py - INFO - 【01登录页面接口信息:login_api】接口调用开始
2026-06-01 22:00:12,043 - baseData.py - INFO - 动态参数替换成功：{'_token': '85872f94778.CjKkmnusf2vmTVOtNfZEiKJ_IWd7VWQLs9V3uTbX6ak.eF_s4DPcFgXTein0UsFz65sTEjEXNlZO54UE0H-jpJ1BQJfACZkSJdcvYw', 'username': 'admin', 'password': ''}
2026-06-01 22:00:12,044 - baseAutoHttp.py - INFO - 请求方式: POST
2026-06-01 22:00:12,044 - baseAutoHttp.py - INFO - 请求地址: http://127.0.0.1:8080/web/index.php/auth/validate
2026-06-01 22:00:12,044 - baseAutoHttp.py - INFO - 请求头: {'User-Agent': 'Mozilla/5.0 (Windows NT 10.0; Win64; x64) AppleWebKit/537.36 (KHTML, like Gecko) Chrome/148.0.0.0 Safari/537.36', 'Content-Type': 'application/x-www-form-urlencoded'}
2026-06-01 22:00:12,044 - baseAutoHttp.py - INFO - 请求参数: params=None | data={'_token': '85872f94778.CjKkmnusf2vmTVOtNfZEiKJ_IWd7VWQLs9V3uTbX6ak.eF_s4DPcFgXTein0UsFz65sTEjEXNlZO54UE0H-jpJ1BQJfACZkSJdcvYw', 'username': 'admin', 'password': ''} | json=None
2026-06-01 22:00:12,338 - baseAutoHttp.py - INFO - 响应状态码: 200
2026-06-01 22:00:12,338 - baseAutoHttp.py - INFO - 响应耗时: 0.067526s
2026-06-01 22:00:12,338 - baseAutoHttp.py - INFO - 响应文本: <!DOCTYPE html>
<html>
<head>
  <meta charset="UTF-8">
  <meta http-equiv="X-UA-Compatible" content="IE=edge">
  <meta name="viewport" content="width=device-width,initial-scale=1">
  <title>OrangeHRM</title>
      <link rel="icon" href="/web/dist/favicon.ico?v=1775433284510">
    <link href="/web/dist/css/chunk-vendors.css?v=1775433284510" rel="preload" as="style">
    <link href="/web/dist/css/app.css?v=1775433284510" rel="preload" as="style">
    <link href="/web/dist/js/chunk-vendors.js?v=1775433284510" rel="preload" as="script">
    <link href="/web/dist/js/app.js?v=1775433284510" rel="preload" as="script">
      <link href="/web/dist/css/chunk-vendors.css?v=1775433284510" rel="stylesheet"/>
    <link href="/web/dist/css/app.css?v=1775433284510" rel="stylesheet"/>
</head>
<body>
  <style>
    :root {
            --oxd-primary-one-color:#FF7B1D;
            --oxd-primary-font-color:#FFFFFF;
            --oxd-secondary-four-color:#76BC21;
            --oxd-secondary-font-color:#FFFFFF;
            --oxd-primary-gradient-start-color:#FF920B;
            --oxd-primary-gradient-end-color:#F35C17;
            --oxd-secondary-gradient-start-color:#FF920B;
            --oxd-secondary-gradient-end-color:#F35C17;
            --oxd-primary-one-lighten-5-color:#ff8a37;
            --oxd-primary-one-lighten-30-color:#ffd4b6;
            --oxd-primary-one-darken-5-color:#ff6c03;
            --oxd-primary-one-alpha-10-color:rgba(255, 123, 29, 0.1);
            --oxd-primary-one-alpha-15-color:rgba(255, 123, 29, 0.15);
            --oxd-primary-one-alpha-20-color:rgba(255, 123, 29, 0.2);
            --oxd-primary-one-alpha-50-color:rgba(255, 123, 29, 0.5);
            --oxd-secondary-four-lighten-5-color:#84d225;
            --oxd-secondary-four-darken-5-color:#68a61d;
            --oxd-secondary-four-alpha-10-color:rgba(118, 188, 33, 0.1);
            --oxd-secondary-four-alpha-15-color:rgba(118, 188, 33, 0.15);
            --oxd-secondary-four-alpha-20-color:rgba(118, 188, 33, 0.2);
            --oxd-secondary-four-alpha-50-color:rgba(118, 188, 33, 0.5);
        }
  </style>
    <noscript>
        <strong>
            We're sorry but orangehrm doesn't work properly without JavaScript enabled. Please enable it to continue.
        </strong>
    </noscript>

    <div id="app">
    <auth-login
            :error="{&quot;error&quot;:&quot;invalid_credentials&quot;,&quot;message&quot;:&quot;Invalid credentials&quot;}"
            :token="&quot;27556912674a1cfe.701ArqcLJOcPfaFl3e1FL_1A0Rs_ER4o2YwC_fVsi-Y.nSAI1O97TYk6Sts8utpyTMQs4k1TcixtjdxxlLwYxtKkP3P01T5JqT4fkQ&quot;"
            :login-logo-src="&quot;\/web\/images\/ohrm_logo.png&quot;"
            :login-banner-src="&quot;\/web\/images\/ohrm_branding.png?v=1775433284510&quot;"
            :show-social-media="true"
            :is-demo-mode="false"
            :authenticators="[]"
        >
    <template v-slot:footer>
        <div class="orangehrm-copyright-wrapper">
            <oxd-text tag="p" class="orangehrm-copyright">OrangeHRM OS 5.8.1</oxd-text>
<oxd-text tag="p" class="orangehrm-copyright">&copy; 2005 - 2026 <a href="http://www.orangehrm.com" target="_blank">OrangeHRM, Inc</a>. All rights reserved.</oxd-text>
        </div>
    </template>
    </auth-login>
    </div>
    <script type="text/javascript">
        window.appGlobal = {
          baseUrl: "/web/index.php",
          publicPath: "/web",
        };
    </script>
    <script src="/web/dist/js/chunk-vendors.js?v=1775433284510"></script>
    <script src="/web/dist/js/app.js?v=1775433284510"></script>
</body>
</html>

2026-06-01 22:00:12,339 - baseAutoHttp.py - INFO - 【01登录页面接口信息:login_api】接口调用结束

2026-06-01 22:00:12,339 - web_login_page.py - INFO - 【admin/空密码】断言成功
2026-06-01 22:00:12,339 - baseAutoHttp.py - INFO - 接口会话已关闭
2026-06-01 22:00:12,339 - test_web_ohrm.py - INFO - 【密码为空】用例执行成功
2026-06-01 22:00:12,750 - baseDB.py - INFO - ✅ MySQL 数据库连接成功
2026-06-01 22:00:12,751 - conftest - INFO - ✅ conftest: 获取数据库连接（MysqlHelp）
2026-06-01 22:00:12,753 - baseUtils.py - INFO - 配置文件读取成功：E:\develop\PythonProject\OrangeHRM\Config\配置文件.ini
2026-06-01 22:00:13,207 - baseUtils.py - INFO - 配置文件读取成功：E:\develop\PythonProject\OrangeHRM\Config\配置文件.ini
2026-06-01 22:00:13,271 - baseUtils.py - INFO - 配置文件读取成功：E:\develop\PythonProject\OrangeHRM\Config\配置文件.ini
2026-06-01 22:00:13,335 - baseUtils.py - INFO - 配置文件读取成功：E:\develop\PythonProject\OrangeHRM\Config\配置文件.ini
2026-06-01 22:00:13,426 - baseAutoHttp.py - INFO - 【03查询员工页面:select_employee】接口调用开始
2026-06-01 22:00:13,428 - baseAutoHttp.py - INFO - 请求方式: GET
2026-06-01 22:00:13,428 - baseAutoHttp.py - INFO - 请求地址: http://127.0.0.1:8080/web/index.php/api/v2/pim/employees
2026-06-01 22:00:13,429 - baseAutoHttp.py - INFO - 请求头: {'User-Agent': 'Mozilla/5.0 (Windows NT 10.0; Win64; x64) AppleWebKit/537.36 (KHTML, like Gecko) Chrome/148.0.0.0 Safari/537.36'}
2026-06-01 22:00:13,429 - baseAutoHttp.py - INFO - 请求参数: params={'limit': '50', 'offset': '0', 'model': 'detailed', 'includeEmployees': 'onlyCurrent', 'sortField': 'employee.firstName', 'sortOrder': 'ASC'} | data=None | json=None
2026-06-01 22:00:13,528 - baseAutoHttp.py - INFO - 响应状态码: 200
2026-06-01 22:00:13,528 - baseAutoHttp.py - INFO - 响应耗时: 0.098156s
2026-06-01 22:00:13,528 - baseAutoHttp.py - INFO - 响应JSON: {'data': [{'empNumber': 2, 'lastName': 'oo', 'firstName': 'hh', 'middleName': '', 'employeeId': '0002', 'terminationId': None, 'jobTitle': {'id': None, 'title': None, 'isDeleted': None}, 'subunit': {'id': None, 'name': None}, 'empStatus': {'id': None, 'name': None}, 'supervisors': []}, {'empNumber': 5, 'lastName': 'Doe', 'firstName': 'John', 'middleName': '', 'employeeId': '1001', 'terminationId': None, 'jobTitle': {'id': None, 'title': None, 'isDeleted': None}, 'subunit': {'id': None, 'name': None}, 'empStatus': {'id': None, 'name': None}, 'supervisors': []}, {'empNumber': 6, 'lastName': 'pp', 'firstName': 'kk', 'middleName': '', 'employeeId': '1002', 'terminationId': None, 'jobTitle': {'id': None, 'title': None, 'isDeleted': None}, 'subunit': {'id': None, 'name': None}, 'empStatus': {'id': None, 'name': None}, 'supervisors': []}, {'empNumber': 14, 'lastName': 'll', 'firstName': 'kk', 'middleName': '', 'employeeId': '0014', 'terminationId': None, 'jobTitle': {'id': None, 'title': None, 'isDeleted': None}, 'subunit': {'id': None, 'name': None}, 'empStatus': {'id': None, 'name': None}, 'supervisors': []}, {'empNumber': 16, 'lastName': 'pp', 'firstName': 'ww', 'middleName': '', 'employeeId': '0016', 'terminationId': None, 'jobTitle': {'id': None, 'title': None, 'isDeleted': None}, 'subunit': {'id': None, 'name': None}, 'empStatus': {'id': None, 'name': None}, 'supervisors': []}, {'empNumber': 17, 'lastName': 'ss', 'firstName': 'zz', 'middleName': '', 'employeeId': '1009', 'terminationId': None, 'jobTitle': {'id': None, 'title': None, 'isDeleted': None}, 'subunit': {'id': None, 'name': None}, 'empStatus': {'id': None, 'name': None}, 'supervisors': []}, {'empNumber': 1, 'lastName': '安', 'firstName': '谢', 'middleName': '', 'employeeId': '0001', 'terminationId': None, 'jobTitle': {'id': None, 'title': None, 'isDeleted': None}, 'subunit': {'id': None, 'name': None}, 'empStatus': {'id': None, 'name': None}, 'supervisors': []}], 'meta': {'total': 7}, 'rels': []}
2026-06-01 22:00:13,528 - baseAutoHttp.py - INFO - 【03查询员工页面:select_employee】接口调用结束

2026-06-01 22:00:13,529 - test_web_ohrm.py - INFO - ☑️ 查询员工列表成功，返回 7 条
2026-06-01 22:00:13,534 - baseUtils.py - INFO - 配置文件读取成功：E:\develop\PythonProject\OrangeHRM\Config\配置文件.ini
2026-06-01 22:00:13,535 - baseAutoHttp.py - INFO - 【03查询员工页面:select_query】接口调用开始
2026-06-01 22:00:13,537 - baseData.py - INFO - 动态参数替换成功：{'employeeId': '1001'}
2026-06-01 22:00:13,537 - baseAutoHttp.py - INFO - 请求方式: GET
2026-06-01 22:00:13,537 - baseAutoHttp.py - INFO - 请求地址: http://127.0.0.1:8080/web/index.php/api/v2/pim/employees
2026-06-01 22:00:13,537 - baseAutoHttp.py - INFO - 请求头: {'User-Agent': 'Mozilla/5.0 (Windows NT 10.0; Win64; x64) AppleWebKit/537.36 (KHTML, like Gecko) Chrome/148.0.0.0 Safari/537.36', 'Referer': 'http://127.0.0.1:8080/web/index.php/pim/viewEmployeeList'}
2026-06-01 22:00:13,537 - baseAutoHttp.py - INFO - 请求参数: params={'limit': '50', 'offset': '0', 'model': 'detailed', 'employeeId': '1001', 'includeEmployees': 'onlyCurrent', 'sortField': 'employee.firstName', 'sortOrder': 'ASC'} | data=None | json=None
2026-06-01 22:00:13,617 - baseAutoHttp.py - INFO - 响应状态码: 200
2026-06-01 22:00:13,618 - baseAutoHttp.py - INFO - 响应耗时: 0.079277s
2026-06-01 22:00:13,618 - baseAutoHttp.py - INFO - 响应JSON: {'data': [{'empNumber': 5, 'lastName': 'Doe', 'firstName': 'John', 'middleName': '', 'employeeId': '1001', 'terminationId': None, 'jobTitle': {'id': None, 'title': None, 'isDeleted': None}, 'subunit': {'id': None, 'name': None}, 'empStatus': {'id': None, 'name': None}, 'supervisors': []}], 'meta': {'total': 1}, 'rels': []}
2026-06-01 22:00:13,618 - baseAutoHttp.py - INFO - 【03查询员工页面:select_query】接口调用结束

2026-06-01 22:00:13,618 - test_web_ohrm.py - INFO - ☑️【指定查询用例】执行完毕
2026-06-01 22:00:13,625 - baseUtils.py - INFO - 配置文件读取成功：E:\develop\PythonProject\OrangeHRM\Config\配置文件.ini
2026-06-01 22:00:13,625 - baseAutoHttp.py - INFO - 【03查询员工页面:select_query】接口调用开始
2026-06-01 22:00:13,627 - baseData.py - INFO - 动态参数替换成功：{'employeeId': '9999'}
2026-06-01 22:00:13,627 - baseAutoHttp.py - INFO - 请求方式: GET
2026-06-01 22:00:13,627 - baseAutoHttp.py - INFO - 请求地址: http://127.0.0.1:8080/web/index.php/api/v2/pim/employees
2026-06-01 22:00:13,627 - baseAutoHttp.py - INFO - 请求头: {'User-Agent': 'Mozilla/5.0 (Windows NT 10.0; Win64; x64) AppleWebKit/537.36 (KHTML, like Gecko) Chrome/148.0.0.0 Safari/537.36', 'Referer': 'http://127.0.0.1:8080/web/index.php/pim/viewEmployeeList'}
2026-06-01 22:00:13,627 - baseAutoHttp.py - INFO - 请求参数: params={'limit': '50', 'offset': '0', 'model': 'detailed', 'employeeId': '9999', 'includeEmployees': 'onlyCurrent', 'sortField': 'employee.firstName', 'sortOrder': 'ASC'} | data=None | json=None
2026-06-01 22:00:13,706 - baseAutoHttp.py - INFO - 响应状态码: 200
2026-06-01 22:00:13,707 - baseAutoHttp.py - INFO - 响应耗时: 0.078044s
2026-06-01 22:00:13,707 - baseAutoHttp.py - INFO - 响应JSON: {'data': [], 'meta': {'total': 0}, 'rels': []}
2026-06-01 22:00:13,707 - baseAutoHttp.py - INFO - 【03查询员工页面:select_query】接口调用结束

2026-06-01 22:00:13,707 - test_web_ohrm.py - INFO - ☑️【指定查询用例】执行完毕
2026-06-01 22:00:13,714 - baseUtils.py - INFO - 配置文件读取成功：E:\develop\PythonProject\OrangeHRM\Config\配置文件.ini
2026-06-01 22:00:13,723 - baseDB.py - INFO - ✅ MySQL 数据库连接成功
2026-06-01 22:00:13,725 - baseAutoHttp.py - INFO - 【04更新员工:update_employee】接口调用开始
2026-06-01 22:00:13,727 - baseData.py - INFO - 动态参数替换成功：{'firstName': 'John', 'lastName': 'Doe', 'employeeId': '1001'}
2026-06-01 22:00:13,727 - baseAutoHttp.py - INFO - 请求方式: PUT
2026-06-01 22:00:13,727 - baseAutoHttp.py - INFO - 请求地址: http://127.0.0.1:8080/web/index.php/api/v2/pim/employees/5/personal-details
2026-06-01 22:00:13,727 - baseAutoHttp.py - INFO - 请求头: {'User-Agent': 'Mozilla/5.0 (Windows NT 10.0; Win64; x64) AppleWebKit/537.36 (KHTML, like Gecko) Chrome/148.0.0.0 Safari/537.36', 'Content-Type': 'application/json', 'Referer': 'http://127.0.0.1:8080/web/index.php/pim/viewPersonalDetails/empNumber/5', 'Origin': 'http://127.0.0.1:8080'}
2026-06-01 22:00:13,727 - baseAutoHttp.py - INFO - 请求参数: params=None | data=None | json={'birthday': None, 'drivingLicenseExpiredDate': None, 'drivingLicenseNo': None, 'employeeId': '1001', 'firstName': 'John', 'gender': None, 'lastName': 'Doe', 'middleName': None, 'otherId': None}
2026-06-01 22:00:13,801 - baseAutoHttp.py - INFO - 响应状态码: 500
2026-06-01 22:00:13,801 - baseAutoHttp.py - INFO - 响应耗时: 0.072938s
2026-06-01 22:00:13,802 - baseAutoHttp.py - INFO - 响应JSON: {'error': {'status': '500', 'message': 'Unexpected Error Occurred'}}
2026-06-01 22:00:13,802 - baseAutoHttp.py - INFO - 【04更新员工:update_employee】接口调用结束

2026-06-01 22:00:13,832 - baseDB.py - INFO - ✅ MySQL 数据库连接成功
2026-06-01 22:00:13,836 - baseDB.py - INFO - ✅ MySQL 执行成功，事务已提交
2026-06-01 22:00:13,836 - baseDB.py - INFO - 🔌 MySQL 连接已关闭
2026-06-01 22:00:13,862 - baseDB.py - INFO - ✅ MySQL 数据库连接成功
2026-06-01 22:00:13,877 - baseUtils.py - INFO - 配置文件读取成功：E:\develop\PythonProject\OrangeHRM\Config\配置文件.ini
2026-06-01 22:00:13,878 - baseUtils.py - INFO - 配置文件读取成功：E:\develop\PythonProject\OrangeHRM\Config\配置文件.ini
2026-06-01 22:00:13,878 - baseAutoHttp.py - INFO - 【03查询员工页面:select_query】接口调用开始
2026-06-01 22:00:13,880 - baseData.py - INFO - 动态参数替换成功：{'employeeId': '0004'}
2026-06-01 22:00:13,880 - baseAutoHttp.py - INFO - 请求方式: GET
2026-06-01 22:00:13,880 - baseAutoHttp.py - INFO - 请求地址: http://127.0.0.1:8080/web/index.php/api/v2/pim/employees
2026-06-01 22:00:13,880 - baseAutoHttp.py - INFO - 请求头: {'User-Agent': 'Mozilla/5.0 (Windows NT 10.0; Win64; x64) AppleWebKit/537.36 (KHTML, like Gecko) Chrome/148.0.0.0 Safari/537.36', 'Referer': 'http://127.0.0.1:8080/web/index.php/pim/viewEmployeeList'}
2026-06-01 22:00:13,881 - baseAutoHttp.py - INFO - 请求参数: params={'limit': '50', 'offset': '0', 'model': 'detailed', 'employeeId': '0004', 'includeEmployees': 'onlyCurrent', 'sortField': 'employee.firstName', 'sortOrder': 'ASC'} | data=None | json=None
2026-06-01 22:00:13,961 - baseAutoHttp.py - INFO - 响应状态码: 200
2026-06-01 22:00:13,961 - baseAutoHttp.py - INFO - 响应耗时: 0.079093s
2026-06-01 22:00:13,961 - baseAutoHttp.py - INFO - 响应JSON: {'data': [], 'meta': {'total': 0}, 'rels': []}
2026-06-01 22:00:13,961 - baseAutoHttp.py - INFO - 【03查询员工页面:select_query】接口调用结束

2026-06-01 22:00:13,986 - baseDB.py - INFO - ✅ MySQL 数据库连接成功
2026-06-01 22:00:14,001 - baseUtils.py - INFO - 配置文件读取成功：E:\develop\PythonProject\OrangeHRM\Config\配置文件.ini
2026-06-01 22:00:14,002 - baseUtils.py - INFO - 配置文件读取成功：E:\develop\PythonProject\OrangeHRM\Config\配置文件.ini
2026-06-01 22:00:14,002 - baseAutoHttp.py - INFO - 【03查询员工页面:select_query】接口调用开始
2026-06-01 22:00:14,004 - baseData.py - INFO - 动态参数替换成功：{'employeeId': '9999'}
2026-06-01 22:00:14,004 - baseAutoHttp.py - INFO - 请求方式: GET
2026-06-01 22:00:14,004 - baseAutoHttp.py - INFO - 请求地址: http://127.0.0.1:8080/web/index.php/api/v2/pim/employees
2026-06-01 22:00:14,005 - baseAutoHttp.py - INFO - 请求头: {'User-Agent': 'Mozilla/5.0 (Windows NT 10.0; Win64; x64) AppleWebKit/537.36 (KHTML, like Gecko) Chrome/148.0.0.0 Safari/537.36', 'Referer': 'http://127.0.0.1:8080/web/index.php/pim/viewEmployeeList'}
2026-06-01 22:00:14,005 - baseAutoHttp.py - INFO - 请求参数: params={'limit': '50', 'offset': '0', 'model': 'detailed', 'employeeId': '9999', 'includeEmployees': 'onlyCurrent', 'sortField': 'employee.firstName', 'sortOrder': 'ASC'} | data=None | json=None
2026-06-01 22:00:14,077 - baseAutoHttp.py - INFO - 响应状态码: 200
2026-06-01 22:00:14,077 - baseAutoHttp.py - INFO - 响应耗时: 0.071375s
2026-06-01 22:00:14,077 - baseAutoHttp.py - INFO - 响应JSON: {'data': [], 'meta': {'total': 0}, 'rels': []}
2026-06-01 22:00:14,077 - baseAutoHttp.py - INFO - 【03查询员工页面:select_query】接口调用结束

2026-06-01 22:00:14,085 - baseDB.py - INFO - ✅ MySQL 数据库连接成功
2026-06-01 22:00:14,088 - test_web_ohrm.py - INFO - ☑️【删除员工】用例执行成功
2026-06-01 22:00:14,095 - baseUtils.py - INFO - 配置文件读取成功：E:\develop\PythonProject\OrangeHRM\Config\配置文件.ini
2026-06-01 22:00:14,095 - baseAutoHttp.py - INFO - 【06未登录访问员工接口:employee】接口调用开始
2026-06-01 22:00:14,097 - baseAutoHttp.py - INFO - 请求方式: GET
2026-06-01 22:00:14,097 - baseAutoHttp.py - INFO - 请求地址: http://127.0.0.1:8080/web/index.php/pim/viewEmployeeList
2026-06-01 22:00:14,097 - baseAutoHttp.py - INFO - 请求头: {'User-Agent': 'Mozilla/5.0 (Windows NT 10.0; Win64; x64) AppleWebKit/537.36 (KHTML, like Gecko) Chrome/148.0.0.0 Safari/537.36'}
2026-06-01 22:00:14,097 - baseAutoHttp.py - INFO - 请求参数: params={'includeEmployees': 'onlyCurrent', 'limit': '50', 'model': 'detailed', 'offset': '0', 'sortField': 'employee.firstName', 'sortOrder': 'ASC'} | data=None | json=None
2026-06-01 22:00:14,157 - baseAutoHttp.py - INFO - 响应状态码: 302
2026-06-01 22:00:14,157 - baseAutoHttp.py - INFO - 响应耗时: 0.058768s
2026-06-01 22:00:14,157 - baseAutoHttp.py - INFO - 响应文本: <!DOCTYPE html>
<html>
    <head>
        <meta charset="UTF-8" />
        <meta http-equiv="refresh" content="0;url='http://127.0.0.1:8080/web/index.php/auth/login'" />

        <title>Redirecting to http://127.0.0.1:8080/web/index.php/auth/login</title>
    </head>
    <body>
        Redirecting to <a href="http://127.0.0.1:8080/web/index.php/auth/login">http://127.0.0.1:8080/web/index.php/auth/login</a>.
    </body>
</html>
2026-06-01 22:00:14,157 - baseAutoHttp.py - INFO - 【06未登录访问员工接口:employee】接口调用结束

2026-06-01 22:00:14,557 - baseUtils.py - INFO - 配置文件读取成功：E:\develop\PythonProject\OrangeHRM\Config\配置文件.ini
2026-06-01 22:00:14,557 - baseAutoHttp.py - INFO - 【07非管理员登录:employee_login】接口调用开始
2026-06-01 22:00:14,559 - baseData.py - INFO - 动态参数替换成功：{'firstName': 'cc', 'lastName': 'dd', 'employeeId': '1010'}
2026-06-01 22:00:14,559 - baseAutoHttp.py - INFO - 请求方式: POST
2026-06-01 22:00:14,559 - baseAutoHttp.py - INFO - 请求地址: http://127.0.0.1:8080/web/index.php/api/v2/pim/employees
2026-06-01 22:00:14,559 - baseAutoHttp.py - INFO - 请求头: {'User-Agent': 'Mozilla/5.0 (Windows NT 10.0; Win64; x64) AppleWebKit/537.36 (KHTML, like Gecko) Chrome/148.0.0.0 Safari/537.36', 'Content-Type': 'application/json', 'Origin': 'http://127.0.0.1:8080', 'Referer': 'http://127.0.0.1:8080/web/index.php/pim/addEmployee'}
2026-06-01 22:00:14,559 - baseAutoHttp.py - INFO - 请求参数: params=None | data=None | json={'employeeId': '1010', 'empPicture': None, 'firstName': 'cc', 'lastName': 'dd', 'middleName': None}
2026-06-01 22:00:14,623 - baseAutoHttp.py - INFO - 响应状态码: 403
2026-06-01 22:00:14,623 - baseAutoHttp.py - INFO - 响应耗时: 0.063074s
2026-06-01 22:00:14,623 - baseAutoHttp.py - INFO - 响应JSON: {'error': {'status': 403, 'message': 'Unauthorized'}}
2026-06-01 22:00:14,623 - baseAutoHttp.py - INFO - 【07非管理员登录:employee_login】接口调用结束

2026-06-01 22:00:14,623 - test_web_ohrm.py - INFO - ☑️【非管理员账号操作员工】用例执行成功
2026-06-01 22:00:26,776 - runClient.py - INFO - ✅ Allure报告生成完成：E:\develop\PythonProject\OrangeHRM\Reports\ALLURE\Report
2026-06-01 22:00:26,778 - runClient.py - INFO - 🧹 未发邮件，清理旧文件：E:\develop\PythonProject\OrangeHRM\Reports\ALLURE\allure_report.zip
2026-06-01 22:00:26,801 - baseUtils.py - INFO - 目录文件清空完成：E:\develop\PythonProject\OrangeHRM\Reports\ALLURE\Result
2026-06-01 22:00:26,801 - runClient.py - INFO - 🎉 自动化测试执行完毕！
2026-06-01 22:01:02,178 - baseUtils.py - INFO - 配置文件读取成功：E:\develop\PythonProject\OrangeHRM\Config\配置文件.ini
2026-06-01 22:01:02,178 - globalManager.py - INFO - 全局变量管理器初始化成功
2026-06-01 22:01:02,860 - baseUtils.py - INFO - 配置文件读取成功：E:\develop\PythonProject\OrangeHRM\Config\配置文件.ini
2026-06-01 22:01:02,861 - globalManager.py - INFO - 全局变量管理器初始化成功
2026-06-01 22:01:02,874 - runClient.py - INFO - 🔍 正在收集测试用例，请稍候...
2026-06-01 22:01:03,563 - baseUtils.py - INFO - 配置文件读取成功：E:\develop\PythonProject\OrangeHRM\Config\配置文件.ini
2026-06-01 22:01:03,564 - globalManager.py - INFO - 全局变量管理器初始化成功
2026-06-01 22:01:03,789 - baseUtils.py - INFO - 配置文件读取成功：E:\develop\PythonProject\OrangeHRM\Config\配置文件.ini
2026-06-01 22:01:03,927 - baseUtils.py - INFO - 配置文件读取成功：E:\develop\PythonProject\OrangeHRM\Config\配置文件.ini
2026-06-01 22:01:03,928 - baseUtils.py - INFO - 配置文件读取成功：E:\develop\PythonProject\OrangeHRM\Config\配置文件.ini
2026-06-01 22:01:04,184 - baseUtils.py - INFO - 配置文件读取成功：E:\develop\PythonProject\OrangeHRM\Config\配置文件.ini
2026-06-01 22:01:04,185 - baseData.py - INFO - 数据驱动读取成功：01登录接口
2026-06-01 22:01:04,186 - baseUtils.py - INFO - 配置文件读取成功：E:\develop\PythonProject\OrangeHRM\Config\配置文件.ini
2026-06-01 22:01:04,187 - baseData.py - INFO - 数据驱动读取成功：02添加员工接口
2026-06-01 22:01:04,188 - baseUtils.py - INFO - 配置文件读取成功：E:\develop\PythonProject\OrangeHRM\Config\配置文件.ini
2026-06-01 22:01:04,189 - baseData.py - INFO - 数据驱动读取成功：03指定查询
2026-06-01 22:01:04,190 - baseUtils.py - INFO - 配置文件读取成功：E:\develop\PythonProject\OrangeHRM\Config\配置文件.ini
2026-06-01 22:01:04,191 - baseData.py - INFO - 数据驱动读取成功：04删除员工
2026-06-01 22:01:04,197 - baseYaml.py - INFO - YAML写入成功：E:\develop\PythonProject\OrangeHRM\Data\Temp\tempcases.yaml
2026-06-01 22:01:04,197 - conftest.py - INFO - ✅ 用例信息已导出：E:\develop\PythonProject\OrangeHRM\Data\Temp\tempcases.yaml
2026-06-01 22:01:04,598 - runClient.py - INFO - ✅ 用例收集完成，启动用例选择器
2026-06-01 22:01:05,293 - baseUtils.py - INFO - 配置文件读取成功：E:\develop\PythonProject\OrangeHRM\Config\配置文件.ini
2026-06-01 22:01:05,293 - globalManager.py - INFO - 全局变量管理器初始化成功
2026-06-01 22:01:08,090 - baseYaml.py - INFO - YAML写入成功：E:\develop\PythonProject\OrangeHRM\Data\Temp\testcases.yaml
2026-06-01 22:01:08,090 - caseSelector.py - INFO - 用例导出成功：E:\develop\PythonProject\OrangeHRM\Data\Temp\testcases.yaml
2026-06-01 22:01:09,400 - runClient.py - INFO - 🚀 开始执行选中用例，共 18 条
2026-06-01 22:01:09,642 - baseUtils.py - INFO - 配置文件读取成功：E:\develop\PythonProject\OrangeHRM\Config\配置文件.ini
2026-06-01 22:01:09,783 - baseUtils.py - INFO - 配置文件读取成功：E:\develop\PythonProject\OrangeHRM\Config\配置文件.ini
2026-06-01 22:01:09,784 - baseUtils.py - INFO - 配置文件读取成功：E:\develop\PythonProject\OrangeHRM\Config\配置文件.ini
2026-06-01 22:01:10,341 - baseUtils.py - INFO - 配置文件读取成功：E:\develop\PythonProject\OrangeHRM\Config\配置文件.ini
2026-06-01 22:01:10,344 - baseData.py - INFO - 数据驱动读取成功：01登录接口
2026-06-01 22:01:10,356 - baseUtils.py - INFO - 配置文件读取成功：E:\develop\PythonProject\OrangeHRM\Config\配置文件.ini
2026-06-01 22:01:10,358 - baseData.py - INFO - 数据驱动读取成功：02添加员工接口
2026-06-01 22:01:10,360 - baseUtils.py - INFO - 配置文件读取成功：E:\develop\PythonProject\OrangeHRM\Config\配置文件.ini
2026-06-01 22:01:10,362 - baseData.py - INFO - 数据驱动读取成功：03指定查询
2026-06-01 22:01:10,364 - baseUtils.py - INFO - 配置文件读取成功：E:\develop\PythonProject\OrangeHRM\Config\配置文件.ini
2026-06-01 22:01:10,366 - baseData.py - INFO - 数据驱动读取成功：04删除员工
2026-06-01 22:01:10,390 - baseUtils.py - INFO - 配置文件读取成功：E:\develop\PythonProject\OrangeHRM\Config\配置文件.ini
2026-06-01 22:01:10,540 - baseAutoHttp.py - INFO - 【01登录页面接口信息:login_api】接口调用开始
2026-06-01 22:01:10,542 - baseData.py - INFO - 动态参数替换成功：{'_token': '9ef718814.iCQZCrY2FbzlYn8sesNA0ygOjS9dbrsBJIoJHR0We9U.u2JQYv1lf86xCzxjFqovoHdnuX1pF994U-5Kf3RlMazGdVo55G5exLUQSw', 'username': 'admin', 'password': 'Keepmoving624.'}
2026-06-01 22:01:10,542 - baseAutoHttp.py - INFO - 请求方式: POST
2026-06-01 22:01:10,543 - baseAutoHttp.py - INFO - 请求地址: http://127.0.0.1:8080/web/index.php/auth/validate
2026-06-01 22:01:10,543 - baseAutoHttp.py - INFO - 请求头: {'User-Agent': 'Mozilla/5.0 (Windows NT 10.0; Win64; x64) AppleWebKit/537.36 (KHTML, like Gecko) Chrome/148.0.0.0 Safari/537.36', 'Content-Type': 'application/x-www-form-urlencoded'}
2026-06-01 22:01:10,543 - baseAutoHttp.py - INFO - 请求参数: params=None | data={'_token': '9ef718814.iCQZCrY2FbzlYn8sesNA0ygOjS9dbrsBJIoJHR0We9U.u2JQYv1lf86xCzxjFqovoHdnuX1pF994U-5Kf3RlMazGdVo55G5exLUQSw', 'username': 'admin', 'password': 'Keepmoving624.'} | json=None
2026-06-01 22:01:10,994 - baseAutoHttp.py - INFO - 响应状态码: 200
2026-06-01 22:01:10,994 - baseAutoHttp.py - INFO - 响应耗时: 0.109019s
2026-06-01 22:01:10,994 - baseAutoHttp.py - INFO - 响应文本: <!DOCTYPE html>
<html>
<head>
  <meta charset="UTF-8">
  <meta http-equiv="X-UA-Compatible" content="IE=edge">
  <meta name="viewport" content="width=device-width,initial-scale=1">
  <title>OrangeHRM</title>
    <link rel="icon" href="/web/dist/favicon.ico?v=1775433284510">
  <link href="/web/dist/css/chunk-vendors.css?v=1775433284510" rel="preload" as="style">
  <link href="/web/dist/css/app.css?v=1775433284510" rel="preload" as="style">
  <link href="/web/dist/js/chunk-vendors.js?v=1775433284510" rel="preload" as="script">
  <link href="/web/dist/js/app.js?v=1775433284510" rel="preload" as="script">
    <link href="/web/dist/css/chunk-vendors.css?v=1775433284510" rel="stylesheet"/>
  <link href="/web/dist/css/app.css?v=1775433284510" rel="stylesheet"/>
</head>
<body>
  <style>
    :root {
            --oxd-primary-one-color:#FF7B1D;
            --oxd-primary-font-color:#FFFFFF;
            --oxd-secondary-four-color:#76BC21;
            --oxd-secondary-font-color:#FFFFFF;
            --oxd-primary-gradient-start-color:#FF920B;
            --oxd-primary-gradient-end-color:#F35C17;
            --oxd-secondary-gradient-start-color:#FF920B;
            --oxd-secondary-gradient-end-color:#F35C17;
            --oxd-primary-one-lighten-5-color:#ff8a37;
            --oxd-primary-one-lighten-30-color:#ffd4b6;
            --oxd-primary-one-darken-5-color:#ff6c03;
            --oxd-primary-one-alpha-10-color:rgba(255, 123, 29, 0.1);
            --oxd-primary-one-alpha-15-color:rgba(255, 123, 29, 0.15);
            --oxd-primary-one-alpha-20-color:rgba(255, 123, 29, 0.2);
            --oxd-primary-one-alpha-50-color:rgba(255, 123, 29, 0.5);
            --oxd-secondary-four-lighten-5-color:#84d225;
            --oxd-secondary-four-darken-5-color:#68a61d;
            --oxd-secondary-four-alpha-10-color:rgba(118, 188, 33, 0.1);
            --oxd-secondary-four-alpha-15-color:rgba(118, 188, 33, 0.15);
            --oxd-secondary-four-alpha-20-color:rgba(118, 188, 33, 0.2);
            --oxd-secondary-four-alpha-50-color:rgba(118, 188, 33, 0.5);
        }
  </style>
  <noscript>
    <strong>
      We're sorry but orangehrm doesn't work properly without JavaScript enabled. Please enable it to continue.
    </strong>
  </noscript>

  <div id="app">
    <oxd-layout
        home-url="https://www.orangehrm.com/"
        :sidepanel-menu-items="[{&quot;id&quot;:1,&quot;name&quot;:&quot;\u7ba1\u7406\u5458&quot;,&quot;url&quot;:&quot;\/web\/index.php\/admin\/viewAdminModule&quot;,&quot;icon&quot;:&quot;admin&quot;},{&quot;id&quot;:30,&quot;name&quot;:&quot;\u4e2a\u4eba\u4fe1\u606f\u7ba1\u7406\u7cfb\u7edf&quot;,&quot;url&quot;:&quot;\/web\/index.php\/pim\/viewPimModule&quot;,&quot;icon&quot;:&quot;pim&quot;},{&quot;id&quot;:41,&quot;name&quot;:&quot;\u4f11\u5047&quot;,&quot;url&quot;:&quot;\/web\/index.php\/leave\/viewLeaveModule&quot;,&quot;icon&quot;:&quot;leave&quot;},{&quot;id&quot;:52,&quot;name&quot;:&quot;\u65f6\u95f4&quot;,&quot;url&quot;:&quot;\/web\/index.php\/time\/viewTimeModule&quot;,&quot;icon&quot;:&quot;time&quot;},{&quot;id&quot;:65,&quot;name&quot;:&quot;\u62db\u8058&quot;,&quot;url&quot;:&quot;\/web\/index.php\/recruitment\/viewRecruitmentModule&quot;,&quot;icon&quot;:&quot;recruitment&quot;},{&quot;id&quot;:40,&quot;name&quot;:&quot;\u6211\u7684\u4fe1\u606f&quot;,&quot;url&quot;:&quot;\/web\/index.php\/pim\/viewMyDetails&quot;,&quot;icon&quot;:&quot;myinfo&quot;},{&quot;id&quot;:83,&quot;name&quot;:&quot;\u7ee9\u6548&quot;,&quot;url&quot;:&quot;\/web\/index.php\/performance\/viewPerformanceModule&quot;,&quot;icon&quot;:&quot;performance&quot;},{&quot;id&quot;:82,&quot;name&quot;:&quot;\u4eea\u8868\u76d8&quot;,&quot;url&quot;:&quot;\/web\/index.php\/dashboard\/index&quot;,&quot;icon&quot;:&quot;dashboard&quot;,&quot;active&quot;:true},{&quot;id&quot;:93,&quot;name&quot;:&quot;Directory&quot;,&quot;url&quot;:&quot;\/web\/index.php\/directory\/viewDirectory&quot;,&quot;icon&quot;:&quot;directory&quot;},{&quot;id&quot;:96,&quot;name&quot;:&quot;Maintenance&quot;,&quot;url&quot;:&quot;\/web\/index.php\/maintenance\/viewMaintenanceModule&quot;,&quot;icon&quot;:&quot;maintenance&quot;},{&quot;id&quot;:105,&quot;name&quot;:&quot;Claim&quot;,&quot;url&quot;:&quot;\/web\/index.php\/claim\/viewClaimModule&quot;,&quot;icon&quot;:&quot;claim&quot;},{&quot;id&quot;:101,&quot;name&quot;:&quot;\u6fc0\u52a8&quot;,&quot;url&quot;:&quot;\/web\/index.php\/buzz\/viewBuzz&quot;,&quot;icon&quot;:&quot;buzz&quot;}]"
        :topbar-menu-items="[]"
        :user="{&quot;firstName&quot;:&quot;\u8c22&quot;,&quot;lastName&quot;:&quot;\u5b89&quot;,&quot;profImgSrc&quot;:&quot;\/web\/index.php\/pim\/viewPhoto\/empNumber\/1&quot;,&quot;hasPassword&quot;:true}"
        brand-logo-src="/web/images/orange.png?v=1775433284510"
        brand-banner-src="/web/images/orangehrm-logo.png?v=1775433284510"
        logout-url="/web/index.php/auth/logout"
        support-url="/web/index.php/help/support"
        :update-password-url="&quot;/web/index.php/pim/updatePassword&quot;"
        :permissions="{&quot;dashboard_buzz_widget&quot;:{&quot;canRead&quot;:true,&quot;canCreate&quot;:false,&quot;canUpdate&quot;:false,&quot;canDelete&quot;:false},&quot;dashboard_employees_on_leave_today_config&quot;:{&quot;canRead&quot;:true,&quot;canCreate&quot;:false,&quot;canUpdate&quot;:true,&quot;canDelete&quot;:false},&quot;dashboard_leave_widget&quot;:{&quot;canRead&quot;:true,&quot;canCreate&quot;:false,&quot;canUpdate&quot;:false,&quot;canDelete&quot;:false},&quot;dashboard_location_widget&quot;:{&quot;canRead&quot;:true,&quot;canCreate&quot;:false,&quot;canUpdate&quot;:false,&quot;canDelete&quot;:false},&quot;dashboard_subunit_widget&quot;:{&quot;canRead&quot;:true,&quot;canCreate&quot;:false,&quot;canUpdate&quot;:false,&quot;canDelete&quot;:false},&quot;dashboard_time_widget&quot;:{&quot;canRead&quot;:true,&quot;canCreate&quot;:false,&quot;canUpdate&quot;:false,&quot;canDelete&quot;:false}}"
        :breadcrumb="{&quot;moduleName&quot;:&quot;\u4eea\u8868\u76d8&quot;,&quot;level&quot;:null}"
        :date-format="{&quot;id&quot;:&quot;Y-m-d&quot;,&quot;label&quot;:&quot;yyyy-mm-dd&quot;}"
        help-url="/web/index.php/help/help?label=dashboard_index"
        :show-upgrade="1"
    >
      <view-dashboard
            >
    </view-dashboard>
    <template v-slot:footer><oxd-text tag="p" class="orangehrm-copyright">OrangeHRM OS 5.8.1</oxd-text>
<oxd-text tag="p" class="orangehrm-copyright">&copy; 2005 - 2026 <a href="http://www.orangehrm.com" target="_blank">OrangeHRM, Inc</a>. All rights reserved.</oxd-text>
<br></template>
    </oxd-layout>
  </div>
  <script type="text/javascript">
      window.appGlobal = {
        baseUrl: "/web/index.php",
        publicPath: "/web",
      };
  </script>
  <script src="/web/dist/js/chunk-vendors.js?v=1775433284510"></script>
  <script src="/web/dist/js/app.js?v=1775433284510"></script>
</body>
</html>

2026-06-01 22:01:10,994 - baseAutoHttp.py - INFO - 【01登录页面接口信息:login_api】接口调用结束

2026-06-01 22:01:10,994 - web_login_page.py - INFO - 【管理员正常登录】断言成功
2026-06-01 22:01:10,995 - baseAutoHttp.py - INFO - 接口会话已关闭
2026-06-01 22:01:10,995 - test_web_ohrm.py - INFO - 【管理员正常登录】用例执行成功
2026-06-01 22:01:11,001 - baseUtils.py - INFO - 配置文件读取成功：E:\develop\PythonProject\OrangeHRM\Config\配置文件.ini
2026-06-01 22:01:11,056 - baseAutoHttp.py - INFO - 【02登录页面未携带token:login_not_token_api】接口调用开始
2026-06-01 22:01:11,057 - baseData.py - INFO - 动态参数替换成功：{'username': 'admin', 'password': 'Keepmoving624.'}
2026-06-01 22:01:11,058 - baseAutoHttp.py - INFO - 请求方式: POST
2026-06-01 22:01:11,058 - baseAutoHttp.py - INFO - 请求地址: http://127.0.0.1:8080/web/index.php/auth/validate
2026-06-01 22:01:11,058 - baseAutoHttp.py - INFO - 请求头: {'User-Agent': 'Mozilla/5.0 (Windows NT 10.0; Win64; x64) AppleWebKit/537.36 (KHTML, like Gecko) Chrome/148.0.0.0 Safari/537.36', 'Content-Type': 'application/x-www-form-urlencoded'}
2026-06-01 22:01:11,058 - baseAutoHttp.py - INFO - 请求参数: params=None | data={'username': 'admin', 'password': 'Keepmoving624.'} | json=None
2026-06-01 22:01:11,162 - baseAutoHttp.py - INFO - 响应状态码: 200
2026-06-01 22:01:11,162 - baseAutoHttp.py - INFO - 响应耗时: 0.065005s
2026-06-01 22:01:11,162 - baseAutoHttp.py - INFO - 响应文本: <!DOCTYPE html>
<html>
<head>
  <meta charset="UTF-8">
  <meta http-equiv="X-UA-Compatible" content="IE=edge">
  <meta name="viewport" content="width=device-width,initial-scale=1">
  <title>OrangeHRM</title>
      <link rel="icon" href="/web/dist/favicon.ico?v=1775433284510">
    <link href="/web/dist/css/chunk-vendors.css?v=1775433284510" rel="preload" as="style">
    <link href="/web/dist/css/app.css?v=1775433284510" rel="preload" as="style">
    <link href="/web/dist/js/chunk-vendors.js?v=1775433284510" rel="preload" as="script">
    <link href="/web/dist/js/app.js?v=1775433284510" rel="preload" as="script">
      <link href="/web/dist/css/chunk-vendors.css?v=1775433284510" rel="stylesheet"/>
    <link href="/web/dist/css/app.css?v=1775433284510" rel="stylesheet"/>
</head>
<body>
  <style>
    :root {
            --oxd-primary-one-color:#FF7B1D;
            --oxd-primary-font-color:#FFFFFF;
            --oxd-secondary-four-color:#76BC21;
            --oxd-secondary-font-color:#FFFFFF;
            --oxd-primary-gradient-start-color:#FF920B;
            --oxd-primary-gradient-end-color:#F35C17;
            --oxd-secondary-gradient-start-color:#FF920B;
            --oxd-secondary-gradient-end-color:#F35C17;
            --oxd-primary-one-lighten-5-color:#ff8a37;
            --oxd-primary-one-lighten-30-color:#ffd4b6;
            --oxd-primary-one-darken-5-color:#ff6c03;
            --oxd-primary-one-alpha-10-color:rgba(255, 123, 29, 0.1);
            --oxd-primary-one-alpha-15-color:rgba(255, 123, 29, 0.15);
            --oxd-primary-one-alpha-20-color:rgba(255, 123, 29, 0.2);
            --oxd-primary-one-alpha-50-color:rgba(255, 123, 29, 0.5);
            --oxd-secondary-four-lighten-5-color:#84d225;
            --oxd-secondary-four-darken-5-color:#68a61d;
            --oxd-secondary-four-alpha-10-color:rgba(118, 188, 33, 0.1);
            --oxd-secondary-four-alpha-15-color:rgba(118, 188, 33, 0.15);
            --oxd-secondary-four-alpha-20-color:rgba(118, 188, 33, 0.2);
            --oxd-secondary-four-alpha-50-color:rgba(118, 188, 33, 0.5);
        }
  </style>
    <noscript>
        <strong>
            We're sorry but orangehrm doesn't work properly without JavaScript enabled. Please enable it to continue.
        </strong>
    </noscript>

    <div id="app">
    <auth-login
            :error="{&quot;error&quot;:&quot;invalid_csrf_token&quot;,&quot;message&quot;:&quot;CSRF token validation failed&quot;}"
            :token="&quot;60d6f714061fe0c3abf11174df2d.u6NgPF7rvOPJ5BBAZYlU5s_r_05dWkyz8jnxlH6J8ak.yOYvESbZjpn7kXMtC90nirquiSIvBQrlv0-hphC6nuXs6TUIL4fJsI6-Yw&quot;"
            :login-logo-src="&quot;\/web\/images\/ohrm_logo.png&quot;"
            :login-banner-src="&quot;\/web\/images\/ohrm_branding.png?v=1775433284510&quot;"
            :show-social-media="true"
            :is-demo-mode="false"
            :authenticators="[]"
        >
    <template v-slot:footer>
        <div class="orangehrm-copyright-wrapper">
            <oxd-text tag="p" class="orangehrm-copyright">OrangeHRM OS 5.8.1</oxd-text>
<oxd-text tag="p" class="orangehrm-copyright">&copy; 2005 - 2026 <a href="http://www.orangehrm.com" target="_blank">OrangeHRM, Inc</a>. All rights reserved.</oxd-text>
        </div>
    </template>
    </auth-login>
    </div>
    <script type="text/javascript">
        window.appGlobal = {
          baseUrl: "/web/index.php",
          publicPath: "/web",
        };
    </script>
    <script src="/web/dist/js/chunk-vendors.js?v=1775433284510"></script>
    <script src="/web/dist/js/app.js?v=1775433284510"></script>
</body>
</html>

2026-06-01 22:01:11,162 - baseAutoHttp.py - INFO - 【02登录页面未携带token:login_not_token_api】接口调用结束

2026-06-01 22:01:11,162 - web_login_page.py - INFO - 【未携带CSRF令牌】断言成功
2026-06-01 22:01:11,162 - baseAutoHttp.py - INFO - 接口会话已关闭
2026-06-01 22:01:11,163 - test_web_ohrm.py - INFO - 【未携带CSRF令牌】用例执行成功
2026-06-01 22:01:11,168 - baseUtils.py - INFO - 配置文件读取成功：E:\develop\PythonProject\OrangeHRM\Config\配置文件.ini
2026-06-01 22:01:11,269 - baseAutoHttp.py - INFO - 【01登录页面接口信息:login_api】接口调用开始
2026-06-01 22:01:11,270 - baseData.py - INFO - 动态参数替换成功：{'_token': 'c.wHg4DPOqABXKmuwRXrUcw3d7bGPOMiVrIRRZaNAO91Y.pjZyYpbSeEykrYl1Gf4pjT09AQ60ZXQsEyMtJbZnsRKpDFA4tJxDWrjyuQ', 'username': 'admin', 'password': 'Keepmoving624.'}
2026-06-01 22:01:11,270 - baseAutoHttp.py - INFO - 请求方式: POST
2026-06-01 22:01:11,271 - baseAutoHttp.py - INFO - 请求地址: http://127.0.0.1:8080/web/index.php/auth/validate
2026-06-01 22:01:11,271 - baseAutoHttp.py - INFO - 请求头: {'User-Agent': 'Mozilla/5.0 (Windows NT 10.0; Win64; x64) AppleWebKit/537.36 (KHTML, like Gecko) Chrome/148.0.0.0 Safari/537.36', 'Content-Type': 'application/x-www-form-urlencoded'}
2026-06-01 22:01:11,271 - baseAutoHttp.py - INFO - 请求参数: params=None | data={'_token': 'c.wHg4DPOqABXKmuwRXrUcw3d7bGPOMiVrIRRZaNAO91Y.pjZyYpbSeEykrYl1Gf4pjT09AQ60ZXQsEyMtJbZnsRKpDFA4tJxDWrjyuQ', 'username': 'admin', 'password': 'Keepmoving624.'} | json=None
2026-06-01 22:01:11,368 - baseAutoHttp.py - INFO - 响应状态码: 200
2026-06-01 22:01:11,369 - baseAutoHttp.py - INFO - 响应耗时: 0.059186s
2026-06-01 22:01:11,369 - baseAutoHttp.py - INFO - 响应文本: <!DOCTYPE html>
<html>
<head>
  <meta charset="UTF-8">
  <meta http-equiv="X-UA-Compatible" content="IE=edge">
  <meta name="viewport" content="width=device-width,initial-scale=1">
  <title>OrangeHRM</title>
      <link rel="icon" href="/web/dist/favicon.ico?v=1775433284510">
    <link href="/web/dist/css/chunk-vendors.css?v=1775433284510" rel="preload" as="style">
    <link href="/web/dist/css/app.css?v=1775433284510" rel="preload" as="style">
    <link href="/web/dist/js/chunk-vendors.js?v=1775433284510" rel="preload" as="script">
    <link href="/web/dist/js/app.js?v=1775433284510" rel="preload" as="script">
      <link href="/web/dist/css/chunk-vendors.css?v=1775433284510" rel="stylesheet"/>
    <link href="/web/dist/css/app.css?v=1775433284510" rel="stylesheet"/>
</head>
<body>
  <style>
    :root {
            --oxd-primary-one-color:#FF7B1D;
            --oxd-primary-font-color:#FFFFFF;
            --oxd-secondary-four-color:#76BC21;
            --oxd-secondary-font-color:#FFFFFF;
            --oxd-primary-gradient-start-color:#FF920B;
            --oxd-primary-gradient-end-color:#F35C17;
            --oxd-secondary-gradient-start-color:#FF920B;
            --oxd-secondary-gradient-end-color:#F35C17;
            --oxd-primary-one-lighten-5-color:#ff8a37;
            --oxd-primary-one-lighten-30-color:#ffd4b6;
            --oxd-primary-one-darken-5-color:#ff6c03;
            --oxd-primary-one-alpha-10-color:rgba(255, 123, 29, 0.1);
            --oxd-primary-one-alpha-15-color:rgba(255, 123, 29, 0.15);
            --oxd-primary-one-alpha-20-color:rgba(255, 123, 29, 0.2);
            --oxd-primary-one-alpha-50-color:rgba(255, 123, 29, 0.5);
            --oxd-secondary-four-lighten-5-color:#84d225;
            --oxd-secondary-four-darken-5-color:#68a61d;
            --oxd-secondary-four-alpha-10-color:rgba(118, 188, 33, 0.1);
            --oxd-secondary-four-alpha-15-color:rgba(118, 188, 33, 0.15);
            --oxd-secondary-four-alpha-20-color:rgba(118, 188, 33, 0.2);
            --oxd-secondary-four-alpha-50-color:rgba(118, 188, 33, 0.5);
        }
  </style>
    <noscript>
        <strong>
            We're sorry but orangehrm doesn't work properly without JavaScript enabled. Please enable it to continue.
        </strong>
    </noscript>

    <div id="app">
    <auth-login
            :error="{&quot;error&quot;:&quot;invalid_csrf_token&quot;,&quot;message&quot;:&quot;CSRF token validation failed&quot;}"
            :token="&quot;533881a4b2371d.7WlodVgT1_R9CzKbvqdovRUa9Mzl6f7Qqb-sdc730rI.o18jJR544rwyMkTX64okjkBAkPzXhsfmmtSVD4uPp8ObBFEsEEuwoC9Taw&quot;"
            :login-logo-src="&quot;\/web\/images\/ohrm_logo.png&quot;"
            :login-banner-src="&quot;\/web\/images\/ohrm_branding.png?v=1775433284510&quot;"
            :show-social-media="true"
            :is-demo-mode="false"
            :authenticators="[]"
        >
    <template v-slot:footer>
        <div class="orangehrm-copyright-wrapper">
            <oxd-text tag="p" class="orangehrm-copyright">OrangeHRM OS 5.8.1</oxd-text>
<oxd-text tag="p" class="orangehrm-copyright">&copy; 2005 - 2026 <a href="http://www.orangehrm.com" target="_blank">OrangeHRM, Inc</a>. All rights reserved.</oxd-text>
        </div>
    </template>
    </auth-login>
    </div>
    <script type="text/javascript">
        window.appGlobal = {
          baseUrl: "/web/index.php",
          publicPath: "/web",
        };
    </script>
    <script src="/web/dist/js/chunk-vendors.js?v=1775433284510"></script>
    <script src="/web/dist/js/app.js?v=1775433284510"></script>
</body>
</html>

2026-06-01 22:01:11,369 - baseAutoHttp.py - INFO - 【01登录页面接口信息:login_api】接口调用结束

2026-06-01 22:01:11,369 - web_login_page.py - INFO - 【跨会话使用Token】断言成功
2026-06-01 22:01:11,369 - baseAutoHttp.py - INFO - 接口会话已关闭
2026-06-01 22:01:11,369 - test_web_ohrm.py - INFO - 【携带过期CSRF令牌】用例执行成功
2026-06-01 22:01:11,375 - baseUtils.py - INFO - 配置文件读取成功：E:\develop\PythonProject\OrangeHRM\Config\配置文件.ini
2026-06-01 22:01:11,376 - baseAutoHttp.py - INFO - 【01登录页面接口信息:login_api】接口调用开始
2026-06-01 22:01:11,377 - baseData.py - INFO - 动态参数替换成功：{'_token': '@q4h2HG!Lw&XrbgsQ5^6', 'username': 'admin', 'password': 'Keepmoving624.'}
2026-06-01 22:01:11,377 - baseAutoHttp.py - INFO - 请求方式: POST
2026-06-01 22:01:11,377 - baseAutoHttp.py - INFO - 请求地址: http://127.0.0.1:8080/web/index.php/auth/validate
2026-06-01 22:01:11,377 - baseAutoHttp.py - INFO - 请求头: {'User-Agent': 'Mozilla/5.0 (Windows NT 10.0; Win64; x64) AppleWebKit/537.36 (KHTML, like Gecko) Chrome/148.0.0.0 Safari/537.36', 'Content-Type': 'application/x-www-form-urlencoded'}
2026-06-01 22:01:11,377 - baseAutoHttp.py - INFO - 请求参数: params=None | data={'_token': '@q4h2HG!Lw&XrbgsQ5^6', 'username': 'admin', 'password': 'Keepmoving624.'} | json=None
2026-06-01 22:01:11,506 - baseAutoHttp.py - INFO - 响应状态码: 200
2026-06-01 22:01:11,506 - baseAutoHttp.py - INFO - 响应耗时: 0.068359s
2026-06-01 22:01:11,506 - baseAutoHttp.py - INFO - 响应文本: <!DOCTYPE html>
<html>
<head>
  <meta charset="UTF-8">
  <meta http-equiv="X-UA-Compatible" content="IE=edge">
  <meta name="viewport" content="width=device-width,initial-scale=1">
  <title>OrangeHRM</title>
      <link rel="icon" href="/web/dist/favicon.ico?v=1775433284510">
    <link href="/web/dist/css/chunk-vendors.css?v=1775433284510" rel="preload" as="style">
    <link href="/web/dist/css/app.css?v=1775433284510" rel="preload" as="style">
    <link href="/web/dist/js/chunk-vendors.js?v=1775433284510" rel="preload" as="script">
    <link href="/web/dist/js/app.js?v=1775433284510" rel="preload" as="script">
      <link href="/web/dist/css/chunk-vendors.css?v=1775433284510" rel="stylesheet"/>
    <link href="/web/dist/css/app.css?v=1775433284510" rel="stylesheet"/>
</head>
<body>
  <style>
    :root {
            --oxd-primary-one-color:#FF7B1D;
            --oxd-primary-font-color:#FFFFFF;
            --oxd-secondary-four-color:#76BC21;
            --oxd-secondary-font-color:#FFFFFF;
            --oxd-primary-gradient-start-color:#FF920B;
            --oxd-primary-gradient-end-color:#F35C17;
            --oxd-secondary-gradient-start-color:#FF920B;
            --oxd-secondary-gradient-end-color:#F35C17;
            --oxd-primary-one-lighten-5-color:#ff8a37;
            --oxd-primary-one-lighten-30-color:#ffd4b6;
            --oxd-primary-one-darken-5-color:#ff6c03;
            --oxd-primary-one-alpha-10-color:rgba(255, 123, 29, 0.1);
            --oxd-primary-one-alpha-15-color:rgba(255, 123, 29, 0.15);
            --oxd-primary-one-alpha-20-color:rgba(255, 123, 29, 0.2);
            --oxd-primary-one-alpha-50-color:rgba(255, 123, 29, 0.5);
            --oxd-secondary-four-lighten-5-color:#84d225;
            --oxd-secondary-four-darken-5-color:#68a61d;
            --oxd-secondary-four-alpha-10-color:rgba(118, 188, 33, 0.1);
            --oxd-secondary-four-alpha-15-color:rgba(118, 188, 33, 0.15);
            --oxd-secondary-four-alpha-20-color:rgba(118, 188, 33, 0.2);
            --oxd-secondary-four-alpha-50-color:rgba(118, 188, 33, 0.5);
        }
  </style>
    <noscript>
        <strong>
            We're sorry but orangehrm doesn't work properly without JavaScript enabled. Please enable it to continue.
        </strong>
    </noscript>

    <div id="app">
    <auth-login
            :error="{&quot;error&quot;:&quot;invalid_csrf_token&quot;,&quot;message&quot;:&quot;CSRF token validation failed&quot;}"
            :token="&quot;e48fc3c5de285379af81acda01.2TEwrQaMLE8iEcMUEiXbYqhbHXTLjFegiaLobObBsMU.nGkG10XbWDVzVYosalOCPZkTVxGc_gLr_suCA9aR2qqsdWH5YctABg91sA&quot;"
            :login-logo-src="&quot;\/web\/images\/ohrm_logo.png&quot;"
            :login-banner-src="&quot;\/web\/images\/ohrm_branding.png?v=1775433284510&quot;"
            :show-social-media="true"
            :is-demo-mode="false"
            :authenticators="[]"
        >
    <template v-slot:footer>
        <div class="orangehrm-copyright-wrapper">
            <oxd-text tag="p" class="orangehrm-copyright">OrangeHRM OS 5.8.1</oxd-text>
<oxd-text tag="p" class="orangehrm-copyright">&copy; 2005 - 2026 <a href="http://www.orangehrm.com" target="_blank">OrangeHRM, Inc</a>. All rights reserved.</oxd-text>
        </div>
    </template>
    </auth-login>
    </div>
    <script type="text/javascript">
        window.appGlobal = {
          baseUrl: "/web/index.php",
          publicPath: "/web",
        };
    </script>
    <script src="/web/dist/js/chunk-vendors.js?v=1775433284510"></script>
    <script src="/web/dist/js/app.js?v=1775433284510"></script>
</body>
</html>

2026-06-01 22:01:11,506 - baseAutoHttp.py - INFO - 【01登录页面接口信息:login_api】接口调用结束

2026-06-01 22:01:11,506 - web_login_page.py - INFO - 【携带错误格式Token】断言成功
2026-06-01 22:01:11,506 - baseAutoHttp.py - INFO - 接口会话已关闭
2026-06-01 22:01:11,506 - test_web_ohrm.py - INFO - 【携带错误格式Token】用例执行成功
2026-06-01 22:01:11,514 - baseUtils.py - INFO - 配置文件读取成功：E:\develop\PythonProject\OrangeHRM\Config\配置文件.ini
2026-06-01 22:01:11,561 - baseAutoHttp.py - INFO - 【01登录页面接口信息:login_api】接口调用开始
2026-06-01 22:01:11,562 - baseData.py - INFO - 动态参数替换成功：{'_token': '40279cb.hhroloLHrCu4iEPWRgKgubIDN5ALLrO3ckj5pcXbIiM.6V-k17et40LryRa3KDri6txKRsZhWP7_CBuTzoGCbEr-IrD_-_KZZvXeEg', 'username': 'wrong', 'password': 'wrong'}
2026-06-01 22:01:11,563 - baseAutoHttp.py - INFO - 请求方式: POST
2026-06-01 22:01:11,563 - baseAutoHttp.py - INFO - 请求地址: http://127.0.0.1:8080/web/index.php/auth/validate
2026-06-01 22:01:11,563 - baseAutoHttp.py - INFO - 请求头: {'User-Agent': 'Mozilla/5.0 (Windows NT 10.0; Win64; x64) AppleWebKit/537.36 (KHTML, like Gecko) Chrome/148.0.0.0 Safari/537.36', 'Content-Type': 'application/x-www-form-urlencoded'}
2026-06-01 22:01:11,563 - baseAutoHttp.py - INFO - 请求参数: params=None | data={'_token': '40279cb.hhroloLHrCu4iEPWRgKgubIDN5ALLrO3ckj5pcXbIiM.6V-k17et40LryRa3KDri6txKRsZhWP7_CBuTzoGCbEr-IrD_-_KZZvXeEg', 'username': 'wrong', 'password': 'wrong'} | json=None
2026-06-01 22:01:11,666 - baseAutoHttp.py - INFO - 响应状态码: 200
2026-06-01 22:01:11,666 - baseAutoHttp.py - INFO - 响应耗时: 0.062231s
2026-06-01 22:01:11,667 - baseAutoHttp.py - INFO - 响应文本: <!DOCTYPE html>
<html>
<head>
  <meta charset="UTF-8">
  <meta http-equiv="X-UA-Compatible" content="IE=edge">
  <meta name="viewport" content="width=device-width,initial-scale=1">
  <title>OrangeHRM</title>
      <link rel="icon" href="/web/dist/favicon.ico?v=1775433284510">
    <link href="/web/dist/css/chunk-vendors.css?v=1775433284510" rel="preload" as="style">
    <link href="/web/dist/css/app.css?v=1775433284510" rel="preload" as="style">
    <link href="/web/dist/js/chunk-vendors.js?v=1775433284510" rel="preload" as="script">
    <link href="/web/dist/js/app.js?v=1775433284510" rel="preload" as="script">
      <link href="/web/dist/css/chunk-vendors.css?v=1775433284510" rel="stylesheet"/>
    <link href="/web/dist/css/app.css?v=1775433284510" rel="stylesheet"/>
</head>
<body>
  <style>
    :root {
            --oxd-primary-one-color:#FF7B1D;
            --oxd-primary-font-color:#FFFFFF;
            --oxd-secondary-four-color:#76BC21;
            --oxd-secondary-font-color:#FFFFFF;
            --oxd-primary-gradient-start-color:#FF920B;
            --oxd-primary-gradient-end-color:#F35C17;
            --oxd-secondary-gradient-start-color:#FF920B;
            --oxd-secondary-gradient-end-color:#F35C17;
            --oxd-primary-one-lighten-5-color:#ff8a37;
            --oxd-primary-one-lighten-30-color:#ffd4b6;
            --oxd-primary-one-darken-5-color:#ff6c03;
            --oxd-primary-one-alpha-10-color:rgba(255, 123, 29, 0.1);
            --oxd-primary-one-alpha-15-color:rgba(255, 123, 29, 0.15);
            --oxd-primary-one-alpha-20-color:rgba(255, 123, 29, 0.2);
            --oxd-primary-one-alpha-50-color:rgba(255, 123, 29, 0.5);
            --oxd-secondary-four-lighten-5-color:#84d225;
            --oxd-secondary-four-darken-5-color:#68a61d;
            --oxd-secondary-four-alpha-10-color:rgba(118, 188, 33, 0.1);
            --oxd-secondary-four-alpha-15-color:rgba(118, 188, 33, 0.15);
            --oxd-secondary-four-alpha-20-color:rgba(118, 188, 33, 0.2);
            --oxd-secondary-four-alpha-50-color:rgba(118, 188, 33, 0.5);
        }
  </style>
    <noscript>
        <strong>
            We're sorry but orangehrm doesn't work properly without JavaScript enabled. Please enable it to continue.
        </strong>
    </noscript>

    <div id="app">
    <auth-login
            :error="{&quot;error&quot;:&quot;invalid_credentials&quot;,&quot;message&quot;:&quot;Invalid credentials&quot;}"
            :token="&quot;8aeb5f7da2696b0d1fafcf921.uNfu1X0KXKql5o6JeJ0svbSbMtj0e0tkvySSH5ITRhY.15KilEhgE8P2p9voFqVu7trSQ46eDQYsxXf4dNZKCH_A77a8BD9p5-iw3w&quot;"
            :login-logo-src="&quot;\/web\/images\/ohrm_logo.png&quot;"
            :login-banner-src="&quot;\/web\/images\/ohrm_branding.png?v=1775433284510&quot;"
            :show-social-media="true"
            :is-demo-mode="false"
            :authenticators="[]"
        >
    <template v-slot:footer>
        <div class="orangehrm-copyright-wrapper">
            <oxd-text tag="p" class="orangehrm-copyright">OrangeHRM OS 5.8.1</oxd-text>
<oxd-text tag="p" class="orangehrm-copyright">&copy; 2005 - 2026 <a href="http://www.orangehrm.com" target="_blank">OrangeHRM, Inc</a>. All rights reserved.</oxd-text>
        </div>
    </template>
    </auth-login>
    </div>
    <script type="text/javascript">
        window.appGlobal = {
          baseUrl: "/web/index.php",
          publicPath: "/web",
        };
    </script>
    <script src="/web/dist/js/chunk-vendors.js?v=1775433284510"></script>
    <script src="/web/dist/js/app.js?v=1775433284510"></script>
</body>
</html>

2026-06-01 22:01:11,667 - baseAutoHttp.py - INFO - 【01登录页面接口信息:login_api】接口调用结束

2026-06-01 22:01:11,667 - web_login_page.py - INFO - 【wrong/wrong】断言成功
2026-06-01 22:01:11,667 - baseAutoHttp.py - INFO - 接口会话已关闭
2026-06-01 22:01:11,667 - test_web_ohrm.py - INFO - 【错误用户名/密码】用例执行成功
2026-06-01 22:01:11,673 - baseUtils.py - INFO - 配置文件读取成功：E:\develop\PythonProject\OrangeHRM\Config\配置文件.ini
2026-06-01 22:01:11,721 - baseAutoHttp.py - INFO - 【01登录页面接口信息:login_api】接口调用开始
2026-06-01 22:01:11,722 - baseData.py - INFO - 动态参数替换成功：{'_token': 'aa624326542b58750e0d1f.tZT9kEXM6pUtVNf_Xs5hhCiTWta6uM6Rbzwzj0EEEfY.wfK66R21vuMYZ62pLf4t5W34GZD_0afEXn55_hBUeJ_m9rD0MY3e8Hgc7w', 'username': '', 'password': 'Keepmoving624.'}
2026-06-01 22:01:11,722 - baseAutoHttp.py - INFO - 请求方式: POST
2026-06-01 22:01:11,722 - baseAutoHttp.py - INFO - 请求地址: http://127.0.0.1:8080/web/index.php/auth/validate
2026-06-01 22:01:11,722 - baseAutoHttp.py - INFO - 请求头: {'User-Agent': 'Mozilla/5.0 (Windows NT 10.0; Win64; x64) AppleWebKit/537.36 (KHTML, like Gecko) Chrome/148.0.0.0 Safari/537.36', 'Content-Type': 'application/x-www-form-urlencoded'}
2026-06-01 22:01:11,723 - baseAutoHttp.py - INFO - 请求参数: params=None | data={'_token': 'aa624326542b58750e0d1f.tZT9kEXM6pUtVNf_Xs5hhCiTWta6uM6Rbzwzj0EEEfY.wfK66R21vuMYZ62pLf4t5W34GZD_0afEXn55_hBUeJ_m9rD0MY3e8Hgc7w', 'username': '', 'password': 'Keepmoving624.'} | json=None
2026-06-01 22:01:11,827 - baseAutoHttp.py - INFO - 响应状态码: 200
2026-06-01 22:01:11,827 - baseAutoHttp.py - INFO - 响应耗时: 0.046195s
2026-06-01 22:01:11,827 - baseAutoHttp.py - INFO - 响应文本: <!DOCTYPE html>
<html>
<head>
  <meta charset="UTF-8">
  <meta http-equiv="X-UA-Compatible" content="IE=edge">
  <meta name="viewport" content="width=device-width,initial-scale=1">
  <title>OrangeHRM</title>
      <link rel="icon" href="/web/dist/favicon.ico?v=1775433284510">
    <link href="/web/dist/css/chunk-vendors.css?v=1775433284510" rel="preload" as="style">
    <link href="/web/dist/css/app.css?v=1775433284510" rel="preload" as="style">
    <link href="/web/dist/js/chunk-vendors.js?v=1775433284510" rel="preload" as="script">
    <link href="/web/dist/js/app.js?v=1775433284510" rel="preload" as="script">
      <link href="/web/dist/css/chunk-vendors.css?v=1775433284510" rel="stylesheet"/>
    <link href="/web/dist/css/app.css?v=1775433284510" rel="stylesheet"/>
</head>
<body>
  <style>
    :root {
            --oxd-primary-one-color:#FF7B1D;
            --oxd-primary-font-color:#FFFFFF;
            --oxd-secondary-four-color:#76BC21;
            --oxd-secondary-font-color:#FFFFFF;
            --oxd-primary-gradient-start-color:#FF920B;
            --oxd-primary-gradient-end-color:#F35C17;
            --oxd-secondary-gradient-start-color:#FF920B;
            --oxd-secondary-gradient-end-color:#F35C17;
            --oxd-primary-one-lighten-5-color:#ff8a37;
            --oxd-primary-one-lighten-30-color:#ffd4b6;
            --oxd-primary-one-darken-5-color:#ff6c03;
            --oxd-primary-one-alpha-10-color:rgba(255, 123, 29, 0.1);
            --oxd-primary-one-alpha-15-color:rgba(255, 123, 29, 0.15);
            --oxd-primary-one-alpha-20-color:rgba(255, 123, 29, 0.2);
            --oxd-primary-one-alpha-50-color:rgba(255, 123, 29, 0.5);
            --oxd-secondary-four-lighten-5-color:#84d225;
            --oxd-secondary-four-darken-5-color:#68a61d;
            --oxd-secondary-four-alpha-10-color:rgba(118, 188, 33, 0.1);
            --oxd-secondary-four-alpha-15-color:rgba(118, 188, 33, 0.15);
            --oxd-secondary-four-alpha-20-color:rgba(118, 188, 33, 0.2);
            --oxd-secondary-four-alpha-50-color:rgba(118, 188, 33, 0.5);
        }
  </style>
    <noscript>
        <strong>
            We're sorry but orangehrm doesn't work properly without JavaScript enabled. Please enable it to continue.
        </strong>
    </noscript>

    <div id="app">
    <auth-login
            :error="{&quot;error&quot;:&quot;invalid_credentials&quot;,&quot;message&quot;:&quot;Invalid credentials&quot;}"
            :token="&quot;dfdbfb62f8b442f.rrqoaA0skabI_CU9FiQhkhV9cQh_jlC8dOFNPtIq64Q.2tzvEVVVxdD9z19rZRRt81AWMk465znpRaMHT4N6gu392OUMeW2lw520HQ&quot;"
            :login-logo-src="&quot;\/web\/images\/ohrm_logo.png&quot;"
            :login-banner-src="&quot;\/web\/images\/ohrm_branding.png?v=1775433284510&quot;"
            :show-social-media="true"
            :is-demo-mode="false"
            :authenticators="[]"
        >
    <template v-slot:footer>
        <div class="orangehrm-copyright-wrapper">
            <oxd-text tag="p" class="orangehrm-copyright">OrangeHRM OS 5.8.1</oxd-text>
<oxd-text tag="p" class="orangehrm-copyright">&copy; 2005 - 2026 <a href="http://www.orangehrm.com" target="_blank">OrangeHRM, Inc</a>. All rights reserved.</oxd-text>
        </div>
    </template>
    </auth-login>
    </div>
    <script type="text/javascript">
        window.appGlobal = {
          baseUrl: "/web/index.php",
          publicPath: "/web",
        };
    </script>
    <script src="/web/dist/js/chunk-vendors.js?v=1775433284510"></script>
    <script src="/web/dist/js/app.js?v=1775433284510"></script>
</body>
</html>

2026-06-01 22:01:11,828 - baseAutoHttp.py - INFO - 【01登录页面接口信息:login_api】接口调用结束

2026-06-01 22:01:11,828 - web_login_page.py - INFO - 【空用户名/Keepmoving624.】断言成功
2026-06-01 22:01:11,828 - baseAutoHttp.py - INFO - 接口会话已关闭
2026-06-01 22:01:11,828 - test_web_ohrm.py - INFO - 【用户名为空】用例执行成功
2026-06-01 22:01:11,834 - baseUtils.py - INFO - 配置文件读取成功：E:\develop\PythonProject\OrangeHRM\Config\配置文件.ini
2026-06-01 22:01:11,883 - baseAutoHttp.py - INFO - 【01登录页面接口信息:login_api】接口调用开始
2026-06-01 22:01:11,885 - baseData.py - INFO - 动态参数替换成功：{'_token': 'e7fd970b8d45948ca1839b11a.OEZYEF8Lvxjxf82AMwruHSaoEnKj7cWXlBslU4wP72o.TjA-IB5EyWi1Hr3UAEm_aWv8PwHW2pbCoHNdFbRnhQFTChtjMHrHT70OgA', 'username': 'admin', 'password': ''}
2026-06-01 22:01:11,885 - baseAutoHttp.py - INFO - 请求方式: POST
2026-06-01 22:01:11,885 - baseAutoHttp.py - INFO - 请求地址: http://127.0.0.1:8080/web/index.php/auth/validate
2026-06-01 22:01:11,885 - baseAutoHttp.py - INFO - 请求头: {'User-Agent': 'Mozilla/5.0 (Windows NT 10.0; Win64; x64) AppleWebKit/537.36 (KHTML, like Gecko) Chrome/148.0.0.0 Safari/537.36', 'Content-Type': 'application/x-www-form-urlencoded'}
2026-06-01 22:01:11,885 - baseAutoHttp.py - INFO - 请求参数: params=None | data={'_token': 'e7fd970b8d45948ca1839b11a.OEZYEF8Lvxjxf82AMwruHSaoEnKj7cWXlBslU4wP72o.TjA-IB5EyWi1Hr3UAEm_aWv8PwHW2pbCoHNdFbRnhQFTChtjMHrHT70OgA', 'username': 'admin', 'password': ''} | json=None
2026-06-01 22:01:12,163 - baseAutoHttp.py - INFO - 响应状态码: 200
2026-06-01 22:01:12,163 - baseAutoHttp.py - INFO - 响应耗时: 0.04342s
2026-06-01 22:01:12,164 - baseAutoHttp.py - INFO - 响应文本: <!DOCTYPE html>
<html>
<head>
  <meta charset="UTF-8">
  <meta http-equiv="X-UA-Compatible" content="IE=edge">
  <meta name="viewport" content="width=device-width,initial-scale=1">
  <title>OrangeHRM</title>
      <link rel="icon" href="/web/dist/favicon.ico?v=1775433284510">
    <link href="/web/dist/css/chunk-vendors.css?v=1775433284510" rel="preload" as="style">
    <link href="/web/dist/css/app.css?v=1775433284510" rel="preload" as="style">
    <link href="/web/dist/js/chunk-vendors.js?v=1775433284510" rel="preload" as="script">
    <link href="/web/dist/js/app.js?v=1775433284510" rel="preload" as="script">
      <link href="/web/dist/css/chunk-vendors.css?v=1775433284510" rel="stylesheet"/>
    <link href="/web/dist/css/app.css?v=1775433284510" rel="stylesheet"/>
</head>
<body>
  <style>
    :root {
            --oxd-primary-one-color:#FF7B1D;
            --oxd-primary-font-color:#FFFFFF;
            --oxd-secondary-four-color:#76BC21;
            --oxd-secondary-font-color:#FFFFFF;
            --oxd-primary-gradient-start-color:#FF920B;
            --oxd-primary-gradient-end-color:#F35C17;
            --oxd-secondary-gradient-start-color:#FF920B;
            --oxd-secondary-gradient-end-color:#F35C17;
            --oxd-primary-one-lighten-5-color:#ff8a37;
            --oxd-primary-one-lighten-30-color:#ffd4b6;
            --oxd-primary-one-darken-5-color:#ff6c03;
            --oxd-primary-one-alpha-10-color:rgba(255, 123, 29, 0.1);
            --oxd-primary-one-alpha-15-color:rgba(255, 123, 29, 0.15);
            --oxd-primary-one-alpha-20-color:rgba(255, 123, 29, 0.2);
            --oxd-primary-one-alpha-50-color:rgba(255, 123, 29, 0.5);
            --oxd-secondary-four-lighten-5-color:#84d225;
            --oxd-secondary-four-darken-5-color:#68a61d;
            --oxd-secondary-four-alpha-10-color:rgba(118, 188, 33, 0.1);
            --oxd-secondary-four-alpha-15-color:rgba(118, 188, 33, 0.15);
            --oxd-secondary-four-alpha-20-color:rgba(118, 188, 33, 0.2);
            --oxd-secondary-four-alpha-50-color:rgba(118, 188, 33, 0.5);
        }
  </style>
    <noscript>
        <strong>
            We're sorry but orangehrm doesn't work properly without JavaScript enabled. Please enable it to continue.
        </strong>
    </noscript>

    <div id="app">
    <auth-login
            :error="{&quot;error&quot;:&quot;invalid_credentials&quot;,&quot;message&quot;:&quot;Invalid credentials&quot;}"
            :token="&quot;db2096.xcc50VGjV0tzcqoovaUETaZ180jZezQTw9NrqjnUd1Q.s7Ff4RDsITs3E9p8juZVOesh3jusTGdG97sT7AG8HT-ui3qiPtIvHD8D5w&quot;"
            :login-logo-src="&quot;\/web\/images\/ohrm_logo.png&quot;"
            :login-banner-src="&quot;\/web\/images\/ohrm_branding.png?v=1775433284510&quot;"
            :show-social-media="true"
            :is-demo-mode="false"
            :authenticators="[]"
        >
    <template v-slot:footer>
        <div class="orangehrm-copyright-wrapper">
            <oxd-text tag="p" class="orangehrm-copyright">OrangeHRM OS 5.8.1</oxd-text>
<oxd-text tag="p" class="orangehrm-copyright">&copy; 2005 - 2026 <a href="http://www.orangehrm.com" target="_blank">OrangeHRM, Inc</a>. All rights reserved.</oxd-text>
        </div>
    </template>
    </auth-login>
    </div>
    <script type="text/javascript">
        window.appGlobal = {
          baseUrl: "/web/index.php",
          publicPath: "/web",
        };
    </script>
    <script src="/web/dist/js/chunk-vendors.js?v=1775433284510"></script>
    <script src="/web/dist/js/app.js?v=1775433284510"></script>
</body>
</html>

2026-06-01 22:01:12,164 - baseAutoHttp.py - INFO - 【01登录页面接口信息:login_api】接口调用结束

2026-06-01 22:01:12,164 - web_login_page.py - INFO - 【admin/空密码】断言成功
2026-06-01 22:01:12,164 - baseAutoHttp.py - INFO - 接口会话已关闭
2026-06-01 22:01:12,164 - test_web_ohrm.py - INFO - 【密码为空】用例执行成功
2026-06-01 22:01:12,579 - baseDB.py - INFO - ✅ MySQL 数据库连接成功
2026-06-01 22:01:12,580 - conftest - INFO - ✅ conftest: 获取数据库连接（MysqlHelp）
2026-06-01 22:01:12,582 - baseUtils.py - INFO - 配置文件读取成功：E:\develop\PythonProject\OrangeHRM\Config\配置文件.ini
2026-06-01 22:01:13,027 - baseUtils.py - INFO - 配置文件读取成功：E:\develop\PythonProject\OrangeHRM\Config\配置文件.ini
2026-06-01 22:01:13,085 - baseUtils.py - INFO - 配置文件读取成功：E:\develop\PythonProject\OrangeHRM\Config\配置文件.ini
2026-06-01 22:01:13,146 - baseUtils.py - INFO - 配置文件读取成功：E:\develop\PythonProject\OrangeHRM\Config\配置文件.ini
2026-06-01 22:01:13,231 - baseAutoHttp.py - INFO - 【03查询员工页面:select_employee】接口调用开始
2026-06-01 22:01:13,233 - baseAutoHttp.py - INFO - 请求方式: GET
2026-06-01 22:01:13,234 - baseAutoHttp.py - INFO - 请求地址: http://127.0.0.1:8080/web/index.php/api/v2/pim/employees
2026-06-01 22:01:13,234 - baseAutoHttp.py - INFO - 请求头: {'User-Agent': 'Mozilla/5.0 (Windows NT 10.0; Win64; x64) AppleWebKit/537.36 (KHTML, like Gecko) Chrome/148.0.0.0 Safari/537.36'}
2026-06-01 22:01:13,234 - baseAutoHttp.py - INFO - 请求参数: params={'limit': '50', 'offset': '0', 'model': 'detailed', 'includeEmployees': 'onlyCurrent', 'sortField': 'employee.firstName', 'sortOrder': 'ASC'} | data=None | json=None
2026-06-01 22:01:13,325 - baseAutoHttp.py - INFO - 响应状态码: 200
2026-06-01 22:01:13,325 - baseAutoHttp.py - INFO - 响应耗时: 0.090437s
2026-06-01 22:01:13,325 - baseAutoHttp.py - INFO - 响应JSON: {'data': [{'empNumber': 2, 'lastName': 'oo', 'firstName': 'hh', 'middleName': '', 'employeeId': '0002', 'terminationId': None, 'jobTitle': {'id': None, 'title': None, 'isDeleted': None}, 'subunit': {'id': None, 'name': None}, 'empStatus': {'id': None, 'name': None}, 'supervisors': []}, {'empNumber': 5, 'lastName': 'Doe', 'firstName': 'John', 'middleName': '', 'employeeId': '1001', 'terminationId': None, 'jobTitle': {'id': None, 'title': None, 'isDeleted': None}, 'subunit': {'id': None, 'name': None}, 'empStatus': {'id': None, 'name': None}, 'supervisors': []}, {'empNumber': 6, 'lastName': 'pp', 'firstName': 'kk', 'middleName': '', 'employeeId': '1002', 'terminationId': None, 'jobTitle': {'id': None, 'title': None, 'isDeleted': None}, 'subunit': {'id': None, 'name': None}, 'empStatus': {'id': None, 'name': None}, 'supervisors': []}, {'empNumber': 14, 'lastName': 'll', 'firstName': 'kk', 'middleName': '', 'employeeId': '0014', 'terminationId': None, 'jobTitle': {'id': None, 'title': None, 'isDeleted': None}, 'subunit': {'id': None, 'name': None}, 'empStatus': {'id': None, 'name': None}, 'supervisors': []}, {'empNumber': 16, 'lastName': 'pp', 'firstName': 'ww', 'middleName': '', 'employeeId': '0016', 'terminationId': None, 'jobTitle': {'id': None, 'title': None, 'isDeleted': None}, 'subunit': {'id': None, 'name': None}, 'empStatus': {'id': None, 'name': None}, 'supervisors': []}, {'empNumber': 17, 'lastName': 'ss', 'firstName': 'zz', 'middleName': '', 'employeeId': '1009', 'terminationId': None, 'jobTitle': {'id': None, 'title': None, 'isDeleted': None}, 'subunit': {'id': None, 'name': None}, 'empStatus': {'id': None, 'name': None}, 'supervisors': []}, {'empNumber': 1, 'lastName': '安', 'firstName': '谢', 'middleName': '', 'employeeId': '0001', 'terminationId': None, 'jobTitle': {'id': None, 'title': None, 'isDeleted': None}, 'subunit': {'id': None, 'name': None}, 'empStatus': {'id': None, 'name': None}, 'supervisors': []}], 'meta': {'total': 7}, 'rels': []}
2026-06-01 22:01:13,326 - baseAutoHttp.py - INFO - 【03查询员工页面:select_employee】接口调用结束

2026-06-01 22:01:13,326 - test_web_ohrm.py - INFO - ☑️ 查询员工列表成功，返回 7 条
2026-06-01 22:01:13,331 - baseUtils.py - INFO - 配置文件读取成功：E:\develop\PythonProject\OrangeHRM\Config\配置文件.ini
2026-06-01 22:01:13,331 - baseAutoHttp.py - INFO - 【03查询员工页面:select_query】接口调用开始
2026-06-01 22:01:13,333 - baseData.py - INFO - 动态参数替换成功：{'employeeId': '1001'}
2026-06-01 22:01:13,334 - baseAutoHttp.py - INFO - 请求方式: GET
2026-06-01 22:01:13,334 - baseAutoHttp.py - INFO - 请求地址: http://127.0.0.1:8080/web/index.php/api/v2/pim/employees
2026-06-01 22:01:13,334 - baseAutoHttp.py - INFO - 请求头: {'User-Agent': 'Mozilla/5.0 (Windows NT 10.0; Win64; x64) AppleWebKit/537.36 (KHTML, like Gecko) Chrome/148.0.0.0 Safari/537.36', 'Referer': 'http://127.0.0.1:8080/web/index.php/pim/viewEmployeeList'}
2026-06-01 22:01:13,334 - baseAutoHttp.py - INFO - 请求参数: params={'limit': '50', 'offset': '0', 'model': 'detailed', 'employeeId': '1001', 'includeEmployees': 'onlyCurrent', 'sortField': 'employee.firstName', 'sortOrder': 'ASC'} | data=None | json=None
2026-06-01 22:01:13,403 - baseAutoHttp.py - INFO - 响应状态码: 200
2026-06-01 22:01:13,404 - baseAutoHttp.py - INFO - 响应耗时: 0.068395s
2026-06-01 22:01:13,404 - baseAutoHttp.py - INFO - 响应JSON: {'data': [{'empNumber': 5, 'lastName': 'Doe', 'firstName': 'John', 'middleName': '', 'employeeId': '1001', 'terminationId': None, 'jobTitle': {'id': None, 'title': None, 'isDeleted': None}, 'subunit': {'id': None, 'name': None}, 'empStatus': {'id': None, 'name': None}, 'supervisors': []}], 'meta': {'total': 1}, 'rels': []}
2026-06-01 22:01:13,404 - baseAutoHttp.py - INFO - 【03查询员工页面:select_query】接口调用结束

2026-06-01 22:01:13,404 - test_web_ohrm.py - INFO - ☑️【指定查询用例】执行完毕
2026-06-01 22:01:13,410 - baseUtils.py - INFO - 配置文件读取成功：E:\develop\PythonProject\OrangeHRM\Config\配置文件.ini
2026-06-01 22:01:13,411 - baseAutoHttp.py - INFO - 【03查询员工页面:select_query】接口调用开始
2026-06-01 22:01:13,412 - baseData.py - INFO - 动态参数替换成功：{'employeeId': '9999'}
2026-06-01 22:01:13,413 - baseAutoHttp.py - INFO - 请求方式: GET
2026-06-01 22:01:13,413 - baseAutoHttp.py - INFO - 请求地址: http://127.0.0.1:8080/web/index.php/api/v2/pim/employees
2026-06-01 22:01:13,413 - baseAutoHttp.py - INFO - 请求头: {'User-Agent': 'Mozilla/5.0 (Windows NT 10.0; Win64; x64) AppleWebKit/537.36 (KHTML, like Gecko) Chrome/148.0.0.0 Safari/537.36', 'Referer': 'http://127.0.0.1:8080/web/index.php/pim/viewEmployeeList'}
2026-06-01 22:01:13,413 - baseAutoHttp.py - INFO - 请求参数: params={'limit': '50', 'offset': '0', 'model': 'detailed', 'employeeId': '9999', 'includeEmployees': 'onlyCurrent', 'sortField': 'employee.firstName', 'sortOrder': 'ASC'} | data=None | json=None
2026-06-01 22:01:13,470 - baseAutoHttp.py - INFO - 响应状态码: 200
2026-06-01 22:01:13,470 - baseAutoHttp.py - INFO - 响应耗时: 0.055987s
2026-06-01 22:01:13,470 - baseAutoHttp.py - INFO - 响应JSON: {'data': [], 'meta': {'total': 0}, 'rels': []}
2026-06-01 22:01:13,470 - baseAutoHttp.py - INFO - 【03查询员工页面:select_query】接口调用结束

2026-06-01 22:01:13,470 - test_web_ohrm.py - INFO - ☑️【指定查询用例】执行完毕
2026-06-01 22:01:13,477 - baseUtils.py - INFO - 配置文件读取成功：E:\develop\PythonProject\OrangeHRM\Config\配置文件.ini
2026-06-01 22:01:13,495 - baseDB.py - INFO - ✅ MySQL 数据库连接成功
2026-06-01 22:01:13,497 - baseAutoHttp.py - INFO - 【04更新员工:update_employee】接口调用开始
2026-06-01 22:01:13,498 - baseData.py - INFO - 动态参数替换成功：{'firstName': 'John', 'lastName': 'Doe', 'employeeId': '1001'}
2026-06-01 22:01:13,499 - baseAutoHttp.py - INFO - 请求方式: PUT
2026-06-01 22:01:13,499 - baseAutoHttp.py - INFO - 请求地址: http://127.0.0.1:8080/web/index.php/api/v2/pim/employees/5/personal-details
2026-06-01 22:01:13,499 - baseAutoHttp.py - INFO - 请求头: {'User-Agent': 'Mozilla/5.0 (Windows NT 10.0; Win64; x64) AppleWebKit/537.36 (KHTML, like Gecko) Chrome/148.0.0.0 Safari/537.36', 'Content-Type': 'application/json', 'Referer': 'http://127.0.0.1:8080/web/index.php/pim/viewPersonalDetails/empNumber/5', 'Origin': 'http://127.0.0.1:8080'}
2026-06-01 22:01:13,499 - baseAutoHttp.py - INFO - 请求参数: params=None | data=None | json={'birthday': None, 'drivingLicenseExpiredDate': None, 'drivingLicenseNo': None, 'employeeId': '1001', 'firstName': 'John', 'gender': None, 'lastName': 'Doe', 'middleName': None, 'otherId': None}
2026-06-01 22:01:13,554 - baseAutoHttp.py - INFO - 响应状态码: 500
2026-06-01 22:01:13,554 - baseAutoHttp.py - INFO - 响应耗时: 0.053553s
2026-06-01 22:01:13,554 - baseAutoHttp.py - INFO - 响应JSON: {'error': {'status': '500', 'message': 'Unexpected Error Occurred'}}
2026-06-01 22:01:13,554 - baseAutoHttp.py - INFO - 【04更新员工:update_employee】接口调用结束

2026-06-01 22:01:13,562 - baseDB.py - INFO - ✅ MySQL 数据库连接成功
2026-06-01 22:01:13,565 - baseDB.py - INFO - ✅ MySQL 执行成功，事务已提交
2026-06-01 22:01:13,566 - baseDB.py - INFO - 🔌 MySQL 连接已关闭
2026-06-01 22:01:13,590 - baseDB.py - INFO - ✅ MySQL 数据库连接成功
2026-06-01 22:01:13,605 - baseUtils.py - INFO - 配置文件读取成功：E:\develop\PythonProject\OrangeHRM\Config\配置文件.ini
2026-06-01 22:01:13,606 - baseUtils.py - INFO - 配置文件读取成功：E:\develop\PythonProject\OrangeHRM\Config\配置文件.ini
2026-06-01 22:01:13,607 - baseAutoHttp.py - INFO - 【03查询员工页面:select_query】接口调用开始
2026-06-01 22:01:13,608 - baseData.py - INFO - 动态参数替换成功：{'employeeId': '0004'}
2026-06-01 22:01:13,609 - baseAutoHttp.py - INFO - 请求方式: GET
2026-06-01 22:01:13,609 - baseAutoHttp.py - INFO - 请求地址: http://127.0.0.1:8080/web/index.php/api/v2/pim/employees
2026-06-01 22:01:13,609 - baseAutoHttp.py - INFO - 请求头: {'User-Agent': 'Mozilla/5.0 (Windows NT 10.0; Win64; x64) AppleWebKit/537.36 (KHTML, like Gecko) Chrome/148.0.0.0 Safari/537.36', 'Referer': 'http://127.0.0.1:8080/web/index.php/pim/viewEmployeeList'}
2026-06-01 22:01:13,609 - baseAutoHttp.py - INFO - 请求参数: params={'limit': '50', 'offset': '0', 'model': 'detailed', 'employeeId': '0004', 'includeEmployees': 'onlyCurrent', 'sortField': 'employee.firstName', 'sortOrder': 'ASC'} | data=None | json=None
2026-06-01 22:01:13,680 - baseAutoHttp.py - INFO - 响应状态码: 200
2026-06-01 22:01:13,680 - baseAutoHttp.py - INFO - 响应耗时: 0.070335s
2026-06-01 22:01:13,680 - baseAutoHttp.py - INFO - 响应JSON: {'data': [], 'meta': {'total': 0}, 'rels': []}
2026-06-01 22:01:13,681 - baseAutoHttp.py - INFO - 【03查询员工页面:select_query】接口调用结束

2026-06-01 22:01:13,687 - baseDB.py - INFO - ✅ MySQL 数据库连接成功
2026-06-01 22:01:13,702 - baseUtils.py - INFO - 配置文件读取成功：E:\develop\PythonProject\OrangeHRM\Config\配置文件.ini
2026-06-01 22:01:13,703 - baseUtils.py - INFO - 配置文件读取成功：E:\develop\PythonProject\OrangeHRM\Config\配置文件.ini
2026-06-01 22:01:13,703 - baseAutoHttp.py - INFO - 【03查询员工页面:select_query】接口调用开始
2026-06-01 22:01:13,705 - baseData.py - INFO - 动态参数替换成功：{'employeeId': '9999'}
2026-06-01 22:01:13,705 - baseAutoHttp.py - INFO - 请求方式: GET
2026-06-01 22:01:13,705 - baseAutoHttp.py - INFO - 请求地址: http://127.0.0.1:8080/web/index.php/api/v2/pim/employees
2026-06-01 22:01:13,705 - baseAutoHttp.py - INFO - 请求头: {'User-Agent': 'Mozilla/5.0 (Windows NT 10.0; Win64; x64) AppleWebKit/537.36 (KHTML, like Gecko) Chrome/148.0.0.0 Safari/537.36', 'Referer': 'http://127.0.0.1:8080/web/index.php/pim/viewEmployeeList'}
2026-06-01 22:01:13,705 - baseAutoHttp.py - INFO - 请求参数: params={'limit': '50', 'offset': '0', 'model': 'detailed', 'employeeId': '9999', 'includeEmployees': 'onlyCurrent', 'sortField': 'employee.firstName', 'sortOrder': 'ASC'} | data=None | json=None
2026-06-01 22:01:13,776 - baseAutoHttp.py - INFO - 响应状态码: 200
2026-06-01 22:01:13,776 - baseAutoHttp.py - INFO - 响应耗时: 0.069384s
2026-06-01 22:01:13,776 - baseAutoHttp.py - INFO - 响应JSON: {'data': [], 'meta': {'total': 0}, 'rels': []}
2026-06-01 22:01:13,776 - baseAutoHttp.py - INFO - 【03查询员工页面:select_query】接口调用结束

2026-06-01 22:01:13,793 - baseDB.py - INFO - ✅ MySQL 数据库连接成功
2026-06-01 22:01:13,795 - test_web_ohrm.py - INFO - ☑️【删除员工】用例执行成功
2026-06-01 22:01:13,801 - baseUtils.py - INFO - 配置文件读取成功：E:\develop\PythonProject\OrangeHRM\Config\配置文件.ini
2026-06-01 22:01:13,802 - baseAutoHttp.py - INFO - 【06未登录访问员工接口:employee】接口调用开始
2026-06-01 22:01:13,803 - baseAutoHttp.py - INFO - 请求方式: GET
2026-06-01 22:01:13,803 - baseAutoHttp.py - INFO - 请求地址: http://127.0.0.1:8080/web/index.php/pim/viewEmployeeList
2026-06-01 22:01:13,803 - baseAutoHttp.py - INFO - 请求头: {'User-Agent': 'Mozilla/5.0 (Windows NT 10.0; Win64; x64) AppleWebKit/537.36 (KHTML, like Gecko) Chrome/148.0.0.0 Safari/537.36'}
2026-06-01 22:01:13,803 - baseAutoHttp.py - INFO - 请求参数: params={'includeEmployees': 'onlyCurrent', 'limit': '50', 'model': 'detailed', 'offset': '0', 'sortField': 'employee.firstName', 'sortOrder': 'ASC'} | data=None | json=None
2026-06-01 22:01:13,855 - baseAutoHttp.py - INFO - 响应状态码: 302
2026-06-01 22:01:13,855 - baseAutoHttp.py - INFO - 响应耗时: 0.049484s
2026-06-01 22:01:13,855 - baseAutoHttp.py - INFO - 响应文本: <!DOCTYPE html>
<html>
    <head>
        <meta charset="UTF-8" />
        <meta http-equiv="refresh" content="0;url='http://127.0.0.1:8080/web/index.php/auth/login'" />

        <title>Redirecting to http://127.0.0.1:8080/web/index.php/auth/login</title>
    </head>
    <body>
        Redirecting to <a href="http://127.0.0.1:8080/web/index.php/auth/login">http://127.0.0.1:8080/web/index.php/auth/login</a>.
    </body>
</html>
2026-06-01 22:01:13,855 - baseAutoHttp.py - INFO - 【06未登录访问员工接口:employee】接口调用结束

2026-06-01 22:01:14,242 - baseUtils.py - INFO - 配置文件读取成功：E:\develop\PythonProject\OrangeHRM\Config\配置文件.ini
2026-06-01 22:01:14,242 - baseAutoHttp.py - INFO - 【07非管理员登录:employee_login】接口调用开始
2026-06-01 22:01:14,244 - baseData.py - INFO - 动态参数替换成功：{'firstName': 'cc', 'lastName': 'dd', 'employeeId': '1010'}
2026-06-01 22:01:14,244 - baseAutoHttp.py - INFO - 请求方式: POST
2026-06-01 22:01:14,244 - baseAutoHttp.py - INFO - 请求地址: http://127.0.0.1:8080/web/index.php/api/v2/pim/employees
2026-06-01 22:01:14,244 - baseAutoHttp.py - INFO - 请求头: {'User-Agent': 'Mozilla/5.0 (Windows NT 10.0; Win64; x64) AppleWebKit/537.36 (KHTML, like Gecko) Chrome/148.0.0.0 Safari/537.36', 'Content-Type': 'application/json', 'Origin': 'http://127.0.0.1:8080', 'Referer': 'http://127.0.0.1:8080/web/index.php/pim/addEmployee'}
2026-06-01 22:01:14,244 - baseAutoHttp.py - INFO - 请求参数: params=None | data=None | json={'employeeId': '1010', 'empPicture': None, 'firstName': 'cc', 'lastName': 'dd', 'middleName': None}
2026-06-01 22:01:14,303 - baseAutoHttp.py - INFO - 响应状态码: 403
2026-06-01 22:01:14,303 - baseAutoHttp.py - INFO - 响应耗时: 0.058075s
2026-06-01 22:01:14,303 - baseAutoHttp.py - INFO - 响应JSON: {'error': {'status': 403, 'message': 'Unauthorized'}}
2026-06-01 22:01:14,303 - baseAutoHttp.py - INFO - 【07非管理员登录:employee_login】接口调用结束

2026-06-01 22:01:14,303 - test_web_ohrm.py - INFO - ☑️【非管理员账号操作员工】用例执行成功
2026-06-01 22:01:26,422 - runClient.py - INFO - ✅ Allure报告生成完成：E:\develop\PythonProject\OrangeHRM\Reports\ALLURE\Report
2026-06-01 22:01:26,432 - runClient.py - INFO - ✅ 报告查看器已生成：E:\develop\PythonProject\OrangeHRM\Reports\ALLURE\Report\双击查看报告.bat
2026-06-01 22:01:26,538 - runClient.py - INFO - ✅ 报告压缩包已生成：E:\develop\PythonProject\OrangeHRM\Reports\ALLURE\allure_report.zip
2026-06-01 22:01:26,555 - baseUtils.py - INFO - 目录文件清空完成：E:\develop\PythonProject\OrangeHRM\Reports\ALLURE\Result
2026-06-01 22:01:26,556 - baseUtils.py - INFO - 配置文件读取成功：E:\develop\PythonProject\OrangeHRM\Config\配置文件.ini
2026-06-01 22:01:26,666 - baseUtils.py - INFO - 文件夹压缩成功：E:\develop\PythonProject\OrangeHRM\Reports\ALLURE\Report\allure.zip
2026-06-01 22:01:28,537 - baseEmail.py - INFO - ✅ 邮件发送成功！发件人：511227621@qq.com，收件人：['1790159671@qq.com']
2026-06-01 22:01:28,581 - runClient.py - INFO - 📧 测试报告邮件发送成功
2026-06-01 22:01:28,581 - runClient.py - INFO - 🎉 自动化测试执行完毕！
2026-06-01 22:13:12,949 - baseUtils.py - INFO - 配置文件读取成功：E:\develop\PythonProject\OrangeHRM\Config\配置文件.ini
2026-06-01 22:13:12,949 - globalManager.py - INFO - 全局变量管理器初始化成功
2026-06-01 22:13:13,660 - baseUtils.py - INFO - 配置文件读取成功：E:\develop\PythonProject\OrangeHRM\Config\配置文件.ini
2026-06-01 22:13:13,660 - globalManager.py - INFO - 全局变量管理器初始化成功
2026-06-01 22:13:13,674 - runClient.py - INFO - 🔍 正在收集测试用例，请稍候...
2026-06-01 22:13:14,388 - baseUtils.py - INFO - 配置文件读取成功：E:\develop\PythonProject\OrangeHRM\Config\配置文件.ini
2026-06-01 22:13:14,388 - globalManager.py - INFO - 全局变量管理器初始化成功
2026-06-01 22:13:14,619 - baseUtils.py - INFO - 配置文件读取成功：E:\develop\PythonProject\OrangeHRM\Config\配置文件.ini
2026-06-01 22:13:14,771 - baseUtils.py - INFO - 配置文件读取成功：E:\develop\PythonProject\OrangeHRM\Config\配置文件.ini
2026-06-01 22:13:14,772 - baseUtils.py - INFO - 配置文件读取成功：E:\develop\PythonProject\OrangeHRM\Config\配置文件.ini
2026-06-01 22:13:15,038 - baseUtils.py - INFO - 配置文件读取成功：E:\develop\PythonProject\OrangeHRM\Config\配置文件.ini
2026-06-01 22:13:15,039 - baseData.py - INFO - 数据驱动读取成功：01登录接口
2026-06-01 22:13:15,040 - baseUtils.py - INFO - 配置文件读取成功：E:\develop\PythonProject\OrangeHRM\Config\配置文件.ini
2026-06-01 22:13:15,042 - baseData.py - INFO - 数据驱动读取成功：02添加员工接口
2026-06-01 22:13:15,043 - baseUtils.py - INFO - 配置文件读取成功：E:\develop\PythonProject\OrangeHRM\Config\配置文件.ini
2026-06-01 22:13:15,044 - baseData.py - INFO - 数据驱动读取成功：03指定查询
2026-06-01 22:13:15,044 - baseUtils.py - INFO - 配置文件读取成功：E:\develop\PythonProject\OrangeHRM\Config\配置文件.ini
2026-06-01 22:13:15,045 - baseData.py - INFO - 数据驱动读取成功：04删除员工
2026-06-01 22:13:15,051 - baseYaml.py - INFO - YAML写入成功：E:\develop\PythonProject\OrangeHRM\Data\Temp\tempcases.yaml
2026-06-01 22:13:15,051 - conftest.py - INFO - ✅ 用例信息已导出：E:\develop\PythonProject\OrangeHRM\Data\Temp\tempcases.yaml
2026-06-01 22:13:15,449 - runClient.py - INFO - ✅ 用例收集完成，启动用例选择器
2026-06-01 22:13:16,189 - baseUtils.py - INFO - 配置文件读取成功：E:\develop\PythonProject\OrangeHRM\Config\配置文件.ini
2026-06-01 22:13:16,189 - globalManager.py - INFO - 全局变量管理器初始化成功
2026-06-01 22:13:28,401 - baseYaml.py - INFO - YAML写入成功：E:\develop\PythonProject\OrangeHRM\Data\Temp\testcases.yaml
2026-06-01 22:13:28,401 - caseSelector.py - INFO - 用例导出成功：E:\develop\PythonProject\OrangeHRM\Data\Temp\testcases.yaml
2026-06-01 22:13:29,408 - runClient.py - INFO - 🚀 开始执行选中用例，共 18 条
2026-06-01 22:13:29,677 - baseUtils.py - INFO - 配置文件读取成功：E:\develop\PythonProject\OrangeHRM\Config\配置文件.ini
2026-06-01 22:13:29,833 - baseUtils.py - INFO - 配置文件读取成功：E:\develop\PythonProject\OrangeHRM\Config\配置文件.ini
2026-06-01 22:13:29,834 - baseUtils.py - INFO - 配置文件读取成功：E:\develop\PythonProject\OrangeHRM\Config\配置文件.ini
2026-06-01 22:13:30,108 - baseUtils.py - INFO - 配置文件读取成功：E:\develop\PythonProject\OrangeHRM\Config\配置文件.ini
2026-06-01 22:13:30,110 - baseData.py - INFO - 数据驱动读取成功：01登录接口
2026-06-01 22:13:30,113 - baseUtils.py - INFO - 配置文件读取成功：E:\develop\PythonProject\OrangeHRM\Config\配置文件.ini
2026-06-01 22:13:30,114 - baseData.py - INFO - 数据驱动读取成功：02添加员工接口
2026-06-01 22:13:30,116 - baseUtils.py - INFO - 配置文件读取成功：E:\develop\PythonProject\OrangeHRM\Config\配置文件.ini
2026-06-01 22:13:30,117 - baseData.py - INFO - 数据驱动读取成功：03指定查询
2026-06-01 22:13:30,118 - baseUtils.py - INFO - 配置文件读取成功：E:\develop\PythonProject\OrangeHRM\Config\配置文件.ini
2026-06-01 22:13:30,120 - baseData.py - INFO - 数据驱动读取成功：04删除员工
2026-06-01 22:13:30,135 - baseUtils.py - INFO - 配置文件读取成功：E:\develop\PythonProject\OrangeHRM\Config\配置文件.ini
2026-06-01 22:13:30,305 - baseAutoHttp.py - INFO - 【01登录页面接口信息:login_api】接口调用开始
2026-06-01 22:13:30,307 - baseData.py - INFO - 动态参数替换成功：{'_token': '015820e00f6b699f5.0MQThnUNOvFqdFGzEe9ypLbhaUCAkbG4y7doOFEgH5U.5Idk7DNrSYgBJ2XsKYAY8OmiCi_D04jZiuIuQhlBLNTlg2HIOldRp1wWIg', 'username': 'admin', 'password': 'Keepmoving624.'}
2026-06-01 22:13:30,307 - baseAutoHttp.py - INFO - 请求方式: POST
2026-06-01 22:13:30,307 - baseAutoHttp.py - INFO - 请求地址: http://127.0.0.1:8080/web/index.php/auth/validate
2026-06-01 22:13:30,307 - baseAutoHttp.py - INFO - 请求头: {'User-Agent': 'Mozilla/5.0 (Windows NT 10.0; Win64; x64) AppleWebKit/537.36 (KHTML, like Gecko) Chrome/148.0.0.0 Safari/537.36', 'Content-Type': 'application/x-www-form-urlencoded'}
2026-06-01 22:13:30,307 - baseAutoHttp.py - INFO - 请求参数: params=None | data={'_token': '015820e00f6b699f5.0MQThnUNOvFqdFGzEe9ypLbhaUCAkbG4y7doOFEgH5U.5Idk7DNrSYgBJ2XsKYAY8OmiCi_D04jZiuIuQhlBLNTlg2HIOldRp1wWIg', 'username': 'admin', 'password': 'Keepmoving624.'} | json=None
2026-06-01 22:13:30,781 - baseAutoHttp.py - INFO - 响应状态码: 200
2026-06-01 22:13:30,781 - baseAutoHttp.py - INFO - 响应耗时: 0.111492s
2026-06-01 22:13:30,781 - baseAutoHttp.py - INFO - 响应文本: <!DOCTYPE html>
<html>
<head>
  <meta charset="UTF-8">
  <meta http-equiv="X-UA-Compatible" content="IE=edge">
  <meta name="viewport" content="width=device-width,initial-scale=1">
  <title>OrangeHRM</title>
    <link rel="icon" href="/web/dist/favicon.ico?v=1775433284510">
  <link href="/web/dist/css/chunk-vendors.css?v=1775433284510" rel="preload" as="style">
  <link href="/web/dist/css/app.css?v=1775433284510" rel="preload" as="style">
  <link href="/web/dist/js/chunk-vendors.js?v=1775433284510" rel="preload" as="script">
  <link href="/web/dist/js/app.js?v=1775433284510" rel="preload" as="script">
    <link href="/web/dist/css/chunk-vendors.css?v=1775433284510" rel="stylesheet"/>
  <link href="/web/dist/css/app.css?v=1775433284510" rel="stylesheet"/>
</head>
<body>
  <style>
    :root {
            --oxd-primary-one-color:#FF7B1D;
            --oxd-primary-font-color:#FFFFFF;
            --oxd-secondary-four-color:#76BC21;
            --oxd-secondary-font-color:#FFFFFF;
            --oxd-primary-gradient-start-color:#FF920B;
            --oxd-primary-gradient-end-color:#F35C17;
            --oxd-secondary-gradient-start-color:#FF920B;
            --oxd-secondary-gradient-end-color:#F35C17;
            --oxd-primary-one-lighten-5-color:#ff8a37;
            --oxd-primary-one-lighten-30-color:#ffd4b6;
            --oxd-primary-one-darken-5-color:#ff6c03;
            --oxd-primary-one-alpha-10-color:rgba(255, 123, 29, 0.1);
            --oxd-primary-one-alpha-15-color:rgba(255, 123, 29, 0.15);
            --oxd-primary-one-alpha-20-color:rgba(255, 123, 29, 0.2);
            --oxd-primary-one-alpha-50-color:rgba(255, 123, 29, 0.5);
            --oxd-secondary-four-lighten-5-color:#84d225;
            --oxd-secondary-four-darken-5-color:#68a61d;
            --oxd-secondary-four-alpha-10-color:rgba(118, 188, 33, 0.1);
            --oxd-secondary-four-alpha-15-color:rgba(118, 188, 33, 0.15);
            --oxd-secondary-four-alpha-20-color:rgba(118, 188, 33, 0.2);
            --oxd-secondary-four-alpha-50-color:rgba(118, 188, 33, 0.5);
        }
  </style>
  <noscript>
    <strong>
      We're sorry but orangehrm doesn't work properly without JavaScript enabled. Please enable it to continue.
    </strong>
  </noscript>

  <div id="app">
    <oxd-layout
        home-url="https://www.orangehrm.com/"
        :sidepanel-menu-items="[{&quot;id&quot;:1,&quot;name&quot;:&quot;\u7ba1\u7406\u5458&quot;,&quot;url&quot;:&quot;\/web\/index.php\/admin\/viewAdminModule&quot;,&quot;icon&quot;:&quot;admin&quot;},{&quot;id&quot;:30,&quot;name&quot;:&quot;\u4e2a\u4eba\u4fe1\u606f\u7ba1\u7406\u7cfb\u7edf&quot;,&quot;url&quot;:&quot;\/web\/index.php\/pim\/viewPimModule&quot;,&quot;icon&quot;:&quot;pim&quot;},{&quot;id&quot;:41,&quot;name&quot;:&quot;\u4f11\u5047&quot;,&quot;url&quot;:&quot;\/web\/index.php\/leave\/viewLeaveModule&quot;,&quot;icon&quot;:&quot;leave&quot;},{&quot;id&quot;:52,&quot;name&quot;:&quot;\u65f6\u95f4&quot;,&quot;url&quot;:&quot;\/web\/index.php\/time\/viewTimeModule&quot;,&quot;icon&quot;:&quot;time&quot;},{&quot;id&quot;:65,&quot;name&quot;:&quot;\u62db\u8058&quot;,&quot;url&quot;:&quot;\/web\/index.php\/recruitment\/viewRecruitmentModule&quot;,&quot;icon&quot;:&quot;recruitment&quot;},{&quot;id&quot;:40,&quot;name&quot;:&quot;\u6211\u7684\u4fe1\u606f&quot;,&quot;url&quot;:&quot;\/web\/index.php\/pim\/viewMyDetails&quot;,&quot;icon&quot;:&quot;myinfo&quot;},{&quot;id&quot;:83,&quot;name&quot;:&quot;\u7ee9\u6548&quot;,&quot;url&quot;:&quot;\/web\/index.php\/performance\/viewPerformanceModule&quot;,&quot;icon&quot;:&quot;performance&quot;},{&quot;id&quot;:82,&quot;name&quot;:&quot;\u4eea\u8868\u76d8&quot;,&quot;url&quot;:&quot;\/web\/index.php\/dashboard\/index&quot;,&quot;icon&quot;:&quot;dashboard&quot;,&quot;active&quot;:true},{&quot;id&quot;:93,&quot;name&quot;:&quot;Directory&quot;,&quot;url&quot;:&quot;\/web\/index.php\/directory\/viewDirectory&quot;,&quot;icon&quot;:&quot;directory&quot;},{&quot;id&quot;:96,&quot;name&quot;:&quot;Maintenance&quot;,&quot;url&quot;:&quot;\/web\/index.php\/maintenance\/viewMaintenanceModule&quot;,&quot;icon&quot;:&quot;maintenance&quot;},{&quot;id&quot;:105,&quot;name&quot;:&quot;Claim&quot;,&quot;url&quot;:&quot;\/web\/index.php\/claim\/viewClaimModule&quot;,&quot;icon&quot;:&quot;claim&quot;},{&quot;id&quot;:101,&quot;name&quot;:&quot;\u6fc0\u52a8&quot;,&quot;url&quot;:&quot;\/web\/index.php\/buzz\/viewBuzz&quot;,&quot;icon&quot;:&quot;buzz&quot;}]"
        :topbar-menu-items="[]"
        :user="{&quot;firstName&quot;:&quot;\u8c22&quot;,&quot;lastName&quot;:&quot;\u5b89&quot;,&quot;profImgSrc&quot;:&quot;\/web\/index.php\/pim\/viewPhoto\/empNumber\/1&quot;,&quot;hasPassword&quot;:true}"
        brand-logo-src="/web/images/orange.png?v=1775433284510"
        brand-banner-src="/web/images/orangehrm-logo.png?v=1775433284510"
        logout-url="/web/index.php/auth/logout"
        support-url="/web/index.php/help/support"
        :update-password-url="&quot;/web/index.php/pim/updatePassword&quot;"
        :permissions="{&quot;dashboard_buzz_widget&quot;:{&quot;canRead&quot;:true,&quot;canCreate&quot;:false,&quot;canUpdate&quot;:false,&quot;canDelete&quot;:false},&quot;dashboard_employees_on_leave_today_config&quot;:{&quot;canRead&quot;:true,&quot;canCreate&quot;:false,&quot;canUpdate&quot;:true,&quot;canDelete&quot;:false},&quot;dashboard_leave_widget&quot;:{&quot;canRead&quot;:true,&quot;canCreate&quot;:false,&quot;canUpdate&quot;:false,&quot;canDelete&quot;:false},&quot;dashboard_location_widget&quot;:{&quot;canRead&quot;:true,&quot;canCreate&quot;:false,&quot;canUpdate&quot;:false,&quot;canDelete&quot;:false},&quot;dashboard_subunit_widget&quot;:{&quot;canRead&quot;:true,&quot;canCreate&quot;:false,&quot;canUpdate&quot;:false,&quot;canDelete&quot;:false},&quot;dashboard_time_widget&quot;:{&quot;canRead&quot;:true,&quot;canCreate&quot;:false,&quot;canUpdate&quot;:false,&quot;canDelete&quot;:false}}"
        :breadcrumb="{&quot;moduleName&quot;:&quot;\u4eea\u8868\u76d8&quot;,&quot;level&quot;:null}"
        :date-format="{&quot;id&quot;:&quot;Y-m-d&quot;,&quot;label&quot;:&quot;yyyy-mm-dd&quot;}"
        help-url="/web/index.php/help/help?label=dashboard_index"
        :show-upgrade="1"
    >
      <view-dashboard
            >
    </view-dashboard>
    <template v-slot:footer><oxd-text tag="p" class="orangehrm-copyright">OrangeHRM OS 5.8.1</oxd-text>
<oxd-text tag="p" class="orangehrm-copyright">&copy; 2005 - 2026 <a href="http://www.orangehrm.com" target="_blank">OrangeHRM, Inc</a>. All rights reserved.</oxd-text>
<br></template>
    </oxd-layout>
  </div>
  <script type="text/javascript">
      window.appGlobal = {
        baseUrl: "/web/index.php",
        publicPath: "/web",
      };
  </script>
  <script src="/web/dist/js/chunk-vendors.js?v=1775433284510"></script>
  <script src="/web/dist/js/app.js?v=1775433284510"></script>
</body>
</html>

2026-06-01 22:13:30,781 - baseAutoHttp.py - INFO - 【01登录页面接口信息:login_api】接口调用结束

2026-06-01 22:13:30,782 - web_login_page.py - INFO - 【管理员正常登录】断言成功
2026-06-01 22:13:30,782 - baseAutoHttp.py - INFO - 接口会话已关闭
2026-06-01 22:13:30,782 - test_web_ohrm.py - INFO - 【管理员正常登录】用例执行成功
2026-06-01 22:13:30,790 - baseUtils.py - INFO - 配置文件读取成功：E:\develop\PythonProject\OrangeHRM\Config\配置文件.ini
2026-06-01 22:13:30,847 - baseAutoHttp.py - INFO - 【02登录页面未携带token:login_not_token_api】接口调用开始
2026-06-01 22:13:30,849 - baseData.py - INFO - 动态参数替换成功：{'username': 'admin', 'password': 'Keepmoving624.'}
2026-06-01 22:13:30,849 - baseAutoHttp.py - INFO - 请求方式: POST
2026-06-01 22:13:30,849 - baseAutoHttp.py - INFO - 请求地址: http://127.0.0.1:8080/web/index.php/auth/validate
2026-06-01 22:13:30,849 - baseAutoHttp.py - INFO - 请求头: {'User-Agent': 'Mozilla/5.0 (Windows NT 10.0; Win64; x64) AppleWebKit/537.36 (KHTML, like Gecko) Chrome/148.0.0.0 Safari/537.36', 'Content-Type': 'application/x-www-form-urlencoded'}
2026-06-01 22:13:30,849 - baseAutoHttp.py - INFO - 请求参数: params=None | data={'username': 'admin', 'password': 'Keepmoving624.'} | json=None
2026-06-01 22:13:30,968 - baseAutoHttp.py - INFO - 响应状态码: 200
2026-06-01 22:13:30,968 - baseAutoHttp.py - INFO - 响应耗时: 0.056825s
2026-06-01 22:13:30,968 - baseAutoHttp.py - INFO - 响应文本: <!DOCTYPE html>
<html>
<head>
  <meta charset="UTF-8">
  <meta http-equiv="X-UA-Compatible" content="IE=edge">
  <meta name="viewport" content="width=device-width,initial-scale=1">
  <title>OrangeHRM</title>
      <link rel="icon" href="/web/dist/favicon.ico?v=1775433284510">
    <link href="/web/dist/css/chunk-vendors.css?v=1775433284510" rel="preload" as="style">
    <link href="/web/dist/css/app.css?v=1775433284510" rel="preload" as="style">
    <link href="/web/dist/js/chunk-vendors.js?v=1775433284510" rel="preload" as="script">
    <link href="/web/dist/js/app.js?v=1775433284510" rel="preload" as="script">
      <link href="/web/dist/css/chunk-vendors.css?v=1775433284510" rel="stylesheet"/>
    <link href="/web/dist/css/app.css?v=1775433284510" rel="stylesheet"/>
</head>
<body>
  <style>
    :root {
            --oxd-primary-one-color:#FF7B1D;
            --oxd-primary-font-color:#FFFFFF;
            --oxd-secondary-four-color:#76BC21;
            --oxd-secondary-font-color:#FFFFFF;
            --oxd-primary-gradient-start-color:#FF920B;
            --oxd-primary-gradient-end-color:#F35C17;
            --oxd-secondary-gradient-start-color:#FF920B;
            --oxd-secondary-gradient-end-color:#F35C17;
            --oxd-primary-one-lighten-5-color:#ff8a37;
            --oxd-primary-one-lighten-30-color:#ffd4b6;
            --oxd-primary-one-darken-5-color:#ff6c03;
            --oxd-primary-one-alpha-10-color:rgba(255, 123, 29, 0.1);
            --oxd-primary-one-alpha-15-color:rgba(255, 123, 29, 0.15);
            --oxd-primary-one-alpha-20-color:rgba(255, 123, 29, 0.2);
            --oxd-primary-one-alpha-50-color:rgba(255, 123, 29, 0.5);
            --oxd-secondary-four-lighten-5-color:#84d225;
            --oxd-secondary-four-darken-5-color:#68a61d;
            --oxd-secondary-four-alpha-10-color:rgba(118, 188, 33, 0.1);
            --oxd-secondary-four-alpha-15-color:rgba(118, 188, 33, 0.15);
            --oxd-secondary-four-alpha-20-color:rgba(118, 188, 33, 0.2);
            --oxd-secondary-four-alpha-50-color:rgba(118, 188, 33, 0.5);
        }
  </style>
    <noscript>
        <strong>
            We're sorry but orangehrm doesn't work properly without JavaScript enabled. Please enable it to continue.
        </strong>
    </noscript>

    <div id="app">
    <auth-login
            :error="{&quot;error&quot;:&quot;invalid_csrf_token&quot;,&quot;message&quot;:&quot;CSRF token validation failed&quot;}"
            :token="&quot;e9e82c0f.J9eoImFHGIyYHqZeFNot9DCNm8fAT5wXvBBGMV00gPw.f6b4bjkhSeurbdJmUKscsADF7J_5evNQ1VYcYhBT5ZBVu_FjWHMh-a0r4w&quot;"
            :login-logo-src="&quot;\/web\/images\/ohrm_logo.png&quot;"
            :login-banner-src="&quot;\/web\/images\/ohrm_branding.png?v=1775433284510&quot;"
            :show-social-media="true"
            :is-demo-mode="false"
            :authenticators="[]"
        >
    <template v-slot:footer>
        <div class="orangehrm-copyright-wrapper">
            <oxd-text tag="p" class="orangehrm-copyright">OrangeHRM OS 5.8.1</oxd-text>
<oxd-text tag="p" class="orangehrm-copyright">&copy; 2005 - 2026 <a href="http://www.orangehrm.com" target="_blank">OrangeHRM, Inc</a>. All rights reserved.</oxd-text>
        </div>
    </template>
    </auth-login>
    </div>
    <script type="text/javascript">
        window.appGlobal = {
          baseUrl: "/web/index.php",
          publicPath: "/web",
        };
    </script>
    <script src="/web/dist/js/chunk-vendors.js?v=1775433284510"></script>
    <script src="/web/dist/js/app.js?v=1775433284510"></script>
</body>
</html>

2026-06-01 22:13:30,968 - baseAutoHttp.py - INFO - 【02登录页面未携带token:login_not_token_api】接口调用结束

2026-06-01 22:13:30,968 - web_login_page.py - INFO - 【未携带CSRF令牌】断言成功
2026-06-01 22:13:30,968 - baseAutoHttp.py - INFO - 接口会话已关闭
2026-06-01 22:13:30,968 - test_web_ohrm.py - INFO - 【未携带CSRF令牌】用例执行成功
2026-06-01 22:13:30,975 - baseUtils.py - INFO - 配置文件读取成功：E:\develop\PythonProject\OrangeHRM\Config\配置文件.ini
2026-06-01 22:13:31,077 - baseAutoHttp.py - INFO - 【01登录页面接口信息:login_api】接口调用开始
2026-06-01 22:13:31,078 - baseData.py - INFO - 动态参数替换成功：{'_token': 'b07e73ba050fb37c827048951c03f.XBuhYZuEnnNnU0cJNoXiHnFkSweFicB2ma0sRMT2rnE.b1-XBbbO8hQUIHc4WvLTcEEnG17x5o0Fw8VPAI-U5zoWc-4K2dTURgkZBg', 'username': 'admin', 'password': 'Keepmoving624.'}
2026-06-01 22:13:31,078 - baseAutoHttp.py - INFO - 请求方式: POST
2026-06-01 22:13:31,078 - baseAutoHttp.py - INFO - 请求地址: http://127.0.0.1:8080/web/index.php/auth/validate
2026-06-01 22:13:31,078 - baseAutoHttp.py - INFO - 请求头: {'User-Agent': 'Mozilla/5.0 (Windows NT 10.0; Win64; x64) AppleWebKit/537.36 (KHTML, like Gecko) Chrome/148.0.0.0 Safari/537.36', 'Content-Type': 'application/x-www-form-urlencoded'}
2026-06-01 22:13:31,079 - baseAutoHttp.py - INFO - 请求参数: params=None | data={'_token': 'b07e73ba050fb37c827048951c03f.XBuhYZuEnnNnU0cJNoXiHnFkSweFicB2ma0sRMT2rnE.b1-XBbbO8hQUIHc4WvLTcEEnG17x5o0Fw8VPAI-U5zoWc-4K2dTURgkZBg', 'username': 'admin', 'password': 'Keepmoving624.'} | json=None
2026-06-01 22:13:31,186 - baseAutoHttp.py - INFO - 响应状态码: 200
2026-06-01 22:13:31,186 - baseAutoHttp.py - INFO - 响应耗时: 0.048553s
2026-06-01 22:13:31,187 - baseAutoHttp.py - INFO - 响应文本: <!DOCTYPE html>
<html>
<head>
  <meta charset="UTF-8">
  <meta http-equiv="X-UA-Compatible" content="IE=edge">
  <meta name="viewport" content="width=device-width,initial-scale=1">
  <title>OrangeHRM</title>
      <link rel="icon" href="/web/dist/favicon.ico?v=1775433284510">
    <link href="/web/dist/css/chunk-vendors.css?v=1775433284510" rel="preload" as="style">
    <link href="/web/dist/css/app.css?v=1775433284510" rel="preload" as="style">
    <link href="/web/dist/js/chunk-vendors.js?v=1775433284510" rel="preload" as="script">
    <link href="/web/dist/js/app.js?v=1775433284510" rel="preload" as="script">
      <link href="/web/dist/css/chunk-vendors.css?v=1775433284510" rel="stylesheet"/>
    <link href="/web/dist/css/app.css?v=1775433284510" rel="stylesheet"/>
</head>
<body>
  <style>
    :root {
            --oxd-primary-one-color:#FF7B1D;
            --oxd-primary-font-color:#FFFFFF;
            --oxd-secondary-four-color:#76BC21;
            --oxd-secondary-font-color:#FFFFFF;
            --oxd-primary-gradient-start-color:#FF920B;
            --oxd-primary-gradient-end-color:#F35C17;
            --oxd-secondary-gradient-start-color:#FF920B;
            --oxd-secondary-gradient-end-color:#F35C17;
            --oxd-primary-one-lighten-5-color:#ff8a37;
            --oxd-primary-one-lighten-30-color:#ffd4b6;
            --oxd-primary-one-darken-5-color:#ff6c03;
            --oxd-primary-one-alpha-10-color:rgba(255, 123, 29, 0.1);
            --oxd-primary-one-alpha-15-color:rgba(255, 123, 29, 0.15);
            --oxd-primary-one-alpha-20-color:rgba(255, 123, 29, 0.2);
            --oxd-primary-one-alpha-50-color:rgba(255, 123, 29, 0.5);
            --oxd-secondary-four-lighten-5-color:#84d225;
            --oxd-secondary-four-darken-5-color:#68a61d;
            --oxd-secondary-four-alpha-10-color:rgba(118, 188, 33, 0.1);
            --oxd-secondary-four-alpha-15-color:rgba(118, 188, 33, 0.15);
            --oxd-secondary-four-alpha-20-color:rgba(118, 188, 33, 0.2);
            --oxd-secondary-four-alpha-50-color:rgba(118, 188, 33, 0.5);
        }
  </style>
    <noscript>
        <strong>
            We're sorry but orangehrm doesn't work properly without JavaScript enabled. Please enable it to continue.
        </strong>
    </noscript>

    <div id="app">
    <auth-login
            :error="{&quot;error&quot;:&quot;invalid_csrf_token&quot;,&quot;message&quot;:&quot;CSRF token validation failed&quot;}"
            :token="&quot;a0e78.hIrLklFzBQWve-WI_RIgA7pMG1jmjskXj1FiGD4kMmY.yMizwnwVcDeZFp3Eznp_U_h5XBmt5qpF-3whcg5saB_nwqb2ADJzPfg-1Q&quot;"
            :login-logo-src="&quot;\/web\/images\/ohrm_logo.png&quot;"
            :login-banner-src="&quot;\/web\/images\/ohrm_branding.png?v=1775433284510&quot;"
            :show-social-media="true"
            :is-demo-mode="false"
            :authenticators="[]"
        >
    <template v-slot:footer>
        <div class="orangehrm-copyright-wrapper">
            <oxd-text tag="p" class="orangehrm-copyright">OrangeHRM OS 5.8.1</oxd-text>
<oxd-text tag="p" class="orangehrm-copyright">&copy; 2005 - 2026 <a href="http://www.orangehrm.com" target="_blank">OrangeHRM, Inc</a>. All rights reserved.</oxd-text>
        </div>
    </template>
    </auth-login>
    </div>
    <script type="text/javascript">
        window.appGlobal = {
          baseUrl: "/web/index.php",
          publicPath: "/web",
        };
    </script>
    <script src="/web/dist/js/chunk-vendors.js?v=1775433284510"></script>
    <script src="/web/dist/js/app.js?v=1775433284510"></script>
</body>
</html>

2026-06-01 22:13:31,187 - baseAutoHttp.py - INFO - 【01登录页面接口信息:login_api】接口调用结束

2026-06-01 22:13:31,187 - web_login_page.py - INFO - 【跨会话使用Token】断言成功
2026-06-01 22:13:31,187 - baseAutoHttp.py - INFO - 接口会话已关闭
2026-06-01 22:13:31,187 - test_web_ohrm.py - INFO - 【携带过期CSRF令牌】用例执行成功
2026-06-01 22:13:31,194 - baseUtils.py - INFO - 配置文件读取成功：E:\develop\PythonProject\OrangeHRM\Config\配置文件.ini
2026-06-01 22:13:31,195 - baseAutoHttp.py - INFO - 【01登录页面接口信息:login_api】接口调用开始
2026-06-01 22:13:31,196 - baseData.py - INFO - 动态参数替换成功：{'_token': 'sPTK1hUUbILj!T$4RSDX', 'username': 'admin', 'password': 'Keepmoving624.'}
2026-06-01 22:13:31,196 - baseAutoHttp.py - INFO - 请求方式: POST
2026-06-01 22:13:31,196 - baseAutoHttp.py - INFO - 请求地址: http://127.0.0.1:8080/web/index.php/auth/validate
2026-06-01 22:13:31,196 - baseAutoHttp.py - INFO - 请求头: {'User-Agent': 'Mozilla/5.0 (Windows NT 10.0; Win64; x64) AppleWebKit/537.36 (KHTML, like Gecko) Chrome/148.0.0.0 Safari/537.36', 'Content-Type': 'application/x-www-form-urlencoded'}
2026-06-01 22:13:31,196 - baseAutoHttp.py - INFO - 请求参数: params=None | data={'_token': 'sPTK1hUUbILj!T$4RSDX', 'username': 'admin', 'password': 'Keepmoving624.'} | json=None
2026-06-01 22:13:31,300 - baseAutoHttp.py - INFO - 响应状态码: 200
2026-06-01 22:13:31,300 - baseAutoHttp.py - INFO - 响应耗时: 0.061554s
2026-06-01 22:13:31,300 - baseAutoHttp.py - INFO - 响应文本: <!DOCTYPE html>
<html>
<head>
  <meta charset="UTF-8">
  <meta http-equiv="X-UA-Compatible" content="IE=edge">
  <meta name="viewport" content="width=device-width,initial-scale=1">
  <title>OrangeHRM</title>
      <link rel="icon" href="/web/dist/favicon.ico?v=1775433284510">
    <link href="/web/dist/css/chunk-vendors.css?v=1775433284510" rel="preload" as="style">
    <link href="/web/dist/css/app.css?v=1775433284510" rel="preload" as="style">
    <link href="/web/dist/js/chunk-vendors.js?v=1775433284510" rel="preload" as="script">
    <link href="/web/dist/js/app.js?v=1775433284510" rel="preload" as="script">
      <link href="/web/dist/css/chunk-vendors.css?v=1775433284510" rel="stylesheet"/>
    <link href="/web/dist/css/app.css?v=1775433284510" rel="stylesheet"/>
</head>
<body>
  <style>
    :root {
            --oxd-primary-one-color:#FF7B1D;
            --oxd-primary-font-color:#FFFFFF;
            --oxd-secondary-four-color:#76BC21;
            --oxd-secondary-font-color:#FFFFFF;
            --oxd-primary-gradient-start-color:#FF920B;
            --oxd-primary-gradient-end-color:#F35C17;
            --oxd-secondary-gradient-start-color:#FF920B;
            --oxd-secondary-gradient-end-color:#F35C17;
            --oxd-primary-one-lighten-5-color:#ff8a37;
            --oxd-primary-one-lighten-30-color:#ffd4b6;
            --oxd-primary-one-darken-5-color:#ff6c03;
            --oxd-primary-one-alpha-10-color:rgba(255, 123, 29, 0.1);
            --oxd-primary-one-alpha-15-color:rgba(255, 123, 29, 0.15);
            --oxd-primary-one-alpha-20-color:rgba(255, 123, 29, 0.2);
            --oxd-primary-one-alpha-50-color:rgba(255, 123, 29, 0.5);
            --oxd-secondary-four-lighten-5-color:#84d225;
            --oxd-secondary-four-darken-5-color:#68a61d;
            --oxd-secondary-four-alpha-10-color:rgba(118, 188, 33, 0.1);
            --oxd-secondary-four-alpha-15-color:rgba(118, 188, 33, 0.15);
            --oxd-secondary-four-alpha-20-color:rgba(118, 188, 33, 0.2);
            --oxd-secondary-four-alpha-50-color:rgba(118, 188, 33, 0.5);
        }
  </style>
    <noscript>
        <strong>
            We're sorry but orangehrm doesn't work properly without JavaScript enabled. Please enable it to continue.
        </strong>
    </noscript>

    <div id="app">
    <auth-login
            :error="{&quot;error&quot;:&quot;invalid_csrf_token&quot;,&quot;message&quot;:&quot;CSRF token validation failed&quot;}"
            :token="&quot;c44d0d58c54ab033cda55.tBjh2LSySI3VL1omfuVaWnyiJkLLV-LjEdNlMWIk1Hk.9W2Im43DB9mfaCtBMZQNIzbsZXauCL2UeIInfjJdvAnMYo25zIZ5oJRiGw&quot;"
            :login-logo-src="&quot;\/web\/images\/ohrm_logo.png&quot;"
            :login-banner-src="&quot;\/web\/images\/ohrm_branding.png?v=1775433284510&quot;"
            :show-social-media="true"
            :is-demo-mode="false"
            :authenticators="[]"
        >
    <template v-slot:footer>
        <div class="orangehrm-copyright-wrapper">
            <oxd-text tag="p" class="orangehrm-copyright">OrangeHRM OS 5.8.1</oxd-text>
<oxd-text tag="p" class="orangehrm-copyright">&copy; 2005 - 2026 <a href="http://www.orangehrm.com" target="_blank">OrangeHRM, Inc</a>. All rights reserved.</oxd-text>
        </div>
    </template>
    </auth-login>
    </div>
    <script type="text/javascript">
        window.appGlobal = {
          baseUrl: "/web/index.php",
          publicPath: "/web",
        };
    </script>
    <script src="/web/dist/js/chunk-vendors.js?v=1775433284510"></script>
    <script src="/web/dist/js/app.js?v=1775433284510"></script>
</body>
</html>

2026-06-01 22:13:31,300 - baseAutoHttp.py - INFO - 【01登录页面接口信息:login_api】接口调用结束

2026-06-01 22:13:31,300 - web_login_page.py - INFO - 【携带错误格式Token】断言成功
2026-06-01 22:13:31,300 - baseAutoHttp.py - INFO - 接口会话已关闭
2026-06-01 22:13:31,300 - test_web_ohrm.py - INFO - 【携带错误格式Token】用例执行成功
2026-06-01 22:13:31,308 - baseUtils.py - INFO - 配置文件读取成功：E:\develop\PythonProject\OrangeHRM\Config\配置文件.ini
2026-06-01 22:13:31,360 - baseAutoHttp.py - INFO - 【01登录页面接口信息:login_api】接口调用开始
2026-06-01 22:13:31,361 - baseData.py - INFO - 动态参数替换成功：{'_token': 'a00c11dbcc07a9da8491c3a4ed5af8d.nnpuuG_Y8mf0wwmIKrP-urGyvRtjoTZgy-cF7Y3Li6U.2wsN2TbrvzOyqlH5G-Gv1OKG8i4rjAEi5pRDm-uxucamIjfrIKy8V5_yWA', 'username': 'wrong', 'password': 'wrong'}
2026-06-01 22:13:31,361 - baseAutoHttp.py - INFO - 请求方式: POST
2026-06-01 22:13:31,361 - baseAutoHttp.py - INFO - 请求地址: http://127.0.0.1:8080/web/index.php/auth/validate
2026-06-01 22:13:31,361 - baseAutoHttp.py - INFO - 请求头: {'User-Agent': 'Mozilla/5.0 (Windows NT 10.0; Win64; x64) AppleWebKit/537.36 (KHTML, like Gecko) Chrome/148.0.0.0 Safari/537.36', 'Content-Type': 'application/x-www-form-urlencoded'}
2026-06-01 22:13:31,361 - baseAutoHttp.py - INFO - 请求参数: params=None | data={'_token': 'a00c11dbcc07a9da8491c3a4ed5af8d.nnpuuG_Y8mf0wwmIKrP-urGyvRtjoTZgy-cF7Y3Li6U.2wsN2TbrvzOyqlH5G-Gv1OKG8i4rjAEi5pRDm-uxucamIjfrIKy8V5_yWA', 'username': 'wrong', 'password': 'wrong'} | json=None
2026-06-01 22:13:31,472 - baseAutoHttp.py - INFO - 响应状态码: 200
2026-06-01 22:13:31,472 - baseAutoHttp.py - INFO - 响应耗时: 0.049184s
2026-06-01 22:13:31,472 - baseAutoHttp.py - INFO - 响应文本: <!DOCTYPE html>
<html>
<head>
  <meta charset="UTF-8">
  <meta http-equiv="X-UA-Compatible" content="IE=edge">
  <meta name="viewport" content="width=device-width,initial-scale=1">
  <title>OrangeHRM</title>
      <link rel="icon" href="/web/dist/favicon.ico?v=1775433284510">
    <link href="/web/dist/css/chunk-vendors.css?v=1775433284510" rel="preload" as="style">
    <link href="/web/dist/css/app.css?v=1775433284510" rel="preload" as="style">
    <link href="/web/dist/js/chunk-vendors.js?v=1775433284510" rel="preload" as="script">
    <link href="/web/dist/js/app.js?v=1775433284510" rel="preload" as="script">
      <link href="/web/dist/css/chunk-vendors.css?v=1775433284510" rel="stylesheet"/>
    <link href="/web/dist/css/app.css?v=1775433284510" rel="stylesheet"/>
</head>
<body>
  <style>
    :root {
            --oxd-primary-one-color:#FF7B1D;
            --oxd-primary-font-color:#FFFFFF;
            --oxd-secondary-four-color:#76BC21;
            --oxd-secondary-font-color:#FFFFFF;
            --oxd-primary-gradient-start-color:#FF920B;
            --oxd-primary-gradient-end-color:#F35C17;
            --oxd-secondary-gradient-start-color:#FF920B;
            --oxd-secondary-gradient-end-color:#F35C17;
            --oxd-primary-one-lighten-5-color:#ff8a37;
            --oxd-primary-one-lighten-30-color:#ffd4b6;
            --oxd-primary-one-darken-5-color:#ff6c03;
            --oxd-primary-one-alpha-10-color:rgba(255, 123, 29, 0.1);
            --oxd-primary-one-alpha-15-color:rgba(255, 123, 29, 0.15);
            --oxd-primary-one-alpha-20-color:rgba(255, 123, 29, 0.2);
            --oxd-primary-one-alpha-50-color:rgba(255, 123, 29, 0.5);
            --oxd-secondary-four-lighten-5-color:#84d225;
            --oxd-secondary-four-darken-5-color:#68a61d;
            --oxd-secondary-four-alpha-10-color:rgba(118, 188, 33, 0.1);
            --oxd-secondary-four-alpha-15-color:rgba(118, 188, 33, 0.15);
            --oxd-secondary-four-alpha-20-color:rgba(118, 188, 33, 0.2);
            --oxd-secondary-four-alpha-50-color:rgba(118, 188, 33, 0.5);
        }
  </style>
    <noscript>
        <strong>
            We're sorry but orangehrm doesn't work properly without JavaScript enabled. Please enable it to continue.
        </strong>
    </noscript>

    <div id="app">
    <auth-login
            :error="{&quot;error&quot;:&quot;invalid_credentials&quot;,&quot;message&quot;:&quot;Invalid credentials&quot;}"
            :token="&quot;39d8138e.x485e71ypAy2qBvMgWZtq1aMNuvR54JTQHMDIJOLjmA.gv5aGuRB6VjwwUO9sDQ8xQW4ed6ZyrURbQBFVvXxvAP_12Ao8gbqPN2ZSg&quot;"
            :login-logo-src="&quot;\/web\/images\/ohrm_logo.png&quot;"
            :login-banner-src="&quot;\/web\/images\/ohrm_branding.png?v=1775433284510&quot;"
            :show-social-media="true"
            :is-demo-mode="false"
            :authenticators="[]"
        >
    <template v-slot:footer>
        <div class="orangehrm-copyright-wrapper">
            <oxd-text tag="p" class="orangehrm-copyright">OrangeHRM OS 5.8.1</oxd-text>
<oxd-text tag="p" class="orangehrm-copyright">&copy; 2005 - 2026 <a href="http://www.orangehrm.com" target="_blank">OrangeHRM, Inc</a>. All rights reserved.</oxd-text>
        </div>
    </template>
    </auth-login>
    </div>
    <script type="text/javascript">
        window.appGlobal = {
          baseUrl: "/web/index.php",
          publicPath: "/web",
        };
    </script>
    <script src="/web/dist/js/chunk-vendors.js?v=1775433284510"></script>
    <script src="/web/dist/js/app.js?v=1775433284510"></script>
</body>
</html>

2026-06-01 22:13:31,473 - baseAutoHttp.py - INFO - 【01登录页面接口信息:login_api】接口调用结束

2026-06-01 22:13:31,473 - web_login_page.py - INFO - 【wrong/wrong】断言成功
2026-06-01 22:13:31,473 - baseAutoHttp.py - INFO - 接口会话已关闭
2026-06-01 22:13:31,473 - test_web_ohrm.py - INFO - 【错误用户名/密码】用例执行成功
2026-06-01 22:13:31,480 - baseUtils.py - INFO - 配置文件读取成功：E:\develop\PythonProject\OrangeHRM\Config\配置文件.ini
2026-06-01 22:13:31,530 - baseAutoHttp.py - INFO - 【01登录页面接口信息:login_api】接口调用开始
2026-06-01 22:13:31,532 - baseData.py - INFO - 动态参数替换成功：{'_token': 'fe4391c18687fe554a39633ef36.WmczDwY8RBaIg007c0YqQE8NtXzUqiMF8qhbkWpLGTI.bxNbX3ZGFV7m23trR3N5CBdUhUqmk0U1neEj_h8RW0ITAAVWc0QbQLrxCA', 'username': '', 'password': 'Keepmoving624.'}
2026-06-01 22:13:31,532 - baseAutoHttp.py - INFO - 请求方式: POST
2026-06-01 22:13:31,532 - baseAutoHttp.py - INFO - 请求地址: http://127.0.0.1:8080/web/index.php/auth/validate
2026-06-01 22:13:31,532 - baseAutoHttp.py - INFO - 请求头: {'User-Agent': 'Mozilla/5.0 (Windows NT 10.0; Win64; x64) AppleWebKit/537.36 (KHTML, like Gecko) Chrome/148.0.0.0 Safari/537.36', 'Content-Type': 'application/x-www-form-urlencoded'}
2026-06-01 22:13:31,533 - baseAutoHttp.py - INFO - 请求参数: params=None | data={'_token': 'fe4391c18687fe554a39633ef36.WmczDwY8RBaIg007c0YqQE8NtXzUqiMF8qhbkWpLGTI.bxNbX3ZGFV7m23trR3N5CBdUhUqmk0U1neEj_h8RW0ITAAVWc0QbQLrxCA', 'username': '', 'password': 'Keepmoving624.'} | json=None
2026-06-01 22:13:31,638 - baseAutoHttp.py - INFO - 响应状态码: 200
2026-06-01 22:13:31,638 - baseAutoHttp.py - INFO - 响应耗时: 0.062263s
2026-06-01 22:13:31,638 - baseAutoHttp.py - INFO - 响应文本: <!DOCTYPE html>
<html>
<head>
  <meta charset="UTF-8">
  <meta http-equiv="X-UA-Compatible" content="IE=edge">
  <meta name="viewport" content="width=device-width,initial-scale=1">
  <title>OrangeHRM</title>
      <link rel="icon" href="/web/dist/favicon.ico?v=1775433284510">
    <link href="/web/dist/css/chunk-vendors.css?v=1775433284510" rel="preload" as="style">
    <link href="/web/dist/css/app.css?v=1775433284510" rel="preload" as="style">
    <link href="/web/dist/js/chunk-vendors.js?v=1775433284510" rel="preload" as="script">
    <link href="/web/dist/js/app.js?v=1775433284510" rel="preload" as="script">
      <link href="/web/dist/css/chunk-vendors.css?v=1775433284510" rel="stylesheet"/>
    <link href="/web/dist/css/app.css?v=1775433284510" rel="stylesheet"/>
</head>
<body>
  <style>
    :root {
            --oxd-primary-one-color:#FF7B1D;
            --oxd-primary-font-color:#FFFFFF;
            --oxd-secondary-four-color:#76BC21;
            --oxd-secondary-font-color:#FFFFFF;
            --oxd-primary-gradient-start-color:#FF920B;
            --oxd-primary-gradient-end-color:#F35C17;
            --oxd-secondary-gradient-start-color:#FF920B;
            --oxd-secondary-gradient-end-color:#F35C17;
            --oxd-primary-one-lighten-5-color:#ff8a37;
            --oxd-primary-one-lighten-30-color:#ffd4b6;
            --oxd-primary-one-darken-5-color:#ff6c03;
            --oxd-primary-one-alpha-10-color:rgba(255, 123, 29, 0.1);
            --oxd-primary-one-alpha-15-color:rgba(255, 123, 29, 0.15);
            --oxd-primary-one-alpha-20-color:rgba(255, 123, 29, 0.2);
            --oxd-primary-one-alpha-50-color:rgba(255, 123, 29, 0.5);
            --oxd-secondary-four-lighten-5-color:#84d225;
            --oxd-secondary-four-darken-5-color:#68a61d;
            --oxd-secondary-four-alpha-10-color:rgba(118, 188, 33, 0.1);
            --oxd-secondary-four-alpha-15-color:rgba(118, 188, 33, 0.15);
            --oxd-secondary-four-alpha-20-color:rgba(118, 188, 33, 0.2);
            --oxd-secondary-four-alpha-50-color:rgba(118, 188, 33, 0.5);
        }
  </style>
    <noscript>
        <strong>
            We're sorry but orangehrm doesn't work properly without JavaScript enabled. Please enable it to continue.
        </strong>
    </noscript>

    <div id="app">
    <auth-login
            :error="{&quot;error&quot;:&quot;invalid_credentials&quot;,&quot;message&quot;:&quot;Invalid credentials&quot;}"
            :token="&quot;aea138f.Zl99mKvQSzMdj9feq7QoiHappuFcL_8FZOJBsb-iwyU.UysVyNuqGntz1-GOn4F7wC7wltcuFpk1C6s53sr4gVUvOEvB3qgUZS_9kg&quot;"
            :login-logo-src="&quot;\/web\/images\/ohrm_logo.png&quot;"
            :login-banner-src="&quot;\/web\/images\/ohrm_branding.png?v=1775433284510&quot;"
            :show-social-media="true"
            :is-demo-mode="false"
            :authenticators="[]"
        >
    <template v-slot:footer>
        <div class="orangehrm-copyright-wrapper">
            <oxd-text tag="p" class="orangehrm-copyright">OrangeHRM OS 5.8.1</oxd-text>
<oxd-text tag="p" class="orangehrm-copyright">&copy; 2005 - 2026 <a href="http://www.orangehrm.com" target="_blank">OrangeHRM, Inc</a>. All rights reserved.</oxd-text>
        </div>
    </template>
    </auth-login>
    </div>
    <script type="text/javascript">
        window.appGlobal = {
          baseUrl: "/web/index.php",
          publicPath: "/web",
        };
    </script>
    <script src="/web/dist/js/chunk-vendors.js?v=1775433284510"></script>
    <script src="/web/dist/js/app.js?v=1775433284510"></script>
</body>
</html>

2026-06-01 22:13:31,639 - baseAutoHttp.py - INFO - 【01登录页面接口信息:login_api】接口调用结束

2026-06-01 22:13:31,639 - web_login_page.py - INFO - 【空用户名/Keepmoving624.】断言成功
2026-06-01 22:13:31,639 - baseAutoHttp.py - INFO - 接口会话已关闭
2026-06-01 22:13:31,639 - test_web_ohrm.py - INFO - 【用户名为空】用例执行成功
2026-06-01 22:13:31,646 - baseUtils.py - INFO - 配置文件读取成功：E:\develop\PythonProject\OrangeHRM\Config\配置文件.ini
2026-06-01 22:13:31,694 - baseAutoHttp.py - INFO - 【01登录页面接口信息:login_api】接口调用开始
2026-06-01 22:13:31,695 - baseData.py - INFO - 动态参数替换成功：{'_token': '84a84e5ef5ef807eebc8ace22309ac30.H_gBY84RVjMR7dEnuNqo9ysGac-6-2j4jipmur4MGKs.LrNeILkkF0Z-v4NpjY7Jh3xOOrrugwOS3mcW-45qdtouyVUx9nolfVDdsg', 'username': 'admin', 'password': ''}
2026-06-01 22:13:31,695 - baseAutoHttp.py - INFO - 请求方式: POST
2026-06-01 22:13:31,695 - baseAutoHttp.py - INFO - 请求地址: http://127.0.0.1:8080/web/index.php/auth/validate
2026-06-01 22:13:31,695 - baseAutoHttp.py - INFO - 请求头: {'User-Agent': 'Mozilla/5.0 (Windows NT 10.0; Win64; x64) AppleWebKit/537.36 (KHTML, like Gecko) Chrome/148.0.0.0 Safari/537.36', 'Content-Type': 'application/x-www-form-urlencoded'}
2026-06-01 22:13:31,695 - baseAutoHttp.py - INFO - 请求参数: params=None | data={'_token': '84a84e5ef5ef807eebc8ace22309ac30.H_gBY84RVjMR7dEnuNqo9ysGac-6-2j4jipmur4MGKs.LrNeILkkF0Z-v4NpjY7Jh3xOOrrugwOS3mcW-45qdtouyVUx9nolfVDdsg', 'username': 'admin', 'password': ''} | json=None
2026-06-01 22:13:31,968 - baseAutoHttp.py - INFO - 响应状态码: 200
2026-06-01 22:13:31,968 - baseAutoHttp.py - INFO - 响应耗时: 0.045581s
2026-06-01 22:13:31,968 - baseAutoHttp.py - INFO - 响应文本: <!DOCTYPE html>
<html>
<head>
  <meta charset="UTF-8">
  <meta http-equiv="X-UA-Compatible" content="IE=edge">
  <meta name="viewport" content="width=device-width,initial-scale=1">
  <title>OrangeHRM</title>
      <link rel="icon" href="/web/dist/favicon.ico?v=1775433284510">
    <link href="/web/dist/css/chunk-vendors.css?v=1775433284510" rel="preload" as="style">
    <link href="/web/dist/css/app.css?v=1775433284510" rel="preload" as="style">
    <link href="/web/dist/js/chunk-vendors.js?v=1775433284510" rel="preload" as="script">
    <link href="/web/dist/js/app.js?v=1775433284510" rel="preload" as="script">
      <link href="/web/dist/css/chunk-vendors.css?v=1775433284510" rel="stylesheet"/>
    <link href="/web/dist/css/app.css?v=1775433284510" rel="stylesheet"/>
</head>
<body>
  <style>
    :root {
            --oxd-primary-one-color:#FF7B1D;
            --oxd-primary-font-color:#FFFFFF;
            --oxd-secondary-four-color:#76BC21;
            --oxd-secondary-font-color:#FFFFFF;
            --oxd-primary-gradient-start-color:#FF920B;
            --oxd-primary-gradient-end-color:#F35C17;
            --oxd-secondary-gradient-start-color:#FF920B;
            --oxd-secondary-gradient-end-color:#F35C17;
            --oxd-primary-one-lighten-5-color:#ff8a37;
            --oxd-primary-one-lighten-30-color:#ffd4b6;
            --oxd-primary-one-darken-5-color:#ff6c03;
            --oxd-primary-one-alpha-10-color:rgba(255, 123, 29, 0.1);
            --oxd-primary-one-alpha-15-color:rgba(255, 123, 29, 0.15);
            --oxd-primary-one-alpha-20-color:rgba(255, 123, 29, 0.2);
            --oxd-primary-one-alpha-50-color:rgba(255, 123, 29, 0.5);
            --oxd-secondary-four-lighten-5-color:#84d225;
            --oxd-secondary-four-darken-5-color:#68a61d;
            --oxd-secondary-four-alpha-10-color:rgba(118, 188, 33, 0.1);
            --oxd-secondary-four-alpha-15-color:rgba(118, 188, 33, 0.15);
            --oxd-secondary-four-alpha-20-color:rgba(118, 188, 33, 0.2);
            --oxd-secondary-four-alpha-50-color:rgba(118, 188, 33, 0.5);
        }
  </style>
    <noscript>
        <strong>
            We're sorry but orangehrm doesn't work properly without JavaScript enabled. Please enable it to continue.
        </strong>
    </noscript>

    <div id="app">
    <auth-login
            :error="{&quot;error&quot;:&quot;invalid_credentials&quot;,&quot;message&quot;:&quot;Invalid credentials&quot;}"
            :token="&quot;cc383c39dce131458f33f80debf86.HOje9Ze5lmlxLbK5Oh3_c5kYxMwLU5GntvOeUarsJX8.LaOBtuCM1xwef-D3D0meA85Ql7lfK_rN5r7uEJqKSw4t2Yqnr9LlJzAd0Q&quot;"
            :login-logo-src="&quot;\/web\/images\/ohrm_logo.png&quot;"
            :login-banner-src="&quot;\/web\/images\/ohrm_branding.png?v=1775433284510&quot;"
            :show-social-media="true"
            :is-demo-mode="false"
            :authenticators="[]"
        >
    <template v-slot:footer>
        <div class="orangehrm-copyright-wrapper">
            <oxd-text tag="p" class="orangehrm-copyright">OrangeHRM OS 5.8.1</oxd-text>
<oxd-text tag="p" class="orangehrm-copyright">&copy; 2005 - 2026 <a href="http://www.orangehrm.com" target="_blank">OrangeHRM, Inc</a>. All rights reserved.</oxd-text>
        </div>
    </template>
    </auth-login>
    </div>
    <script type="text/javascript">
        window.appGlobal = {
          baseUrl: "/web/index.php",
          publicPath: "/web",
        };
    </script>
    <script src="/web/dist/js/chunk-vendors.js?v=1775433284510"></script>
    <script src="/web/dist/js/app.js?v=1775433284510"></script>
</body>
</html>

2026-06-01 22:13:31,968 - baseAutoHttp.py - INFO - 【01登录页面接口信息:login_api】接口调用结束

2026-06-01 22:13:31,968 - web_login_page.py - INFO - 【admin/空密码】断言成功
2026-06-01 22:13:31,968 - baseAutoHttp.py - INFO - 接口会话已关闭
2026-06-01 22:13:31,968 - test_web_ohrm.py - INFO - 【密码为空】用例执行成功
2026-06-01 22:13:32,388 - baseDB.py - INFO - ✅ MySQL 数据库连接成功
2026-06-01 22:13:32,389 - conftest - INFO - ✅ conftest: 获取数据库连接（MysqlHelp）
2026-06-01 22:13:32,391 - baseUtils.py - INFO - 配置文件读取成功：E:\develop\PythonProject\OrangeHRM\Config\配置文件.ini
2026-06-01 22:13:32,922 - baseUtils.py - INFO - 配置文件读取成功：E:\develop\PythonProject\OrangeHRM\Config\配置文件.ini
2026-06-01 22:13:32,987 - baseUtils.py - INFO - 配置文件读取成功：E:\develop\PythonProject\OrangeHRM\Config\配置文件.ini
2026-06-01 22:13:33,055 - baseUtils.py - INFO - 配置文件读取成功：E:\develop\PythonProject\OrangeHRM\Config\配置文件.ini
2026-06-01 22:13:33,135 - baseAutoHttp.py - INFO - 【03查询员工页面:select_employee】接口调用开始
2026-06-01 22:13:33,138 - baseAutoHttp.py - INFO - 请求方式: GET
2026-06-01 22:13:33,138 - baseAutoHttp.py - INFO - 请求地址: http://127.0.0.1:8080/web/index.php/api/v2/pim/employees
2026-06-01 22:13:33,139 - baseAutoHttp.py - INFO - 请求头: {'User-Agent': 'Mozilla/5.0 (Windows NT 10.0; Win64; x64) AppleWebKit/537.36 (KHTML, like Gecko) Chrome/148.0.0.0 Safari/537.36'}
2026-06-01 22:13:33,139 - baseAutoHttp.py - INFO - 请求参数: params={'limit': '50', 'offset': '0', 'model': 'detailed', 'includeEmployees': 'onlyCurrent', 'sortField': 'employee.firstName', 'sortOrder': 'ASC'} | data=None | json=None
2026-06-01 22:13:33,213 - baseAutoHttp.py - INFO - 响应状态码: 200
2026-06-01 22:13:33,214 - baseAutoHttp.py - INFO - 响应耗时: 0.073618s
2026-06-01 22:13:33,214 - baseAutoHttp.py - INFO - 响应JSON: {'data': [{'empNumber': 2, 'lastName': 'oo', 'firstName': 'hh', 'middleName': '', 'employeeId': '0002', 'terminationId': None, 'jobTitle': {'id': None, 'title': None, 'isDeleted': None}, 'subunit': {'id': None, 'name': None}, 'empStatus': {'id': None, 'name': None}, 'supervisors': []}, {'empNumber': 5, 'lastName': 'Doe', 'firstName': 'John', 'middleName': '', 'employeeId': '1001', 'terminationId': None, 'jobTitle': {'id': None, 'title': None, 'isDeleted': None}, 'subunit': {'id': None, 'name': None}, 'empStatus': {'id': None, 'name': None}, 'supervisors': []}, {'empNumber': 6, 'lastName': 'pp', 'firstName': 'kk', 'middleName': '', 'employeeId': '1002', 'terminationId': None, 'jobTitle': {'id': None, 'title': None, 'isDeleted': None}, 'subunit': {'id': None, 'name': None}, 'empStatus': {'id': None, 'name': None}, 'supervisors': []}, {'empNumber': 14, 'lastName': 'll', 'firstName': 'kk', 'middleName': '', 'employeeId': '0014', 'terminationId': None, 'jobTitle': {'id': None, 'title': None, 'isDeleted': None}, 'subunit': {'id': None, 'name': None}, 'empStatus': {'id': None, 'name': None}, 'supervisors': []}, {'empNumber': 16, 'lastName': 'pp', 'firstName': 'ww', 'middleName': '', 'employeeId': '0016', 'terminationId': None, 'jobTitle': {'id': None, 'title': None, 'isDeleted': None}, 'subunit': {'id': None, 'name': None}, 'empStatus': {'id': None, 'name': None}, 'supervisors': []}, {'empNumber': 17, 'lastName': 'ss', 'firstName': 'zz', 'middleName': '', 'employeeId': '1009', 'terminationId': None, 'jobTitle': {'id': None, 'title': None, 'isDeleted': None}, 'subunit': {'id': None, 'name': None}, 'empStatus': {'id': None, 'name': None}, 'supervisors': []}, {'empNumber': 1, 'lastName': '安', 'firstName': '谢', 'middleName': '', 'employeeId': '0001', 'terminationId': None, 'jobTitle': {'id': None, 'title': None, 'isDeleted': None}, 'subunit': {'id': None, 'name': None}, 'empStatus': {'id': None, 'name': None}, 'supervisors': []}], 'meta': {'total': 7}, 'rels': []}
2026-06-01 22:13:33,214 - baseAutoHttp.py - INFO - 【03查询员工页面:select_employee】接口调用结束

2026-06-01 22:13:33,214 - test_web_ohrm.py - INFO - ☑️ 查询员工列表成功，返回 7 条
2026-06-01 22:13:33,221 - baseUtils.py - INFO - 配置文件读取成功：E:\develop\PythonProject\OrangeHRM\Config\配置文件.ini
2026-06-01 22:13:33,222 - baseAutoHttp.py - INFO - 【03查询员工页面:select_query】接口调用开始
2026-06-01 22:13:33,224 - baseData.py - INFO - 动态参数替换成功：{'employeeId': '1001'}
2026-06-01 22:13:33,225 - baseAutoHttp.py - INFO - 请求方式: GET
2026-06-01 22:13:33,225 - baseAutoHttp.py - INFO - 请求地址: http://127.0.0.1:8080/web/index.php/api/v2/pim/employees
2026-06-01 22:13:33,225 - baseAutoHttp.py - INFO - 请求头: {'User-Agent': 'Mozilla/5.0 (Windows NT 10.0; Win64; x64) AppleWebKit/537.36 (KHTML, like Gecko) Chrome/148.0.0.0 Safari/537.36', 'Referer': 'http://127.0.0.1:8080/web/index.php/pim/viewEmployeeList'}
2026-06-01 22:13:33,225 - baseAutoHttp.py - INFO - 请求参数: params={'limit': '50', 'offset': '0', 'model': 'detailed', 'employeeId': '1001', 'includeEmployees': 'onlyCurrent', 'sortField': 'employee.firstName', 'sortOrder': 'ASC'} | data=None | json=None
2026-06-01 22:13:33,313 - baseAutoHttp.py - INFO - 响应状态码: 200
2026-06-01 22:13:33,313 - baseAutoHttp.py - INFO - 响应耗时: 0.086414s
2026-06-01 22:13:33,313 - baseAutoHttp.py - INFO - 响应JSON: {'data': [{'empNumber': 5, 'lastName': 'Doe', 'firstName': 'John', 'middleName': '', 'employeeId': '1001', 'terminationId': None, 'jobTitle': {'id': None, 'title': None, 'isDeleted': None}, 'subunit': {'id': None, 'name': None}, 'empStatus': {'id': None, 'name': None}, 'supervisors': []}], 'meta': {'total': 1}, 'rels': []}
2026-06-01 22:13:33,313 - baseAutoHttp.py - INFO - 【03查询员工页面:select_query】接口调用结束

2026-06-01 22:13:33,313 - test_web_ohrm.py - INFO - ☑️【指定查询用例】执行完毕
2026-06-01 22:13:33,320 - baseUtils.py - INFO - 配置文件读取成功：E:\develop\PythonProject\OrangeHRM\Config\配置文件.ini
2026-06-01 22:13:33,321 - baseAutoHttp.py - INFO - 【03查询员工页面:select_query】接口调用开始
2026-06-01 22:13:33,323 - baseData.py - INFO - 动态参数替换成功：{'employeeId': '9999'}
2026-06-01 22:13:33,323 - baseAutoHttp.py - INFO - 请求方式: GET
2026-06-01 22:13:33,323 - baseAutoHttp.py - INFO - 请求地址: http://127.0.0.1:8080/web/index.php/api/v2/pim/employees
2026-06-01 22:13:33,323 - baseAutoHttp.py - INFO - 请求头: {'User-Agent': 'Mozilla/5.0 (Windows NT 10.0; Win64; x64) AppleWebKit/537.36 (KHTML, like Gecko) Chrome/148.0.0.0 Safari/537.36', 'Referer': 'http://127.0.0.1:8080/web/index.php/pim/viewEmployeeList'}
2026-06-01 22:13:33,323 - baseAutoHttp.py - INFO - 请求参数: params={'limit': '50', 'offset': '0', 'model': 'detailed', 'employeeId': '9999', 'includeEmployees': 'onlyCurrent', 'sortField': 'employee.firstName', 'sortOrder': 'ASC'} | data=None | json=None
2026-06-01 22:13:33,398 - baseAutoHttp.py - INFO - 响应状态码: 200
2026-06-01 22:13:33,399 - baseAutoHttp.py - INFO - 响应耗时: 0.073846s
2026-06-01 22:13:33,399 - baseAutoHttp.py - INFO - 响应JSON: {'data': [], 'meta': {'total': 0}, 'rels': []}
2026-06-01 22:13:33,399 - baseAutoHttp.py - INFO - 【03查询员工页面:select_query】接口调用结束

2026-06-01 22:13:33,399 - test_web_ohrm.py - INFO - ☑️【指定查询用例】执行完毕
2026-06-01 22:13:33,406 - baseUtils.py - INFO - 配置文件读取成功：E:\develop\PythonProject\OrangeHRM\Config\配置文件.ini
2026-06-01 22:13:33,414 - baseDB.py - INFO - ✅ MySQL 数据库连接成功
2026-06-01 22:13:33,416 - baseAutoHttp.py - INFO - 【04更新员工:update_employee】接口调用开始
2026-06-01 22:13:33,418 - baseData.py - INFO - 动态参数替换成功：{'firstName': 'John', 'lastName': 'Doe', 'employeeId': '1001'}
2026-06-01 22:13:33,419 - baseAutoHttp.py - INFO - 请求方式: PUT
2026-06-01 22:13:33,419 - baseAutoHttp.py - INFO - 请求地址: http://127.0.0.1:8080/web/index.php/api/v2/pim/employees/5/personal-details
2026-06-01 22:13:33,419 - baseAutoHttp.py - INFO - 请求头: {'User-Agent': 'Mozilla/5.0 (Windows NT 10.0; Win64; x64) AppleWebKit/537.36 (KHTML, like Gecko) Chrome/148.0.0.0 Safari/537.36', 'Content-Type': 'application/json', 'Referer': 'http://127.0.0.1:8080/web/index.php/pim/viewPersonalDetails/empNumber/5', 'Origin': 'http://127.0.0.1:8080'}
2026-06-01 22:13:33,419 - baseAutoHttp.py - INFO - 请求参数: params=None | data=None | json={'birthday': None, 'drivingLicenseExpiredDate': None, 'drivingLicenseNo': None, 'employeeId': '1001', 'firstName': 'John', 'gender': None, 'lastName': 'Doe', 'middleName': None, 'otherId': None}
2026-06-01 22:13:33,475 - baseAutoHttp.py - INFO - 响应状态码: 500
2026-06-01 22:13:33,475 - baseAutoHttp.py - INFO - 响应耗时: 0.055224s
2026-06-01 22:13:33,475 - baseAutoHttp.py - INFO - 响应JSON: {'error': {'status': '500', 'message': 'Unexpected Error Occurred'}}
2026-06-01 22:13:33,476 - baseAutoHttp.py - INFO - 【04更新员工:update_employee】接口调用结束

2026-06-01 22:13:33,482 - baseDB.py - INFO - ✅ MySQL 数据库连接成功
2026-06-01 22:13:33,486 - baseDB.py - INFO - ✅ MySQL 执行成功，事务已提交
2026-06-01 22:13:33,487 - baseDB.py - INFO - 🔌 MySQL 连接已关闭
2026-06-01 22:13:33,494 - baseDB.py - INFO - ✅ MySQL 数据库连接成功
2026-06-01 22:13:33,509 - baseUtils.py - INFO - 配置文件读取成功：E:\develop\PythonProject\OrangeHRM\Config\配置文件.ini
2026-06-01 22:13:33,511 - baseUtils.py - INFO - 配置文件读取成功：E:\develop\PythonProject\OrangeHRM\Config\配置文件.ini
2026-06-01 22:13:33,511 - baseAutoHttp.py - INFO - 【03查询员工页面:select_query】接口调用开始
2026-06-01 22:13:33,513 - baseData.py - INFO - 动态参数替换成功：{'employeeId': '0004'}
2026-06-01 22:13:33,513 - baseAutoHttp.py - INFO - 请求方式: GET
2026-06-01 22:13:33,513 - baseAutoHttp.py - INFO - 请求地址: http://127.0.0.1:8080/web/index.php/api/v2/pim/employees
2026-06-01 22:13:33,513 - baseAutoHttp.py - INFO - 请求头: {'User-Agent': 'Mozilla/5.0 (Windows NT 10.0; Win64; x64) AppleWebKit/537.36 (KHTML, like Gecko) Chrome/148.0.0.0 Safari/537.36', 'Referer': 'http://127.0.0.1:8080/web/index.php/pim/viewEmployeeList'}
2026-06-01 22:13:33,513 - baseAutoHttp.py - INFO - 请求参数: params={'limit': '50', 'offset': '0', 'model': 'detailed', 'employeeId': '0004', 'includeEmployees': 'onlyCurrent', 'sortField': 'employee.firstName', 'sortOrder': 'ASC'} | data=None | json=None
2026-06-01 22:13:33,572 - baseAutoHttp.py - INFO - 响应状态码: 200
2026-06-01 22:13:33,572 - baseAutoHttp.py - INFO - 响应耗时: 0.057245s
2026-06-01 22:13:33,572 - baseAutoHttp.py - INFO - 响应JSON: {'data': [], 'meta': {'total': 0}, 'rels': []}
2026-06-01 22:13:33,572 - baseAutoHttp.py - INFO - 【03查询员工页面:select_query】接口调用结束

2026-06-01 22:13:33,579 - baseDB.py - INFO - ✅ MySQL 数据库连接成功
2026-06-01 22:13:33,596 - baseUtils.py - INFO - 配置文件读取成功：E:\develop\PythonProject\OrangeHRM\Config\配置文件.ini
2026-06-01 22:13:33,597 - baseUtils.py - INFO - 配置文件读取成功：E:\develop\PythonProject\OrangeHRM\Config\配置文件.ini
2026-06-01 22:13:33,598 - baseAutoHttp.py - INFO - 【03查询员工页面:select_query】接口调用开始
2026-06-01 22:13:33,600 - baseData.py - INFO - 动态参数替换成功：{'employeeId': '9999'}
2026-06-01 22:13:33,600 - baseAutoHttp.py - INFO - 请求方式: GET
2026-06-01 22:13:33,600 - baseAutoHttp.py - INFO - 请求地址: http://127.0.0.1:8080/web/index.php/api/v2/pim/employees
2026-06-01 22:13:33,600 - baseAutoHttp.py - INFO - 请求头: {'User-Agent': 'Mozilla/5.0 (Windows NT 10.0; Win64; x64) AppleWebKit/537.36 (KHTML, like Gecko) Chrome/148.0.0.0 Safari/537.36', 'Referer': 'http://127.0.0.1:8080/web/index.php/pim/viewEmployeeList'}
2026-06-01 22:13:33,600 - baseAutoHttp.py - INFO - 请求参数: params={'limit': '50', 'offset': '0', 'model': 'detailed', 'employeeId': '9999', 'includeEmployees': 'onlyCurrent', 'sortField': 'employee.firstName', 'sortOrder': 'ASC'} | data=None | json=None
2026-06-01 22:13:33,658 - baseAutoHttp.py - INFO - 响应状态码: 200
2026-06-01 22:13:33,658 - baseAutoHttp.py - INFO - 响应耗时: 0.056288s
2026-06-01 22:13:33,658 - baseAutoHttp.py - INFO - 响应JSON: {'data': [], 'meta': {'total': 0}, 'rels': []}
2026-06-01 22:13:33,658 - baseAutoHttp.py - INFO - 【03查询员工页面:select_query】接口调用结束

2026-06-01 22:13:33,665 - baseDB.py - INFO - ✅ MySQL 数据库连接成功
2026-06-01 22:13:33,667 - test_web_ohrm.py - INFO - ☑️【删除员工】用例执行成功
2026-06-01 22:13:33,676 - baseUtils.py - INFO - 配置文件读取成功：E:\develop\PythonProject\OrangeHRM\Config\配置文件.ini
2026-06-01 22:13:33,676 - baseAutoHttp.py - INFO - 【06未登录访问员工接口:employee】接口调用开始
2026-06-01 22:13:33,678 - baseAutoHttp.py - INFO - 请求方式: GET
2026-06-01 22:13:33,678 - baseAutoHttp.py - INFO - 请求地址: http://127.0.0.1:8080/web/index.php/pim/viewEmployeeList
2026-06-01 22:13:33,678 - baseAutoHttp.py - INFO - 请求头: {'User-Agent': 'Mozilla/5.0 (Windows NT 10.0; Win64; x64) AppleWebKit/537.36 (KHTML, like Gecko) Chrome/148.0.0.0 Safari/537.36'}
2026-06-01 22:13:33,678 - baseAutoHttp.py - INFO - 请求参数: params={'includeEmployees': 'onlyCurrent', 'limit': '50', 'model': 'detailed', 'offset': '0', 'sortField': 'employee.firstName', 'sortOrder': 'ASC'} | data=None | json=None
2026-06-01 22:13:33,716 - baseAutoHttp.py - INFO - 响应状态码: 302
2026-06-01 22:13:33,716 - baseAutoHttp.py - INFO - 响应耗时: 0.036746s
2026-06-01 22:13:33,717 - baseAutoHttp.py - INFO - 响应文本: <!DOCTYPE html>
<html>
    <head>
        <meta charset="UTF-8" />
        <meta http-equiv="refresh" content="0;url='http://127.0.0.1:8080/web/index.php/auth/login'" />

        <title>Redirecting to http://127.0.0.1:8080/web/index.php/auth/login</title>
    </head>
    <body>
        Redirecting to <a href="http://127.0.0.1:8080/web/index.php/auth/login">http://127.0.0.1:8080/web/index.php/auth/login</a>.
    </body>
</html>
2026-06-01 22:13:33,717 - baseAutoHttp.py - INFO - 【06未登录访问员工接口:employee】接口调用结束

2026-06-01 22:13:34,117 - baseUtils.py - INFO - 配置文件读取成功：E:\develop\PythonProject\OrangeHRM\Config\配置文件.ini
2026-06-01 22:13:34,117 - baseAutoHttp.py - INFO - 【07非管理员登录:employee_login】接口调用开始
2026-06-01 22:13:34,119 - baseData.py - INFO - 动态参数替换成功：{'firstName': 'cc', 'lastName': 'dd', 'employeeId': '1010'}
2026-06-01 22:13:34,119 - baseAutoHttp.py - INFO - 请求方式: POST
2026-06-01 22:13:34,119 - baseAutoHttp.py - INFO - 请求地址: http://127.0.0.1:8080/web/index.php/api/v2/pim/employees
2026-06-01 22:13:34,119 - baseAutoHttp.py - INFO - 请求头: {'User-Agent': 'Mozilla/5.0 (Windows NT 10.0; Win64; x64) AppleWebKit/537.36 (KHTML, like Gecko) Chrome/148.0.0.0 Safari/537.36', 'Content-Type': 'application/json', 'Origin': 'http://127.0.0.1:8080', 'Referer': 'http://127.0.0.1:8080/web/index.php/pim/addEmployee'}
2026-06-01 22:13:34,119 - baseAutoHttp.py - INFO - 请求参数: params=None | data=None | json={'employeeId': '1010', 'empPicture': None, 'firstName': 'cc', 'lastName': 'dd', 'middleName': None}
2026-06-01 22:13:34,172 - baseAutoHttp.py - INFO - 响应状态码: 403
2026-06-01 22:13:34,172 - baseAutoHttp.py - INFO - 响应耗时: 0.050957s
2026-06-01 22:13:34,172 - baseAutoHttp.py - INFO - 响应JSON: {'error': {'status': 403, 'message': 'Unauthorized'}}
2026-06-01 22:13:34,172 - baseAutoHttp.py - INFO - 【07非管理员登录:employee_login】接口调用结束

2026-06-01 22:13:34,172 - test_web_ohrm.py - INFO - ☑️【非管理员账号操作员工】用例执行成功
2026-06-01 22:13:36,894 - runClient.py - INFO - ✅ Allure报告生成完成：E:\develop\PythonProject\OrangeHRM\Reports\ALLURE\Report
2026-06-01 22:13:36,895 - runClient.py - INFO - 🧹 未发邮件，清理旧文件：E:\develop\PythonProject\OrangeHRM\Reports\ALLURE\allure_report.zip
2026-06-01 22:13:36,920 - baseUtils.py - INFO - 目录文件清空完成：E:\develop\PythonProject\OrangeHRM\Reports\ALLURE\Result
2026-06-01 22:13:36,920 - runClient.py - INFO - 🎉 自动化测试执行完毕！
2026-06-01 22:19:29,414 - baseUtils.py - INFO - 配置文件读取成功：E:\develop\PythonProject\OrangeHRM\Config\配置文件.ini
2026-06-01 22:19:29,415 - globalManager.py - INFO - 全局变量管理器初始化成功
2026-06-01 22:19:29,415 - run.py - INFO - 🚀 开始执行自动化测试，项目：ohrm_http_test
2026-06-01 22:19:29,415 - run.py - INFO - 📊 报告类型：ALLURE
2026-06-01 22:19:29,415 - baseUtils.py - INFO - 目录文件清空完成：E:\develop\PythonProject\OrangeHRM\Reports\ALLURE\Result
2026-06-01 22:19:29,416 - baseUtils.py - INFO - 目录文件清空完成：E:\develop\PythonProject\OrangeHRM\Reports\ALLURE\Report
2026-06-01 22:19:29,416 - baseUtils.py - INFO - 目录文件清空完成：E:\develop\PythonProject\OrangeHRM\Reports\HTML
2026-06-01 22:19:29,416 - baseUtils.py - INFO - 目录文件清空完成：E:\develop\PythonProject\OrangeHRM\Reports\XML
2026-06-01 22:19:29,416 - run.py - INFO - 🧹 旧报告清理完成
2026-06-01 22:19:29,685 - baseUtils.py - INFO - 配置文件读取成功：E:\develop\PythonProject\OrangeHRM\Config\配置文件.ini
2026-06-01 22:19:29,875 - baseUtils.py - INFO - 配置文件读取成功：E:\develop\PythonProject\OrangeHRM\Config\配置文件.ini
2026-06-01 22:19:29,876 - baseUtils.py - INFO - 配置文件读取成功：E:\develop\PythonProject\OrangeHRM\Config\配置文件.ini
2026-06-01 22:19:30,152 - baseUtils.py - INFO - 配置文件读取成功：E:\develop\PythonProject\OrangeHRM\Config\配置文件.ini
2026-06-01 22:19:30,153 - baseData.py - INFO - 数据驱动读取成功：01登录接口
2026-06-01 22:19:30,155 - baseUtils.py - INFO - 配置文件读取成功：E:\develop\PythonProject\OrangeHRM\Config\配置文件.ini
2026-06-01 22:19:30,156 - baseData.py - INFO - 数据驱动读取成功：02添加员工接口
2026-06-01 22:19:30,158 - baseUtils.py - INFO - 配置文件读取成功：E:\develop\PythonProject\OrangeHRM\Config\配置文件.ini
2026-06-01 22:19:30,159 - baseData.py - INFO - 数据驱动读取成功：03指定查询
2026-06-01 22:19:30,160 - baseUtils.py - INFO - 配置文件读取成功：E:\develop\PythonProject\OrangeHRM\Config\配置文件.ini
2026-06-01 22:19:30,161 - baseData.py - INFO - 数据驱动读取成功：04删除员工
2026-06-01 22:19:30,176 - baseUtils.py - INFO - 配置文件读取成功：E:\develop\PythonProject\OrangeHRM\Config\配置文件.ini
2026-06-01 22:19:30,304 - baseAutoHttp.py - INFO - 【01登录页面接口信息:login_api】接口调用开始
2026-06-01 22:19:30,306 - baseData.py - INFO - 动态参数替换成功：{'_token': '82e2b24d.50dv8efdNWCxGjtRSagdEs3QvkJyWpx8IjUdvYBMiKo.riEKpKu6BVH6Xmh8BcdrYq-BjCgcO_c2V3tbyOIB5PKyCxm1hOwBLINVAw', 'username': 'admin', 'password': 'Keepmoving624.'}
2026-06-01 22:19:30,306 - baseAutoHttp.py - INFO - 请求方式: POST
2026-06-01 22:19:30,306 - baseAutoHttp.py - INFO - 请求地址: http://127.0.0.1:8080/web/index.php/auth/validate
2026-06-01 22:19:30,306 - baseAutoHttp.py - INFO - 请求头: {'User-Agent': 'Mozilla/5.0 (Windows NT 10.0; Win64; x64) AppleWebKit/537.36 (KHTML, like Gecko) Chrome/148.0.0.0 Safari/537.36', 'Content-Type': 'application/x-www-form-urlencoded'}
2026-06-01 22:19:30,306 - baseAutoHttp.py - INFO - 请求参数: params=None | data={'_token': '82e2b24d.50dv8efdNWCxGjtRSagdEs3QvkJyWpx8IjUdvYBMiKo.riEKpKu6BVH6Xmh8BcdrYq-BjCgcO_c2V3tbyOIB5PKyCxm1hOwBLINVAw', 'username': 'admin', 'password': 'Keepmoving624.'} | json=None
2026-06-01 22:19:30,724 - baseAutoHttp.py - INFO - 响应状态码: 200
2026-06-01 22:19:30,724 - baseAutoHttp.py - INFO - 响应耗时: 0.096981s
2026-06-01 22:19:30,724 - baseAutoHttp.py - INFO - 响应文本: <!DOCTYPE html>
<html>
<head>
  <meta charset="UTF-8">
  <meta http-equiv="X-UA-Compatible" content="IE=edge">
  <meta name="viewport" content="width=device-width,initial-scale=1">
  <title>OrangeHRM</title>
    <link rel="icon" href="/web/dist/favicon.ico?v=1775433284510">
  <link href="/web/dist/css/chunk-vendors.css?v=1775433284510" rel="preload" as="style">
  <link href="/web/dist/css/app.css?v=1775433284510" rel="preload" as="style">
  <link href="/web/dist/js/chunk-vendors.js?v=1775433284510" rel="preload" as="script">
  <link href="/web/dist/js/app.js?v=1775433284510" rel="preload" as="script">
    <link href="/web/dist/css/chunk-vendors.css?v=1775433284510" rel="stylesheet"/>
  <link href="/web/dist/css/app.css?v=1775433284510" rel="stylesheet"/>
</head>
<body>
  <style>
    :root {
            --oxd-primary-one-color:#FF7B1D;
            --oxd-primary-font-color:#FFFFFF;
            --oxd-secondary-four-color:#76BC21;
            --oxd-secondary-font-color:#FFFFFF;
            --oxd-primary-gradient-start-color:#FF920B;
            --oxd-primary-gradient-end-color:#F35C17;
            --oxd-secondary-gradient-start-color:#FF920B;
            --oxd-secondary-gradient-end-color:#F35C17;
            --oxd-primary-one-lighten-5-color:#ff8a37;
            --oxd-primary-one-lighten-30-color:#ffd4b6;
            --oxd-primary-one-darken-5-color:#ff6c03;
            --oxd-primary-one-alpha-10-color:rgba(255, 123, 29, 0.1);
            --oxd-primary-one-alpha-15-color:rgba(255, 123, 29, 0.15);
            --oxd-primary-one-alpha-20-color:rgba(255, 123, 29, 0.2);
            --oxd-primary-one-alpha-50-color:rgba(255, 123, 29, 0.5);
            --oxd-secondary-four-lighten-5-color:#84d225;
            --oxd-secondary-four-darken-5-color:#68a61d;
            --oxd-secondary-four-alpha-10-color:rgba(118, 188, 33, 0.1);
            --oxd-secondary-four-alpha-15-color:rgba(118, 188, 33, 0.15);
            --oxd-secondary-four-alpha-20-color:rgba(118, 188, 33, 0.2);
            --oxd-secondary-four-alpha-50-color:rgba(118, 188, 33, 0.5);
        }
  </style>
  <noscript>
    <strong>
      We're sorry but orangehrm doesn't work properly without JavaScript enabled. Please enable it to continue.
    </strong>
  </noscript>

  <div id="app">
    <oxd-layout
        home-url="https://www.orangehrm.com/"
        :sidepanel-menu-items="[{&quot;id&quot;:1,&quot;name&quot;:&quot;\u7ba1\u7406\u5458&quot;,&quot;url&quot;:&quot;\/web\/index.php\/admin\/viewAdminModule&quot;,&quot;icon&quot;:&quot;admin&quot;},{&quot;id&quot;:30,&quot;name&quot;:&quot;\u4e2a\u4eba\u4fe1\u606f\u7ba1\u7406\u7cfb\u7edf&quot;,&quot;url&quot;:&quot;\/web\/index.php\/pim\/viewPimModule&quot;,&quot;icon&quot;:&quot;pim&quot;},{&quot;id&quot;:41,&quot;name&quot;:&quot;\u4f11\u5047&quot;,&quot;url&quot;:&quot;\/web\/index.php\/leave\/viewLeaveModule&quot;,&quot;icon&quot;:&quot;leave&quot;},{&quot;id&quot;:52,&quot;name&quot;:&quot;\u65f6\u95f4&quot;,&quot;url&quot;:&quot;\/web\/index.php\/time\/viewTimeModule&quot;,&quot;icon&quot;:&quot;time&quot;},{&quot;id&quot;:65,&quot;name&quot;:&quot;\u62db\u8058&quot;,&quot;url&quot;:&quot;\/web\/index.php\/recruitment\/viewRecruitmentModule&quot;,&quot;icon&quot;:&quot;recruitment&quot;},{&quot;id&quot;:40,&quot;name&quot;:&quot;\u6211\u7684\u4fe1\u606f&quot;,&quot;url&quot;:&quot;\/web\/index.php\/pim\/viewMyDetails&quot;,&quot;icon&quot;:&quot;myinfo&quot;},{&quot;id&quot;:83,&quot;name&quot;:&quot;\u7ee9\u6548&quot;,&quot;url&quot;:&quot;\/web\/index.php\/performance\/viewPerformanceModule&quot;,&quot;icon&quot;:&quot;performance&quot;},{&quot;id&quot;:82,&quot;name&quot;:&quot;\u4eea\u8868\u76d8&quot;,&quot;url&quot;:&quot;\/web\/index.php\/dashboard\/index&quot;,&quot;icon&quot;:&quot;dashboard&quot;,&quot;active&quot;:true},{&quot;id&quot;:93,&quot;name&quot;:&quot;Directory&quot;,&quot;url&quot;:&quot;\/web\/index.php\/directory\/viewDirectory&quot;,&quot;icon&quot;:&quot;directory&quot;},{&quot;id&quot;:96,&quot;name&quot;:&quot;Maintenance&quot;,&quot;url&quot;:&quot;\/web\/index.php\/maintenance\/viewMaintenanceModule&quot;,&quot;icon&quot;:&quot;maintenance&quot;},{&quot;id&quot;:105,&quot;name&quot;:&quot;Claim&quot;,&quot;url&quot;:&quot;\/web\/index.php\/claim\/viewClaimModule&quot;,&quot;icon&quot;:&quot;claim&quot;},{&quot;id&quot;:101,&quot;name&quot;:&quot;\u6fc0\u52a8&quot;,&quot;url&quot;:&quot;\/web\/index.php\/buzz\/viewBuzz&quot;,&quot;icon&quot;:&quot;buzz&quot;}]"
        :topbar-menu-items="[]"
        :user="{&quot;firstName&quot;:&quot;\u8c22&quot;,&quot;lastName&quot;:&quot;\u5b89&quot;,&quot;profImgSrc&quot;:&quot;\/web\/index.php\/pim\/viewPhoto\/empNumber\/1&quot;,&quot;hasPassword&quot;:true}"
        brand-logo-src="/web/images/orange.png?v=1775433284510"
        brand-banner-src="/web/images/orangehrm-logo.png?v=1775433284510"
        logout-url="/web/index.php/auth/logout"
        support-url="/web/index.php/help/support"
        :update-password-url="&quot;/web/index.php/pim/updatePassword&quot;"
        :permissions="{&quot;dashboard_buzz_widget&quot;:{&quot;canRead&quot;:true,&quot;canCreate&quot;:false,&quot;canUpdate&quot;:false,&quot;canDelete&quot;:false},&quot;dashboard_employees_on_leave_today_config&quot;:{&quot;canRead&quot;:true,&quot;canCreate&quot;:false,&quot;canUpdate&quot;:true,&quot;canDelete&quot;:false},&quot;dashboard_leave_widget&quot;:{&quot;canRead&quot;:true,&quot;canCreate&quot;:false,&quot;canUpdate&quot;:false,&quot;canDelete&quot;:false},&quot;dashboard_location_widget&quot;:{&quot;canRead&quot;:true,&quot;canCreate&quot;:false,&quot;canUpdate&quot;:false,&quot;canDelete&quot;:false},&quot;dashboard_subunit_widget&quot;:{&quot;canRead&quot;:true,&quot;canCreate&quot;:false,&quot;canUpdate&quot;:false,&quot;canDelete&quot;:false},&quot;dashboard_time_widget&quot;:{&quot;canRead&quot;:true,&quot;canCreate&quot;:false,&quot;canUpdate&quot;:false,&quot;canDelete&quot;:false}}"
        :breadcrumb="{&quot;moduleName&quot;:&quot;\u4eea\u8868\u76d8&quot;,&quot;level&quot;:null}"
        :date-format="{&quot;id&quot;:&quot;Y-m-d&quot;,&quot;label&quot;:&quot;yyyy-mm-dd&quot;}"
        help-url="/web/index.php/help/help?label=dashboard_index"
        :show-upgrade="1"
    >
      <view-dashboard
            >
    </view-dashboard>
    <template v-slot:footer><oxd-text tag="p" class="orangehrm-copyright">OrangeHRM OS 5.8.1</oxd-text>
<oxd-text tag="p" class="orangehrm-copyright">&copy; 2005 - 2026 <a href="http://www.orangehrm.com" target="_blank">OrangeHRM, Inc</a>. All rights reserved.</oxd-text>
<br></template>
    </oxd-layout>
  </div>
  <script type="text/javascript">
      window.appGlobal = {
        baseUrl: "/web/index.php",
        publicPath: "/web",
      };
  </script>
  <script src="/web/dist/js/chunk-vendors.js?v=1775433284510"></script>
  <script src="/web/dist/js/app.js?v=1775433284510"></script>
</body>
</html>

2026-06-01 22:19:30,725 - baseAutoHttp.py - INFO - 【01登录页面接口信息:login_api】接口调用结束

2026-06-01 22:19:30,725 - web_login_page.py - INFO - 【管理员正常登录】断言成功
2026-06-01 22:19:30,725 - baseAutoHttp.py - INFO - 接口会话已关闭
2026-06-01 22:19:30,725 - test_web_ohrm.py - INFO - 【管理员正常登录】用例执行成功
2026-06-01 22:19:30,733 - baseUtils.py - INFO - 配置文件读取成功：E:\develop\PythonProject\OrangeHRM\Config\配置文件.ini
2026-06-01 22:19:30,786 - baseAutoHttp.py - INFO - 【02登录页面未携带token:login_not_token_api】接口调用开始
2026-06-01 22:19:30,788 - baseData.py - INFO - 动态参数替换成功：{'username': 'admin', 'password': 'Keepmoving624.'}
2026-06-01 22:19:30,788 - baseAutoHttp.py - INFO - 请求方式: POST
2026-06-01 22:19:30,788 - baseAutoHttp.py - INFO - 请求地址: http://127.0.0.1:8080/web/index.php/auth/validate
2026-06-01 22:19:30,788 - baseAutoHttp.py - INFO - 请求头: {'User-Agent': 'Mozilla/5.0 (Windows NT 10.0; Win64; x64) AppleWebKit/537.36 (KHTML, like Gecko) Chrome/148.0.0.0 Safari/537.36', 'Content-Type': 'application/x-www-form-urlencoded'}
2026-06-01 22:19:30,788 - baseAutoHttp.py - INFO - 请求参数: params=None | data={'username': 'admin', 'password': 'Keepmoving624.'} | json=None
2026-06-01 22:19:30,882 - baseAutoHttp.py - INFO - 响应状态码: 200
2026-06-01 22:19:30,882 - baseAutoHttp.py - INFO - 响应耗时: 0.05124s
2026-06-01 22:19:30,882 - baseAutoHttp.py - INFO - 响应文本: <!DOCTYPE html>
<html>
<head>
  <meta charset="UTF-8">
  <meta http-equiv="X-UA-Compatible" content="IE=edge">
  <meta name="viewport" content="width=device-width,initial-scale=1">
  <title>OrangeHRM</title>
      <link rel="icon" href="/web/dist/favicon.ico?v=1775433284510">
    <link href="/web/dist/css/chunk-vendors.css?v=1775433284510" rel="preload" as="style">
    <link href="/web/dist/css/app.css?v=1775433284510" rel="preload" as="style">
    <link href="/web/dist/js/chunk-vendors.js?v=1775433284510" rel="preload" as="script">
    <link href="/web/dist/js/app.js?v=1775433284510" rel="preload" as="script">
      <link href="/web/dist/css/chunk-vendors.css?v=1775433284510" rel="stylesheet"/>
    <link href="/web/dist/css/app.css?v=1775433284510" rel="stylesheet"/>
</head>
<body>
  <style>
    :root {
            --oxd-primary-one-color:#FF7B1D;
            --oxd-primary-font-color:#FFFFFF;
            --oxd-secondary-four-color:#76BC21;
            --oxd-secondary-font-color:#FFFFFF;
            --oxd-primary-gradient-start-color:#FF920B;
            --oxd-primary-gradient-end-color:#F35C17;
            --oxd-secondary-gradient-start-color:#FF920B;
            --oxd-secondary-gradient-end-color:#F35C17;
            --oxd-primary-one-lighten-5-color:#ff8a37;
            --oxd-primary-one-lighten-30-color:#ffd4b6;
            --oxd-primary-one-darken-5-color:#ff6c03;
            --oxd-primary-one-alpha-10-color:rgba(255, 123, 29, 0.1);
            --oxd-primary-one-alpha-15-color:rgba(255, 123, 29, 0.15);
            --oxd-primary-one-alpha-20-color:rgba(255, 123, 29, 0.2);
            --oxd-primary-one-alpha-50-color:rgba(255, 123, 29, 0.5);
            --oxd-secondary-four-lighten-5-color:#84d225;
            --oxd-secondary-four-darken-5-color:#68a61d;
            --oxd-secondary-four-alpha-10-color:rgba(118, 188, 33, 0.1);
            --oxd-secondary-four-alpha-15-color:rgba(118, 188, 33, 0.15);
            --oxd-secondary-four-alpha-20-color:rgba(118, 188, 33, 0.2);
            --oxd-secondary-four-alpha-50-color:rgba(118, 188, 33, 0.5);
        }
  </style>
    <noscript>
        <strong>
            We're sorry but orangehrm doesn't work properly without JavaScript enabled. Please enable it to continue.
        </strong>
    </noscript>

    <div id="app">
    <auth-login
            :error="{&quot;error&quot;:&quot;invalid_csrf_token&quot;,&quot;message&quot;:&quot;CSRF token validation failed&quot;}"
            :token="&quot;271321db6ab718c22802feb35312527a.X2eQHyQwVDxpYhsPm1rGXUlFPyfU-dj5_ngFHTxWnhc.FFf5SXx4YFEvBklQyBOCbzkLeWyaiY6pyBQ0a1J79FEuN91ySVEcblEadA&quot;"
            :login-logo-src="&quot;\/web\/images\/ohrm_logo.png&quot;"
            :login-banner-src="&quot;\/web\/images\/ohrm_branding.png?v=1775433284510&quot;"
            :show-social-media="true"
            :is-demo-mode="false"
            :authenticators="[]"
        >
    <template v-slot:footer>
        <div class="orangehrm-copyright-wrapper">
            <oxd-text tag="p" class="orangehrm-copyright">OrangeHRM OS 5.8.1</oxd-text>
<oxd-text tag="p" class="orangehrm-copyright">&copy; 2005 - 2026 <a href="http://www.orangehrm.com" target="_blank">OrangeHRM, Inc</a>. All rights reserved.</oxd-text>
        </div>
    </template>
    </auth-login>
    </div>
    <script type="text/javascript">
        window.appGlobal = {
          baseUrl: "/web/index.php",
          publicPath: "/web",
        };
    </script>
    <script src="/web/dist/js/chunk-vendors.js?v=1775433284510"></script>
    <script src="/web/dist/js/app.js?v=1775433284510"></script>
</body>
</html>

2026-06-01 22:19:30,882 - baseAutoHttp.py - INFO - 【02登录页面未携带token:login_not_token_api】接口调用结束

2026-06-01 22:19:30,882 - web_login_page.py - INFO - 【未携带CSRF令牌】断言成功
2026-06-01 22:19:30,882 - baseAutoHttp.py - INFO - 接口会话已关闭
2026-06-01 22:19:30,883 - test_web_ohrm.py - INFO - 【未携带CSRF令牌】用例执行成功
2026-06-01 22:19:30,889 - baseUtils.py - INFO - 配置文件读取成功：E:\develop\PythonProject\OrangeHRM\Config\配置文件.ini
2026-06-01 22:19:30,993 - baseAutoHttp.py - INFO - 【01登录页面接口信息:login_api】接口调用开始
2026-06-01 22:19:30,995 - baseData.py - INFO - 动态参数替换成功：{'_token': 'fb3fb3d42e173cfa0ea4a6850c158.nOVrfdHlKctE8fP9dsEBG9uwjpBGe6nnnoPqJqL7n6w.7LEoS-C9eI40vsuaQo1JUpjdzPw1NJG9_7e5buGi5pXTgTI1krRE8haFxw', 'username': 'admin', 'password': 'Keepmoving624.'}
2026-06-01 22:19:30,995 - baseAutoHttp.py - INFO - 请求方式: POST
2026-06-01 22:19:30,995 - baseAutoHttp.py - INFO - 请求地址: http://127.0.0.1:8080/web/index.php/auth/validate
2026-06-01 22:19:30,995 - baseAutoHttp.py - INFO - 请求头: {'User-Agent': 'Mozilla/5.0 (Windows NT 10.0; Win64; x64) AppleWebKit/537.36 (KHTML, like Gecko) Chrome/148.0.0.0 Safari/537.36', 'Content-Type': 'application/x-www-form-urlencoded'}
2026-06-01 22:19:30,995 - baseAutoHttp.py - INFO - 请求参数: params=None | data={'_token': 'fb3fb3d42e173cfa0ea4a6850c158.nOVrfdHlKctE8fP9dsEBG9uwjpBGe6nnnoPqJqL7n6w.7LEoS-C9eI40vsuaQo1JUpjdzPw1NJG9_7e5buGi5pXTgTI1krRE8haFxw', 'username': 'admin', 'password': 'Keepmoving624.'} | json=None
2026-06-01 22:19:31,078 - baseAutoHttp.py - INFO - 响应状态码: 200
2026-06-01 22:19:31,078 - baseAutoHttp.py - INFO - 响应耗时: 0.04387s
2026-06-01 22:19:31,078 - baseAutoHttp.py - INFO - 响应文本: <!DOCTYPE html>
<html>
<head>
  <meta charset="UTF-8">
  <meta http-equiv="X-UA-Compatible" content="IE=edge">
  <meta name="viewport" content="width=device-width,initial-scale=1">
  <title>OrangeHRM</title>
      <link rel="icon" href="/web/dist/favicon.ico?v=1775433284510">
    <link href="/web/dist/css/chunk-vendors.css?v=1775433284510" rel="preload" as="style">
    <link href="/web/dist/css/app.css?v=1775433284510" rel="preload" as="style">
    <link href="/web/dist/js/chunk-vendors.js?v=1775433284510" rel="preload" as="script">
    <link href="/web/dist/js/app.js?v=1775433284510" rel="preload" as="script">
      <link href="/web/dist/css/chunk-vendors.css?v=1775433284510" rel="stylesheet"/>
    <link href="/web/dist/css/app.css?v=1775433284510" rel="stylesheet"/>
</head>
<body>
  <style>
    :root {
            --oxd-primary-one-color:#FF7B1D;
            --oxd-primary-font-color:#FFFFFF;
            --oxd-secondary-four-color:#76BC21;
            --oxd-secondary-font-color:#FFFFFF;
            --oxd-primary-gradient-start-color:#FF920B;
            --oxd-primary-gradient-end-color:#F35C17;
            --oxd-secondary-gradient-start-color:#FF920B;
            --oxd-secondary-gradient-end-color:#F35C17;
            --oxd-primary-one-lighten-5-color:#ff8a37;
            --oxd-primary-one-lighten-30-color:#ffd4b6;
            --oxd-primary-one-darken-5-color:#ff6c03;
            --oxd-primary-one-alpha-10-color:rgba(255, 123, 29, 0.1);
            --oxd-primary-one-alpha-15-color:rgba(255, 123, 29, 0.15);
            --oxd-primary-one-alpha-20-color:rgba(255, 123, 29, 0.2);
            --oxd-primary-one-alpha-50-color:rgba(255, 123, 29, 0.5);
            --oxd-secondary-four-lighten-5-color:#84d225;
            --oxd-secondary-four-darken-5-color:#68a61d;
            --oxd-secondary-four-alpha-10-color:rgba(118, 188, 33, 0.1);
            --oxd-secondary-four-alpha-15-color:rgba(118, 188, 33, 0.15);
            --oxd-secondary-four-alpha-20-color:rgba(118, 188, 33, 0.2);
            --oxd-secondary-four-alpha-50-color:rgba(118, 188, 33, 0.5);
        }
  </style>
    <noscript>
        <strong>
            We're sorry but orangehrm doesn't work properly without JavaScript enabled. Please enable it to continue.
        </strong>
    </noscript>

    <div id="app">
    <auth-login
            :error="{&quot;error&quot;:&quot;invalid_csrf_token&quot;,&quot;message&quot;:&quot;CSRF token validation failed&quot;}"
            :token="&quot;a7ec.gxzUED4RWFk-U37mgdjgJxCjeQ6e0c4OgNeZ2Z-K008.z3qgWXsjHjFxGhKp8I-PVWbyTEDTn7tZ9KH-tdzSgCr5dqN2WHwXO2ciGQ&quot;"
            :login-logo-src="&quot;\/web\/images\/ohrm_logo.png&quot;"
            :login-banner-src="&quot;\/web\/images\/ohrm_branding.png?v=1775433284510&quot;"
            :show-social-media="true"
            :is-demo-mode="false"
            :authenticators="[]"
        >
    <template v-slot:footer>
        <div class="orangehrm-copyright-wrapper">
            <oxd-text tag="p" class="orangehrm-copyright">OrangeHRM OS 5.8.1</oxd-text>
<oxd-text tag="p" class="orangehrm-copyright">&copy; 2005 - 2026 <a href="http://www.orangehrm.com" target="_blank">OrangeHRM, Inc</a>. All rights reserved.</oxd-text>
        </div>
    </template>
    </auth-login>
    </div>
    <script type="text/javascript">
        window.appGlobal = {
          baseUrl: "/web/index.php",
          publicPath: "/web",
        };
    </script>
    <script src="/web/dist/js/chunk-vendors.js?v=1775433284510"></script>
    <script src="/web/dist/js/app.js?v=1775433284510"></script>
</body>
</html>

2026-06-01 22:19:31,079 - baseAutoHttp.py - INFO - 【01登录页面接口信息:login_api】接口调用结束

2026-06-01 22:19:31,079 - web_login_page.py - INFO - 【跨会话使用Token】断言成功
2026-06-01 22:19:31,079 - baseAutoHttp.py - INFO - 接口会话已关闭
2026-06-01 22:19:31,079 - test_web_ohrm.py - INFO - 【携带过期CSRF令牌】用例执行成功
2026-06-01 22:19:31,085 - baseUtils.py - INFO - 配置文件读取成功：E:\develop\PythonProject\OrangeHRM\Config\配置文件.ini
2026-06-01 22:19:31,085 - baseAutoHttp.py - INFO - 【01登录页面接口信息:login_api】接口调用开始
2026-06-01 22:19:31,086 - baseData.py - INFO - 动态参数替换成功：{'_token': 'bcH!d85hrV!3q2uHn23F', 'username': 'admin', 'password': 'Keepmoving624.'}
2026-06-01 22:19:31,086 - baseAutoHttp.py - INFO - 请求方式: POST
2026-06-01 22:19:31,087 - baseAutoHttp.py - INFO - 请求地址: http://127.0.0.1:8080/web/index.php/auth/validate
2026-06-01 22:19:31,087 - baseAutoHttp.py - INFO - 请求头: {'User-Agent': 'Mozilla/5.0 (Windows NT 10.0; Win64; x64) AppleWebKit/537.36 (KHTML, like Gecko) Chrome/148.0.0.0 Safari/537.36', 'Content-Type': 'application/x-www-form-urlencoded'}
2026-06-01 22:19:31,087 - baseAutoHttp.py - INFO - 请求参数: params=None | data={'_token': 'bcH!d85hrV!3q2uHn23F', 'username': 'admin', 'password': 'Keepmoving624.'} | json=None
2026-06-01 22:19:31,191 - baseAutoHttp.py - INFO - 响应状态码: 200
2026-06-01 22:19:31,191 - baseAutoHttp.py - INFO - 响应耗时: 0.045426s
2026-06-01 22:19:31,191 - baseAutoHttp.py - INFO - 响应文本: <!DOCTYPE html>
<html>
<head>
  <meta charset="UTF-8">
  <meta http-equiv="X-UA-Compatible" content="IE=edge">
  <meta name="viewport" content="width=device-width,initial-scale=1">
  <title>OrangeHRM</title>
      <link rel="icon" href="/web/dist/favicon.ico?v=1775433284510">
    <link href="/web/dist/css/chunk-vendors.css?v=1775433284510" rel="preload" as="style">
    <link href="/web/dist/css/app.css?v=1775433284510" rel="preload" as="style">
    <link href="/web/dist/js/chunk-vendors.js?v=1775433284510" rel="preload" as="script">
    <link href="/web/dist/js/app.js?v=1775433284510" rel="preload" as="script">
      <link href="/web/dist/css/chunk-vendors.css?v=1775433284510" rel="stylesheet"/>
    <link href="/web/dist/css/app.css?v=1775433284510" rel="stylesheet"/>
</head>
<body>
  <style>
    :root {
            --oxd-primary-one-color:#FF7B1D;
            --oxd-primary-font-color:#FFFFFF;
            --oxd-secondary-four-color:#76BC21;
            --oxd-secondary-font-color:#FFFFFF;
            --oxd-primary-gradient-start-color:#FF920B;
            --oxd-primary-gradient-end-color:#F35C17;
            --oxd-secondary-gradient-start-color:#FF920B;
            --oxd-secondary-gradient-end-color:#F35C17;
            --oxd-primary-one-lighten-5-color:#ff8a37;
            --oxd-primary-one-lighten-30-color:#ffd4b6;
            --oxd-primary-one-darken-5-color:#ff6c03;
            --oxd-primary-one-alpha-10-color:rgba(255, 123, 29, 0.1);
            --oxd-primary-one-alpha-15-color:rgba(255, 123, 29, 0.15);
            --oxd-primary-one-alpha-20-color:rgba(255, 123, 29, 0.2);
            --oxd-primary-one-alpha-50-color:rgba(255, 123, 29, 0.5);
            --oxd-secondary-four-lighten-5-color:#84d225;
            --oxd-secondary-four-darken-5-color:#68a61d;
            --oxd-secondary-four-alpha-10-color:rgba(118, 188, 33, 0.1);
            --oxd-secondary-four-alpha-15-color:rgba(118, 188, 33, 0.15);
            --oxd-secondary-four-alpha-20-color:rgba(118, 188, 33, 0.2);
            --oxd-secondary-four-alpha-50-color:rgba(118, 188, 33, 0.5);
        }
  </style>
    <noscript>
        <strong>
            We're sorry but orangehrm doesn't work properly without JavaScript enabled. Please enable it to continue.
        </strong>
    </noscript>

    <div id="app">
    <auth-login
            :error="{&quot;error&quot;:&quot;invalid_csrf_token&quot;,&quot;message&quot;:&quot;CSRF token validation failed&quot;}"
            :token="&quot;b59.gjo0HYb8KUL0iTAmAqQoGsu-QOF7AUTGR2kyw1VYs30.-FZZXrGWTzWk41ZtNMZRVJ_4I5A6MwGWd1xti2Qe0BbrC0Up361qGLvCZQ&quot;"
            :login-logo-src="&quot;\/web\/images\/ohrm_logo.png&quot;"
            :login-banner-src="&quot;\/web\/images\/ohrm_branding.png?v=1775433284510&quot;"
            :show-social-media="true"
            :is-demo-mode="false"
            :authenticators="[]"
        >
    <template v-slot:footer>
        <div class="orangehrm-copyright-wrapper">
            <oxd-text tag="p" class="orangehrm-copyright">OrangeHRM OS 5.8.1</oxd-text>
<oxd-text tag="p" class="orangehrm-copyright">&copy; 2005 - 2026 <a href="http://www.orangehrm.com" target="_blank">OrangeHRM, Inc</a>. All rights reserved.</oxd-text>
        </div>
    </template>
    </auth-login>
    </div>
    <script type="text/javascript">
        window.appGlobal = {
          baseUrl: "/web/index.php",
          publicPath: "/web",
        };
    </script>
    <script src="/web/dist/js/chunk-vendors.js?v=1775433284510"></script>
    <script src="/web/dist/js/app.js?v=1775433284510"></script>
</body>
</html>

2026-06-01 22:19:31,191 - baseAutoHttp.py - INFO - 【01登录页面接口信息:login_api】接口调用结束

2026-06-01 22:19:31,191 - web_login_page.py - INFO - 【携带错误格式Token】断言成功
2026-06-01 22:19:31,191 - baseAutoHttp.py - INFO - 接口会话已关闭
2026-06-01 22:19:31,191 - test_web_ohrm.py - INFO - 【携带错误格式Token】用例执行成功
2026-06-01 22:19:31,199 - baseUtils.py - INFO - 配置文件读取成功：E:\develop\PythonProject\OrangeHRM\Config\配置文件.ini
2026-06-01 22:19:31,250 - baseAutoHttp.py - INFO - 【01登录页面接口信息:login_api】接口调用开始
2026-06-01 22:19:31,252 - baseData.py - INFO - 动态参数替换成功：{'_token': '5fcb5.JBB_qO7GTNosbw60sVdGRM343rRT5PvNUSGWsSqNW04.aCYJ_reQdet8AUj97j4PcaSJmeQBi7mOEhf7_nzCNCh1UxnSnbQt4xVcSw', 'username': 'wrong', 'password': 'wrong'}
2026-06-01 22:19:31,253 - baseAutoHttp.py - INFO - 请求方式: POST
2026-06-01 22:19:31,253 - baseAutoHttp.py - INFO - 请求地址: http://127.0.0.1:8080/web/index.php/auth/validate
2026-06-01 22:19:31,253 - baseAutoHttp.py - INFO - 请求头: {'User-Agent': 'Mozilla/5.0 (Windows NT 10.0; Win64; x64) AppleWebKit/537.36 (KHTML, like Gecko) Chrome/148.0.0.0 Safari/537.36', 'Content-Type': 'application/x-www-form-urlencoded'}
2026-06-01 22:19:31,253 - baseAutoHttp.py - INFO - 请求参数: params=None | data={'_token': '5fcb5.JBB_qO7GTNosbw60sVdGRM343rRT5PvNUSGWsSqNW04.aCYJ_reQdet8AUj97j4PcaSJmeQBi7mOEhf7_nzCNCh1UxnSnbQt4xVcSw', 'username': 'wrong', 'password': 'wrong'} | json=None
2026-06-01 22:19:31,387 - baseAutoHttp.py - INFO - 响应状态码: 200
2026-06-01 22:19:31,388 - baseAutoHttp.py - INFO - 响应耗时: 0.067627s
2026-06-01 22:19:31,388 - baseAutoHttp.py - INFO - 响应文本: <!DOCTYPE html>
<html>
<head>
  <meta charset="UTF-8">
  <meta http-equiv="X-UA-Compatible" content="IE=edge">
  <meta name="viewport" content="width=device-width,initial-scale=1">
  <title>OrangeHRM</title>
      <link rel="icon" href="/web/dist/favicon.ico?v=1775433284510">
    <link href="/web/dist/css/chunk-vendors.css?v=1775433284510" rel="preload" as="style">
    <link href="/web/dist/css/app.css?v=1775433284510" rel="preload" as="style">
    <link href="/web/dist/js/chunk-vendors.js?v=1775433284510" rel="preload" as="script">
    <link href="/web/dist/js/app.js?v=1775433284510" rel="preload" as="script">
      <link href="/web/dist/css/chunk-vendors.css?v=1775433284510" rel="stylesheet"/>
    <link href="/web/dist/css/app.css?v=1775433284510" rel="stylesheet"/>
</head>
<body>
  <style>
    :root {
            --oxd-primary-one-color:#FF7B1D;
            --oxd-primary-font-color:#FFFFFF;
            --oxd-secondary-four-color:#76BC21;
            --oxd-secondary-font-color:#FFFFFF;
            --oxd-primary-gradient-start-color:#FF920B;
            --oxd-primary-gradient-end-color:#F35C17;
            --oxd-secondary-gradient-start-color:#FF920B;
            --oxd-secondary-gradient-end-color:#F35C17;
            --oxd-primary-one-lighten-5-color:#ff8a37;
            --oxd-primary-one-lighten-30-color:#ffd4b6;
            --oxd-primary-one-darken-5-color:#ff6c03;
            --oxd-primary-one-alpha-10-color:rgba(255, 123, 29, 0.1);
            --oxd-primary-one-alpha-15-color:rgba(255, 123, 29, 0.15);
            --oxd-primary-one-alpha-20-color:rgba(255, 123, 29, 0.2);
            --oxd-primary-one-alpha-50-color:rgba(255, 123, 29, 0.5);
            --oxd-secondary-four-lighten-5-color:#84d225;
            --oxd-secondary-four-darken-5-color:#68a61d;
            --oxd-secondary-four-alpha-10-color:rgba(118, 188, 33, 0.1);
            --oxd-secondary-four-alpha-15-color:rgba(118, 188, 33, 0.15);
            --oxd-secondary-four-alpha-20-color:rgba(118, 188, 33, 0.2);
            --oxd-secondary-four-alpha-50-color:rgba(118, 188, 33, 0.5);
        }
  </style>
    <noscript>
        <strong>
            We're sorry but orangehrm doesn't work properly without JavaScript enabled. Please enable it to continue.
        </strong>
    </noscript>

    <div id="app">
    <auth-login
            :error="{&quot;error&quot;:&quot;invalid_credentials&quot;,&quot;message&quot;:&quot;Invalid credentials&quot;}"
            :token="&quot;4b8e96834fdcb15d55.kS0xshnHRrJnAms8M1GdhIJnjq8orq9Pl2ywsYZUiUY.3RtH5ECRf4M3bC11bDjUsesWyf96we0M1Frd_tAb5iDAblfIarUni14xLg&quot;"
            :login-logo-src="&quot;\/web\/images\/ohrm_logo.png&quot;"
            :login-banner-src="&quot;\/web\/images\/ohrm_branding.png?v=1775433284510&quot;"
            :show-social-media="true"
            :is-demo-mode="false"
            :authenticators="[]"
        >
    <template v-slot:footer>
        <div class="orangehrm-copyright-wrapper">
            <oxd-text tag="p" class="orangehrm-copyright">OrangeHRM OS 5.8.1</oxd-text>
<oxd-text tag="p" class="orangehrm-copyright">&copy; 2005 - 2026 <a href="http://www.orangehrm.com" target="_blank">OrangeHRM, Inc</a>. All rights reserved.</oxd-text>
        </div>
    </template>
    </auth-login>
    </div>
    <script type="text/javascript">
        window.appGlobal = {
          baseUrl: "/web/index.php",
          publicPath: "/web",
        };
    </script>
    <script src="/web/dist/js/chunk-vendors.js?v=1775433284510"></script>
    <script src="/web/dist/js/app.js?v=1775433284510"></script>
</body>
</html>

2026-06-01 22:19:31,388 - baseAutoHttp.py - INFO - 【01登录页面接口信息:login_api】接口调用结束

2026-06-01 22:19:31,388 - web_login_page.py - INFO - 【wrong/wrong】断言成功
2026-06-01 22:19:31,388 - baseAutoHttp.py - INFO - 接口会话已关闭
2026-06-01 22:19:31,388 - test_web_ohrm.py - INFO - 【错误用户名/密码】用例执行成功
2026-06-01 22:19:31,395 - baseUtils.py - INFO - 配置文件读取成功：E:\develop\PythonProject\OrangeHRM\Config\配置文件.ini
2026-06-01 22:19:31,443 - baseAutoHttp.py - INFO - 【01登录页面接口信息:login_api】接口调用开始
2026-06-01 22:19:31,445 - baseData.py - INFO - 动态参数替换成功：{'_token': '878354f9e84ea6b4.D9YA5DFCL0Sx7vhyApJXBKef5AoHfATIvBmo2JHdB8c.XqJ3yWgEAjfoib0YYKMUYN3PllBVFGaN9n-fguewdK42nHSuUnVfCdibkw', 'username': '', 'password': 'Keepmoving624.'}
2026-06-01 22:19:31,445 - baseAutoHttp.py - INFO - 请求方式: POST
2026-06-01 22:19:31,445 - baseAutoHttp.py - INFO - 请求地址: http://127.0.0.1:8080/web/index.php/auth/validate
2026-06-01 22:19:31,445 - baseAutoHttp.py - INFO - 请求头: {'User-Agent': 'Mozilla/5.0 (Windows NT 10.0; Win64; x64) AppleWebKit/537.36 (KHTML, like Gecko) Chrome/148.0.0.0 Safari/537.36', 'Content-Type': 'application/x-www-form-urlencoded'}
2026-06-01 22:19:31,445 - baseAutoHttp.py - INFO - 请求参数: params=None | data={'_token': '878354f9e84ea6b4.D9YA5DFCL0Sx7vhyApJXBKef5AoHfATIvBmo2JHdB8c.XqJ3yWgEAjfoib0YYKMUYN3PllBVFGaN9n-fguewdK42nHSuUnVfCdibkw', 'username': '', 'password': 'Keepmoving624.'} | json=None
2026-06-01 22:19:31,529 - baseAutoHttp.py - INFO - 响应状态码: 200
2026-06-01 22:19:31,530 - baseAutoHttp.py - INFO - 响应耗时: 0.044787s
2026-06-01 22:19:31,530 - baseAutoHttp.py - INFO - 响应文本: <!DOCTYPE html>
<html>
<head>
  <meta charset="UTF-8">
  <meta http-equiv="X-UA-Compatible" content="IE=edge">
  <meta name="viewport" content="width=device-width,initial-scale=1">
  <title>OrangeHRM</title>
      <link rel="icon" href="/web/dist/favicon.ico?v=1775433284510">
    <link href="/web/dist/css/chunk-vendors.css?v=1775433284510" rel="preload" as="style">
    <link href="/web/dist/css/app.css?v=1775433284510" rel="preload" as="style">
    <link href="/web/dist/js/chunk-vendors.js?v=1775433284510" rel="preload" as="script">
    <link href="/web/dist/js/app.js?v=1775433284510" rel="preload" as="script">
      <link href="/web/dist/css/chunk-vendors.css?v=1775433284510" rel="stylesheet"/>
    <link href="/web/dist/css/app.css?v=1775433284510" rel="stylesheet"/>
</head>
<body>
  <style>
    :root {
            --oxd-primary-one-color:#FF7B1D;
            --oxd-primary-font-color:#FFFFFF;
            --oxd-secondary-four-color:#76BC21;
            --oxd-secondary-font-color:#FFFFFF;
            --oxd-primary-gradient-start-color:#FF920B;
            --oxd-primary-gradient-end-color:#F35C17;
            --oxd-secondary-gradient-start-color:#FF920B;
            --oxd-secondary-gradient-end-color:#F35C17;
            --oxd-primary-one-lighten-5-color:#ff8a37;
            --oxd-primary-one-lighten-30-color:#ffd4b6;
            --oxd-primary-one-darken-5-color:#ff6c03;
            --oxd-primary-one-alpha-10-color:rgba(255, 123, 29, 0.1);
            --oxd-primary-one-alpha-15-color:rgba(255, 123, 29, 0.15);
            --oxd-primary-one-alpha-20-color:rgba(255, 123, 29, 0.2);
            --oxd-primary-one-alpha-50-color:rgba(255, 123, 29, 0.5);
            --oxd-secondary-four-lighten-5-color:#84d225;
            --oxd-secondary-four-darken-5-color:#68a61d;
            --oxd-secondary-four-alpha-10-color:rgba(118, 188, 33, 0.1);
            --oxd-secondary-four-alpha-15-color:rgba(118, 188, 33, 0.15);
            --oxd-secondary-four-alpha-20-color:rgba(118, 188, 33, 0.2);
            --oxd-secondary-four-alpha-50-color:rgba(118, 188, 33, 0.5);
        }
  </style>
    <noscript>
        <strong>
            We're sorry but orangehrm doesn't work properly without JavaScript enabled. Please enable it to continue.
        </strong>
    </noscript>

    <div id="app">
    <auth-login
            :error="{&quot;error&quot;:&quot;invalid_credentials&quot;,&quot;message&quot;:&quot;Invalid credentials&quot;}"
            :token="&quot;1bb6193248eeca73f5.cWjszg8rdU8FO3pzvwag8eLBBe2XUVLVLmcGh9c8S1c.IByb41ZtWDxcXD8Z3TfjlZiRd7fFOTCQZAEx3aFROD5IIpiEbBwFAmxOEQ&quot;"
            :login-logo-src="&quot;\/web\/images\/ohrm_logo.png&quot;"
            :login-banner-src="&quot;\/web\/images\/ohrm_branding.png?v=1775433284510&quot;"
            :show-social-media="true"
            :is-demo-mode="false"
            :authenticators="[]"
        >
    <template v-slot:footer>
        <div class="orangehrm-copyright-wrapper">
            <oxd-text tag="p" class="orangehrm-copyright">OrangeHRM OS 5.8.1</oxd-text>
<oxd-text tag="p" class="orangehrm-copyright">&copy; 2005 - 2026 <a href="http://www.orangehrm.com" target="_blank">OrangeHRM, Inc</a>. All rights reserved.</oxd-text>
        </div>
    </template>
    </auth-login>
    </div>
    <script type="text/javascript">
        window.appGlobal = {
          baseUrl: "/web/index.php",
          publicPath: "/web",
        };
    </script>
    <script src="/web/dist/js/chunk-vendors.js?v=1775433284510"></script>
    <script src="/web/dist/js/app.js?v=1775433284510"></script>
</body>
</html>

2026-06-01 22:19:31,530 - baseAutoHttp.py - INFO - 【01登录页面接口信息:login_api】接口调用结束

2026-06-01 22:19:31,530 - web_login_page.py - INFO - 【空用户名/Keepmoving624.】断言成功
2026-06-01 22:19:31,530 - baseAutoHttp.py - INFO - 接口会话已关闭
2026-06-01 22:19:31,530 - test_web_ohrm.py - INFO - 【用户名为空】用例执行成功
2026-06-01 22:19:31,536 - baseUtils.py - INFO - 配置文件读取成功：E:\develop\PythonProject\OrangeHRM\Config\配置文件.ini
2026-06-01 22:19:31,583 - baseAutoHttp.py - INFO - 【01登录页面接口信息:login_api】接口调用开始
2026-06-01 22:19:31,585 - baseData.py - INFO - 动态参数替换成功：{'_token': 'dcc7.wxfPMMyQuy4IeFzURN8DGvHy-KUN8xlLg2SZeCWppus.oV_5Qqji02VFOTSgL5pXYJaYtpFL3l5m7BL4OUre8aeFRIoEmun4A0AnLw', 'username': 'admin', 'password': ''}
2026-06-01 22:19:31,585 - baseAutoHttp.py - INFO - 请求方式: POST
2026-06-01 22:19:31,586 - baseAutoHttp.py - INFO - 请求地址: http://127.0.0.1:8080/web/index.php/auth/validate
2026-06-01 22:19:31,586 - baseAutoHttp.py - INFO - 请求头: {'User-Agent': 'Mozilla/5.0 (Windows NT 10.0; Win64; x64) AppleWebKit/537.36 (KHTML, like Gecko) Chrome/148.0.0.0 Safari/537.36', 'Content-Type': 'application/x-www-form-urlencoded'}
2026-06-01 22:19:31,586 - baseAutoHttp.py - INFO - 请求参数: params=None | data={'_token': 'dcc7.wxfPMMyQuy4IeFzURN8DGvHy-KUN8xlLg2SZeCWppus.oV_5Qqji02VFOTSgL5pXYJaYtpFL3l5m7BL4OUre8aeFRIoEmun4A0AnLw', 'username': 'admin', 'password': ''} | json=None
2026-06-01 22:19:31,883 - baseAutoHttp.py - INFO - 响应状态码: 200
2026-06-01 22:19:31,884 - baseAutoHttp.py - INFO - 响应耗时: 0.051205s
2026-06-01 22:19:31,884 - baseAutoHttp.py - INFO - 响应文本: <!DOCTYPE html>
<html>
<head>
  <meta charset="UTF-8">
  <meta http-equiv="X-UA-Compatible" content="IE=edge">
  <meta name="viewport" content="width=device-width,initial-scale=1">
  <title>OrangeHRM</title>
      <link rel="icon" href="/web/dist/favicon.ico?v=1775433284510">
    <link href="/web/dist/css/chunk-vendors.css?v=1775433284510" rel="preload" as="style">
    <link href="/web/dist/css/app.css?v=1775433284510" rel="preload" as="style">
    <link href="/web/dist/js/chunk-vendors.js?v=1775433284510" rel="preload" as="script">
    <link href="/web/dist/js/app.js?v=1775433284510" rel="preload" as="script">
      <link href="/web/dist/css/chunk-vendors.css?v=1775433284510" rel="stylesheet"/>
    <link href="/web/dist/css/app.css?v=1775433284510" rel="stylesheet"/>
</head>
<body>
  <style>
    :root {
            --oxd-primary-one-color:#FF7B1D;
            --oxd-primary-font-color:#FFFFFF;
            --oxd-secondary-four-color:#76BC21;
            --oxd-secondary-font-color:#FFFFFF;
            --oxd-primary-gradient-start-color:#FF920B;
            --oxd-primary-gradient-end-color:#F35C17;
            --oxd-secondary-gradient-start-color:#FF920B;
            --oxd-secondary-gradient-end-color:#F35C17;
            --oxd-primary-one-lighten-5-color:#ff8a37;
            --oxd-primary-one-lighten-30-color:#ffd4b6;
            --oxd-primary-one-darken-5-color:#ff6c03;
            --oxd-primary-one-alpha-10-color:rgba(255, 123, 29, 0.1);
            --oxd-primary-one-alpha-15-color:rgba(255, 123, 29, 0.15);
            --oxd-primary-one-alpha-20-color:rgba(255, 123, 29, 0.2);
            --oxd-primary-one-alpha-50-color:rgba(255, 123, 29, 0.5);
            --oxd-secondary-four-lighten-5-color:#84d225;
            --oxd-secondary-four-darken-5-color:#68a61d;
            --oxd-secondary-four-alpha-10-color:rgba(118, 188, 33, 0.1);
            --oxd-secondary-four-alpha-15-color:rgba(118, 188, 33, 0.15);
            --oxd-secondary-four-alpha-20-color:rgba(118, 188, 33, 0.2);
            --oxd-secondary-four-alpha-50-color:rgba(118, 188, 33, 0.5);
        }
  </style>
    <noscript>
        <strong>
            We're sorry but orangehrm doesn't work properly without JavaScript enabled. Please enable it to continue.
        </strong>
    </noscript>

    <div id="app">
    <auth-login
            :error="{&quot;error&quot;:&quot;invalid_credentials&quot;,&quot;message&quot;:&quot;Invalid credentials&quot;}"
            :token="&quot;8146d3ee21451310c195c65599f.WspGB2CJTUWhYgtUgyogRxwfljXIezo_463oLaE1_LY.OIJwdQT7JQ7sI2Mg6G90PXt12AGOVn0SjNuJbM5Cq_ocmQMzNvAOaOk9eA&quot;"
            :login-logo-src="&quot;\/web\/images\/ohrm_logo.png&quot;"
            :login-banner-src="&quot;\/web\/images\/ohrm_branding.png?v=1775433284510&quot;"
            :show-social-media="true"
            :is-demo-mode="false"
            :authenticators="[]"
        >
    <template v-slot:footer>
        <div class="orangehrm-copyright-wrapper">
            <oxd-text tag="p" class="orangehrm-copyright">OrangeHRM OS 5.8.1</oxd-text>
<oxd-text tag="p" class="orangehrm-copyright">&copy; 2005 - 2026 <a href="http://www.orangehrm.com" target="_blank">OrangeHRM, Inc</a>. All rights reserved.</oxd-text>
        </div>
    </template>
    </auth-login>
    </div>
    <script type="text/javascript">
        window.appGlobal = {
          baseUrl: "/web/index.php",
          publicPath: "/web",
        };
    </script>
    <script src="/web/dist/js/chunk-vendors.js?v=1775433284510"></script>
    <script src="/web/dist/js/app.js?v=1775433284510"></script>
</body>
</html>

2026-06-01 22:19:31,884 - baseAutoHttp.py - INFO - 【01登录页面接口信息:login_api】接口调用结束

2026-06-01 22:19:31,884 - web_login_page.py - INFO - 【admin/空密码】断言成功
2026-06-01 22:19:31,884 - baseAutoHttp.py - INFO - 接口会话已关闭
2026-06-01 22:19:31,884 - test_web_ohrm.py - INFO - 【密码为空】用例执行成功
2026-06-01 22:19:32,298 - baseDB.py - INFO - ✅ MySQL 数据库连接成功
2026-06-01 22:19:32,299 - conftest - INFO - ✅ conftest: 获取数据库连接（MysqlHelp）
2026-06-01 22:19:32,301 - baseUtils.py - INFO - 配置文件读取成功：E:\develop\PythonProject\OrangeHRM\Config\配置文件.ini
2026-06-01 22:19:32,734 - baseUtils.py - INFO - 配置文件读取成功：E:\develop\PythonProject\OrangeHRM\Config\配置文件.ini
2026-06-01 22:19:32,801 - baseUtils.py - INFO - 配置文件读取成功：E:\develop\PythonProject\OrangeHRM\Config\配置文件.ini
2026-06-01 22:19:32,877 - baseUtils.py - INFO - 配置文件读取成功：E:\develop\PythonProject\OrangeHRM\Config\配置文件.ini
2026-06-01 22:19:32,977 - baseAutoHttp.py - INFO - 【03查询员工页面:select_employee】接口调用开始
2026-06-01 22:19:32,979 - baseAutoHttp.py - INFO - 请求方式: GET
2026-06-01 22:19:32,979 - baseAutoHttp.py - INFO - 请求地址: http://127.0.0.1:8080/web/index.php/api/v2/pim/employees
2026-06-01 22:19:32,979 - baseAutoHttp.py - INFO - 请求头: {'User-Agent': 'Mozilla/5.0 (Windows NT 10.0; Win64; x64) AppleWebKit/537.36 (KHTML, like Gecko) Chrome/148.0.0.0 Safari/537.36'}
2026-06-01 22:19:32,980 - baseAutoHttp.py - INFO - 请求参数: params={'limit': '50', 'offset': '0', 'model': 'detailed', 'includeEmployees': 'onlyCurrent', 'sortField': 'employee.firstName', 'sortOrder': 'ASC'} | data=None | json=None
2026-06-01 22:19:33,073 - baseAutoHttp.py - INFO - 响应状态码: 200
2026-06-01 22:19:33,074 - baseAutoHttp.py - INFO - 响应耗时: 0.092682s
2026-06-01 22:19:33,074 - baseAutoHttp.py - INFO - 响应JSON: {'data': [{'empNumber': 2, 'lastName': 'oo', 'firstName': 'hh', 'middleName': '', 'employeeId': '0002', 'terminationId': None, 'jobTitle': {'id': None, 'title': None, 'isDeleted': None}, 'subunit': {'id': None, 'name': None}, 'empStatus': {'id': None, 'name': None}, 'supervisors': []}, {'empNumber': 5, 'lastName': 'Doe', 'firstName': 'John', 'middleName': '', 'employeeId': '1001', 'terminationId': None, 'jobTitle': {'id': None, 'title': None, 'isDeleted': None}, 'subunit': {'id': None, 'name': None}, 'empStatus': {'id': None, 'name': None}, 'supervisors': []}, {'empNumber': 6, 'lastName': 'pp', 'firstName': 'kk', 'middleName': '', 'employeeId': '1002', 'terminationId': None, 'jobTitle': {'id': None, 'title': None, 'isDeleted': None}, 'subunit': {'id': None, 'name': None}, 'empStatus': {'id': None, 'name': None}, 'supervisors': []}, {'empNumber': 14, 'lastName': 'll', 'firstName': 'kk', 'middleName': '', 'employeeId': '0014', 'terminationId': None, 'jobTitle': {'id': None, 'title': None, 'isDeleted': None}, 'subunit': {'id': None, 'name': None}, 'empStatus': {'id': None, 'name': None}, 'supervisors': []}, {'empNumber': 16, 'lastName': 'pp', 'firstName': 'ww', 'middleName': '', 'employeeId': '0016', 'terminationId': None, 'jobTitle': {'id': None, 'title': None, 'isDeleted': None}, 'subunit': {'id': None, 'name': None}, 'empStatus': {'id': None, 'name': None}, 'supervisors': []}, {'empNumber': 17, 'lastName': 'ss', 'firstName': 'zz', 'middleName': '', 'employeeId': '1009', 'terminationId': None, 'jobTitle': {'id': None, 'title': None, 'isDeleted': None}, 'subunit': {'id': None, 'name': None}, 'empStatus': {'id': None, 'name': None}, 'supervisors': []}, {'empNumber': 1, 'lastName': '安', 'firstName': '谢', 'middleName': '', 'employeeId': '0001', 'terminationId': None, 'jobTitle': {'id': None, 'title': None, 'isDeleted': None}, 'subunit': {'id': None, 'name': None}, 'empStatus': {'id': None, 'name': None}, 'supervisors': []}], 'meta': {'total': 7}, 'rels': []}
2026-06-01 22:19:33,074 - baseAutoHttp.py - INFO - 【03查询员工页面:select_employee】接口调用结束

2026-06-01 22:19:33,074 - test_web_ohrm.py - INFO - ☑️ 查询员工列表成功，返回 7 条
2026-06-01 22:19:33,080 - baseUtils.py - INFO - 配置文件读取成功：E:\develop\PythonProject\OrangeHRM\Config\配置文件.ini
2026-06-01 22:19:33,081 - baseAutoHttp.py - INFO - 【03查询员工页面:select_query】接口调用开始
2026-06-01 22:19:33,083 - baseData.py - INFO - 动态参数替换成功：{'employeeId': '1001'}
2026-06-01 22:19:33,083 - baseAutoHttp.py - INFO - 请求方式: GET
2026-06-01 22:19:33,083 - baseAutoHttp.py - INFO - 请求地址: http://127.0.0.1:8080/web/index.php/api/v2/pim/employees
2026-06-01 22:19:33,083 - baseAutoHttp.py - INFO - 请求头: {'User-Agent': 'Mozilla/5.0 (Windows NT 10.0; Win64; x64) AppleWebKit/537.36 (KHTML, like Gecko) Chrome/148.0.0.0 Safari/537.36', 'Referer': 'http://127.0.0.1:8080/web/index.php/pim/viewEmployeeList'}
2026-06-01 22:19:33,083 - baseAutoHttp.py - INFO - 请求参数: params={'limit': '50', 'offset': '0', 'model': 'detailed', 'employeeId': '1001', 'includeEmployees': 'onlyCurrent', 'sortField': 'employee.firstName', 'sortOrder': 'ASC'} | data=None | json=None
2026-06-01 22:19:33,143 - baseAutoHttp.py - INFO - 响应状态码: 200
2026-06-01 22:19:33,143 - baseAutoHttp.py - INFO - 响应耗时: 0.057663s
2026-06-01 22:19:33,143 - baseAutoHttp.py - INFO - 响应JSON: {'data': [{'empNumber': 5, 'lastName': 'Doe', 'firstName': 'John', 'middleName': '', 'employeeId': '1001', 'terminationId': None, 'jobTitle': {'id': None, 'title': None, 'isDeleted': None}, 'subunit': {'id': None, 'name': None}, 'empStatus': {'id': None, 'name': None}, 'supervisors': []}], 'meta': {'total': 1}, 'rels': []}
2026-06-01 22:19:33,143 - baseAutoHttp.py - INFO - 【03查询员工页面:select_query】接口调用结束

2026-06-01 22:19:33,143 - test_web_ohrm.py - INFO - ☑️【指定查询用例】执行完毕
2026-06-01 22:19:33,151 - baseUtils.py - INFO - 配置文件读取成功：E:\develop\PythonProject\OrangeHRM\Config\配置文件.ini
2026-06-01 22:19:33,151 - baseAutoHttp.py - INFO - 【03查询员工页面:select_query】接口调用开始
2026-06-01 22:19:33,153 - baseData.py - INFO - 动态参数替换成功：{'employeeId': '9999'}
2026-06-01 22:19:33,154 - baseAutoHttp.py - INFO - 请求方式: GET
2026-06-01 22:19:33,154 - baseAutoHttp.py - INFO - 请求地址: http://127.0.0.1:8080/web/index.php/api/v2/pim/employees
2026-06-01 22:19:33,154 - baseAutoHttp.py - INFO - 请求头: {'User-Agent': 'Mozilla/5.0 (Windows NT 10.0; Win64; x64) AppleWebKit/537.36 (KHTML, like Gecko) Chrome/148.0.0.0 Safari/537.36', 'Referer': 'http://127.0.0.1:8080/web/index.php/pim/viewEmployeeList'}
2026-06-01 22:19:33,154 - baseAutoHttp.py - INFO - 请求参数: params={'limit': '50', 'offset': '0', 'model': 'detailed', 'employeeId': '9999', 'includeEmployees': 'onlyCurrent', 'sortField': 'employee.firstName', 'sortOrder': 'ASC'} | data=None | json=None
2026-06-01 22:19:33,230 - baseAutoHttp.py - INFO - 响应状态码: 200
2026-06-01 22:19:33,230 - baseAutoHttp.py - INFO - 响应耗时: 0.074773s
2026-06-01 22:19:33,230 - baseAutoHttp.py - INFO - 响应JSON: {'data': [], 'meta': {'total': 0}, 'rels': []}
2026-06-01 22:19:33,230 - baseAutoHttp.py - INFO - 【03查询员工页面:select_query】接口调用结束

2026-06-01 22:19:33,230 - test_web_ohrm.py - INFO - ☑️【指定查询用例】执行完毕
2026-06-01 22:19:33,237 - baseUtils.py - INFO - 配置文件读取成功：E:\develop\PythonProject\OrangeHRM\Config\配置文件.ini
2026-06-01 22:19:33,244 - baseDB.py - INFO - ✅ MySQL 数据库连接成功
2026-06-01 22:19:33,246 - baseAutoHttp.py - INFO - 【04更新员工:update_employee】接口调用开始
2026-06-01 22:19:33,248 - baseData.py - INFO - 动态参数替换成功：{'firstName': 'John', 'lastName': 'Doe', 'employeeId': '1001'}
2026-06-01 22:19:33,249 - baseAutoHttp.py - INFO - 请求方式: PUT
2026-06-01 22:19:33,249 - baseAutoHttp.py - INFO - 请求地址: http://127.0.0.1:8080/web/index.php/api/v2/pim/employees/5/personal-details
2026-06-01 22:19:33,249 - baseAutoHttp.py - INFO - 请求头: {'User-Agent': 'Mozilla/5.0 (Windows NT 10.0; Win64; x64) AppleWebKit/537.36 (KHTML, like Gecko) Chrome/148.0.0.0 Safari/537.36', 'Content-Type': 'application/json', 'Referer': 'http://127.0.0.1:8080/web/index.php/pim/viewPersonalDetails/empNumber/5', 'Origin': 'http://127.0.0.1:8080'}
2026-06-01 22:19:33,249 - baseAutoHttp.py - INFO - 请求参数: params=None | data=None | json={'birthday': None, 'drivingLicenseExpiredDate': None, 'drivingLicenseNo': None, 'employeeId': '1001', 'firstName': 'John', 'gender': None, 'lastName': 'Doe', 'middleName': None, 'otherId': None}
2026-06-01 22:19:33,323 - baseAutoHttp.py - INFO - 响应状态码: 500
2026-06-01 22:19:33,323 - baseAutoHttp.py - INFO - 响应耗时: 0.07287s
2026-06-01 22:19:33,323 - baseAutoHttp.py - INFO - 响应JSON: {'error': {'status': '500', 'message': 'Unexpected Error Occurred'}}
2026-06-01 22:19:33,323 - baseAutoHttp.py - INFO - 【04更新员工:update_employee】接口调用结束

2026-06-01 22:19:33,330 - baseDB.py - INFO - ✅ MySQL 数据库连接成功
2026-06-01 22:19:33,334 - baseDB.py - INFO - ✅ MySQL 执行成功，事务已提交
2026-06-01 22:19:33,334 - baseDB.py - INFO - 🔌 MySQL 连接已关闭
2026-06-01 22:19:33,353 - baseDB.py - INFO - ✅ MySQL 数据库连接成功
2026-06-01 22:19:33,368 - baseUtils.py - INFO - 配置文件读取成功：E:\develop\PythonProject\OrangeHRM\Config\配置文件.ini
2026-06-01 22:19:33,369 - baseUtils.py - INFO - 配置文件读取成功：E:\develop\PythonProject\OrangeHRM\Config\配置文件.ini
2026-06-01 22:19:33,369 - baseAutoHttp.py - INFO - 【03查询员工页面:select_query】接口调用开始
2026-06-01 22:19:33,371 - baseData.py - INFO - 动态参数替换成功：{'employeeId': '0004'}
2026-06-01 22:19:33,372 - baseAutoHttp.py - INFO - 请求方式: GET
2026-06-01 22:19:33,372 - baseAutoHttp.py - INFO - 请求地址: http://127.0.0.1:8080/web/index.php/api/v2/pim/employees
2026-06-01 22:19:33,372 - baseAutoHttp.py - INFO - 请求头: {'User-Agent': 'Mozilla/5.0 (Windows NT 10.0; Win64; x64) AppleWebKit/537.36 (KHTML, like Gecko) Chrome/148.0.0.0 Safari/537.36', 'Referer': 'http://127.0.0.1:8080/web/index.php/pim/viewEmployeeList'}
2026-06-01 22:19:33,372 - baseAutoHttp.py - INFO - 请求参数: params={'limit': '50', 'offset': '0', 'model': 'detailed', 'employeeId': '0004', 'includeEmployees': 'onlyCurrent', 'sortField': 'employee.firstName', 'sortOrder': 'ASC'} | data=None | json=None
2026-06-01 22:19:33,448 - baseAutoHttp.py - INFO - 响应状态码: 200
2026-06-01 22:19:33,449 - baseAutoHttp.py - INFO - 响应耗时: 0.075806s
2026-06-01 22:19:33,449 - baseAutoHttp.py - INFO - 响应JSON: {'data': [], 'meta': {'total': 0}, 'rels': []}
2026-06-01 22:19:33,449 - baseAutoHttp.py - INFO - 【03查询员工页面:select_query】接口调用结束

2026-06-01 22:19:33,456 - baseDB.py - INFO - ✅ MySQL 数据库连接成功
2026-06-01 22:19:33,471 - baseUtils.py - INFO - 配置文件读取成功：E:\develop\PythonProject\OrangeHRM\Config\配置文件.ini
2026-06-01 22:19:33,473 - baseUtils.py - INFO - 配置文件读取成功：E:\develop\PythonProject\OrangeHRM\Config\配置文件.ini
2026-06-01 22:19:33,473 - baseAutoHttp.py - INFO - 【03查询员工页面:select_query】接口调用开始
2026-06-01 22:19:33,475 - baseData.py - INFO - 动态参数替换成功：{'employeeId': '9999'}
2026-06-01 22:19:33,476 - baseAutoHttp.py - INFO - 请求方式: GET
2026-06-01 22:19:33,476 - baseAutoHttp.py - INFO - 请求地址: http://127.0.0.1:8080/web/index.php/api/v2/pim/employees
2026-06-01 22:19:33,476 - baseAutoHttp.py - INFO - 请求头: {'User-Agent': 'Mozilla/5.0 (Windows NT 10.0; Win64; x64) AppleWebKit/537.36 (KHTML, like Gecko) Chrome/148.0.0.0 Safari/537.36', 'Referer': 'http://127.0.0.1:8080/web/index.php/pim/viewEmployeeList'}
2026-06-01 22:19:33,476 - baseAutoHttp.py - INFO - 请求参数: params={'limit': '50', 'offset': '0', 'model': 'detailed', 'employeeId': '9999', 'includeEmployees': 'onlyCurrent', 'sortField': 'employee.firstName', 'sortOrder': 'ASC'} | data=None | json=None
2026-06-01 22:19:33,544 - baseAutoHttp.py - INFO - 响应状态码: 200
2026-06-01 22:19:33,544 - baseAutoHttp.py - INFO - 响应耗时: 0.067487s
2026-06-01 22:19:33,545 - baseAutoHttp.py - INFO - 响应JSON: {'data': [], 'meta': {'total': 0}, 'rels': []}
2026-06-01 22:19:33,545 - baseAutoHttp.py - INFO - 【03查询员工页面:select_query】接口调用结束

2026-06-01 22:19:33,551 - baseDB.py - INFO - ✅ MySQL 数据库连接成功
2026-06-01 22:19:33,553 - test_web_ohrm.py - INFO - ☑️【删除员工】用例执行成功
2026-06-01 22:19:33,560 - baseUtils.py - INFO - 配置文件读取成功：E:\develop\PythonProject\OrangeHRM\Config\配置文件.ini
2026-06-01 22:19:33,560 - baseAutoHttp.py - INFO - 【06未登录访问员工接口:employee】接口调用开始
2026-06-01 22:19:33,562 - baseAutoHttp.py - INFO - 请求方式: GET
2026-06-01 22:19:33,562 - baseAutoHttp.py - INFO - 请求地址: http://127.0.0.1:8080/web/index.php/pim/viewEmployeeList
2026-06-01 22:19:33,562 - baseAutoHttp.py - INFO - 请求头: {'User-Agent': 'Mozilla/5.0 (Windows NT 10.0; Win64; x64) AppleWebKit/537.36 (KHTML, like Gecko) Chrome/148.0.0.0 Safari/537.36'}
2026-06-01 22:19:33,562 - baseAutoHttp.py - INFO - 请求参数: params={'includeEmployees': 'onlyCurrent', 'limit': '50', 'model': 'detailed', 'offset': '0', 'sortField': 'employee.firstName', 'sortOrder': 'ASC'} | data=None | json=None
2026-06-01 22:19:33,619 - baseAutoHttp.py - INFO - 响应状态码: 302
2026-06-01 22:19:33,619 - baseAutoHttp.py - INFO - 响应耗时: 0.055167s
2026-06-01 22:19:33,619 - baseAutoHttp.py - INFO - 响应文本: <!DOCTYPE html>
<html>
    <head>
        <meta charset="UTF-8" />
        <meta http-equiv="refresh" content="0;url='http://127.0.0.1:8080/web/index.php/auth/login'" />

        <title>Redirecting to http://127.0.0.1:8080/web/index.php/auth/login</title>
    </head>
    <body>
        Redirecting to <a href="http://127.0.0.1:8080/web/index.php/auth/login">http://127.0.0.1:8080/web/index.php/auth/login</a>.
    </body>
</html>
2026-06-01 22:19:33,619 - baseAutoHttp.py - INFO - 【06未登录访问员工接口:employee】接口调用结束

2026-06-01 22:19:34,012 - baseUtils.py - INFO - 配置文件读取成功：E:\develop\PythonProject\OrangeHRM\Config\配置文件.ini
2026-06-01 22:19:34,012 - baseAutoHttp.py - INFO - 【07非管理员登录:employee_login】接口调用开始
2026-06-01 22:19:34,013 - baseData.py - INFO - 动态参数替换成功：{'firstName': 'cc', 'lastName': 'dd', 'employeeId': '1010'}
2026-06-01 22:19:34,014 - baseAutoHttp.py - INFO - 请求方式: POST
2026-06-01 22:19:34,014 - baseAutoHttp.py - INFO - 请求地址: http://127.0.0.1:8080/web/index.php/api/v2/pim/employees
2026-06-01 22:19:34,014 - baseAutoHttp.py - INFO - 请求头: {'User-Agent': 'Mozilla/5.0 (Windows NT 10.0; Win64; x64) AppleWebKit/537.36 (KHTML, like Gecko) Chrome/148.0.0.0 Safari/537.36', 'Content-Type': 'application/json', 'Origin': 'http://127.0.0.1:8080', 'Referer': 'http://127.0.0.1:8080/web/index.php/pim/addEmployee'}
2026-06-01 22:19:34,014 - baseAutoHttp.py - INFO - 请求参数: params=None | data=None | json={'employeeId': '1010', 'empPicture': None, 'firstName': 'cc', 'lastName': 'dd', 'middleName': None}
2026-06-01 22:19:34,082 - baseAutoHttp.py - INFO - 响应状态码: 403
2026-06-01 22:19:34,082 - baseAutoHttp.py - INFO - 响应耗时: 0.066555s
2026-06-01 22:19:34,082 - baseAutoHttp.py - INFO - 响应JSON: {'error': {'status': 403, 'message': 'Unauthorized'}}
2026-06-01 22:19:34,082 - baseAutoHttp.py - INFO - 【07非管理员登录:employee_login】接口调用结束

2026-06-01 22:19:34,082 - test_web_ohrm.py - INFO - ☑️【非管理员账号操作员工】用例执行成功
2026-06-01 22:19:36,500 - run.py - INFO - ✅ Allure报告生成成功：E:\develop\PythonProject\OrangeHRM\Reports\ALLURE\Report
2026-06-01 22:19:36,517 - baseUtils.py - INFO - 目录文件清空完成：E:\develop\PythonProject\OrangeHRM\Reports\ALLURE\Result
2026-06-01 22:19:36,517 - run.py - INFO - 🎉 自动化测试执行完成！
2026-06-01 22:20:00,861 - baseUtils.py - INFO - 配置文件读取成功：E:\develop\PythonProject\OrangeHRM\Config\配置文件.ini
2026-06-01 22:20:00,861 - globalManager.py - INFO - 全局变量管理器初始化成功
2026-06-01 22:20:00,861 - run.py - INFO - 🚀 开始执行自动化测试，项目：ohrm_http_test
2026-06-01 22:20:00,861 - run.py - INFO - 📊 报告类型：ALLURE
2026-06-01 22:20:00,862 - baseUtils.py - INFO - 目录文件清空完成：E:\develop\PythonProject\OrangeHRM\Reports\ALLURE\Result
2026-06-01 22:20:00,862 - baseUtils.py - INFO - 目录文件清空完成：E:\develop\PythonProject\OrangeHRM\Reports\ALLURE\Report
2026-06-01 22:20:00,862 - baseUtils.py - INFO - 目录文件清空完成：E:\develop\PythonProject\OrangeHRM\Reports\HTML
2026-06-01 22:20:00,862 - baseUtils.py - INFO - 目录文件清空完成：E:\develop\PythonProject\OrangeHRM\Reports\XML
2026-06-01 22:20:00,862 - run.py - INFO - 🧹 旧报告清理完成
2026-06-01 22:20:01,095 - baseUtils.py - INFO - 配置文件读取成功：E:\develop\PythonProject\OrangeHRM\Config\配置文件.ini
2026-06-01 22:20:01,244 - baseUtils.py - INFO - 配置文件读取成功：E:\develop\PythonProject\OrangeHRM\Config\配置文件.ini
2026-06-01 22:20:01,245 - baseUtils.py - INFO - 配置文件读取成功：E:\develop\PythonProject\OrangeHRM\Config\配置文件.ini
2026-06-01 22:20:01,474 - baseUtils.py - INFO - 配置文件读取成功：E:\develop\PythonProject\OrangeHRM\Config\配置文件.ini
2026-06-01 22:20:01,475 - baseData.py - INFO - 数据驱动读取成功：01登录接口
2026-06-01 22:20:01,486 - baseUtils.py - INFO - 配置文件读取成功：E:\develop\PythonProject\OrangeHRM\Config\配置文件.ini
2026-06-01 22:20:01,487 - baseData.py - INFO - 数据驱动读取成功：02添加员工接口
2026-06-01 22:20:01,488 - baseUtils.py - INFO - 配置文件读取成功：E:\develop\PythonProject\OrangeHRM\Config\配置文件.ini
2026-06-01 22:20:01,489 - baseData.py - INFO - 数据驱动读取成功：03指定查询
2026-06-01 22:20:01,490 - baseUtils.py - INFO - 配置文件读取成功：E:\develop\PythonProject\OrangeHRM\Config\配置文件.ini
2026-06-01 22:20:01,490 - baseData.py - INFO - 数据驱动读取成功：04删除员工
2026-06-01 22:20:01,501 - baseUtils.py - INFO - 配置文件读取成功：E:\develop\PythonProject\OrangeHRM\Config\配置文件.ini
2026-06-01 22:20:01,556 - baseAutoHttp.py - INFO - 【01登录页面接口信息:login_api】接口调用开始
2026-06-01 22:20:01,557 - baseData.py - INFO - 动态参数替换成功：{'_token': '2005d49869c5d62ae9d33d1c.t0aB-IMye-lbH7bQ55u0p2zT0Qsjkma4kTgFlQ3PtoA.hhLtvOoCMaUucdmqktfw5CChoVRwozzVqA5w3lis1NaBEvaS5W0R2iJrwQ', 'username': 'admin', 'password': 'Keepmoving624.'}
2026-06-01 22:20:01,558 - baseAutoHttp.py - INFO - 请求方式: POST
2026-06-01 22:20:01,558 - baseAutoHttp.py - INFO - 请求地址: http://127.0.0.1:8080/web/index.php/auth/validate
2026-06-01 22:20:01,558 - baseAutoHttp.py - INFO - 请求头: {'User-Agent': 'Mozilla/5.0 (Windows NT 10.0; Win64; x64) AppleWebKit/537.36 (KHTML, like Gecko) Chrome/148.0.0.0 Safari/537.36', 'Content-Type': 'application/x-www-form-urlencoded'}
2026-06-01 22:20:01,558 - baseAutoHttp.py - INFO - 请求参数: params=None | data={'_token': '2005d49869c5d62ae9d33d1c.t0aB-IMye-lbH7bQ55u0p2zT0Qsjkma4kTgFlQ3PtoA.hhLtvOoCMaUucdmqktfw5CChoVRwozzVqA5w3lis1NaBEvaS5W0R2iJrwQ', 'username': 'admin', 'password': 'Keepmoving624.'} | json=None
2026-06-01 22:20:01,928 - baseAutoHttp.py - INFO - 响应状态码: 200
2026-06-01 22:20:01,929 - baseAutoHttp.py - INFO - 响应耗时: 0.083031s
2026-06-01 22:20:01,929 - baseAutoHttp.py - INFO - 响应文本: <!DOCTYPE html>
<html>
<head>
  <meta charset="UTF-8">
  <meta http-equiv="X-UA-Compatible" content="IE=edge">
  <meta name="viewport" content="width=device-width,initial-scale=1">
  <title>OrangeHRM</title>
    <link rel="icon" href="/web/dist/favicon.ico?v=1775433284510">
  <link href="/web/dist/css/chunk-vendors.css?v=1775433284510" rel="preload" as="style">
  <link href="/web/dist/css/app.css?v=1775433284510" rel="preload" as="style">
  <link href="/web/dist/js/chunk-vendors.js?v=1775433284510" rel="preload" as="script">
  <link href="/web/dist/js/app.js?v=1775433284510" rel="preload" as="script">
    <link href="/web/dist/css/chunk-vendors.css?v=1775433284510" rel="stylesheet"/>
  <link href="/web/dist/css/app.css?v=1775433284510" rel="stylesheet"/>
</head>
<body>
  <style>
    :root {
            --oxd-primary-one-color:#FF7B1D;
            --oxd-primary-font-color:#FFFFFF;
            --oxd-secondary-four-color:#76BC21;
            --oxd-secondary-font-color:#FFFFFF;
            --oxd-primary-gradient-start-color:#FF920B;
            --oxd-primary-gradient-end-color:#F35C17;
            --oxd-secondary-gradient-start-color:#FF920B;
            --oxd-secondary-gradient-end-color:#F35C17;
            --oxd-primary-one-lighten-5-color:#ff8a37;
            --oxd-primary-one-lighten-30-color:#ffd4b6;
            --oxd-primary-one-darken-5-color:#ff6c03;
            --oxd-primary-one-alpha-10-color:rgba(255, 123, 29, 0.1);
            --oxd-primary-one-alpha-15-color:rgba(255, 123, 29, 0.15);
            --oxd-primary-one-alpha-20-color:rgba(255, 123, 29, 0.2);
            --oxd-primary-one-alpha-50-color:rgba(255, 123, 29, 0.5);
            --oxd-secondary-four-lighten-5-color:#84d225;
            --oxd-secondary-four-darken-5-color:#68a61d;
            --oxd-secondary-four-alpha-10-color:rgba(118, 188, 33, 0.1);
            --oxd-secondary-four-alpha-15-color:rgba(118, 188, 33, 0.15);
            --oxd-secondary-four-alpha-20-color:rgba(118, 188, 33, 0.2);
            --oxd-secondary-four-alpha-50-color:rgba(118, 188, 33, 0.5);
        }
  </style>
  <noscript>
    <strong>
      We're sorry but orangehrm doesn't work properly without JavaScript enabled. Please enable it to continue.
    </strong>
  </noscript>

  <div id="app">
    <oxd-layout
        home-url="https://www.orangehrm.com/"
        :sidepanel-menu-items="[{&quot;id&quot;:1,&quot;name&quot;:&quot;\u7ba1\u7406\u5458&quot;,&quot;url&quot;:&quot;\/web\/index.php\/admin\/viewAdminModule&quot;,&quot;icon&quot;:&quot;admin&quot;},{&quot;id&quot;:30,&quot;name&quot;:&quot;\u4e2a\u4eba\u4fe1\u606f\u7ba1\u7406\u7cfb\u7edf&quot;,&quot;url&quot;:&quot;\/web\/index.php\/pim\/viewPimModule&quot;,&quot;icon&quot;:&quot;pim&quot;},{&quot;id&quot;:41,&quot;name&quot;:&quot;\u4f11\u5047&quot;,&quot;url&quot;:&quot;\/web\/index.php\/leave\/viewLeaveModule&quot;,&quot;icon&quot;:&quot;leave&quot;},{&quot;id&quot;:52,&quot;name&quot;:&quot;\u65f6\u95f4&quot;,&quot;url&quot;:&quot;\/web\/index.php\/time\/viewTimeModule&quot;,&quot;icon&quot;:&quot;time&quot;},{&quot;id&quot;:65,&quot;name&quot;:&quot;\u62db\u8058&quot;,&quot;url&quot;:&quot;\/web\/index.php\/recruitment\/viewRecruitmentModule&quot;,&quot;icon&quot;:&quot;recruitment&quot;},{&quot;id&quot;:40,&quot;name&quot;:&quot;\u6211\u7684\u4fe1\u606f&quot;,&quot;url&quot;:&quot;\/web\/index.php\/pim\/viewMyDetails&quot;,&quot;icon&quot;:&quot;myinfo&quot;},{&quot;id&quot;:83,&quot;name&quot;:&quot;\u7ee9\u6548&quot;,&quot;url&quot;:&quot;\/web\/index.php\/performance\/viewPerformanceModule&quot;,&quot;icon&quot;:&quot;performance&quot;},{&quot;id&quot;:82,&quot;name&quot;:&quot;\u4eea\u8868\u76d8&quot;,&quot;url&quot;:&quot;\/web\/index.php\/dashboard\/index&quot;,&quot;icon&quot;:&quot;dashboard&quot;,&quot;active&quot;:true},{&quot;id&quot;:93,&quot;name&quot;:&quot;Directory&quot;,&quot;url&quot;:&quot;\/web\/index.php\/directory\/viewDirectory&quot;,&quot;icon&quot;:&quot;directory&quot;},{&quot;id&quot;:96,&quot;name&quot;:&quot;Maintenance&quot;,&quot;url&quot;:&quot;\/web\/index.php\/maintenance\/viewMaintenanceModule&quot;,&quot;icon&quot;:&quot;maintenance&quot;},{&quot;id&quot;:105,&quot;name&quot;:&quot;Claim&quot;,&quot;url&quot;:&quot;\/web\/index.php\/claim\/viewClaimModule&quot;,&quot;icon&quot;:&quot;claim&quot;},{&quot;id&quot;:101,&quot;name&quot;:&quot;\u6fc0\u52a8&quot;,&quot;url&quot;:&quot;\/web\/index.php\/buzz\/viewBuzz&quot;,&quot;icon&quot;:&quot;buzz&quot;}]"
        :topbar-menu-items="[]"
        :user="{&quot;firstName&quot;:&quot;\u8c22&quot;,&quot;lastName&quot;:&quot;\u5b89&quot;,&quot;profImgSrc&quot;:&quot;\/web\/index.php\/pim\/viewPhoto\/empNumber\/1&quot;,&quot;hasPassword&quot;:true}"
        brand-logo-src="/web/images/orange.png?v=1775433284510"
        brand-banner-src="/web/images/orangehrm-logo.png?v=1775433284510"
        logout-url="/web/index.php/auth/logout"
        support-url="/web/index.php/help/support"
        :update-password-url="&quot;/web/index.php/pim/updatePassword&quot;"
        :permissions="{&quot;dashboard_buzz_widget&quot;:{&quot;canRead&quot;:true,&quot;canCreate&quot;:false,&quot;canUpdate&quot;:false,&quot;canDelete&quot;:false},&quot;dashboard_employees_on_leave_today_config&quot;:{&quot;canRead&quot;:true,&quot;canCreate&quot;:false,&quot;canUpdate&quot;:true,&quot;canDelete&quot;:false},&quot;dashboard_leave_widget&quot;:{&quot;canRead&quot;:true,&quot;canCreate&quot;:false,&quot;canUpdate&quot;:false,&quot;canDelete&quot;:false},&quot;dashboard_location_widget&quot;:{&quot;canRead&quot;:true,&quot;canCreate&quot;:false,&quot;canUpdate&quot;:false,&quot;canDelete&quot;:false},&quot;dashboard_subunit_widget&quot;:{&quot;canRead&quot;:true,&quot;canCreate&quot;:false,&quot;canUpdate&quot;:false,&quot;canDelete&quot;:false},&quot;dashboard_time_widget&quot;:{&quot;canRead&quot;:true,&quot;canCreate&quot;:false,&quot;canUpdate&quot;:false,&quot;canDelete&quot;:false}}"
        :breadcrumb="{&quot;moduleName&quot;:&quot;\u4eea\u8868\u76d8&quot;,&quot;level&quot;:null}"
        :date-format="{&quot;id&quot;:&quot;Y-m-d&quot;,&quot;label&quot;:&quot;yyyy-mm-dd&quot;}"
        help-url="/web/index.php/help/help?label=dashboard_index"
        :show-upgrade="1"
    >
      <view-dashboard
            >
    </view-dashboard>
    <template v-slot:footer><oxd-text tag="p" class="orangehrm-copyright">OrangeHRM OS 5.8.1</oxd-text>
<oxd-text tag="p" class="orangehrm-copyright">&copy; 2005 - 2026 <a href="http://www.orangehrm.com" target="_blank">OrangeHRM, Inc</a>. All rights reserved.</oxd-text>
<br></template>
    </oxd-layout>
  </div>
  <script type="text/javascript">
      window.appGlobal = {
        baseUrl: "/web/index.php",
        publicPath: "/web",
      };
  </script>
  <script src="/web/dist/js/chunk-vendors.js?v=1775433284510"></script>
  <script src="/web/dist/js/app.js?v=1775433284510"></script>
</body>
</html>

2026-06-01 22:20:01,929 - baseAutoHttp.py - INFO - 【01登录页面接口信息:login_api】接口调用结束

2026-06-01 22:20:01,929 - web_login_page.py - INFO - 【管理员正常登录】断言成功
2026-06-01 22:20:01,929 - baseAutoHttp.py - INFO - 接口会话已关闭
2026-06-01 22:20:01,929 - test_web_ohrm.py - INFO - 【管理员正常登录】用例执行成功
2026-06-01 22:20:01,936 - baseUtils.py - INFO - 配置文件读取成功：E:\develop\PythonProject\OrangeHRM\Config\配置文件.ini
2026-06-01 22:20:01,983 - baseAutoHttp.py - INFO - 【02登录页面未携带token:login_not_token_api】接口调用开始
2026-06-01 22:20:01,984 - baseData.py - INFO - 动态参数替换成功：{'username': 'admin', 'password': 'Keepmoving624.'}
2026-06-01 22:20:01,985 - baseAutoHttp.py - INFO - 请求方式: POST
2026-06-01 22:20:01,985 - baseAutoHttp.py - INFO - 请求地址: http://127.0.0.1:8080/web/index.php/auth/validate
2026-06-01 22:20:01,985 - baseAutoHttp.py - INFO - 请求头: {'User-Agent': 'Mozilla/5.0 (Windows NT 10.0; Win64; x64) AppleWebKit/537.36 (KHTML, like Gecko) Chrome/148.0.0.0 Safari/537.36', 'Content-Type': 'application/x-www-form-urlencoded'}
2026-06-01 22:20:01,985 - baseAutoHttp.py - INFO - 请求参数: params=None | data={'username': 'admin', 'password': 'Keepmoving624.'} | json=None
2026-06-01 22:20:02,089 - baseAutoHttp.py - INFO - 响应状态码: 200
2026-06-01 22:20:02,089 - baseAutoHttp.py - INFO - 响应耗时: 0.064408s
2026-06-01 22:20:02,089 - baseAutoHttp.py - INFO - 响应文本: <!DOCTYPE html>
<html>
<head>
  <meta charset="UTF-8">
  <meta http-equiv="X-UA-Compatible" content="IE=edge">
  <meta name="viewport" content="width=device-width,initial-scale=1">
  <title>OrangeHRM</title>
      <link rel="icon" href="/web/dist/favicon.ico?v=1775433284510">
    <link href="/web/dist/css/chunk-vendors.css?v=1775433284510" rel="preload" as="style">
    <link href="/web/dist/css/app.css?v=1775433284510" rel="preload" as="style">
    <link href="/web/dist/js/chunk-vendors.js?v=1775433284510" rel="preload" as="script">
    <link href="/web/dist/js/app.js?v=1775433284510" rel="preload" as="script">
      <link href="/web/dist/css/chunk-vendors.css?v=1775433284510" rel="stylesheet"/>
    <link href="/web/dist/css/app.css?v=1775433284510" rel="stylesheet"/>
</head>
<body>
  <style>
    :root {
            --oxd-primary-one-color:#FF7B1D;
            --oxd-primary-font-color:#FFFFFF;
            --oxd-secondary-four-color:#76BC21;
            --oxd-secondary-font-color:#FFFFFF;
            --oxd-primary-gradient-start-color:#FF920B;
            --oxd-primary-gradient-end-color:#F35C17;
            --oxd-secondary-gradient-start-color:#FF920B;
            --oxd-secondary-gradient-end-color:#F35C17;
            --oxd-primary-one-lighten-5-color:#ff8a37;
            --oxd-primary-one-lighten-30-color:#ffd4b6;
            --oxd-primary-one-darken-5-color:#ff6c03;
            --oxd-primary-one-alpha-10-color:rgba(255, 123, 29, 0.1);
            --oxd-primary-one-alpha-15-color:rgba(255, 123, 29, 0.15);
            --oxd-primary-one-alpha-20-color:rgba(255, 123, 29, 0.2);
            --oxd-primary-one-alpha-50-color:rgba(255, 123, 29, 0.5);
            --oxd-secondary-four-lighten-5-color:#84d225;
            --oxd-secondary-four-darken-5-color:#68a61d;
            --oxd-secondary-four-alpha-10-color:rgba(118, 188, 33, 0.1);
            --oxd-secondary-four-alpha-15-color:rgba(118, 188, 33, 0.15);
            --oxd-secondary-four-alpha-20-color:rgba(118, 188, 33, 0.2);
            --oxd-secondary-four-alpha-50-color:rgba(118, 188, 33, 0.5);
        }
  </style>
    <noscript>
        <strong>
            We're sorry but orangehrm doesn't work properly without JavaScript enabled. Please enable it to continue.
        </strong>
    </noscript>

    <div id="app">
    <auth-login
            :error="{&quot;error&quot;:&quot;invalid_csrf_token&quot;,&quot;message&quot;:&quot;CSRF token validation failed&quot;}"
            :token="&quot;0bef6d33ab565bba272786b2ada.GsNdJL-mo3MkAJpH6ysNeul1xrpNHivyqIqSwrx8yZQ.d5k6E4rX_B50Ytg_nwZjLa8H6_U6WlzKz8nrg_AmnOUqlBMT3vSbPHZP3w&quot;"
            :login-logo-src="&quot;\/web\/images\/ohrm_logo.png&quot;"
            :login-banner-src="&quot;\/web\/images\/ohrm_branding.png?v=1775433284510&quot;"
            :show-social-media="true"
            :is-demo-mode="false"
            :authenticators="[]"
        >
    <template v-slot:footer>
        <div class="orangehrm-copyright-wrapper">
            <oxd-text tag="p" class="orangehrm-copyright">OrangeHRM OS 5.8.1</oxd-text>
<oxd-text tag="p" class="orangehrm-copyright">&copy; 2005 - 2026 <a href="http://www.orangehrm.com" target="_blank">OrangeHRM, Inc</a>. All rights reserved.</oxd-text>
        </div>
    </template>
    </auth-login>
    </div>
    <script type="text/javascript">
        window.appGlobal = {
          baseUrl: "/web/index.php",
          publicPath: "/web",
        };
    </script>
    <script src="/web/dist/js/chunk-vendors.js?v=1775433284510"></script>
    <script src="/web/dist/js/app.js?v=1775433284510"></script>
</body>
</html>

2026-06-01 22:20:02,089 - baseAutoHttp.py - INFO - 【02登录页面未携带token:login_not_token_api】接口调用结束

2026-06-01 22:20:02,089 - web_login_page.py - INFO - 【未携带CSRF令牌】断言成功
2026-06-01 22:20:02,089 - baseAutoHttp.py - INFO - 接口会话已关闭
2026-06-01 22:20:02,089 - test_web_ohrm.py - INFO - 【未携带CSRF令牌】用例执行成功
2026-06-01 22:20:02,100 - baseUtils.py - INFO - 配置文件读取成功：E:\develop\PythonProject\OrangeHRM\Config\配置文件.ini
2026-06-01 22:20:02,199 - baseAutoHttp.py - INFO - 【01登录页面接口信息:login_api】接口调用开始
2026-06-01 22:20:02,200 - baseData.py - INFO - 动态参数替换成功：{'_token': 'b65dc9ed70a960a79.kCAmfken_lx5w7fps7MgnDNpaUhYlwWO9Hur_h29rWY._mR5Cj34jw9KrsW54MdjsVgsXSVvzUu2njKfyW_wwQPSU1QuPsLPaCOJwA', 'username': 'admin', 'password': 'Keepmoving624.'}
2026-06-01 22:20:02,201 - baseAutoHttp.py - INFO - 请求方式: POST
2026-06-01 22:20:02,201 - baseAutoHttp.py - INFO - 请求地址: http://127.0.0.1:8080/web/index.php/auth/validate
2026-06-01 22:20:02,201 - baseAutoHttp.py - INFO - 请求头: {'User-Agent': 'Mozilla/5.0 (Windows NT 10.0; Win64; x64) AppleWebKit/537.36 (KHTML, like Gecko) Chrome/148.0.0.0 Safari/537.36', 'Content-Type': 'application/x-www-form-urlencoded'}
2026-06-01 22:20:02,201 - baseAutoHttp.py - INFO - 请求参数: params=None | data={'_token': 'b65dc9ed70a960a79.kCAmfken_lx5w7fps7MgnDNpaUhYlwWO9Hur_h29rWY._mR5Cj34jw9KrsW54MdjsVgsXSVvzUu2njKfyW_wwQPSU1QuPsLPaCOJwA', 'username': 'admin', 'password': 'Keepmoving624.'} | json=None
2026-06-01 22:20:02,297 - baseAutoHttp.py - INFO - 响应状态码: 200
2026-06-01 22:20:02,298 - baseAutoHttp.py - INFO - 响应耗时: 0.044432s
2026-06-01 22:20:02,298 - baseAutoHttp.py - INFO - 响应文本: <!DOCTYPE html>
<html>
<head>
  <meta charset="UTF-8">
  <meta http-equiv="X-UA-Compatible" content="IE=edge">
  <meta name="viewport" content="width=device-width,initial-scale=1">
  <title>OrangeHRM</title>
      <link rel="icon" href="/web/dist/favicon.ico?v=1775433284510">
    <link href="/web/dist/css/chunk-vendors.css?v=1775433284510" rel="preload" as="style">
    <link href="/web/dist/css/app.css?v=1775433284510" rel="preload" as="style">
    <link href="/web/dist/js/chunk-vendors.js?v=1775433284510" rel="preload" as="script">
    <link href="/web/dist/js/app.js?v=1775433284510" rel="preload" as="script">
      <link href="/web/dist/css/chunk-vendors.css?v=1775433284510" rel="stylesheet"/>
    <link href="/web/dist/css/app.css?v=1775433284510" rel="stylesheet"/>
</head>
<body>
  <style>
    :root {
            --oxd-primary-one-color:#FF7B1D;
            --oxd-primary-font-color:#FFFFFF;
            --oxd-secondary-four-color:#76BC21;
            --oxd-secondary-font-color:#FFFFFF;
            --oxd-primary-gradient-start-color:#FF920B;
            --oxd-primary-gradient-end-color:#F35C17;
            --oxd-secondary-gradient-start-color:#FF920B;
            --oxd-secondary-gradient-end-color:#F35C17;
            --oxd-primary-one-lighten-5-color:#ff8a37;
            --oxd-primary-one-lighten-30-color:#ffd4b6;
            --oxd-primary-one-darken-5-color:#ff6c03;
            --oxd-primary-one-alpha-10-color:rgba(255, 123, 29, 0.1);
            --oxd-primary-one-alpha-15-color:rgba(255, 123, 29, 0.15);
            --oxd-primary-one-alpha-20-color:rgba(255, 123, 29, 0.2);
            --oxd-primary-one-alpha-50-color:rgba(255, 123, 29, 0.5);
            --oxd-secondary-four-lighten-5-color:#84d225;
            --oxd-secondary-four-darken-5-color:#68a61d;
            --oxd-secondary-four-alpha-10-color:rgba(118, 188, 33, 0.1);
            --oxd-secondary-four-alpha-15-color:rgba(118, 188, 33, 0.15);
            --oxd-secondary-four-alpha-20-color:rgba(118, 188, 33, 0.2);
            --oxd-secondary-four-alpha-50-color:rgba(118, 188, 33, 0.5);
        }
  </style>
    <noscript>
        <strong>
            We're sorry but orangehrm doesn't work properly without JavaScript enabled. Please enable it to continue.
        </strong>
    </noscript>

    <div id="app">
    <auth-login
            :error="{&quot;error&quot;:&quot;invalid_csrf_token&quot;,&quot;message&quot;:&quot;CSRF token validation failed&quot;}"
            :token="&quot;0d8cc5f8c74b6.bH_Hl5joVOfLDU__lKnm06Vd8a0ZT9n1yESFyO80aXI.Jg6N9tuQbNGAWSnJ8sbQlMI4iJ5AF4jNnSL88NxHGSoPIIj-94FivqVDfw&quot;"
            :login-logo-src="&quot;\/web\/images\/ohrm_logo.png&quot;"
            :login-banner-src="&quot;\/web\/images\/ohrm_branding.png?v=1775433284510&quot;"
            :show-social-media="true"
            :is-demo-mode="false"
            :authenticators="[]"
        >
    <template v-slot:footer>
        <div class="orangehrm-copyright-wrapper">
            <oxd-text tag="p" class="orangehrm-copyright">OrangeHRM OS 5.8.1</oxd-text>
<oxd-text tag="p" class="orangehrm-copyright">&copy; 2005 - 2026 <a href="http://www.orangehrm.com" target="_blank">OrangeHRM, Inc</a>. All rights reserved.</oxd-text>
        </div>
    </template>
    </auth-login>
    </div>
    <script type="text/javascript">
        window.appGlobal = {
          baseUrl: "/web/index.php",
          publicPath: "/web",
        };
    </script>
    <script src="/web/dist/js/chunk-vendors.js?v=1775433284510"></script>
    <script src="/web/dist/js/app.js?v=1775433284510"></script>
</body>
</html>

2026-06-01 22:20:02,298 - baseAutoHttp.py - INFO - 【01登录页面接口信息:login_api】接口调用结束

2026-06-01 22:20:02,298 - web_login_page.py - INFO - 【跨会话使用Token】断言成功
2026-06-01 22:20:02,298 - baseAutoHttp.py - INFO - 接口会话已关闭
2026-06-01 22:20:02,298 - test_web_ohrm.py - INFO - 【携带过期CSRF令牌】用例执行成功
2026-06-01 22:20:02,304 - baseUtils.py - INFO - 配置文件读取成功：E:\develop\PythonProject\OrangeHRM\Config\配置文件.ini
2026-06-01 22:20:02,304 - baseAutoHttp.py - INFO - 【01登录页面接口信息:login_api】接口调用开始
2026-06-01 22:20:02,305 - baseData.py - INFO - 动态参数替换成功：{'_token': '7xgjdzfgULBIwp@#qAA%', 'username': 'admin', 'password': 'Keepmoving624.'}
2026-06-01 22:20:02,305 - baseAutoHttp.py - INFO - 请求方式: POST
2026-06-01 22:20:02,306 - baseAutoHttp.py - INFO - 请求地址: http://127.0.0.1:8080/web/index.php/auth/validate
2026-06-01 22:20:02,306 - baseAutoHttp.py - INFO - 请求头: {'User-Agent': 'Mozilla/5.0 (Windows NT 10.0; Win64; x64) AppleWebKit/537.36 (KHTML, like Gecko) Chrome/148.0.0.0 Safari/537.36', 'Content-Type': 'application/x-www-form-urlencoded'}
2026-06-01 22:20:02,306 - baseAutoHttp.py - INFO - 请求参数: params=None | data={'_token': '7xgjdzfgULBIwp@#qAA%', 'username': 'admin', 'password': 'Keepmoving624.'} | json=None
2026-06-01 22:20:02,433 - baseAutoHttp.py - INFO - 响应状态码: 200
2026-06-01 22:20:02,434 - baseAutoHttp.py - INFO - 响应耗时: 0.068368s
2026-06-01 22:20:02,434 - baseAutoHttp.py - INFO - 响应文本: <!DOCTYPE html>
<html>
<head>
  <meta charset="UTF-8">
  <meta http-equiv="X-UA-Compatible" content="IE=edge">
  <meta name="viewport" content="width=device-width,initial-scale=1">
  <title>OrangeHRM</title>
      <link rel="icon" href="/web/dist/favicon.ico?v=1775433284510">
    <link href="/web/dist/css/chunk-vendors.css?v=1775433284510" rel="preload" as="style">
    <link href="/web/dist/css/app.css?v=1775433284510" rel="preload" as="style">
    <link href="/web/dist/js/chunk-vendors.js?v=1775433284510" rel="preload" as="script">
    <link href="/web/dist/js/app.js?v=1775433284510" rel="preload" as="script">
      <link href="/web/dist/css/chunk-vendors.css?v=1775433284510" rel="stylesheet"/>
    <link href="/web/dist/css/app.css?v=1775433284510" rel="stylesheet"/>
</head>
<body>
  <style>
    :root {
            --oxd-primary-one-color:#FF7B1D;
            --oxd-primary-font-color:#FFFFFF;
            --oxd-secondary-four-color:#76BC21;
            --oxd-secondary-font-color:#FFFFFF;
            --oxd-primary-gradient-start-color:#FF920B;
            --oxd-primary-gradient-end-color:#F35C17;
            --oxd-secondary-gradient-start-color:#FF920B;
            --oxd-secondary-gradient-end-color:#F35C17;
            --oxd-primary-one-lighten-5-color:#ff8a37;
            --oxd-primary-one-lighten-30-color:#ffd4b6;
            --oxd-primary-one-darken-5-color:#ff6c03;
            --oxd-primary-one-alpha-10-color:rgba(255, 123, 29, 0.1);
            --oxd-primary-one-alpha-15-color:rgba(255, 123, 29, 0.15);
            --oxd-primary-one-alpha-20-color:rgba(255, 123, 29, 0.2);
            --oxd-primary-one-alpha-50-color:rgba(255, 123, 29, 0.5);
            --oxd-secondary-four-lighten-5-color:#84d225;
            --oxd-secondary-four-darken-5-color:#68a61d;
            --oxd-secondary-four-alpha-10-color:rgba(118, 188, 33, 0.1);
            --oxd-secondary-four-alpha-15-color:rgba(118, 188, 33, 0.15);
            --oxd-secondary-four-alpha-20-color:rgba(118, 188, 33, 0.2);
            --oxd-secondary-four-alpha-50-color:rgba(118, 188, 33, 0.5);
        }
  </style>
    <noscript>
        <strong>
            We're sorry but orangehrm doesn't work properly without JavaScript enabled. Please enable it to continue.
        </strong>
    </noscript>

    <div id="app">
    <auth-login
            :error="{&quot;error&quot;:&quot;invalid_csrf_token&quot;,&quot;message&quot;:&quot;CSRF token validation failed&quot;}"
            :token="&quot;f7381adaa.CMFHveEo8OEHwB-ATFLcJte7TAwX6KZNtYm9N2zXp8Y.ebIfiNFqsYZGrkytfh-7V6fKAWJt25EBzMyFeTi64Ylmtg_com6GpTWHTg&quot;"
            :login-logo-src="&quot;\/web\/images\/ohrm_logo.png&quot;"
            :login-banner-src="&quot;\/web\/images\/ohrm_branding.png?v=1775433284510&quot;"
            :show-social-media="true"
            :is-demo-mode="false"
            :authenticators="[]"
        >
    <template v-slot:footer>
        <div class="orangehrm-copyright-wrapper">
            <oxd-text tag="p" class="orangehrm-copyright">OrangeHRM OS 5.8.1</oxd-text>
<oxd-text tag="p" class="orangehrm-copyright">&copy; 2005 - 2026 <a href="http://www.orangehrm.com" target="_blank">OrangeHRM, Inc</a>. All rights reserved.</oxd-text>
        </div>
    </template>
    </auth-login>
    </div>
    <script type="text/javascript">
        window.appGlobal = {
          baseUrl: "/web/index.php",
          publicPath: "/web",
        };
    </script>
    <script src="/web/dist/js/chunk-vendors.js?v=1775433284510"></script>
    <script src="/web/dist/js/app.js?v=1775433284510"></script>
</body>
</html>

2026-06-01 22:20:02,434 - baseAutoHttp.py - INFO - 【01登录页面接口信息:login_api】接口调用结束

2026-06-01 22:20:02,434 - web_login_page.py - INFO - 【携带错误格式Token】断言成功
2026-06-01 22:20:02,434 - baseAutoHttp.py - INFO - 接口会话已关闭
2026-06-01 22:20:02,435 - test_web_ohrm.py - INFO - 【携带错误格式Token】用例执行成功
2026-06-01 22:20:02,441 - baseUtils.py - INFO - 配置文件读取成功：E:\develop\PythonProject\OrangeHRM\Config\配置文件.ini
2026-06-01 22:20:02,488 - baseAutoHttp.py - INFO - 【01登录页面接口信息:login_api】接口调用开始
2026-06-01 22:20:02,489 - baseData.py - INFO - 动态参数替换成功：{'_token': 'e3595d1bf371afa.rnQgj1oFezk3QVD0OfCkgSqh_Ip9_OEt4wcrSz0QJWY.m0dP_B5EKW4HcgSTfL3D7GbKhLwYzpB9j24TAmdTFVXKFkPfPmJKdnR2Mw', 'username': 'wrong', 'password': 'wrong'}
2026-06-01 22:20:02,489 - baseAutoHttp.py - INFO - 请求方式: POST
2026-06-01 22:20:02,489 - baseAutoHttp.py - INFO - 请求地址: http://127.0.0.1:8080/web/index.php/auth/validate
2026-06-01 22:20:02,490 - baseAutoHttp.py - INFO - 请求头: {'User-Agent': 'Mozilla/5.0 (Windows NT 10.0; Win64; x64) AppleWebKit/537.36 (KHTML, like Gecko) Chrome/148.0.0.0 Safari/537.36', 'Content-Type': 'application/x-www-form-urlencoded'}
2026-06-01 22:20:02,490 - baseAutoHttp.py - INFO - 请求参数: params=None | data={'_token': 'e3595d1bf371afa.rnQgj1oFezk3QVD0OfCkgSqh_Ip9_OEt4wcrSz0QJWY.m0dP_B5EKW4HcgSTfL3D7GbKhLwYzpB9j24TAmdTFVXKFkPfPmJKdnR2Mw', 'username': 'wrong', 'password': 'wrong'} | json=None
2026-06-01 22:20:02,592 - baseAutoHttp.py - INFO - 响应状态码: 200
2026-06-01 22:20:02,593 - baseAutoHttp.py - INFO - 响应耗时: 0.043155s
2026-06-01 22:20:02,593 - baseAutoHttp.py - INFO - 响应文本: <!DOCTYPE html>
<html>
<head>
  <meta charset="UTF-8">
  <meta http-equiv="X-UA-Compatible" content="IE=edge">
  <meta name="viewport" content="width=device-width,initial-scale=1">
  <title>OrangeHRM</title>
      <link rel="icon" href="/web/dist/favicon.ico?v=1775433284510">
    <link href="/web/dist/css/chunk-vendors.css?v=1775433284510" rel="preload" as="style">
    <link href="/web/dist/css/app.css?v=1775433284510" rel="preload" as="style">
    <link href="/web/dist/js/chunk-vendors.js?v=1775433284510" rel="preload" as="script">
    <link href="/web/dist/js/app.js?v=1775433284510" rel="preload" as="script">
      <link href="/web/dist/css/chunk-vendors.css?v=1775433284510" rel="stylesheet"/>
    <link href="/web/dist/css/app.css?v=1775433284510" rel="stylesheet"/>
</head>
<body>
  <style>
    :root {
            --oxd-primary-one-color:#FF7B1D;
            --oxd-primary-font-color:#FFFFFF;
            --oxd-secondary-four-color:#76BC21;
            --oxd-secondary-font-color:#FFFFFF;
            --oxd-primary-gradient-start-color:#FF920B;
            --oxd-primary-gradient-end-color:#F35C17;
            --oxd-secondary-gradient-start-color:#FF920B;
            --oxd-secondary-gradient-end-color:#F35C17;
            --oxd-primary-one-lighten-5-color:#ff8a37;
            --oxd-primary-one-lighten-30-color:#ffd4b6;
            --oxd-primary-one-darken-5-color:#ff6c03;
            --oxd-primary-one-alpha-10-color:rgba(255, 123, 29, 0.1);
            --oxd-primary-one-alpha-15-color:rgba(255, 123, 29, 0.15);
            --oxd-primary-one-alpha-20-color:rgba(255, 123, 29, 0.2);
            --oxd-primary-one-alpha-50-color:rgba(255, 123, 29, 0.5);
            --oxd-secondary-four-lighten-5-color:#84d225;
            --oxd-secondary-four-darken-5-color:#68a61d;
            --oxd-secondary-four-alpha-10-color:rgba(118, 188, 33, 0.1);
            --oxd-secondary-four-alpha-15-color:rgba(118, 188, 33, 0.15);
            --oxd-secondary-four-alpha-20-color:rgba(118, 188, 33, 0.2);
            --oxd-secondary-four-alpha-50-color:rgba(118, 188, 33, 0.5);
        }
  </style>
    <noscript>
        <strong>
            We're sorry but orangehrm doesn't work properly without JavaScript enabled. Please enable it to continue.
        </strong>
    </noscript>

    <div id="app">
    <auth-login
            :error="{&quot;error&quot;:&quot;invalid_credentials&quot;,&quot;message&quot;:&quot;Invalid credentials&quot;}"
            :token="&quot;20bb6593d1.iVl6d-yDQwsPX-PD65RXc9NGY8GhlsLxd2R498BW76I.vGoVBKjCEVw_bLekrtkwHp8tG_fEpLOhGw1AvpoV35HtOxkniORyRExogA&quot;"
            :login-logo-src="&quot;\/web\/images\/ohrm_logo.png&quot;"
            :login-banner-src="&quot;\/web\/images\/ohrm_branding.png?v=1775433284510&quot;"
            :show-social-media="true"
            :is-demo-mode="false"
            :authenticators="[]"
        >
    <template v-slot:footer>
        <div class="orangehrm-copyright-wrapper">
            <oxd-text tag="p" class="orangehrm-copyright">OrangeHRM OS 5.8.1</oxd-text>
<oxd-text tag="p" class="orangehrm-copyright">&copy; 2005 - 2026 <a href="http://www.orangehrm.com" target="_blank">OrangeHRM, Inc</a>. All rights reserved.</oxd-text>
        </div>
    </template>
    </auth-login>
    </div>
    <script type="text/javascript">
        window.appGlobal = {
          baseUrl: "/web/index.php",
          publicPath: "/web",
        };
    </script>
    <script src="/web/dist/js/chunk-vendors.js?v=1775433284510"></script>
    <script src="/web/dist/js/app.js?v=1775433284510"></script>
</body>
</html>

2026-06-01 22:20:02,593 - baseAutoHttp.py - INFO - 【01登录页面接口信息:login_api】接口调用结束

2026-06-01 22:20:02,593 - web_login_page.py - INFO - 【wrong/wrong】断言成功
2026-06-01 22:20:02,593 - baseAutoHttp.py - INFO - 接口会话已关闭
2026-06-01 22:20:02,593 - test_web_ohrm.py - INFO - 【错误用户名/密码】用例执行成功
2026-06-01 22:20:02,599 - baseUtils.py - INFO - 配置文件读取成功：E:\develop\PythonProject\OrangeHRM\Config\配置文件.ini
2026-06-01 22:20:02,648 - baseAutoHttp.py - INFO - 【01登录页面接口信息:login_api】接口调用开始
2026-06-01 22:20:02,649 - baseData.py - INFO - 动态参数替换成功：{'_token': '3ce4ee936de30ae00c2.0mtv8U8Tx_Hy4a6LWbHJhNfxHQWHEWwUV4Tr548G7Ek.5wcInyJRgZaojPHmaZz_9uaEUyjYV15-M-K9gtlVuw2HHgPFOkuGo7HV5w', 'username': '', 'password': 'Keepmoving624.'}
2026-06-01 22:20:02,649 - baseAutoHttp.py - INFO - 请求方式: POST
2026-06-01 22:20:02,649 - baseAutoHttp.py - INFO - 请求地址: http://127.0.0.1:8080/web/index.php/auth/validate
2026-06-01 22:20:02,650 - baseAutoHttp.py - INFO - 请求头: {'User-Agent': 'Mozilla/5.0 (Windows NT 10.0; Win64; x64) AppleWebKit/537.36 (KHTML, like Gecko) Chrome/148.0.0.0 Safari/537.36', 'Content-Type': 'application/x-www-form-urlencoded'}
2026-06-01 22:20:02,650 - baseAutoHttp.py - INFO - 请求参数: params=None | data={'_token': '3ce4ee936de30ae00c2.0mtv8U8Tx_Hy4a6LWbHJhNfxHQWHEWwUV4Tr548G7Ek.5wcInyJRgZaojPHmaZz_9uaEUyjYV15-M-K9gtlVuw2HHgPFOkuGo7HV5w', 'username': '', 'password': 'Keepmoving624.'} | json=None
2026-06-01 22:20:02,733 - baseAutoHttp.py - INFO - 响应状态码: 200
2026-06-01 22:20:02,733 - baseAutoHttp.py - INFO - 响应耗时: 0.044395s
2026-06-01 22:20:02,734 - baseAutoHttp.py - INFO - 响应文本: <!DOCTYPE html>
<html>
<head>
  <meta charset="UTF-8">
  <meta http-equiv="X-UA-Compatible" content="IE=edge">
  <meta name="viewport" content="width=device-width,initial-scale=1">
  <title>OrangeHRM</title>
      <link rel="icon" href="/web/dist/favicon.ico?v=1775433284510">
    <link href="/web/dist/css/chunk-vendors.css?v=1775433284510" rel="preload" as="style">
    <link href="/web/dist/css/app.css?v=1775433284510" rel="preload" as="style">
    <link href="/web/dist/js/chunk-vendors.js?v=1775433284510" rel="preload" as="script">
    <link href="/web/dist/js/app.js?v=1775433284510" rel="preload" as="script">
      <link href="/web/dist/css/chunk-vendors.css?v=1775433284510" rel="stylesheet"/>
    <link href="/web/dist/css/app.css?v=1775433284510" rel="stylesheet"/>
</head>
<body>
  <style>
    :root {
            --oxd-primary-one-color:#FF7B1D;
            --oxd-primary-font-color:#FFFFFF;
            --oxd-secondary-four-color:#76BC21;
            --oxd-secondary-font-color:#FFFFFF;
            --oxd-primary-gradient-start-color:#FF920B;
            --oxd-primary-gradient-end-color:#F35C17;
            --oxd-secondary-gradient-start-color:#FF920B;
            --oxd-secondary-gradient-end-color:#F35C17;
            --oxd-primary-one-lighten-5-color:#ff8a37;
            --oxd-primary-one-lighten-30-color:#ffd4b6;
            --oxd-primary-one-darken-5-color:#ff6c03;
            --oxd-primary-one-alpha-10-color:rgba(255, 123, 29, 0.1);
            --oxd-primary-one-alpha-15-color:rgba(255, 123, 29, 0.15);
            --oxd-primary-one-alpha-20-color:rgba(255, 123, 29, 0.2);
            --oxd-primary-one-alpha-50-color:rgba(255, 123, 29, 0.5);
            --oxd-secondary-four-lighten-5-color:#84d225;
            --oxd-secondary-four-darken-5-color:#68a61d;
            --oxd-secondary-four-alpha-10-color:rgba(118, 188, 33, 0.1);
            --oxd-secondary-four-alpha-15-color:rgba(118, 188, 33, 0.15);
            --oxd-secondary-four-alpha-20-color:rgba(118, 188, 33, 0.2);
            --oxd-secondary-four-alpha-50-color:rgba(118, 188, 33, 0.5);
        }
  </style>
    <noscript>
        <strong>
            We're sorry but orangehrm doesn't work properly without JavaScript enabled. Please enable it to continue.
        </strong>
    </noscript>

    <div id="app">
    <auth-login
            :error="{&quot;error&quot;:&quot;invalid_credentials&quot;,&quot;message&quot;:&quot;Invalid credentials&quot;}"
            :token="&quot;dc596704f5a8e5bc8.kCVaACsTX-aVu7YOfwpgcQh30sTzePwPsHB551a-skQ.pUk9bkZRGYHP1uljTydWAzkCnOmsPs5l1BYvggDt5QDFUDY0XksetNaP_w&quot;"
            :login-logo-src="&quot;\/web\/images\/ohrm_logo.png&quot;"
            :login-banner-src="&quot;\/web\/images\/ohrm_branding.png?v=1775433284510&quot;"
            :show-social-media="true"
            :is-demo-mode="false"
            :authenticators="[]"
        >
    <template v-slot:footer>
        <div class="orangehrm-copyright-wrapper">
            <oxd-text tag="p" class="orangehrm-copyright">OrangeHRM OS 5.8.1</oxd-text>
<oxd-text tag="p" class="orangehrm-copyright">&copy; 2005 - 2026 <a href="http://www.orangehrm.com" target="_blank">OrangeHRM, Inc</a>. All rights reserved.</oxd-text>
        </div>
    </template>
    </auth-login>
    </div>
    <script type="text/javascript">
        window.appGlobal = {
          baseUrl: "/web/index.php",
          publicPath: "/web",
        };
    </script>
    <script src="/web/dist/js/chunk-vendors.js?v=1775433284510"></script>
    <script src="/web/dist/js/app.js?v=1775433284510"></script>
</body>
</html>

2026-06-01 22:20:02,734 - baseAutoHttp.py - INFO - 【01登录页面接口信息:login_api】接口调用结束

2026-06-01 22:20:02,734 - web_login_page.py - INFO - 【空用户名/Keepmoving624.】断言成功
2026-06-01 22:20:02,734 - baseAutoHttp.py - INFO - 接口会话已关闭
2026-06-01 22:20:02,734 - test_web_ohrm.py - INFO - 【用户名为空】用例执行成功
2026-06-01 22:20:02,740 - baseUtils.py - INFO - 配置文件读取成功：E:\develop\PythonProject\OrangeHRM\Config\配置文件.ini
2026-06-01 22:20:02,786 - baseAutoHttp.py - INFO - 【01登录页面接口信息:login_api】接口调用开始
2026-06-01 22:20:02,787 - baseData.py - INFO - 动态参数替换成功：{'_token': 'd5c70deed.SBmAROQNrSm2ezv5i7UOE7ML7ND2z05pEx4ci1Cr4WY.LlziL4xK1UTUQlSQz-pGVII6tobOjSUuRzNz-AbSmz8ASug901_LUdkveg', 'username': 'admin', 'password': ''}
2026-06-01 22:20:02,788 - baseAutoHttp.py - INFO - 请求方式: POST
2026-06-01 22:20:02,788 - baseAutoHttp.py - INFO - 请求地址: http://127.0.0.1:8080/web/index.php/auth/validate
2026-06-01 22:20:02,788 - baseAutoHttp.py - INFO - 请求头: {'User-Agent': 'Mozilla/5.0 (Windows NT 10.0; Win64; x64) AppleWebKit/537.36 (KHTML, like Gecko) Chrome/148.0.0.0 Safari/537.36', 'Content-Type': 'application/x-www-form-urlencoded'}
2026-06-01 22:20:02,788 - baseAutoHttp.py - INFO - 请求参数: params=None | data={'_token': 'd5c70deed.SBmAROQNrSm2ezv5i7UOE7ML7ND2z05pEx4ci1Cr4WY.LlziL4xK1UTUQlSQz-pGVII6tobOjSUuRzNz-AbSmz8ASug901_LUdkveg', 'username': 'admin', 'password': ''} | json=None
2026-06-01 22:20:03,085 - baseAutoHttp.py - INFO - 响应状态码: 200
2026-06-01 22:20:03,085 - baseAutoHttp.py - INFO - 响应耗时: 0.056947s
2026-06-01 22:20:03,086 - baseAutoHttp.py - INFO - 响应文本: <!DOCTYPE html>
<html>
<head>
  <meta charset="UTF-8">
  <meta http-equiv="X-UA-Compatible" content="IE=edge">
  <meta name="viewport" content="width=device-width,initial-scale=1">
  <title>OrangeHRM</title>
      <link rel="icon" href="/web/dist/favicon.ico?v=1775433284510">
    <link href="/web/dist/css/chunk-vendors.css?v=1775433284510" rel="preload" as="style">
    <link href="/web/dist/css/app.css?v=1775433284510" rel="preload" as="style">
    <link href="/web/dist/js/chunk-vendors.js?v=1775433284510" rel="preload" as="script">
    <link href="/web/dist/js/app.js?v=1775433284510" rel="preload" as="script">
      <link href="/web/dist/css/chunk-vendors.css?v=1775433284510" rel="stylesheet"/>
    <link href="/web/dist/css/app.css?v=1775433284510" rel="stylesheet"/>
</head>
<body>
  <style>
    :root {
            --oxd-primary-one-color:#FF7B1D;
            --oxd-primary-font-color:#FFFFFF;
            --oxd-secondary-four-color:#76BC21;
            --oxd-secondary-font-color:#FFFFFF;
            --oxd-primary-gradient-start-color:#FF920B;
            --oxd-primary-gradient-end-color:#F35C17;
            --oxd-secondary-gradient-start-color:#FF920B;
            --oxd-secondary-gradient-end-color:#F35C17;
            --oxd-primary-one-lighten-5-color:#ff8a37;
            --oxd-primary-one-lighten-30-color:#ffd4b6;
            --oxd-primary-one-darken-5-color:#ff6c03;
            --oxd-primary-one-alpha-10-color:rgba(255, 123, 29, 0.1);
            --oxd-primary-one-alpha-15-color:rgba(255, 123, 29, 0.15);
            --oxd-primary-one-alpha-20-color:rgba(255, 123, 29, 0.2);
            --oxd-primary-one-alpha-50-color:rgba(255, 123, 29, 0.5);
            --oxd-secondary-four-lighten-5-color:#84d225;
            --oxd-secondary-four-darken-5-color:#68a61d;
            --oxd-secondary-four-alpha-10-color:rgba(118, 188, 33, 0.1);
            --oxd-secondary-four-alpha-15-color:rgba(118, 188, 33, 0.15);
            --oxd-secondary-four-alpha-20-color:rgba(118, 188, 33, 0.2);
            --oxd-secondary-four-alpha-50-color:rgba(118, 188, 33, 0.5);
        }
  </style>
    <noscript>
        <strong>
            We're sorry but orangehrm doesn't work properly without JavaScript enabled. Please enable it to continue.
        </strong>
    </noscript>

    <div id="app">
    <auth-login
            :error="{&quot;error&quot;:&quot;invalid_credentials&quot;,&quot;message&quot;:&quot;Invalid credentials&quot;}"
            :token="&quot;9e8e0ad4d59965fe.D75cVZhpjNfHz0mRb60o4GGQSSBWIivytOx_FBkUTU8.afs-PvAu9Lql9ib4K_Jgp1ChE3ZuYEC14MEQZ09tNxZH7TQsrzvqr6ibCA&quot;"
            :login-logo-src="&quot;\/web\/images\/ohrm_logo.png&quot;"
            :login-banner-src="&quot;\/web\/images\/ohrm_branding.png?v=1775433284510&quot;"
            :show-social-media="true"
            :is-demo-mode="false"
            :authenticators="[]"
        >
    <template v-slot:footer>
        <div class="orangehrm-copyright-wrapper">
            <oxd-text tag="p" class="orangehrm-copyright">OrangeHRM OS 5.8.1</oxd-text>
<oxd-text tag="p" class="orangehrm-copyright">&copy; 2005 - 2026 <a href="http://www.orangehrm.com" target="_blank">OrangeHRM, Inc</a>. All rights reserved.</oxd-text>
        </div>
    </template>
    </auth-login>
    </div>
    <script type="text/javascript">
        window.appGlobal = {
          baseUrl: "/web/index.php",
          publicPath: "/web",
        };
    </script>
    <script src="/web/dist/js/chunk-vendors.js?v=1775433284510"></script>
    <script src="/web/dist/js/app.js?v=1775433284510"></script>
</body>
</html>

2026-06-01 22:20:03,086 - baseAutoHttp.py - INFO - 【01登录页面接口信息:login_api】接口调用结束

2026-06-01 22:20:03,086 - web_login_page.py - INFO - 【admin/空密码】断言成功
2026-06-01 22:20:03,086 - baseAutoHttp.py - INFO - 接口会话已关闭
2026-06-01 22:20:03,086 - test_web_ohrm.py - INFO - 【密码为空】用例执行成功
2026-06-01 22:20:03,500 - baseDB.py - INFO - ✅ MySQL 数据库连接成功
2026-06-01 22:20:03,500 - conftest - INFO - ✅ conftest: 获取数据库连接（MysqlHelp）
2026-06-01 22:20:03,502 - baseUtils.py - INFO - 配置文件读取成功：E:\develop\PythonProject\OrangeHRM\Config\配置文件.ini
2026-06-01 22:20:03,913 - baseUtils.py - INFO - 配置文件读取成功：E:\develop\PythonProject\OrangeHRM\Config\配置文件.ini
2026-06-01 22:20:03,968 - baseUtils.py - INFO - 配置文件读取成功：E:\develop\PythonProject\OrangeHRM\Config\配置文件.ini
2026-06-01 22:20:04,029 - baseUtils.py - INFO - 配置文件读取成功：E:\develop\PythonProject\OrangeHRM\Config\配置文件.ini
2026-06-01 22:20:04,099 - baseAutoHttp.py - INFO - 【03查询员工页面:select_employee】接口调用开始
2026-06-01 22:20:04,101 - baseAutoHttp.py - INFO - 请求方式: GET
2026-06-01 22:20:04,102 - baseAutoHttp.py - INFO - 请求地址: http://127.0.0.1:8080/web/index.php/api/v2/pim/employees
2026-06-01 22:20:04,102 - baseAutoHttp.py - INFO - 请求头: {'User-Agent': 'Mozilla/5.0 (Windows NT 10.0; Win64; x64) AppleWebKit/537.36 (KHTML, like Gecko) Chrome/148.0.0.0 Safari/537.36'}
2026-06-01 22:20:04,102 - baseAutoHttp.py - INFO - 请求参数: params={'limit': '50', 'offset': '0', 'model': 'detailed', 'includeEmployees': 'onlyCurrent', 'sortField': 'employee.firstName', 'sortOrder': 'ASC'} | data=None | json=None
2026-06-01 22:20:04,175 - baseAutoHttp.py - INFO - 响应状态码: 200
2026-06-01 22:20:04,175 - baseAutoHttp.py - INFO - 响应耗时: 0.071861s
2026-06-01 22:20:04,175 - baseAutoHttp.py - INFO - 响应JSON: {'data': [{'empNumber': 2, 'lastName': 'oo', 'firstName': 'hh', 'middleName': '', 'employeeId': '0002', 'terminationId': None, 'jobTitle': {'id': None, 'title': None, 'isDeleted': None}, 'subunit': {'id': None, 'name': None}, 'empStatus': {'id': None, 'name': None}, 'supervisors': []}, {'empNumber': 5, 'lastName': 'Doe', 'firstName': 'John', 'middleName': '', 'employeeId': '1001', 'terminationId': None, 'jobTitle': {'id': None, 'title': None, 'isDeleted': None}, 'subunit': {'id': None, 'name': None}, 'empStatus': {'id': None, 'name': None}, 'supervisors': []}, {'empNumber': 6, 'lastName': 'pp', 'firstName': 'kk', 'middleName': '', 'employeeId': '1002', 'terminationId': None, 'jobTitle': {'id': None, 'title': None, 'isDeleted': None}, 'subunit': {'id': None, 'name': None}, 'empStatus': {'id': None, 'name': None}, 'supervisors': []}, {'empNumber': 14, 'lastName': 'll', 'firstName': 'kk', 'middleName': '', 'employeeId': '0014', 'terminationId': None, 'jobTitle': {'id': None, 'title': None, 'isDeleted': None}, 'subunit': {'id': None, 'name': None}, 'empStatus': {'id': None, 'name': None}, 'supervisors': []}, {'empNumber': 16, 'lastName': 'pp', 'firstName': 'ww', 'middleName': '', 'employeeId': '0016', 'terminationId': None, 'jobTitle': {'id': None, 'title': None, 'isDeleted': None}, 'subunit': {'id': None, 'name': None}, 'empStatus': {'id': None, 'name': None}, 'supervisors': []}, {'empNumber': 17, 'lastName': 'ss', 'firstName': 'zz', 'middleName': '', 'employeeId': '1009', 'terminationId': None, 'jobTitle': {'id': None, 'title': None, 'isDeleted': None}, 'subunit': {'id': None, 'name': None}, 'empStatus': {'id': None, 'name': None}, 'supervisors': []}, {'empNumber': 1, 'lastName': '安', 'firstName': '谢', 'middleName': '', 'employeeId': '0001', 'terminationId': None, 'jobTitle': {'id': None, 'title': None, 'isDeleted': None}, 'subunit': {'id': None, 'name': None}, 'empStatus': {'id': None, 'name': None}, 'supervisors': []}], 'meta': {'total': 7}, 'rels': []}
2026-06-01 22:20:04,175 - baseAutoHttp.py - INFO - 【03查询员工页面:select_employee】接口调用结束

2026-06-01 22:20:04,175 - test_web_ohrm.py - INFO - ☑️ 查询员工列表成功，返回 7 条
2026-06-01 22:20:04,180 - baseUtils.py - INFO - 配置文件读取成功：E:\develop\PythonProject\OrangeHRM\Config\配置文件.ini
2026-06-01 22:20:04,181 - baseAutoHttp.py - INFO - 【03查询员工页面:select_query】接口调用开始
2026-06-01 22:20:04,183 - baseData.py - INFO - 动态参数替换成功：{'employeeId': '1001'}
2026-06-01 22:20:04,183 - baseAutoHttp.py - INFO - 请求方式: GET
2026-06-01 22:20:04,183 - baseAutoHttp.py - INFO - 请求地址: http://127.0.0.1:8080/web/index.php/api/v2/pim/employees
2026-06-01 22:20:04,183 - baseAutoHttp.py - INFO - 请求头: {'User-Agent': 'Mozilla/5.0 (Windows NT 10.0; Win64; x64) AppleWebKit/537.36 (KHTML, like Gecko) Chrome/148.0.0.0 Safari/537.36', 'Referer': 'http://127.0.0.1:8080/web/index.php/pim/viewEmployeeList'}
2026-06-01 22:20:04,183 - baseAutoHttp.py - INFO - 请求参数: params={'limit': '50', 'offset': '0', 'model': 'detailed', 'employeeId': '1001', 'includeEmployees': 'onlyCurrent', 'sortField': 'employee.firstName', 'sortOrder': 'ASC'} | data=None | json=None
2026-06-01 22:20:04,259 - baseAutoHttp.py - INFO - 响应状态码: 200
2026-06-01 22:20:04,259 - baseAutoHttp.py - INFO - 响应耗时: 0.074004s
2026-06-01 22:20:04,259 - baseAutoHttp.py - INFO - 响应JSON: {'data': [{'empNumber': 5, 'lastName': 'Doe', 'firstName': 'John', 'middleName': '', 'employeeId': '1001', 'terminationId': None, 'jobTitle': {'id': None, 'title': None, 'isDeleted': None}, 'subunit': {'id': None, 'name': None}, 'empStatus': {'id': None, 'name': None}, 'supervisors': []}], 'meta': {'total': 1}, 'rels': []}
2026-06-01 22:20:04,259 - baseAutoHttp.py - INFO - 【03查询员工页面:select_query】接口调用结束

2026-06-01 22:20:04,260 - test_web_ohrm.py - INFO - ☑️【指定查询用例】执行完毕
2026-06-01 22:20:04,266 - baseUtils.py - INFO - 配置文件读取成功：E:\develop\PythonProject\OrangeHRM\Config\配置文件.ini
2026-06-01 22:20:04,267 - baseAutoHttp.py - INFO - 【03查询员工页面:select_query】接口调用开始
2026-06-01 22:20:04,269 - baseData.py - INFO - 动态参数替换成功：{'employeeId': '9999'}
2026-06-01 22:20:04,270 - baseAutoHttp.py - INFO - 请求方式: GET
2026-06-01 22:20:04,270 - baseAutoHttp.py - INFO - 请求地址: http://127.0.0.1:8080/web/index.php/api/v2/pim/employees
2026-06-01 22:20:04,270 - baseAutoHttp.py - INFO - 请求头: {'User-Agent': 'Mozilla/5.0 (Windows NT 10.0; Win64; x64) AppleWebKit/537.36 (KHTML, like Gecko) Chrome/148.0.0.0 Safari/537.36', 'Referer': 'http://127.0.0.1:8080/web/index.php/pim/viewEmployeeList'}
2026-06-01 22:20:04,270 - baseAutoHttp.py - INFO - 请求参数: params={'limit': '50', 'offset': '0', 'model': 'detailed', 'employeeId': '9999', 'includeEmployees': 'onlyCurrent', 'sortField': 'employee.firstName', 'sortOrder': 'ASC'} | data=None | json=None
2026-06-01 22:20:04,349 - baseAutoHttp.py - INFO - 响应状态码: 200
2026-06-01 22:20:04,349 - baseAutoHttp.py - INFO - 响应耗时: 0.077826s
2026-06-01 22:20:04,349 - baseAutoHttp.py - INFO - 响应JSON: {'data': [], 'meta': {'total': 0}, 'rels': []}
2026-06-01 22:20:04,349 - baseAutoHttp.py - INFO - 【03查询员工页面:select_query】接口调用结束

2026-06-01 22:20:04,349 - test_web_ohrm.py - INFO - ☑️【指定查询用例】执行完毕
2026-06-01 22:20:04,356 - baseUtils.py - INFO - 配置文件读取成功：E:\develop\PythonProject\OrangeHRM\Config\配置文件.ini
2026-06-01 22:20:04,363 - baseDB.py - INFO - ✅ MySQL 数据库连接成功
2026-06-01 22:20:04,365 - baseAutoHttp.py - INFO - 【04更新员工:update_employee】接口调用开始
2026-06-01 22:20:04,367 - baseData.py - INFO - 动态参数替换成功：{'firstName': 'John', 'lastName': 'Doe', 'employeeId': '1001'}
2026-06-01 22:20:04,367 - baseAutoHttp.py - INFO - 请求方式: PUT
2026-06-01 22:20:04,367 - baseAutoHttp.py - INFO - 请求地址: http://127.0.0.1:8080/web/index.php/api/v2/pim/employees/5/personal-details
2026-06-01 22:20:04,367 - baseAutoHttp.py - INFO - 请求头: {'User-Agent': 'Mozilla/5.0 (Windows NT 10.0; Win64; x64) AppleWebKit/537.36 (KHTML, like Gecko) Chrome/148.0.0.0 Safari/537.36', 'Content-Type': 'application/json', 'Referer': 'http://127.0.0.1:8080/web/index.php/pim/viewPersonalDetails/empNumber/5', 'Origin': 'http://127.0.0.1:8080'}
2026-06-01 22:20:04,367 - baseAutoHttp.py - INFO - 请求参数: params=None | data=None | json={'birthday': None, 'drivingLicenseExpiredDate': None, 'drivingLicenseNo': None, 'employeeId': '1001', 'firstName': 'John', 'gender': None, 'lastName': 'Doe', 'middleName': None, 'otherId': None}
2026-06-01 22:20:04,443 - baseAutoHttp.py - INFO - 响应状态码: 500
2026-06-01 22:20:04,443 - baseAutoHttp.py - INFO - 响应耗时: 0.074422s
2026-06-01 22:20:04,443 - baseAutoHttp.py - INFO - 响应JSON: {'error': {'status': '500', 'message': 'Unexpected Error Occurred'}}
2026-06-01 22:20:04,443 - baseAutoHttp.py - INFO - 【04更新员工:update_employee】接口调用结束

2026-06-01 22:20:04,470 - baseDB.py - INFO - ✅ MySQL 数据库连接成功
2026-06-01 22:20:04,474 - baseDB.py - INFO - ✅ MySQL 执行成功，事务已提交
2026-06-01 22:20:04,474 - baseDB.py - INFO - 🔌 MySQL 连接已关闭
2026-06-01 22:20:04,501 - baseDB.py - INFO - ✅ MySQL 数据库连接成功
2026-06-01 22:20:04,524 - baseUtils.py - INFO - 配置文件读取成功：E:\develop\PythonProject\OrangeHRM\Config\配置文件.ini
2026-06-01 22:20:04,525 - baseUtils.py - INFO - 配置文件读取成功：E:\develop\PythonProject\OrangeHRM\Config\配置文件.ini
2026-06-01 22:20:04,526 - baseAutoHttp.py - INFO - 【03查询员工页面:select_query】接口调用开始
2026-06-01 22:20:04,528 - baseData.py - INFO - 动态参数替换成功：{'employeeId': '0004'}
2026-06-01 22:20:04,528 - baseAutoHttp.py - INFO - 请求方式: GET
2026-06-01 22:20:04,528 - baseAutoHttp.py - INFO - 请求地址: http://127.0.0.1:8080/web/index.php/api/v2/pim/employees
2026-06-01 22:20:04,528 - baseAutoHttp.py - INFO - 请求头: {'User-Agent': 'Mozilla/5.0 (Windows NT 10.0; Win64; x64) AppleWebKit/537.36 (KHTML, like Gecko) Chrome/148.0.0.0 Safari/537.36', 'Referer': 'http://127.0.0.1:8080/web/index.php/pim/viewEmployeeList'}
2026-06-01 22:20:04,528 - baseAutoHttp.py - INFO - 请求参数: params={'limit': '50', 'offset': '0', 'model': 'detailed', 'employeeId': '0004', 'includeEmployees': 'onlyCurrent', 'sortField': 'employee.firstName', 'sortOrder': 'ASC'} | data=None | json=None
2026-06-01 22:20:04,589 - baseAutoHttp.py - INFO - 响应状态码: 200
2026-06-01 22:20:04,589 - baseAutoHttp.py - INFO - 响应耗时: 0.059202s
2026-06-01 22:20:04,589 - baseAutoHttp.py - INFO - 响应JSON: {'data': [], 'meta': {'total': 0}, 'rels': []}
2026-06-01 22:20:04,589 - baseAutoHttp.py - INFO - 【03查询员工页面:select_query】接口调用结束

2026-06-01 22:20:04,596 - baseDB.py - INFO - ✅ MySQL 数据库连接成功
2026-06-01 22:20:04,611 - baseUtils.py - INFO - 配置文件读取成功：E:\develop\PythonProject\OrangeHRM\Config\配置文件.ini
2026-06-01 22:20:04,612 - baseUtils.py - INFO - 配置文件读取成功：E:\develop\PythonProject\OrangeHRM\Config\配置文件.ini
2026-06-01 22:20:04,612 - baseAutoHttp.py - INFO - 【03查询员工页面:select_query】接口调用开始
2026-06-01 22:20:04,614 - baseData.py - INFO - 动态参数替换成功：{'employeeId': '9999'}
2026-06-01 22:20:04,614 - baseAutoHttp.py - INFO - 请求方式: GET
2026-06-01 22:20:04,614 - baseAutoHttp.py - INFO - 请求地址: http://127.0.0.1:8080/web/index.php/api/v2/pim/employees
2026-06-01 22:20:04,614 - baseAutoHttp.py - INFO - 请求头: {'User-Agent': 'Mozilla/5.0 (Windows NT 10.0; Win64; x64) AppleWebKit/537.36 (KHTML, like Gecko) Chrome/148.0.0.0 Safari/537.36', 'Referer': 'http://127.0.0.1:8080/web/index.php/pim/viewEmployeeList'}
2026-06-01 22:20:04,614 - baseAutoHttp.py - INFO - 请求参数: params={'limit': '50', 'offset': '0', 'model': 'detailed', 'employeeId': '9999', 'includeEmployees': 'onlyCurrent', 'sortField': 'employee.firstName', 'sortOrder': 'ASC'} | data=None | json=None
2026-06-01 22:20:04,685 - baseAutoHttp.py - INFO - 响应状态码: 200
2026-06-01 22:20:04,685 - baseAutoHttp.py - INFO - 响应耗时: 0.069699s
2026-06-01 22:20:04,685 - baseAutoHttp.py - INFO - 响应JSON: {'data': [], 'meta': {'total': 0}, 'rels': []}
2026-06-01 22:20:04,685 - baseAutoHttp.py - INFO - 【03查询员工页面:select_query】接口调用结束

2026-06-01 22:20:04,705 - baseDB.py - INFO - ✅ MySQL 数据库连接成功
2026-06-01 22:20:04,707 - test_web_ohrm.py - INFO - ☑️【删除员工】用例执行成功
2026-06-01 22:20:04,714 - baseUtils.py - INFO - 配置文件读取成功：E:\develop\PythonProject\OrangeHRM\Config\配置文件.ini
2026-06-01 22:20:04,714 - baseAutoHttp.py - INFO - 【06未登录访问员工接口:employee】接口调用开始
2026-06-01 22:20:04,716 - baseAutoHttp.py - INFO - 请求方式: GET
2026-06-01 22:20:04,716 - baseAutoHttp.py - INFO - 请求地址: http://127.0.0.1:8080/web/index.php/pim/viewEmployeeList
2026-06-01 22:20:04,716 - baseAutoHttp.py - INFO - 请求头: {'User-Agent': 'Mozilla/5.0 (Windows NT 10.0; Win64; x64) AppleWebKit/537.36 (KHTML, like Gecko) Chrome/148.0.0.0 Safari/537.36'}
2026-06-01 22:20:04,716 - baseAutoHttp.py - INFO - 请求参数: params={'includeEmployees': 'onlyCurrent', 'limit': '50', 'model': 'detailed', 'offset': '0', 'sortField': 'employee.firstName', 'sortOrder': 'ASC'} | data=None | json=None
2026-06-01 22:20:04,766 - baseAutoHttp.py - INFO - 响应状态码: 302
2026-06-01 22:20:04,766 - baseAutoHttp.py - INFO - 响应耗时: 0.048588s
2026-06-01 22:20:04,767 - baseAutoHttp.py - INFO - 响应文本: <!DOCTYPE html>
<html>
    <head>
        <meta charset="UTF-8" />
        <meta http-equiv="refresh" content="0;url='http://127.0.0.1:8080/web/index.php/auth/login'" />

        <title>Redirecting to http://127.0.0.1:8080/web/index.php/auth/login</title>
    </head>
    <body>
        Redirecting to <a href="http://127.0.0.1:8080/web/index.php/auth/login">http://127.0.0.1:8080/web/index.php/auth/login</a>.
    </body>
</html>
2026-06-01 22:20:04,767 - baseAutoHttp.py - INFO - 【06未登录访问员工接口:employee】接口调用结束

2026-06-01 22:20:05,172 - baseUtils.py - INFO - 配置文件读取成功：E:\develop\PythonProject\OrangeHRM\Config\配置文件.ini
2026-06-01 22:20:05,172 - baseAutoHttp.py - INFO - 【07非管理员登录:employee_login】接口调用开始
2026-06-01 22:20:05,173 - baseData.py - INFO - 动态参数替换成功：{'firstName': 'cc', 'lastName': 'dd', 'employeeId': '1010'}
2026-06-01 22:20:05,173 - baseAutoHttp.py - INFO - 请求方式: POST
2026-06-01 22:20:05,173 - baseAutoHttp.py - INFO - 请求地址: http://127.0.0.1:8080/web/index.php/api/v2/pim/employees
2026-06-01 22:20:05,173 - baseAutoHttp.py - INFO - 请求头: {'User-Agent': 'Mozilla/5.0 (Windows NT 10.0; Win64; x64) AppleWebKit/537.36 (KHTML, like Gecko) Chrome/148.0.0.0 Safari/537.36', 'Content-Type': 'application/json', 'Origin': 'http://127.0.0.1:8080', 'Referer': 'http://127.0.0.1:8080/web/index.php/pim/addEmployee'}
2026-06-01 22:20:05,173 - baseAutoHttp.py - INFO - 请求参数: params=None | data=None | json={'employeeId': '1010', 'empPicture': None, 'firstName': 'cc', 'lastName': 'dd', 'middleName': None}
2026-06-01 22:20:05,246 - baseAutoHttp.py - INFO - 响应状态码: 403
2026-06-01 22:20:05,246 - baseAutoHttp.py - INFO - 响应耗时: 0.071796s
2026-06-01 22:20:05,246 - baseAutoHttp.py - INFO - 响应JSON: {'error': {'status': 403, 'message': 'Unauthorized'}}
2026-06-01 22:20:05,246 - baseAutoHttp.py - INFO - 【07非管理员登录:employee_login】接口调用结束

2026-06-01 22:20:05,246 - test_web_ohrm.py - INFO - ☑️【非管理员账号操作员工】用例执行成功
2026-06-01 22:20:07,625 - run.py - INFO - ✅ Allure报告生成成功：E:\develop\PythonProject\OrangeHRM\Reports\ALLURE\Report
2026-06-01 22:20:07,631 - run.py - INFO - ✅ 报告查看器已生成：E:\develop\PythonProject\OrangeHRM\Reports\ALLURE\Report\双击查看报告.bat
2026-06-01 22:20:07,738 - run.py - INFO - ✅ 报告压缩包已生成：E:\develop\PythonProject\OrangeHRM\Reports\ALLURE\allure_report.zip
2026-06-01 22:20:07,757 - baseUtils.py - INFO - 目录文件清空完成：E:\develop\PythonProject\OrangeHRM\Reports\ALLURE\Result
2026-06-01 22:20:07,758 - baseUtils.py - INFO - 配置文件读取成功：E:\develop\PythonProject\OrangeHRM\Config\配置文件.ini
2026-06-01 22:20:07,868 - baseUtils.py - INFO - 文件夹压缩成功：E:\develop\PythonProject\OrangeHRM\Reports\ALLURE\Report\allure.zip
2026-06-01 22:20:09,488 - baseEmail.py - INFO - ✅ 邮件发送成功！发件人：511227621@qq.com，收件人：['1790159671@qq.com']
2026-06-01 22:20:09,526 - run.py - INFO - 📧 测试报告邮件发送成功
2026-06-01 22:20:09,526 - run.py - INFO - 🎉 自动化测试执行完成！
2026-06-01 22:24:16,394 - baseUtils.py - INFO - 配置文件读取成功：E:\develop\PythonProject\OrangeHRM\Config\配置文件.ini
2026-06-01 22:24:16,394 - globalManager.py - INFO - 全局变量管理器初始化成功
2026-06-01 22:24:17,112 - baseUtils.py - INFO - 配置文件读取成功：E:\develop\PythonProject\OrangeHRM\Config\配置文件.ini
2026-06-01 22:24:17,112 - globalManager.py - INFO - 全局变量管理器初始化成功
2026-06-01 22:24:17,127 - runClient.py - INFO - 🔍 正在收集测试用例，请稍候...
2026-06-01 22:24:17,802 - baseUtils.py - INFO - 配置文件读取成功：E:\develop\PythonProject\OrangeHRM\Config\配置文件.ini
2026-06-01 22:24:17,802 - globalManager.py - INFO - 全局变量管理器初始化成功
2026-06-01 22:24:18,037 - baseUtils.py - INFO - 配置文件读取成功：E:\develop\PythonProject\OrangeHRM\Config\配置文件.ini
2026-06-01 22:24:18,179 - baseUtils.py - INFO - 配置文件读取成功：E:\develop\PythonProject\OrangeHRM\Config\配置文件.ini
2026-06-01 22:24:18,180 - baseUtils.py - INFO - 配置文件读取成功：E:\develop\PythonProject\OrangeHRM\Config\配置文件.ini
2026-06-01 22:24:18,430 - baseUtils.py - INFO - 配置文件读取成功：E:\develop\PythonProject\OrangeHRM\Config\配置文件.ini
2026-06-01 22:24:18,431 - baseData.py - INFO - 数据驱动读取成功：01登录接口
2026-06-01 22:24:18,432 - baseUtils.py - INFO - 配置文件读取成功：E:\develop\PythonProject\OrangeHRM\Config\配置文件.ini
2026-06-01 22:24:18,433 - baseData.py - INFO - 数据驱动读取成功：02添加员工接口
2026-06-01 22:24:18,434 - baseUtils.py - INFO - 配置文件读取成功：E:\develop\PythonProject\OrangeHRM\Config\配置文件.ini
2026-06-01 22:24:18,435 - baseData.py - INFO - 数据驱动读取成功：03指定查询
2026-06-01 22:24:18,436 - baseUtils.py - INFO - 配置文件读取成功：E:\develop\PythonProject\OrangeHRM\Config\配置文件.ini
2026-06-01 22:24:18,437 - baseData.py - INFO - 数据驱动读取成功：04删除员工
2026-06-01 22:24:18,442 - baseYaml.py - INFO - YAML写入成功：E:\develop\PythonProject\OrangeHRM\Data\Temp\tempcases.yaml
2026-06-01 22:24:18,443 - conftest.py - INFO - ✅ 用例信息已导出：E:\develop\PythonProject\OrangeHRM\Data\Temp\tempcases.yaml
2026-06-01 22:24:18,836 - runClient.py - INFO - ✅ 用例收集完成，启动用例选择器
2026-06-01 22:24:19,547 - baseUtils.py - INFO - 配置文件读取成功：E:\develop\PythonProject\OrangeHRM\Config\配置文件.ini
2026-06-01 22:24:19,547 - globalManager.py - INFO - 全局变量管理器初始化成功
2026-06-01 22:24:22,373 - baseYaml.py - INFO - YAML写入成功：E:\develop\PythonProject\OrangeHRM\Data\Temp\testcases.yaml
2026-06-01 22:24:22,373 - caseSelector.py - INFO - 用例导出成功：E:\develop\PythonProject\OrangeHRM\Data\Temp\testcases.yaml
2026-06-01 22:24:23,229 - runClient.py - INFO - 🚀 开始执行选中用例，共 18 条
2026-06-01 22:24:23,490 - baseUtils.py - INFO - 配置文件读取成功：E:\develop\PythonProject\OrangeHRM\Config\配置文件.ini
2026-06-01 22:24:23,651 - baseUtils.py - INFO - 配置文件读取成功：E:\develop\PythonProject\OrangeHRM\Config\配置文件.ini
2026-06-01 22:24:23,652 - baseUtils.py - INFO - 配置文件读取成功：E:\develop\PythonProject\OrangeHRM\Config\配置文件.ini
2026-06-01 22:24:24,249 - baseUtils.py - INFO - 配置文件读取成功：E:\develop\PythonProject\OrangeHRM\Config\配置文件.ini
2026-06-01 22:24:24,252 - baseData.py - INFO - 数据驱动读取成功：01登录接口
2026-06-01 22:24:24,254 - baseUtils.py - INFO - 配置文件读取成功：E:\develop\PythonProject\OrangeHRM\Config\配置文件.ini
2026-06-01 22:24:24,256 - baseData.py - INFO - 数据驱动读取成功：02添加员工接口
2026-06-01 22:24:24,258 - baseUtils.py - INFO - 配置文件读取成功：E:\develop\PythonProject\OrangeHRM\Config\配置文件.ini
2026-06-01 22:24:24,259 - baseData.py - INFO - 数据驱动读取成功：03指定查询
2026-06-01 22:24:24,260 - baseUtils.py - INFO - 配置文件读取成功：E:\develop\PythonProject\OrangeHRM\Config\配置文件.ini
2026-06-01 22:24:24,262 - baseData.py - INFO - 数据驱动读取成功：04删除员工
2026-06-01 22:24:24,273 - baseUtils.py - INFO - 配置文件读取成功：E:\develop\PythonProject\OrangeHRM\Config\配置文件.ini
2026-06-01 22:24:24,365 - baseAutoHttp.py - INFO - 【01登录页面接口信息:login_api】接口调用开始
2026-06-01 22:24:24,366 - baseData.py - INFO - 动态参数替换成功：{'_token': '71.4TbiWxWoDW-ISYnBT8V9btv1A3KdXR_vH9WX0UCLO6c.0gCgC378SQvYfb6ZfoMeX-iXR0PHbHbWToP2ixTpev6JetIoR8JCJsc62A', 'username': 'admin', 'password': 'Keepmoving624.'}
2026-06-01 22:24:24,367 - baseAutoHttp.py - INFO - 请求方式: POST
2026-06-01 22:24:24,367 - baseAutoHttp.py - INFO - 请求地址: http://127.0.0.1:8080/web/index.php/auth/validate
2026-06-01 22:24:24,367 - baseAutoHttp.py - INFO - 请求头: {'User-Agent': 'Mozilla/5.0 (Windows NT 10.0; Win64; x64) AppleWebKit/537.36 (KHTML, like Gecko) Chrome/148.0.0.0 Safari/537.36', 'Content-Type': 'application/x-www-form-urlencoded'}
2026-06-01 22:24:24,367 - baseAutoHttp.py - INFO - 请求参数: params=None | data={'_token': '71.4TbiWxWoDW-ISYnBT8V9btv1A3KdXR_vH9WX0UCLO6c.0gCgC378SQvYfb6ZfoMeX-iXR0PHbHbWToP2ixTpev6JetIoR8JCJsc62A', 'username': 'admin', 'password': 'Keepmoving624.'} | json=None
2026-06-01 22:24:24,786 - baseAutoHttp.py - INFO - 响应状态码: 200
2026-06-01 22:24:24,787 - baseAutoHttp.py - INFO - 响应耗时: 0.089748s
2026-06-01 22:24:24,787 - baseAutoHttp.py - INFO - 响应文本: <!DOCTYPE html>
<html>
<head>
  <meta charset="UTF-8">
  <meta http-equiv="X-UA-Compatible" content="IE=edge">
  <meta name="viewport" content="width=device-width,initial-scale=1">
  <title>OrangeHRM</title>
    <link rel="icon" href="/web/dist/favicon.ico?v=1775433284510">
  <link href="/web/dist/css/chunk-vendors.css?v=1775433284510" rel="preload" as="style">
  <link href="/web/dist/css/app.css?v=1775433284510" rel="preload" as="style">
  <link href="/web/dist/js/chunk-vendors.js?v=1775433284510" rel="preload" as="script">
  <link href="/web/dist/js/app.js?v=1775433284510" rel="preload" as="script">
    <link href="/web/dist/css/chunk-vendors.css?v=1775433284510" rel="stylesheet"/>
  <link href="/web/dist/css/app.css?v=1775433284510" rel="stylesheet"/>
</head>
<body>
  <style>
    :root {
            --oxd-primary-one-color:#FF7B1D;
            --oxd-primary-font-color:#FFFFFF;
            --oxd-secondary-four-color:#76BC21;
            --oxd-secondary-font-color:#FFFFFF;
            --oxd-primary-gradient-start-color:#FF920B;
            --oxd-primary-gradient-end-color:#F35C17;
            --oxd-secondary-gradient-start-color:#FF920B;
            --oxd-secondary-gradient-end-color:#F35C17;
            --oxd-primary-one-lighten-5-color:#ff8a37;
            --oxd-primary-one-lighten-30-color:#ffd4b6;
            --oxd-primary-one-darken-5-color:#ff6c03;
            --oxd-primary-one-alpha-10-color:rgba(255, 123, 29, 0.1);
            --oxd-primary-one-alpha-15-color:rgba(255, 123, 29, 0.15);
            --oxd-primary-one-alpha-20-color:rgba(255, 123, 29, 0.2);
            --oxd-primary-one-alpha-50-color:rgba(255, 123, 29, 0.5);
            --oxd-secondary-four-lighten-5-color:#84d225;
            --oxd-secondary-four-darken-5-color:#68a61d;
            --oxd-secondary-four-alpha-10-color:rgba(118, 188, 33, 0.1);
            --oxd-secondary-four-alpha-15-color:rgba(118, 188, 33, 0.15);
            --oxd-secondary-four-alpha-20-color:rgba(118, 188, 33, 0.2);
            --oxd-secondary-four-alpha-50-color:rgba(118, 188, 33, 0.5);
        }
  </style>
  <noscript>
    <strong>
      We're sorry but orangehrm doesn't work properly without JavaScript enabled. Please enable it to continue.
    </strong>
  </noscript>

  <div id="app">
    <oxd-layout
        home-url="https://www.orangehrm.com/"
        :sidepanel-menu-items="[{&quot;id&quot;:1,&quot;name&quot;:&quot;\u7ba1\u7406\u5458&quot;,&quot;url&quot;:&quot;\/web\/index.php\/admin\/viewAdminModule&quot;,&quot;icon&quot;:&quot;admin&quot;},{&quot;id&quot;:30,&quot;name&quot;:&quot;\u4e2a\u4eba\u4fe1\u606f\u7ba1\u7406\u7cfb\u7edf&quot;,&quot;url&quot;:&quot;\/web\/index.php\/pim\/viewPimModule&quot;,&quot;icon&quot;:&quot;pim&quot;},{&quot;id&quot;:41,&quot;name&quot;:&quot;\u4f11\u5047&quot;,&quot;url&quot;:&quot;\/web\/index.php\/leave\/viewLeaveModule&quot;,&quot;icon&quot;:&quot;leave&quot;},{&quot;id&quot;:52,&quot;name&quot;:&quot;\u65f6\u95f4&quot;,&quot;url&quot;:&quot;\/web\/index.php\/time\/viewTimeModule&quot;,&quot;icon&quot;:&quot;time&quot;},{&quot;id&quot;:65,&quot;name&quot;:&quot;\u62db\u8058&quot;,&quot;url&quot;:&quot;\/web\/index.php\/recruitment\/viewRecruitmentModule&quot;,&quot;icon&quot;:&quot;recruitment&quot;},{&quot;id&quot;:40,&quot;name&quot;:&quot;\u6211\u7684\u4fe1\u606f&quot;,&quot;url&quot;:&quot;\/web\/index.php\/pim\/viewMyDetails&quot;,&quot;icon&quot;:&quot;myinfo&quot;},{&quot;id&quot;:83,&quot;name&quot;:&quot;\u7ee9\u6548&quot;,&quot;url&quot;:&quot;\/web\/index.php\/performance\/viewPerformanceModule&quot;,&quot;icon&quot;:&quot;performance&quot;},{&quot;id&quot;:82,&quot;name&quot;:&quot;\u4eea\u8868\u76d8&quot;,&quot;url&quot;:&quot;\/web\/index.php\/dashboard\/index&quot;,&quot;icon&quot;:&quot;dashboard&quot;,&quot;active&quot;:true},{&quot;id&quot;:93,&quot;name&quot;:&quot;Directory&quot;,&quot;url&quot;:&quot;\/web\/index.php\/directory\/viewDirectory&quot;,&quot;icon&quot;:&quot;directory&quot;},{&quot;id&quot;:96,&quot;name&quot;:&quot;Maintenance&quot;,&quot;url&quot;:&quot;\/web\/index.php\/maintenance\/viewMaintenanceModule&quot;,&quot;icon&quot;:&quot;maintenance&quot;},{&quot;id&quot;:105,&quot;name&quot;:&quot;Claim&quot;,&quot;url&quot;:&quot;\/web\/index.php\/claim\/viewClaimModule&quot;,&quot;icon&quot;:&quot;claim&quot;},{&quot;id&quot;:101,&quot;name&quot;:&quot;\u6fc0\u52a8&quot;,&quot;url&quot;:&quot;\/web\/index.php\/buzz\/viewBuzz&quot;,&quot;icon&quot;:&quot;buzz&quot;}]"
        :topbar-menu-items="[]"
        :user="{&quot;firstName&quot;:&quot;\u8c22&quot;,&quot;lastName&quot;:&quot;\u5b89&quot;,&quot;profImgSrc&quot;:&quot;\/web\/index.php\/pim\/viewPhoto\/empNumber\/1&quot;,&quot;hasPassword&quot;:true}"
        brand-logo-src="/web/images/orange.png?v=1775433284510"
        brand-banner-src="/web/images/orangehrm-logo.png?v=1775433284510"
        logout-url="/web/index.php/auth/logout"
        support-url="/web/index.php/help/support"
        :update-password-url="&quot;/web/index.php/pim/updatePassword&quot;"
        :permissions="{&quot;dashboard_buzz_widget&quot;:{&quot;canRead&quot;:true,&quot;canCreate&quot;:false,&quot;canUpdate&quot;:false,&quot;canDelete&quot;:false},&quot;dashboard_employees_on_leave_today_config&quot;:{&quot;canRead&quot;:true,&quot;canCreate&quot;:false,&quot;canUpdate&quot;:true,&quot;canDelete&quot;:false},&quot;dashboard_leave_widget&quot;:{&quot;canRead&quot;:true,&quot;canCreate&quot;:false,&quot;canUpdate&quot;:false,&quot;canDelete&quot;:false},&quot;dashboard_location_widget&quot;:{&quot;canRead&quot;:true,&quot;canCreate&quot;:false,&quot;canUpdate&quot;:false,&quot;canDelete&quot;:false},&quot;dashboard_subunit_widget&quot;:{&quot;canRead&quot;:true,&quot;canCreate&quot;:false,&quot;canUpdate&quot;:false,&quot;canDelete&quot;:false},&quot;dashboard_time_widget&quot;:{&quot;canRead&quot;:true,&quot;canCreate&quot;:false,&quot;canUpdate&quot;:false,&quot;canDelete&quot;:false}}"
        :breadcrumb="{&quot;moduleName&quot;:&quot;\u4eea\u8868\u76d8&quot;,&quot;level&quot;:null}"
        :date-format="{&quot;id&quot;:&quot;Y-m-d&quot;,&quot;label&quot;:&quot;yyyy-mm-dd&quot;}"
        help-url="/web/index.php/help/help?label=dashboard_index"
        :show-upgrade="1"
    >
      <view-dashboard
            >
    </view-dashboard>
    <template v-slot:footer><oxd-text tag="p" class="orangehrm-copyright">OrangeHRM OS 5.8.1</oxd-text>
<oxd-text tag="p" class="orangehrm-copyright">&copy; 2005 - 2026 <a href="http://www.orangehrm.com" target="_blank">OrangeHRM, Inc</a>. All rights reserved.</oxd-text>
<br></template>
    </oxd-layout>
  </div>
  <script type="text/javascript">
      window.appGlobal = {
        baseUrl: "/web/index.php",
        publicPath: "/web",
      };
  </script>
  <script src="/web/dist/js/chunk-vendors.js?v=1775433284510"></script>
  <script src="/web/dist/js/app.js?v=1775433284510"></script>
</body>
</html>

2026-06-01 22:24:24,787 - baseAutoHttp.py - INFO - 【01登录页面接口信息:login_api】接口调用结束

2026-06-01 22:24:24,787 - web_login_page.py - INFO - 【管理员正常登录】断言成功
2026-06-01 22:24:24,787 - baseAutoHttp.py - INFO - 接口会话已关闭
2026-06-01 22:24:24,788 - test_web_ohrm.py - INFO - 【管理员正常登录】用例执行成功
2026-06-01 22:24:24,794 - baseUtils.py - INFO - 配置文件读取成功：E:\develop\PythonProject\OrangeHRM\Config\配置文件.ini
2026-06-01 22:24:24,844 - baseAutoHttp.py - INFO - 【02登录页面未携带token:login_not_token_api】接口调用开始
2026-06-01 22:24:24,846 - baseData.py - INFO - 动态参数替换成功：{'username': 'admin', 'password': 'Keepmoving624.'}
2026-06-01 22:24:24,846 - baseAutoHttp.py - INFO - 请求方式: POST
2026-06-01 22:24:24,846 - baseAutoHttp.py - INFO - 请求地址: http://127.0.0.1:8080/web/index.php/auth/validate
2026-06-01 22:24:24,846 - baseAutoHttp.py - INFO - 请求头: {'User-Agent': 'Mozilla/5.0 (Windows NT 10.0; Win64; x64) AppleWebKit/537.36 (KHTML, like Gecko) Chrome/148.0.0.0 Safari/537.36', 'Content-Type': 'application/x-www-form-urlencoded'}
2026-06-01 22:24:24,846 - baseAutoHttp.py - INFO - 请求参数: params=None | data={'username': 'admin', 'password': 'Keepmoving624.'} | json=None
2026-06-01 22:24:24,972 - baseAutoHttp.py - INFO - 响应状态码: 200
2026-06-01 22:24:24,972 - baseAutoHttp.py - INFO - 响应耗时: 0.070714s
2026-06-01 22:24:24,973 - baseAutoHttp.py - INFO - 响应文本: <!DOCTYPE html>
<html>
<head>
  <meta charset="UTF-8">
  <meta http-equiv="X-UA-Compatible" content="IE=edge">
  <meta name="viewport" content="width=device-width,initial-scale=1">
  <title>OrangeHRM</title>
      <link rel="icon" href="/web/dist/favicon.ico?v=1775433284510">
    <link href="/web/dist/css/chunk-vendors.css?v=1775433284510" rel="preload" as="style">
    <link href="/web/dist/css/app.css?v=1775433284510" rel="preload" as="style">
    <link href="/web/dist/js/chunk-vendors.js?v=1775433284510" rel="preload" as="script">
    <link href="/web/dist/js/app.js?v=1775433284510" rel="preload" as="script">
      <link href="/web/dist/css/chunk-vendors.css?v=1775433284510" rel="stylesheet"/>
    <link href="/web/dist/css/app.css?v=1775433284510" rel="stylesheet"/>
</head>
<body>
  <style>
    :root {
            --oxd-primary-one-color:#FF7B1D;
            --oxd-primary-font-color:#FFFFFF;
            --oxd-secondary-four-color:#76BC21;
            --oxd-secondary-font-color:#FFFFFF;
            --oxd-primary-gradient-start-color:#FF920B;
            --oxd-primary-gradient-end-color:#F35C17;
            --oxd-secondary-gradient-start-color:#FF920B;
            --oxd-secondary-gradient-end-color:#F35C17;
            --oxd-primary-one-lighten-5-color:#ff8a37;
            --oxd-primary-one-lighten-30-color:#ffd4b6;
            --oxd-primary-one-darken-5-color:#ff6c03;
            --oxd-primary-one-alpha-10-color:rgba(255, 123, 29, 0.1);
            --oxd-primary-one-alpha-15-color:rgba(255, 123, 29, 0.15);
            --oxd-primary-one-alpha-20-color:rgba(255, 123, 29, 0.2);
            --oxd-primary-one-alpha-50-color:rgba(255, 123, 29, 0.5);
            --oxd-secondary-four-lighten-5-color:#84d225;
            --oxd-secondary-four-darken-5-color:#68a61d;
            --oxd-secondary-four-alpha-10-color:rgba(118, 188, 33, 0.1);
            --oxd-secondary-four-alpha-15-color:rgba(118, 188, 33, 0.15);
            --oxd-secondary-four-alpha-20-color:rgba(118, 188, 33, 0.2);
            --oxd-secondary-four-alpha-50-color:rgba(118, 188, 33, 0.5);
        }
  </style>
    <noscript>
        <strong>
            We're sorry but orangehrm doesn't work properly without JavaScript enabled. Please enable it to continue.
        </strong>
    </noscript>

    <div id="app">
    <auth-login
            :error="{&quot;error&quot;:&quot;invalid_csrf_token&quot;,&quot;message&quot;:&quot;CSRF token validation failed&quot;}"
            :token="&quot;5.YJKhauM9caqReGgoA1ZOVY3AywTIStAUtWEXSsiEQzo.UfvzE7RcK-DmPwpec28MJ7jxhnapBIoi1gcnIfrXF2IZp9hdtEoQ-PwCWA&quot;"
            :login-logo-src="&quot;\/web\/images\/ohrm_logo.png&quot;"
            :login-banner-src="&quot;\/web\/images\/ohrm_branding.png?v=1775433284510&quot;"
            :show-social-media="true"
            :is-demo-mode="false"
            :authenticators="[]"
        >
    <template v-slot:footer>
        <div class="orangehrm-copyright-wrapper">
            <oxd-text tag="p" class="orangehrm-copyright">OrangeHRM OS 5.8.1</oxd-text>
<oxd-text tag="p" class="orangehrm-copyright">&copy; 2005 - 2026 <a href="http://www.orangehrm.com" target="_blank">OrangeHRM, Inc</a>. All rights reserved.</oxd-text>
        </div>
    </template>
    </auth-login>
    </div>
    <script type="text/javascript">
        window.appGlobal = {
          baseUrl: "/web/index.php",
          publicPath: "/web",
        };
    </script>
    <script src="/web/dist/js/chunk-vendors.js?v=1775433284510"></script>
    <script src="/web/dist/js/app.js?v=1775433284510"></script>
</body>
</html>

2026-06-01 22:24:24,973 - baseAutoHttp.py - INFO - 【02登录页面未携带token:login_not_token_api】接口调用结束

2026-06-01 22:24:24,973 - web_login_page.py - INFO - 【未携带CSRF令牌】断言成功
2026-06-01 22:24:24,973 - baseAutoHttp.py - INFO - 接口会话已关闭
2026-06-01 22:24:24,973 - test_web_ohrm.py - INFO - 【未携带CSRF令牌】用例执行成功
2026-06-01 22:24:24,979 - baseUtils.py - INFO - 配置文件读取成功：E:\develop\PythonProject\OrangeHRM\Config\配置文件.ini
2026-06-01 22:24:25,076 - baseAutoHttp.py - INFO - 【01登录页面接口信息:login_api】接口调用开始
2026-06-01 22:24:25,077 - baseData.py - INFO - 动态参数替换成功：{'_token': '5c6b954aefc22f270355.c1M0dZU0TrNFcvtCbPI0EmLlsykAdiADlcdxugvYIb4.ECNkBd5ADeoqI8stQaEGJlCQ5mtTA3Vv86NF6mWPaOoLJwVG00cU-GgTmA', 'username': 'admin', 'password': 'Keepmoving624.'}
2026-06-01 22:24:25,077 - baseAutoHttp.py - INFO - 请求方式: POST
2026-06-01 22:24:25,077 - baseAutoHttp.py - INFO - 请求地址: http://127.0.0.1:8080/web/index.php/auth/validate
2026-06-01 22:24:25,078 - baseAutoHttp.py - INFO - 请求头: {'User-Agent': 'Mozilla/5.0 (Windows NT 10.0; Win64; x64) AppleWebKit/537.36 (KHTML, like Gecko) Chrome/148.0.0.0 Safari/537.36', 'Content-Type': 'application/x-www-form-urlencoded'}
2026-06-01 22:24:25,078 - baseAutoHttp.py - INFO - 请求参数: params=None | data={'_token': '5c6b954aefc22f270355.c1M0dZU0TrNFcvtCbPI0EmLlsykAdiADlcdxugvYIb4.ECNkBd5ADeoqI8stQaEGJlCQ5mtTA3Vv86NF6mWPaOoLJwVG00cU-GgTmA', 'username': 'admin', 'password': 'Keepmoving624.'} | json=None
2026-06-01 22:24:25,172 - baseAutoHttp.py - INFO - 响应状态码: 200
2026-06-01 22:24:25,172 - baseAutoHttp.py - INFO - 响应耗时: 0.05546s
2026-06-01 22:24:25,172 - baseAutoHttp.py - INFO - 响应文本: <!DOCTYPE html>
<html>
<head>
  <meta charset="UTF-8">
  <meta http-equiv="X-UA-Compatible" content="IE=edge">
  <meta name="viewport" content="width=device-width,initial-scale=1">
  <title>OrangeHRM</title>
      <link rel="icon" href="/web/dist/favicon.ico?v=1775433284510">
    <link href="/web/dist/css/chunk-vendors.css?v=1775433284510" rel="preload" as="style">
    <link href="/web/dist/css/app.css?v=1775433284510" rel="preload" as="style">
    <link href="/web/dist/js/chunk-vendors.js?v=1775433284510" rel="preload" as="script">
    <link href="/web/dist/js/app.js?v=1775433284510" rel="preload" as="script">
      <link href="/web/dist/css/chunk-vendors.css?v=1775433284510" rel="stylesheet"/>
    <link href="/web/dist/css/app.css?v=1775433284510" rel="stylesheet"/>
</head>
<body>
  <style>
    :root {
            --oxd-primary-one-color:#FF7B1D;
            --oxd-primary-font-color:#FFFFFF;
            --oxd-secondary-four-color:#76BC21;
            --oxd-secondary-font-color:#FFFFFF;
            --oxd-primary-gradient-start-color:#FF920B;
            --oxd-primary-gradient-end-color:#F35C17;
            --oxd-secondary-gradient-start-color:#FF920B;
            --oxd-secondary-gradient-end-color:#F35C17;
            --oxd-primary-one-lighten-5-color:#ff8a37;
            --oxd-primary-one-lighten-30-color:#ffd4b6;
            --oxd-primary-one-darken-5-color:#ff6c03;
            --oxd-primary-one-alpha-10-color:rgba(255, 123, 29, 0.1);
            --oxd-primary-one-alpha-15-color:rgba(255, 123, 29, 0.15);
            --oxd-primary-one-alpha-20-color:rgba(255, 123, 29, 0.2);
            --oxd-primary-one-alpha-50-color:rgba(255, 123, 29, 0.5);
            --oxd-secondary-four-lighten-5-color:#84d225;
            --oxd-secondary-four-darken-5-color:#68a61d;
            --oxd-secondary-four-alpha-10-color:rgba(118, 188, 33, 0.1);
            --oxd-secondary-four-alpha-15-color:rgba(118, 188, 33, 0.15);
            --oxd-secondary-four-alpha-20-color:rgba(118, 188, 33, 0.2);
            --oxd-secondary-four-alpha-50-color:rgba(118, 188, 33, 0.5);
        }
  </style>
    <noscript>
        <strong>
            We're sorry but orangehrm doesn't work properly without JavaScript enabled. Please enable it to continue.
        </strong>
    </noscript>

    <div id="app">
    <auth-login
            :error="{&quot;error&quot;:&quot;invalid_csrf_token&quot;,&quot;message&quot;:&quot;CSRF token validation failed&quot;}"
            :token="&quot;c2.AXKcqNtqy0ML76zpmc6Kq3QvAglwCfO2B0DKn2crRAs.ZgGln44hmQBit5i_3qboykFrWD41SquGbwGQpi1DNGhVAK7E4liBAGKZmA&quot;"
            :login-logo-src="&quot;\/web\/images\/ohrm_logo.png&quot;"
            :login-banner-src="&quot;\/web\/images\/ohrm_branding.png?v=1775433284510&quot;"
            :show-social-media="true"
            :is-demo-mode="false"
            :authenticators="[]"
        >
    <template v-slot:footer>
        <div class="orangehrm-copyright-wrapper">
            <oxd-text tag="p" class="orangehrm-copyright">OrangeHRM OS 5.8.1</oxd-text>
<oxd-text tag="p" class="orangehrm-copyright">&copy; 2005 - 2026 <a href="http://www.orangehrm.com" target="_blank">OrangeHRM, Inc</a>. All rights reserved.</oxd-text>
        </div>
    </template>
    </auth-login>
    </div>
    <script type="text/javascript">
        window.appGlobal = {
          baseUrl: "/web/index.php",
          publicPath: "/web",
        };
    </script>
    <script src="/web/dist/js/chunk-vendors.js?v=1775433284510"></script>
    <script src="/web/dist/js/app.js?v=1775433284510"></script>
</body>
</html>

2026-06-01 22:24:25,172 - baseAutoHttp.py - INFO - 【01登录页面接口信息:login_api】接口调用结束

2026-06-01 22:24:25,172 - web_login_page.py - INFO - 【跨会话使用Token】断言成功
2026-06-01 22:24:25,172 - baseAutoHttp.py - INFO - 接口会话已关闭
2026-06-01 22:24:25,172 - test_web_ohrm.py - INFO - 【携带过期CSRF令牌】用例执行成功
2026-06-01 22:24:25,178 - baseUtils.py - INFO - 配置文件读取成功：E:\develop\PythonProject\OrangeHRM\Config\配置文件.ini
2026-06-01 22:24:25,179 - baseAutoHttp.py - INFO - 【01登录页面接口信息:login_api】接口调用开始
2026-06-01 22:24:25,180 - baseData.py - INFO - 动态参数替换成功：{'_token': 'DcIk7xBCXJp^VPIDzCXP', 'username': 'admin', 'password': 'Keepmoving624.'}
2026-06-01 22:24:25,180 - baseAutoHttp.py - INFO - 请求方式: POST
2026-06-01 22:24:25,180 - baseAutoHttp.py - INFO - 请求地址: http://127.0.0.1:8080/web/index.php/auth/validate
2026-06-01 22:24:25,180 - baseAutoHttp.py - INFO - 请求头: {'User-Agent': 'Mozilla/5.0 (Windows NT 10.0; Win64; x64) AppleWebKit/537.36 (KHTML, like Gecko) Chrome/148.0.0.0 Safari/537.36', 'Content-Type': 'application/x-www-form-urlencoded'}
2026-06-01 22:24:25,180 - baseAutoHttp.py - INFO - 请求参数: params=None | data={'_token': 'DcIk7xBCXJp^VPIDzCXP', 'username': 'admin', 'password': 'Keepmoving624.'} | json=None
2026-06-01 22:24:25,312 - baseAutoHttp.py - INFO - 响应状态码: 200
2026-06-01 22:24:25,312 - baseAutoHttp.py - INFO - 响应耗时: 0.068784s
2026-06-01 22:24:25,313 - baseAutoHttp.py - INFO - 响应文本: <!DOCTYPE html>
<html>
<head>
  <meta charset="UTF-8">
  <meta http-equiv="X-UA-Compatible" content="IE=edge">
  <meta name="viewport" content="width=device-width,initial-scale=1">
  <title>OrangeHRM</title>
      <link rel="icon" href="/web/dist/favicon.ico?v=1775433284510">
    <link href="/web/dist/css/chunk-vendors.css?v=1775433284510" rel="preload" as="style">
    <link href="/web/dist/css/app.css?v=1775433284510" rel="preload" as="style">
    <link href="/web/dist/js/chunk-vendors.js?v=1775433284510" rel="preload" as="script">
    <link href="/web/dist/js/app.js?v=1775433284510" rel="preload" as="script">
      <link href="/web/dist/css/chunk-vendors.css?v=1775433284510" rel="stylesheet"/>
    <link href="/web/dist/css/app.css?v=1775433284510" rel="stylesheet"/>
</head>
<body>
  <style>
    :root {
            --oxd-primary-one-color:#FF7B1D;
            --oxd-primary-font-color:#FFFFFF;
            --oxd-secondary-four-color:#76BC21;
            --oxd-secondary-font-color:#FFFFFF;
            --oxd-primary-gradient-start-color:#FF920B;
            --oxd-primary-gradient-end-color:#F35C17;
            --oxd-secondary-gradient-start-color:#FF920B;
            --oxd-secondary-gradient-end-color:#F35C17;
            --oxd-primary-one-lighten-5-color:#ff8a37;
            --oxd-primary-one-lighten-30-color:#ffd4b6;
            --oxd-primary-one-darken-5-color:#ff6c03;
            --oxd-primary-one-alpha-10-color:rgba(255, 123, 29, 0.1);
            --oxd-primary-one-alpha-15-color:rgba(255, 123, 29, 0.15);
            --oxd-primary-one-alpha-20-color:rgba(255, 123, 29, 0.2);
            --oxd-primary-one-alpha-50-color:rgba(255, 123, 29, 0.5);
            --oxd-secondary-four-lighten-5-color:#84d225;
            --oxd-secondary-four-darken-5-color:#68a61d;
            --oxd-secondary-four-alpha-10-color:rgba(118, 188, 33, 0.1);
            --oxd-secondary-four-alpha-15-color:rgba(118, 188, 33, 0.15);
            --oxd-secondary-four-alpha-20-color:rgba(118, 188, 33, 0.2);
            --oxd-secondary-four-alpha-50-color:rgba(118, 188, 33, 0.5);
        }
  </style>
    <noscript>
        <strong>
            We're sorry but orangehrm doesn't work properly without JavaScript enabled. Please enable it to continue.
        </strong>
    </noscript>

    <div id="app">
    <auth-login
            :error="{&quot;error&quot;:&quot;invalid_csrf_token&quot;,&quot;message&quot;:&quot;CSRF token validation failed&quot;}"
            :token="&quot;98e906f580118e08289a.s4SHb0BLokxCslPiDKez2nSB2OBGoX8J-JzA7bq59P4.9MXeQgUv8i0kwiq4WuHDnxDxsaIX7Rw-jOqShenxrM-L28M8CmbYAgnRYw&quot;"
            :login-logo-src="&quot;\/web\/images\/ohrm_logo.png&quot;"
            :login-banner-src="&quot;\/web\/images\/ohrm_branding.png?v=1775433284510&quot;"
            :show-social-media="true"
            :is-demo-mode="false"
            :authenticators="[]"
        >
    <template v-slot:footer>
        <div class="orangehrm-copyright-wrapper">
            <oxd-text tag="p" class="orangehrm-copyright">OrangeHRM OS 5.8.1</oxd-text>
<oxd-text tag="p" class="orangehrm-copyright">&copy; 2005 - 2026 <a href="http://www.orangehrm.com" target="_blank">OrangeHRM, Inc</a>. All rights reserved.</oxd-text>
        </div>
    </template>
    </auth-login>
    </div>
    <script type="text/javascript">
        window.appGlobal = {
          baseUrl: "/web/index.php",
          publicPath: "/web",
        };
    </script>
    <script src="/web/dist/js/chunk-vendors.js?v=1775433284510"></script>
    <script src="/web/dist/js/app.js?v=1775433284510"></script>
</body>
</html>

2026-06-01 22:24:25,313 - baseAutoHttp.py - INFO - 【01登录页面接口信息:login_api】接口调用结束

2026-06-01 22:24:25,313 - web_login_page.py - INFO - 【携带错误格式Token】断言成功
2026-06-01 22:24:25,313 - baseAutoHttp.py - INFO - 接口会话已关闭
2026-06-01 22:24:25,313 - test_web_ohrm.py - INFO - 【携带错误格式Token】用例执行成功
2026-06-01 22:24:25,321 - baseUtils.py - INFO - 配置文件读取成功：E:\develop\PythonProject\OrangeHRM\Config\配置文件.ini
2026-06-01 22:24:25,367 - baseAutoHttp.py - INFO - 【01登录页面接口信息:login_api】接口调用开始
2026-06-01 22:24:25,369 - baseData.py - INFO - 动态参数替换成功：{'_token': '46df.4zAYztRsdPRiaJ87l0SQV0dpaMcAdCY6xs3wqIFurN8.j3lCqrAqI40OEad5unf-E3QbIbNmGGNSofWzy_QX3qygRlK6gis3vVo7xg', 'username': 'wrong', 'password': 'wrong'}
2026-06-01 22:24:25,369 - baseAutoHttp.py - INFO - 请求方式: POST
2026-06-01 22:24:25,369 - baseAutoHttp.py - INFO - 请求地址: http://127.0.0.1:8080/web/index.php/auth/validate
2026-06-01 22:24:25,369 - baseAutoHttp.py - INFO - 请求头: {'User-Agent': 'Mozilla/5.0 (Windows NT 10.0; Win64; x64) AppleWebKit/537.36 (KHTML, like Gecko) Chrome/148.0.0.0 Safari/537.36', 'Content-Type': 'application/x-www-form-urlencoded'}
2026-06-01 22:24:25,369 - baseAutoHttp.py - INFO - 请求参数: params=None | data={'_token': '46df.4zAYztRsdPRiaJ87l0SQV0dpaMcAdCY6xs3wqIFurN8.j3lCqrAqI40OEad5unf-E3QbIbNmGGNSofWzy_QX3qygRlK6gis3vVo7xg', 'username': 'wrong', 'password': 'wrong'} | json=None
2026-06-01 22:24:25,473 - baseAutoHttp.py - INFO - 响应状态码: 200
2026-06-01 22:24:25,474 - baseAutoHttp.py - INFO - 响应耗时: 0.04476s
2026-06-01 22:24:25,474 - baseAutoHttp.py - INFO - 响应文本: <!DOCTYPE html>
<html>
<head>
  <meta charset="UTF-8">
  <meta http-equiv="X-UA-Compatible" content="IE=edge">
  <meta name="viewport" content="width=device-width,initial-scale=1">
  <title>OrangeHRM</title>
      <link rel="icon" href="/web/dist/favicon.ico?v=1775433284510">
    <link href="/web/dist/css/chunk-vendors.css?v=1775433284510" rel="preload" as="style">
    <link href="/web/dist/css/app.css?v=1775433284510" rel="preload" as="style">
    <link href="/web/dist/js/chunk-vendors.js?v=1775433284510" rel="preload" as="script">
    <link href="/web/dist/js/app.js?v=1775433284510" rel="preload" as="script">
      <link href="/web/dist/css/chunk-vendors.css?v=1775433284510" rel="stylesheet"/>
    <link href="/web/dist/css/app.css?v=1775433284510" rel="stylesheet"/>
</head>
<body>
  <style>
    :root {
            --oxd-primary-one-color:#FF7B1D;
            --oxd-primary-font-color:#FFFFFF;
            --oxd-secondary-four-color:#76BC21;
            --oxd-secondary-font-color:#FFFFFF;
            --oxd-primary-gradient-start-color:#FF920B;
            --oxd-primary-gradient-end-color:#F35C17;
            --oxd-secondary-gradient-start-color:#FF920B;
            --oxd-secondary-gradient-end-color:#F35C17;
            --oxd-primary-one-lighten-5-color:#ff8a37;
            --oxd-primary-one-lighten-30-color:#ffd4b6;
            --oxd-primary-one-darken-5-color:#ff6c03;
            --oxd-primary-one-alpha-10-color:rgba(255, 123, 29, 0.1);
            --oxd-primary-one-alpha-15-color:rgba(255, 123, 29, 0.15);
            --oxd-primary-one-alpha-20-color:rgba(255, 123, 29, 0.2);
            --oxd-primary-one-alpha-50-color:rgba(255, 123, 29, 0.5);
            --oxd-secondary-four-lighten-5-color:#84d225;
            --oxd-secondary-four-darken-5-color:#68a61d;
            --oxd-secondary-four-alpha-10-color:rgba(118, 188, 33, 0.1);
            --oxd-secondary-four-alpha-15-color:rgba(118, 188, 33, 0.15);
            --oxd-secondary-four-alpha-20-color:rgba(118, 188, 33, 0.2);
            --oxd-secondary-four-alpha-50-color:rgba(118, 188, 33, 0.5);
        }
  </style>
    <noscript>
        <strong>
            We're sorry but orangehrm doesn't work properly without JavaScript enabled. Please enable it to continue.
        </strong>
    </noscript>

    <div id="app">
    <auth-login
            :error="{&quot;error&quot;:&quot;invalid_credentials&quot;,&quot;message&quot;:&quot;Invalid credentials&quot;}"
            :token="&quot;514173.RSDRNDF0Ifg3TgCQMQRl53EPZLoc6nEXQwu3WZPEw48.KWmLUFUydoFbNzjSHDcLo0J9Lc56hjR_JDP0Oua9sfwGVptAZzNisQ8dWQ&quot;"
            :login-logo-src="&quot;\/web\/images\/ohrm_logo.png&quot;"
            :login-banner-src="&quot;\/web\/images\/ohrm_branding.png?v=1775433284510&quot;"
            :show-social-media="true"
            :is-demo-mode="false"
            :authenticators="[]"
        >
    <template v-slot:footer>
        <div class="orangehrm-copyright-wrapper">
            <oxd-text tag="p" class="orangehrm-copyright">OrangeHRM OS 5.8.1</oxd-text>
<oxd-text tag="p" class="orangehrm-copyright">&copy; 2005 - 2026 <a href="http://www.orangehrm.com" target="_blank">OrangeHRM, Inc</a>. All rights reserved.</oxd-text>
        </div>
    </template>
    </auth-login>
    </div>
    <script type="text/javascript">
        window.appGlobal = {
          baseUrl: "/web/index.php",
          publicPath: "/web",
        };
    </script>
    <script src="/web/dist/js/chunk-vendors.js?v=1775433284510"></script>
    <script src="/web/dist/js/app.js?v=1775433284510"></script>
</body>
</html>

2026-06-01 22:24:25,474 - baseAutoHttp.py - INFO - 【01登录页面接口信息:login_api】接口调用结束

2026-06-01 22:24:25,474 - web_login_page.py - INFO - 【wrong/wrong】断言成功
2026-06-01 22:24:25,474 - baseAutoHttp.py - INFO - 接口会话已关闭
2026-06-01 22:24:25,474 - test_web_ohrm.py - INFO - 【错误用户名/密码】用例执行成功
2026-06-01 22:24:25,481 - baseUtils.py - INFO - 配置文件读取成功：E:\develop\PythonProject\OrangeHRM\Config\配置文件.ini
2026-06-01 22:24:25,527 - baseAutoHttp.py - INFO - 【01登录页面接口信息:login_api】接口调用开始
2026-06-01 22:24:25,528 - baseData.py - INFO - 动态参数替换成功：{'_token': '123c9927c13dd3e835eba8c536.uT_ayBsJTKeRLflaHXhq9f73sHBeSIv3U-6Op8gxch0.yg2R_lVcL-D8GcgycCxSxcmjxjcZLMqhG4b33qYIEU7REpinLD050fNing', 'username': '', 'password': 'Keepmoving624.'}
2026-06-01 22:24:25,529 - baseAutoHttp.py - INFO - 请求方式: POST
2026-06-01 22:24:25,529 - baseAutoHttp.py - INFO - 请求地址: http://127.0.0.1:8080/web/index.php/auth/validate
2026-06-01 22:24:25,529 - baseAutoHttp.py - INFO - 请求头: {'User-Agent': 'Mozilla/5.0 (Windows NT 10.0; Win64; x64) AppleWebKit/537.36 (KHTML, like Gecko) Chrome/148.0.0.0 Safari/537.36', 'Content-Type': 'application/x-www-form-urlencoded'}
2026-06-01 22:24:25,529 - baseAutoHttp.py - INFO - 请求参数: params=None | data={'_token': '123c9927c13dd3e835eba8c536.uT_ayBsJTKeRLflaHXhq9f73sHBeSIv3U-6Op8gxch0.yg2R_lVcL-D8GcgycCxSxcmjxjcZLMqhG4b33qYIEU7REpinLD050fNing', 'username': '', 'password': 'Keepmoving624.'} | json=None
2026-06-01 22:24:25,623 - baseAutoHttp.py - INFO - 响应状态码: 200
2026-06-01 22:24:25,624 - baseAutoHttp.py - INFO - 响应耗时: 0.05598s
2026-06-01 22:24:25,624 - baseAutoHttp.py - INFO - 响应文本: <!DOCTYPE html>
<html>
<head>
  <meta charset="UTF-8">
  <meta http-equiv="X-UA-Compatible" content="IE=edge">
  <meta name="viewport" content="width=device-width,initial-scale=1">
  <title>OrangeHRM</title>
      <link rel="icon" href="/web/dist/favicon.ico?v=1775433284510">
    <link href="/web/dist/css/chunk-vendors.css?v=1775433284510" rel="preload" as="style">
    <link href="/web/dist/css/app.css?v=1775433284510" rel="preload" as="style">
    <link href="/web/dist/js/chunk-vendors.js?v=1775433284510" rel="preload" as="script">
    <link href="/web/dist/js/app.js?v=1775433284510" rel="preload" as="script">
      <link href="/web/dist/css/chunk-vendors.css?v=1775433284510" rel="stylesheet"/>
    <link href="/web/dist/css/app.css?v=1775433284510" rel="stylesheet"/>
</head>
<body>
  <style>
    :root {
            --oxd-primary-one-color:#FF7B1D;
            --oxd-primary-font-color:#FFFFFF;
            --oxd-secondary-four-color:#76BC21;
            --oxd-secondary-font-color:#FFFFFF;
            --oxd-primary-gradient-start-color:#FF920B;
            --oxd-primary-gradient-end-color:#F35C17;
            --oxd-secondary-gradient-start-color:#FF920B;
            --oxd-secondary-gradient-end-color:#F35C17;
            --oxd-primary-one-lighten-5-color:#ff8a37;
            --oxd-primary-one-lighten-30-color:#ffd4b6;
            --oxd-primary-one-darken-5-color:#ff6c03;
            --oxd-primary-one-alpha-10-color:rgba(255, 123, 29, 0.1);
            --oxd-primary-one-alpha-15-color:rgba(255, 123, 29, 0.15);
            --oxd-primary-one-alpha-20-color:rgba(255, 123, 29, 0.2);
            --oxd-primary-one-alpha-50-color:rgba(255, 123, 29, 0.5);
            --oxd-secondary-four-lighten-5-color:#84d225;
            --oxd-secondary-four-darken-5-color:#68a61d;
            --oxd-secondary-four-alpha-10-color:rgba(118, 188, 33, 0.1);
            --oxd-secondary-four-alpha-15-color:rgba(118, 188, 33, 0.15);
            --oxd-secondary-four-alpha-20-color:rgba(118, 188, 33, 0.2);
            --oxd-secondary-four-alpha-50-color:rgba(118, 188, 33, 0.5);
        }
  </style>
    <noscript>
        <strong>
            We're sorry but orangehrm doesn't work properly without JavaScript enabled. Please enable it to continue.
        </strong>
    </noscript>

    <div id="app">
    <auth-login
            :error="{&quot;error&quot;:&quot;invalid_credentials&quot;,&quot;message&quot;:&quot;Invalid credentials&quot;}"
            :token="&quot;69be66d.5qlnhBA4YeHjsu7zkyoyVfisAwGZBsxbgGVLZvMXnEI.lZsssl5tAqaOht-b_n4KZc_4dUbeYo0NyA0yH50u_xGOhCXrJwwUl4H9iQ&quot;"
            :login-logo-src="&quot;\/web\/images\/ohrm_logo.png&quot;"
            :login-banner-src="&quot;\/web\/images\/ohrm_branding.png?v=1775433284510&quot;"
            :show-social-media="true"
            :is-demo-mode="false"
            :authenticators="[]"
        >
    <template v-slot:footer>
        <div class="orangehrm-copyright-wrapper">
            <oxd-text tag="p" class="orangehrm-copyright">OrangeHRM OS 5.8.1</oxd-text>
<oxd-text tag="p" class="orangehrm-copyright">&copy; 2005 - 2026 <a href="http://www.orangehrm.com" target="_blank">OrangeHRM, Inc</a>. All rights reserved.</oxd-text>
        </div>
    </template>
    </auth-login>
    </div>
    <script type="text/javascript">
        window.appGlobal = {
          baseUrl: "/web/index.php",
          publicPath: "/web",
        };
    </script>
    <script src="/web/dist/js/chunk-vendors.js?v=1775433284510"></script>
    <script src="/web/dist/js/app.js?v=1775433284510"></script>
</body>
</html>

2026-06-01 22:24:25,624 - baseAutoHttp.py - INFO - 【01登录页面接口信息:login_api】接口调用结束

2026-06-01 22:24:25,624 - web_login_page.py - INFO - 【空用户名/Keepmoving624.】断言成功
2026-06-01 22:24:25,624 - baseAutoHttp.py - INFO - 接口会话已关闭
2026-06-01 22:24:25,624 - test_web_ohrm.py - INFO - 【用户名为空】用例执行成功
2026-06-01 22:24:25,631 - baseUtils.py - INFO - 配置文件读取成功：E:\develop\PythonProject\OrangeHRM\Config\配置文件.ini
2026-06-01 22:24:25,679 - baseAutoHttp.py - INFO - 【01登录页面接口信息:login_api】接口调用开始
2026-06-01 22:24:25,681 - baseData.py - INFO - 动态参数替换成功：{'_token': 'e31257c428d.auRzX1qoQ9kjkCetKEuN9k9n2oVQvtqoGWxuq0YM_Xk.E5YJbhXvc4xX-RLgHRjfuQMinPYZj-PgTwcW73E6vwkEkzguCZEklmHWVA', 'username': 'admin', 'password': ''}
2026-06-01 22:24:25,681 - baseAutoHttp.py - INFO - 请求方式: POST
2026-06-01 22:24:25,681 - baseAutoHttp.py - INFO - 请求地址: http://127.0.0.1:8080/web/index.php/auth/validate
2026-06-01 22:24:25,681 - baseAutoHttp.py - INFO - 请求头: {'User-Agent': 'Mozilla/5.0 (Windows NT 10.0; Win64; x64) AppleWebKit/537.36 (KHTML, like Gecko) Chrome/148.0.0.0 Safari/537.36', 'Content-Type': 'application/x-www-form-urlencoded'}
2026-06-01 22:24:25,681 - baseAutoHttp.py - INFO - 请求参数: params=None | data={'_token': 'e31257c428d.auRzX1qoQ9kjkCetKEuN9k9n2oVQvtqoGWxuq0YM_Xk.E5YJbhXvc4xX-RLgHRjfuQMinPYZj-PgTwcW73E6vwkEkzguCZEklmHWVA', 'username': 'admin', 'password': ''} | json=None
2026-06-01 22:24:25,953 - baseAutoHttp.py - INFO - 响应状态码: 200
2026-06-01 22:24:25,953 - baseAutoHttp.py - INFO - 响应耗时: 0.044627s
2026-06-01 22:24:25,953 - baseAutoHttp.py - INFO - 响应文本: <!DOCTYPE html>
<html>
<head>
  <meta charset="UTF-8">
  <meta http-equiv="X-UA-Compatible" content="IE=edge">
  <meta name="viewport" content="width=device-width,initial-scale=1">
  <title>OrangeHRM</title>
      <link rel="icon" href="/web/dist/favicon.ico?v=1775433284510">
    <link href="/web/dist/css/chunk-vendors.css?v=1775433284510" rel="preload" as="style">
    <link href="/web/dist/css/app.css?v=1775433284510" rel="preload" as="style">
    <link href="/web/dist/js/chunk-vendors.js?v=1775433284510" rel="preload" as="script">
    <link href="/web/dist/js/app.js?v=1775433284510" rel="preload" as="script">
      <link href="/web/dist/css/chunk-vendors.css?v=1775433284510" rel="stylesheet"/>
    <link href="/web/dist/css/app.css?v=1775433284510" rel="stylesheet"/>
</head>
<body>
  <style>
    :root {
            --oxd-primary-one-color:#FF7B1D;
            --oxd-primary-font-color:#FFFFFF;
            --oxd-secondary-four-color:#76BC21;
            --oxd-secondary-font-color:#FFFFFF;
            --oxd-primary-gradient-start-color:#FF920B;
            --oxd-primary-gradient-end-color:#F35C17;
            --oxd-secondary-gradient-start-color:#FF920B;
            --oxd-secondary-gradient-end-color:#F35C17;
            --oxd-primary-one-lighten-5-color:#ff8a37;
            --oxd-primary-one-lighten-30-color:#ffd4b6;
            --oxd-primary-one-darken-5-color:#ff6c03;
            --oxd-primary-one-alpha-10-color:rgba(255, 123, 29, 0.1);
            --oxd-primary-one-alpha-15-color:rgba(255, 123, 29, 0.15);
            --oxd-primary-one-alpha-20-color:rgba(255, 123, 29, 0.2);
            --oxd-primary-one-alpha-50-color:rgba(255, 123, 29, 0.5);
            --oxd-secondary-four-lighten-5-color:#84d225;
            --oxd-secondary-four-darken-5-color:#68a61d;
            --oxd-secondary-four-alpha-10-color:rgba(118, 188, 33, 0.1);
            --oxd-secondary-four-alpha-15-color:rgba(118, 188, 33, 0.15);
            --oxd-secondary-four-alpha-20-color:rgba(118, 188, 33, 0.2);
            --oxd-secondary-four-alpha-50-color:rgba(118, 188, 33, 0.5);
        }
  </style>
    <noscript>
        <strong>
            We're sorry but orangehrm doesn't work properly without JavaScript enabled. Please enable it to continue.
        </strong>
    </noscript>

    <div id="app">
    <auth-login
            :error="{&quot;error&quot;:&quot;invalid_credentials&quot;,&quot;message&quot;:&quot;Invalid credentials&quot;}"
            :token="&quot;a89db18.Joruyx6tev3trEUvjS9zV3PwhOBye0BalXmB881CJYA.X_iU-lHqSqiZxXBiuHwhGD-1wpM7SnkSwxL5t_p0Z_BI_aW6TZQdsq_qNg&quot;"
            :login-logo-src="&quot;\/web\/images\/ohrm_logo.png&quot;"
            :login-banner-src="&quot;\/web\/images\/ohrm_branding.png?v=1775433284510&quot;"
            :show-social-media="true"
            :is-demo-mode="false"
            :authenticators="[]"
        >
    <template v-slot:footer>
        <div class="orangehrm-copyright-wrapper">
            <oxd-text tag="p" class="orangehrm-copyright">OrangeHRM OS 5.8.1</oxd-text>
<oxd-text tag="p" class="orangehrm-copyright">&copy; 2005 - 2026 <a href="http://www.orangehrm.com" target="_blank">OrangeHRM, Inc</a>. All rights reserved.</oxd-text>
        </div>
    </template>
    </auth-login>
    </div>
    <script type="text/javascript">
        window.appGlobal = {
          baseUrl: "/web/index.php",
          publicPath: "/web",
        };
    </script>
    <script src="/web/dist/js/chunk-vendors.js?v=1775433284510"></script>
    <script src="/web/dist/js/app.js?v=1775433284510"></script>
</body>
</html>

2026-06-01 22:24:25,953 - baseAutoHttp.py - INFO - 【01登录页面接口信息:login_api】接口调用结束

2026-06-01 22:24:25,954 - web_login_page.py - INFO - 【admin/空密码】断言成功
2026-06-01 22:24:25,954 - baseAutoHttp.py - INFO - 接口会话已关闭
2026-06-01 22:24:25,954 - test_web_ohrm.py - INFO - 【密码为空】用例执行成功
2026-06-01 22:24:26,354 - baseDB.py - INFO - ✅ MySQL 数据库连接成功
2026-06-01 22:24:26,355 - conftest - INFO - ✅ conftest: 获取数据库连接（MysqlHelp）
2026-06-01 22:24:26,357 - baseUtils.py - INFO - 配置文件读取成功：E:\develop\PythonProject\OrangeHRM\Config\配置文件.ini
2026-06-01 22:24:26,808 - baseUtils.py - INFO - 配置文件读取成功：E:\develop\PythonProject\OrangeHRM\Config\配置文件.ini
2026-06-01 22:24:26,870 - baseUtils.py - INFO - 配置文件读取成功：E:\develop\PythonProject\OrangeHRM\Config\配置文件.ini
2026-06-01 22:24:26,930 - baseUtils.py - INFO - 配置文件读取成功：E:\develop\PythonProject\OrangeHRM\Config\配置文件.ini
2026-06-01 22:24:27,010 - baseAutoHttp.py - INFO - 【03查询员工页面:select_employee】接口调用开始
2026-06-01 22:24:27,013 - baseAutoHttp.py - INFO - 请求方式: GET
2026-06-01 22:24:27,013 - baseAutoHttp.py - INFO - 请求地址: http://127.0.0.1:8080/web/index.php/api/v2/pim/employees
2026-06-01 22:24:27,013 - baseAutoHttp.py - INFO - 请求头: {'User-Agent': 'Mozilla/5.0 (Windows NT 10.0; Win64; x64) AppleWebKit/537.36 (KHTML, like Gecko) Chrome/148.0.0.0 Safari/537.36'}
2026-06-01 22:24:27,013 - baseAutoHttp.py - INFO - 请求参数: params={'limit': '50', 'offset': '0', 'model': 'detailed', 'includeEmployees': 'onlyCurrent', 'sortField': 'employee.firstName', 'sortOrder': 'ASC'} | data=None | json=None
2026-06-01 22:24:27,097 - baseAutoHttp.py - INFO - 响应状态码: 200
2026-06-01 22:24:27,097 - baseAutoHttp.py - INFO - 响应耗时: 0.082244s
2026-06-01 22:24:27,097 - baseAutoHttp.py - INFO - 响应JSON: {'data': [{'empNumber': 2, 'lastName': 'oo', 'firstName': 'hh', 'middleName': '', 'employeeId': '0002', 'terminationId': None, 'jobTitle': {'id': None, 'title': None, 'isDeleted': None}, 'subunit': {'id': None, 'name': None}, 'empStatus': {'id': None, 'name': None}, 'supervisors': []}, {'empNumber': 5, 'lastName': 'Doe', 'firstName': 'John', 'middleName': '', 'employeeId': '1001', 'terminationId': None, 'jobTitle': {'id': None, 'title': None, 'isDeleted': None}, 'subunit': {'id': None, 'name': None}, 'empStatus': {'id': None, 'name': None}, 'supervisors': []}, {'empNumber': 6, 'lastName': 'pp', 'firstName': 'kk', 'middleName': '', 'employeeId': '1002', 'terminationId': None, 'jobTitle': {'id': None, 'title': None, 'isDeleted': None}, 'subunit': {'id': None, 'name': None}, 'empStatus': {'id': None, 'name': None}, 'supervisors': []}, {'empNumber': 14, 'lastName': 'll', 'firstName': 'kk', 'middleName': '', 'employeeId': '0014', 'terminationId': None, 'jobTitle': {'id': None, 'title': None, 'isDeleted': None}, 'subunit': {'id': None, 'name': None}, 'empStatus': {'id': None, 'name': None}, 'supervisors': []}, {'empNumber': 16, 'lastName': 'pp', 'firstName': 'ww', 'middleName': '', 'employeeId': '0016', 'terminationId': None, 'jobTitle': {'id': None, 'title': None, 'isDeleted': None}, 'subunit': {'id': None, 'name': None}, 'empStatus': {'id': None, 'name': None}, 'supervisors': []}, {'empNumber': 17, 'lastName': 'ss', 'firstName': 'zz', 'middleName': '', 'employeeId': '1009', 'terminationId': None, 'jobTitle': {'id': None, 'title': None, 'isDeleted': None}, 'subunit': {'id': None, 'name': None}, 'empStatus': {'id': None, 'name': None}, 'supervisors': []}, {'empNumber': 1, 'lastName': '安', 'firstName': '谢', 'middleName': '', 'employeeId': '0001', 'terminationId': None, 'jobTitle': {'id': None, 'title': None, 'isDeleted': None}, 'subunit': {'id': None, 'name': None}, 'empStatus': {'id': None, 'name': None}, 'supervisors': []}], 'meta': {'total': 7}, 'rels': []}
2026-06-01 22:24:27,097 - baseAutoHttp.py - INFO - 【03查询员工页面:select_employee】接口调用结束

2026-06-01 22:24:27,097 - test_web_ohrm.py - INFO - ☑️ 查询员工列表成功，返回 7 条
2026-06-01 22:24:27,103 - baseUtils.py - INFO - 配置文件读取成功：E:\develop\PythonProject\OrangeHRM\Config\配置文件.ini
2026-06-01 22:24:27,103 - baseAutoHttp.py - INFO - 【03查询员工页面:select_query】接口调用开始
2026-06-01 22:24:27,106 - baseData.py - INFO - 动态参数替换成功：{'employeeId': '1001'}
2026-06-01 22:24:27,106 - baseAutoHttp.py - INFO - 请求方式: GET
2026-06-01 22:24:27,106 - baseAutoHttp.py - INFO - 请求地址: http://127.0.0.1:8080/web/index.php/api/v2/pim/employees
2026-06-01 22:24:27,106 - baseAutoHttp.py - INFO - 请求头: {'User-Agent': 'Mozilla/5.0 (Windows NT 10.0; Win64; x64) AppleWebKit/537.36 (KHTML, like Gecko) Chrome/148.0.0.0 Safari/537.36', 'Referer': 'http://127.0.0.1:8080/web/index.php/pim/viewEmployeeList'}
2026-06-01 22:24:27,106 - baseAutoHttp.py - INFO - 请求参数: params={'limit': '50', 'offset': '0', 'model': 'detailed', 'employeeId': '1001', 'includeEmployees': 'onlyCurrent', 'sortField': 'employee.firstName', 'sortOrder': 'ASC'} | data=None | json=None
2026-06-01 22:24:27,178 - baseAutoHttp.py - INFO - 响应状态码: 200
2026-06-01 22:24:27,178 - baseAutoHttp.py - INFO - 响应耗时: 0.070302s
2026-06-01 22:24:27,178 - baseAutoHttp.py - INFO - 响应JSON: {'data': [{'empNumber': 5, 'lastName': 'Doe', 'firstName': 'John', 'middleName': '', 'employeeId': '1001', 'terminationId': None, 'jobTitle': {'id': None, 'title': None, 'isDeleted': None}, 'subunit': {'id': None, 'name': None}, 'empStatus': {'id': None, 'name': None}, 'supervisors': []}], 'meta': {'total': 1}, 'rels': []}
2026-06-01 22:24:27,178 - baseAutoHttp.py - INFO - 【03查询员工页面:select_query】接口调用结束

2026-06-01 22:24:27,178 - test_web_ohrm.py - INFO - ☑️【指定查询用例】执行完毕
2026-06-01 22:24:27,185 - baseUtils.py - INFO - 配置文件读取成功：E:\develop\PythonProject\OrangeHRM\Config\配置文件.ini
2026-06-01 22:24:27,185 - baseAutoHttp.py - INFO - 【03查询员工页面:select_query】接口调用开始
2026-06-01 22:24:27,187 - baseData.py - INFO - 动态参数替换成功：{'employeeId': '9999'}
2026-06-01 22:24:27,187 - baseAutoHttp.py - INFO - 请求方式: GET
2026-06-01 22:24:27,187 - baseAutoHttp.py - INFO - 请求地址: http://127.0.0.1:8080/web/index.php/api/v2/pim/employees
2026-06-01 22:24:27,187 - baseAutoHttp.py - INFO - 请求头: {'User-Agent': 'Mozilla/5.0 (Windows NT 10.0; Win64; x64) AppleWebKit/537.36 (KHTML, like Gecko) Chrome/148.0.0.0 Safari/537.36', 'Referer': 'http://127.0.0.1:8080/web/index.php/pim/viewEmployeeList'}
2026-06-01 22:24:27,187 - baseAutoHttp.py - INFO - 请求参数: params={'limit': '50', 'offset': '0', 'model': 'detailed', 'employeeId': '9999', 'includeEmployees': 'onlyCurrent', 'sortField': 'employee.firstName', 'sortOrder': 'ASC'} | data=None | json=None
2026-06-01 22:24:27,237 - baseAutoHttp.py - INFO - 响应状态码: 200
2026-06-01 22:24:27,237 - baseAutoHttp.py - INFO - 响应耗时: 0.048165s
2026-06-01 22:24:27,237 - baseAutoHttp.py - INFO - 响应JSON: {'data': [], 'meta': {'total': 0}, 'rels': []}
2026-06-01 22:24:27,237 - baseAutoHttp.py - INFO - 【03查询员工页面:select_query】接口调用结束

2026-06-01 22:24:27,237 - test_web_ohrm.py - INFO - ☑️【指定查询用例】执行完毕
2026-06-01 22:24:27,243 - baseUtils.py - INFO - 配置文件读取成功：E:\develop\PythonProject\OrangeHRM\Config\配置文件.ini
2026-06-01 22:24:27,272 - baseDB.py - INFO - ✅ MySQL 数据库连接成功
2026-06-01 22:24:27,274 - baseAutoHttp.py - INFO - 【04更新员工:update_employee】接口调用开始
2026-06-01 22:24:27,276 - baseData.py - INFO - 动态参数替换成功：{'firstName': 'John', 'lastName': 'Doe', 'employeeId': '1001'}
2026-06-01 22:24:27,277 - baseAutoHttp.py - INFO - 请求方式: PUT
2026-06-01 22:24:27,277 - baseAutoHttp.py - INFO - 请求地址: http://127.0.0.1:8080/web/index.php/api/v2/pim/employees/5/personal-details
2026-06-01 22:24:27,277 - baseAutoHttp.py - INFO - 请求头: {'User-Agent': 'Mozilla/5.0 (Windows NT 10.0; Win64; x64) AppleWebKit/537.36 (KHTML, like Gecko) Chrome/148.0.0.0 Safari/537.36', 'Content-Type': 'application/json', 'Referer': 'http://127.0.0.1:8080/web/index.php/pim/viewPersonalDetails/empNumber/5', 'Origin': 'http://127.0.0.1:8080'}
2026-06-01 22:24:27,277 - baseAutoHttp.py - INFO - 请求参数: params=None | data=None | json={'birthday': None, 'drivingLicenseExpiredDate': None, 'drivingLicenseNo': None, 'employeeId': '1001', 'firstName': 'John', 'gender': None, 'lastName': 'Doe', 'middleName': None, 'otherId': None}
2026-06-01 22:24:27,334 - baseAutoHttp.py - INFO - 响应状态码: 500
2026-06-01 22:24:27,335 - baseAutoHttp.py - INFO - 响应耗时: 0.056016s
2026-06-01 22:24:27,335 - baseAutoHttp.py - INFO - 响应JSON: {'error': {'status': '500', 'message': 'Unexpected Error Occurred'}}
2026-06-01 22:24:27,335 - baseAutoHttp.py - INFO - 【04更新员工:update_employee】接口调用结束

2026-06-01 22:24:27,341 - baseDB.py - INFO - ✅ MySQL 数据库连接成功
2026-06-01 22:24:27,345 - baseDB.py - INFO - ✅ MySQL 执行成功，事务已提交
2026-06-01 22:24:27,345 - baseDB.py - INFO - 🔌 MySQL 连接已关闭
2026-06-01 22:24:27,352 - baseDB.py - INFO - ✅ MySQL 数据库连接成功
2026-06-01 22:24:27,365 - baseUtils.py - INFO - 配置文件读取成功：E:\develop\PythonProject\OrangeHRM\Config\配置文件.ini
2026-06-01 22:24:27,367 - baseUtils.py - INFO - 配置文件读取成功：E:\develop\PythonProject\OrangeHRM\Config\配置文件.ini
2026-06-01 22:24:27,367 - baseAutoHttp.py - INFO - 【03查询员工页面:select_query】接口调用开始
2026-06-01 22:24:27,369 - baseData.py - INFO - 动态参数替换成功：{'employeeId': '0004'}
2026-06-01 22:24:27,369 - baseAutoHttp.py - INFO - 请求方式: GET
2026-06-01 22:24:27,369 - baseAutoHttp.py - INFO - 请求地址: http://127.0.0.1:8080/web/index.php/api/v2/pim/employees
2026-06-01 22:24:27,369 - baseAutoHttp.py - INFO - 请求头: {'User-Agent': 'Mozilla/5.0 (Windows NT 10.0; Win64; x64) AppleWebKit/537.36 (KHTML, like Gecko) Chrome/148.0.0.0 Safari/537.36', 'Referer': 'http://127.0.0.1:8080/web/index.php/pim/viewEmployeeList'}
2026-06-01 22:24:27,369 - baseAutoHttp.py - INFO - 请求参数: params={'limit': '50', 'offset': '0', 'model': 'detailed', 'employeeId': '0004', 'includeEmployees': 'onlyCurrent', 'sortField': 'employee.firstName', 'sortOrder': 'ASC'} | data=None | json=None
2026-06-01 22:24:27,442 - baseAutoHttp.py - INFO - 响应状态码: 200
2026-06-01 22:24:27,443 - baseAutoHttp.py - INFO - 响应耗时: 0.072044s
2026-06-01 22:24:27,443 - baseAutoHttp.py - INFO - 响应JSON: {'data': [], 'meta': {'total': 0}, 'rels': []}
2026-06-01 22:24:27,443 - baseAutoHttp.py - INFO - 【03查询员工页面:select_query】接口调用结束

2026-06-01 22:24:27,450 - baseDB.py - INFO - ✅ MySQL 数据库连接成功
2026-06-01 22:24:27,464 - baseUtils.py - INFO - 配置文件读取成功：E:\develop\PythonProject\OrangeHRM\Config\配置文件.ini
2026-06-01 22:24:27,466 - baseUtils.py - INFO - 配置文件读取成功：E:\develop\PythonProject\OrangeHRM\Config\配置文件.ini
2026-06-01 22:24:27,466 - baseAutoHttp.py - INFO - 【03查询员工页面:select_query】接口调用开始
2026-06-01 22:24:27,468 - baseData.py - INFO - 动态参数替换成功：{'employeeId': '9999'}
2026-06-01 22:24:27,468 - baseAutoHttp.py - INFO - 请求方式: GET
2026-06-01 22:24:27,469 - baseAutoHttp.py - INFO - 请求地址: http://127.0.0.1:8080/web/index.php/api/v2/pim/employees
2026-06-01 22:24:27,469 - baseAutoHttp.py - INFO - 请求头: {'User-Agent': 'Mozilla/5.0 (Windows NT 10.0; Win64; x64) AppleWebKit/537.36 (KHTML, like Gecko) Chrome/148.0.0.0 Safari/537.36', 'Referer': 'http://127.0.0.1:8080/web/index.php/pim/viewEmployeeList'}
2026-06-01 22:24:27,469 - baseAutoHttp.py - INFO - 请求参数: params={'limit': '50', 'offset': '0', 'model': 'detailed', 'employeeId': '9999', 'includeEmployees': 'onlyCurrent', 'sortField': 'employee.firstName', 'sortOrder': 'ASC'} | data=None | json=None
2026-06-01 22:24:27,536 - baseAutoHttp.py - INFO - 响应状态码: 200
2026-06-01 22:24:27,537 - baseAutoHttp.py - INFO - 响应耗时: 0.066574s
2026-06-01 22:24:27,537 - baseAutoHttp.py - INFO - 响应JSON: {'data': [], 'meta': {'total': 0}, 'rels': []}
2026-06-01 22:24:27,537 - baseAutoHttp.py - INFO - 【03查询员工页面:select_query】接口调用结束

2026-06-01 22:24:27,543 - baseDB.py - INFO - ✅ MySQL 数据库连接成功
2026-06-01 22:24:27,545 - test_web_ohrm.py - INFO - ☑️【删除员工】用例执行成功
2026-06-01 22:24:27,552 - baseUtils.py - INFO - 配置文件读取成功：E:\develop\PythonProject\OrangeHRM\Config\配置文件.ini
2026-06-01 22:24:27,553 - baseAutoHttp.py - INFO - 【06未登录访问员工接口:employee】接口调用开始
2026-06-01 22:24:27,554 - baseAutoHttp.py - INFO - 请求方式: GET
2026-06-01 22:24:27,554 - baseAutoHttp.py - INFO - 请求地址: http://127.0.0.1:8080/web/index.php/pim/viewEmployeeList
2026-06-01 22:24:27,554 - baseAutoHttp.py - INFO - 请求头: {'User-Agent': 'Mozilla/5.0 (Windows NT 10.0; Win64; x64) AppleWebKit/537.36 (KHTML, like Gecko) Chrome/148.0.0.0 Safari/537.36'}
2026-06-01 22:24:27,554 - baseAutoHttp.py - INFO - 请求参数: params={'includeEmployees': 'onlyCurrent', 'limit': '50', 'model': 'detailed', 'offset': '0', 'sortField': 'employee.firstName', 'sortOrder': 'ASC'} | data=None | json=None
2026-06-01 22:24:27,614 - baseAutoHttp.py - INFO - 响应状态码: 302
2026-06-01 22:24:27,614 - baseAutoHttp.py - INFO - 响应耗时: 0.057881s
2026-06-01 22:24:27,614 - baseAutoHttp.py - INFO - 响应文本: <!DOCTYPE html>
<html>
    <head>
        <meta charset="UTF-8" />
        <meta http-equiv="refresh" content="0;url='http://127.0.0.1:8080/web/index.php/auth/login'" />

        <title>Redirecting to http://127.0.0.1:8080/web/index.php/auth/login</title>
    </head>
    <body>
        Redirecting to <a href="http://127.0.0.1:8080/web/index.php/auth/login">http://127.0.0.1:8080/web/index.php/auth/login</a>.
    </body>
</html>
2026-06-01 22:24:27,614 - baseAutoHttp.py - INFO - 【06未登录访问员工接口:employee】接口调用结束

2026-06-01 22:24:27,991 - baseUtils.py - INFO - 配置文件读取成功：E:\develop\PythonProject\OrangeHRM\Config\配置文件.ini
2026-06-01 22:24:27,992 - baseAutoHttp.py - INFO - 【07非管理员登录:employee_login】接口调用开始
2026-06-01 22:24:27,993 - baseData.py - INFO - 动态参数替换成功：{'firstName': 'cc', 'lastName': 'dd', 'employeeId': '1010'}
2026-06-01 22:24:27,993 - baseAutoHttp.py - INFO - 请求方式: POST
2026-06-01 22:24:27,993 - baseAutoHttp.py - INFO - 请求地址: http://127.0.0.1:8080/web/index.php/api/v2/pim/employees
2026-06-01 22:24:27,993 - baseAutoHttp.py - INFO - 请求头: {'User-Agent': 'Mozilla/5.0 (Windows NT 10.0; Win64; x64) AppleWebKit/537.36 (KHTML, like Gecko) Chrome/148.0.0.0 Safari/537.36', 'Content-Type': 'application/json', 'Origin': 'http://127.0.0.1:8080', 'Referer': 'http://127.0.0.1:8080/web/index.php/pim/addEmployee'}
2026-06-01 22:24:27,993 - baseAutoHttp.py - INFO - 请求参数: params=None | data=None | json={'employeeId': '1010', 'empPicture': None, 'firstName': 'cc', 'lastName': 'dd', 'middleName': None}
2026-06-01 22:24:28,062 - baseAutoHttp.py - INFO - 响应状态码: 403
2026-06-01 22:24:28,062 - baseAutoHttp.py - INFO - 响应耗时: 0.06771s
2026-06-01 22:24:28,063 - baseAutoHttp.py - INFO - 响应JSON: {'error': {'status': 403, 'message': 'Unauthorized'}}
2026-06-01 22:24:28,063 - baseAutoHttp.py - INFO - 【07非管理员登录:employee_login】接口调用结束

2026-06-01 22:24:28,063 - test_web_ohrm.py - INFO - ☑️【非管理员账号操作员工】用例执行成功
2026-06-01 22:24:30,434 - runClient.py - INFO - ✅ Allure报告生成完成：E:\develop\PythonProject\OrangeHRM\Reports\ALLURE\Report
2026-06-01 22:24:30,436 - runClient.py - INFO - ✅ 报告查看器已生成：E:\develop\PythonProject\OrangeHRM\Reports\ALLURE\Report\双击查看报告.bat
2026-06-01 22:24:30,545 - runClient.py - INFO - ✅ 报告压缩包已生成：E:\develop\PythonProject\OrangeHRM\Reports\ALLURE\allure_report.zip
2026-06-01 22:24:30,562 - baseUtils.py - INFO - 目录文件清空完成：E:\develop\PythonProject\OrangeHRM\Reports\ALLURE\Result
2026-06-01 22:24:30,564 - baseUtils.py - INFO - 配置文件读取成功：E:\develop\PythonProject\OrangeHRM\Config\配置文件.ini
2026-06-01 22:24:30,678 - baseUtils.py - INFO - 文件夹压缩成功：E:\develop\PythonProject\OrangeHRM\Reports\ALLURE\Report\allure.zip
2026-06-01 22:24:32,406 - baseEmail.py - INFO - ✅ 邮件发送成功！发件人：511227621@qq.com，收件人：['1790159671@qq.com']
2026-06-01 22:24:32,445 - runClient.py - INFO - 📧 测试报告邮件发送成功
2026-06-01 22:24:32,446 - runClient.py - INFO - 🎉 自动化测试执行完毕！
2026-06-01 22:31:20,211 - baseUtils.py - INFO - 配置文件读取成功：E:\develop\PythonProject\OrangeHRM\Config\配置文件.ini
2026-06-01 22:31:20,211 - globalManager.py - INFO - 全局变量管理器初始化成功
2026-06-01 22:31:20,212 - run.py - INFO - 🚀 开始执行自动化测试，项目：ohrm_http_test
2026-06-01 22:31:20,212 - run.py - INFO - 📊 报告类型：ALLURE
2026-06-01 22:31:20,212 - baseUtils.py - INFO - 目录文件清空完成：E:\develop\PythonProject\OrangeHRM\Reports\ALLURE\Result
2026-06-01 22:31:20,215 - baseUtils.py - INFO - 目录文件清空完成：E:\develop\PythonProject\OrangeHRM\Reports\ALLURE\Report
2026-06-01 22:31:20,216 - baseUtils.py - INFO - 目录文件清空完成：E:\develop\PythonProject\OrangeHRM\Reports\HTML
2026-06-01 22:31:20,216 - baseUtils.py - INFO - 目录文件清空完成：E:\develop\PythonProject\OrangeHRM\Reports\XML
2026-06-01 22:31:20,216 - run.py - INFO - 🧹 旧报告清理完成
2026-06-01 22:31:20,601 - baseUtils.py - INFO - 配置文件读取成功：E:\develop\PythonProject\OrangeHRM\Config\配置文件.ini
2026-06-01 22:31:20,750 - baseUtils.py - INFO - 配置文件读取成功：E:\develop\PythonProject\OrangeHRM\Config\配置文件.ini
2026-06-01 22:31:20,751 - baseUtils.py - INFO - 配置文件读取成功：E:\develop\PythonProject\OrangeHRM\Config\配置文件.ini
2026-06-01 22:31:21,022 - baseUtils.py - INFO - 配置文件读取成功：E:\develop\PythonProject\OrangeHRM\Config\配置文件.ini
2026-06-01 22:31:21,023 - baseData.py - INFO - 数据驱动读取成功：01登录接口
2026-06-01 22:31:21,035 - baseUtils.py - INFO - 配置文件读取成功：E:\develop\PythonProject\OrangeHRM\Config\配置文件.ini
2026-06-01 22:31:21,037 - baseData.py - INFO - 数据驱动读取成功：02添加员工接口
2026-06-01 22:31:21,038 - baseUtils.py - INFO - 配置文件读取成功：E:\develop\PythonProject\OrangeHRM\Config\配置文件.ini
2026-06-01 22:31:21,039 - baseData.py - INFO - 数据驱动读取成功：03指定查询
2026-06-01 22:31:21,041 - baseUtils.py - INFO - 配置文件读取成功：E:\develop\PythonProject\OrangeHRM\Config\配置文件.ini
2026-06-01 22:31:21,042 - baseData.py - INFO - 数据驱动读取成功：04删除员工
2026-06-01 22:31:21,049 - baseUtils.py - INFO - 配置文件读取成功：E:\develop\PythonProject\OrangeHRM\Config\配置文件.ini
2026-06-01 22:31:21,166 - baseAutoHttp.py - INFO - 【01登录页面接口信息:login_api】接口调用开始
2026-06-01 22:31:21,167 - baseData.py - INFO - 动态参数替换成功：{'_token': '6300c52702606ad7b8b9abfdb0.-bFOBExEuLXHeXDrPgNj7gW2iys0BDlkRPPqedvyd5g.moMDVhsT7fyUMza7f2YppTThxGNRfFsvEL2FCJ-zQdSV1R9MezfL858ABw', 'username': 'admin', 'password': 'Keepmoving624.'}
2026-06-01 22:31:21,168 - baseAutoHttp.py - INFO - 请求方式: POST
2026-06-01 22:31:21,168 - baseAutoHttp.py - INFO - 请求地址: http://127.0.0.1:8080/web/index.php/auth/validate
2026-06-01 22:31:21,168 - baseAutoHttp.py - INFO - 请求头: {'User-Agent': 'Mozilla/5.0 (Windows NT 10.0; Win64; x64) AppleWebKit/537.36 (KHTML, like Gecko) Chrome/148.0.0.0 Safari/537.36', 'Content-Type': 'application/x-www-form-urlencoded'}
2026-06-01 22:31:21,168 - baseAutoHttp.py - INFO - 请求参数: params=None | data={'_token': '6300c52702606ad7b8b9abfdb0.-bFOBExEuLXHeXDrPgNj7gW2iys0BDlkRPPqedvyd5g.moMDVhsT7fyUMza7f2YppTThxGNRfFsvEL2FCJ-zQdSV1R9MezfL858ABw', 'username': 'admin', 'password': 'Keepmoving624.'} | json=None
2026-06-01 22:31:21,585 - baseAutoHttp.py - INFO - 响应状态码: 200
2026-06-01 22:31:21,585 - baseAutoHttp.py - INFO - 响应耗时: 0.10641s
2026-06-01 22:31:21,585 - baseAutoHttp.py - INFO - 响应文本: <!DOCTYPE html>
<html>
<head>
  <meta charset="UTF-8">
  <meta http-equiv="X-UA-Compatible" content="IE=edge">
  <meta name="viewport" content="width=device-width,initial-scale=1">
  <title>OrangeHRM</title>
    <link rel="icon" href="/web/dist/favicon.ico?v=1775433284510">
  <link href="/web/dist/css/chunk-vendors.css?v=1775433284510" rel="preload" as="style">
  <link href="/web/dist/css/app.css?v=1775433284510" rel="preload" as="style">
  <link href="/web/dist/js/chunk-vendors.js?v=1775433284510" rel="preload" as="script">
  <link href="/web/dist/js/app.js?v=1775433284510" rel="preload" as="script">
    <link href="/web/dist/css/chunk-vendors.css?v=1775433284510" rel="stylesheet"/>
  <link href="/web/dist/css/app.css?v=1775433284510" rel="stylesheet"/>
</head>
<body>
  <style>
    :root {
            --oxd-primary-one-color:#FF7B1D;
            --oxd-primary-font-color:#FFFFFF;
            --oxd-secondary-four-color:#76BC21;
            --oxd-secondary-font-color:#FFFFFF;
            --oxd-primary-gradient-start-color:#FF920B;
            --oxd-primary-gradient-end-color:#F35C17;
            --oxd-secondary-gradient-start-color:#FF920B;
            --oxd-secondary-gradient-end-color:#F35C17;
            --oxd-primary-one-lighten-5-color:#ff8a37;
            --oxd-primary-one-lighten-30-color:#ffd4b6;
            --oxd-primary-one-darken-5-color:#ff6c03;
            --oxd-primary-one-alpha-10-color:rgba(255, 123, 29, 0.1);
            --oxd-primary-one-alpha-15-color:rgba(255, 123, 29, 0.15);
            --oxd-primary-one-alpha-20-color:rgba(255, 123, 29, 0.2);
            --oxd-primary-one-alpha-50-color:rgba(255, 123, 29, 0.5);
            --oxd-secondary-four-lighten-5-color:#84d225;
            --oxd-secondary-four-darken-5-color:#68a61d;
            --oxd-secondary-four-alpha-10-color:rgba(118, 188, 33, 0.1);
            --oxd-secondary-four-alpha-15-color:rgba(118, 188, 33, 0.15);
            --oxd-secondary-four-alpha-20-color:rgba(118, 188, 33, 0.2);
            --oxd-secondary-four-alpha-50-color:rgba(118, 188, 33, 0.5);
        }
  </style>
  <noscript>
    <strong>
      We're sorry but orangehrm doesn't work properly without JavaScript enabled. Please enable it to continue.
    </strong>
  </noscript>

  <div id="app">
    <oxd-layout
        home-url="https://www.orangehrm.com/"
        :sidepanel-menu-items="[{&quot;id&quot;:1,&quot;name&quot;:&quot;\u7ba1\u7406\u5458&quot;,&quot;url&quot;:&quot;\/web\/index.php\/admin\/viewAdminModule&quot;,&quot;icon&quot;:&quot;admin&quot;},{&quot;id&quot;:30,&quot;name&quot;:&quot;\u4e2a\u4eba\u4fe1\u606f\u7ba1\u7406\u7cfb\u7edf&quot;,&quot;url&quot;:&quot;\/web\/index.php\/pim\/viewPimModule&quot;,&quot;icon&quot;:&quot;pim&quot;},{&quot;id&quot;:41,&quot;name&quot;:&quot;\u4f11\u5047&quot;,&quot;url&quot;:&quot;\/web\/index.php\/leave\/viewLeaveModule&quot;,&quot;icon&quot;:&quot;leave&quot;},{&quot;id&quot;:52,&quot;name&quot;:&quot;\u65f6\u95f4&quot;,&quot;url&quot;:&quot;\/web\/index.php\/time\/viewTimeModule&quot;,&quot;icon&quot;:&quot;time&quot;},{&quot;id&quot;:65,&quot;name&quot;:&quot;\u62db\u8058&quot;,&quot;url&quot;:&quot;\/web\/index.php\/recruitment\/viewRecruitmentModule&quot;,&quot;icon&quot;:&quot;recruitment&quot;},{&quot;id&quot;:40,&quot;name&quot;:&quot;\u6211\u7684\u4fe1\u606f&quot;,&quot;url&quot;:&quot;\/web\/index.php\/pim\/viewMyDetails&quot;,&quot;icon&quot;:&quot;myinfo&quot;},{&quot;id&quot;:83,&quot;name&quot;:&quot;\u7ee9\u6548&quot;,&quot;url&quot;:&quot;\/web\/index.php\/performance\/viewPerformanceModule&quot;,&quot;icon&quot;:&quot;performance&quot;},{&quot;id&quot;:82,&quot;name&quot;:&quot;\u4eea\u8868\u76d8&quot;,&quot;url&quot;:&quot;\/web\/index.php\/dashboard\/index&quot;,&quot;icon&quot;:&quot;dashboard&quot;,&quot;active&quot;:true},{&quot;id&quot;:93,&quot;name&quot;:&quot;Directory&quot;,&quot;url&quot;:&quot;\/web\/index.php\/directory\/viewDirectory&quot;,&quot;icon&quot;:&quot;directory&quot;},{&quot;id&quot;:96,&quot;name&quot;:&quot;Maintenance&quot;,&quot;url&quot;:&quot;\/web\/index.php\/maintenance\/viewMaintenanceModule&quot;,&quot;icon&quot;:&quot;maintenance&quot;},{&quot;id&quot;:105,&quot;name&quot;:&quot;Claim&quot;,&quot;url&quot;:&quot;\/web\/index.php\/claim\/viewClaimModule&quot;,&quot;icon&quot;:&quot;claim&quot;},{&quot;id&quot;:101,&quot;name&quot;:&quot;\u6fc0\u52a8&quot;,&quot;url&quot;:&quot;\/web\/index.php\/buzz\/viewBuzz&quot;,&quot;icon&quot;:&quot;buzz&quot;}]"
        :topbar-menu-items="[]"
        :user="{&quot;firstName&quot;:&quot;\u8c22&quot;,&quot;lastName&quot;:&quot;\u5b89&quot;,&quot;profImgSrc&quot;:&quot;\/web\/index.php\/pim\/viewPhoto\/empNumber\/1&quot;,&quot;hasPassword&quot;:true}"
        brand-logo-src="/web/images/orange.png?v=1775433284510"
        brand-banner-src="/web/images/orangehrm-logo.png?v=1775433284510"
        logout-url="/web/index.php/auth/logout"
        support-url="/web/index.php/help/support"
        :update-password-url="&quot;/web/index.php/pim/updatePassword&quot;"
        :permissions="{&quot;dashboard_buzz_widget&quot;:{&quot;canRead&quot;:true,&quot;canCreate&quot;:false,&quot;canUpdate&quot;:false,&quot;canDelete&quot;:false},&quot;dashboard_employees_on_leave_today_config&quot;:{&quot;canRead&quot;:true,&quot;canCreate&quot;:false,&quot;canUpdate&quot;:true,&quot;canDelete&quot;:false},&quot;dashboard_leave_widget&quot;:{&quot;canRead&quot;:true,&quot;canCreate&quot;:false,&quot;canUpdate&quot;:false,&quot;canDelete&quot;:false},&quot;dashboard_location_widget&quot;:{&quot;canRead&quot;:true,&quot;canCreate&quot;:false,&quot;canUpdate&quot;:false,&quot;canDelete&quot;:false},&quot;dashboard_subunit_widget&quot;:{&quot;canRead&quot;:true,&quot;canCreate&quot;:false,&quot;canUpdate&quot;:false,&quot;canDelete&quot;:false},&quot;dashboard_time_widget&quot;:{&quot;canRead&quot;:true,&quot;canCreate&quot;:false,&quot;canUpdate&quot;:false,&quot;canDelete&quot;:false}}"
        :breadcrumb="{&quot;moduleName&quot;:&quot;\u4eea\u8868\u76d8&quot;,&quot;level&quot;:null}"
        :date-format="{&quot;id&quot;:&quot;Y-m-d&quot;,&quot;label&quot;:&quot;yyyy-mm-dd&quot;}"
        help-url="/web/index.php/help/help?label=dashboard_index"
        :show-upgrade="1"
    >
      <view-dashboard
            >
    </view-dashboard>
    <template v-slot:footer><oxd-text tag="p" class="orangehrm-copyright">OrangeHRM OS 5.8.1</oxd-text>
<oxd-text tag="p" class="orangehrm-copyright">&copy; 2005 - 2026 <a href="http://www.orangehrm.com" target="_blank">OrangeHRM, Inc</a>. All rights reserved.</oxd-text>
<br></template>
    </oxd-layout>
  </div>
  <script type="text/javascript">
      window.appGlobal = {
        baseUrl: "/web/index.php",
        publicPath: "/web",
      };
  </script>
  <script src="/web/dist/js/chunk-vendors.js?v=1775433284510"></script>
  <script src="/web/dist/js/app.js?v=1775433284510"></script>
</body>
</html>

2026-06-01 22:31:21,585 - baseAutoHttp.py - INFO - 【01登录页面接口信息:login_api】接口调用结束

2026-06-01 22:31:21,585 - web_login_page.py - INFO - 【管理员正常登录】断言成功
2026-06-01 22:31:21,586 - baseAutoHttp.py - INFO - 接口会话已关闭
2026-06-01 22:31:21,586 - test_web_ohrm.py - INFO - 【管理员正常登录】用例执行成功
2026-06-01 22:31:21,593 - baseUtils.py - INFO - 配置文件读取成功：E:\develop\PythonProject\OrangeHRM\Config\配置文件.ini
2026-06-01 22:31:21,642 - baseAutoHttp.py - INFO - 【02登录页面未携带token:login_not_token_api】接口调用开始
2026-06-01 22:31:21,643 - baseData.py - INFO - 动态参数替换成功：{'username': 'admin', 'password': 'Keepmoving624.'}
2026-06-01 22:31:21,643 - baseAutoHttp.py - INFO - 请求方式: POST
2026-06-01 22:31:21,643 - baseAutoHttp.py - INFO - 请求地址: http://127.0.0.1:8080/web/index.php/auth/validate
2026-06-01 22:31:21,643 - baseAutoHttp.py - INFO - 请求头: {'User-Agent': 'Mozilla/5.0 (Windows NT 10.0; Win64; x64) AppleWebKit/537.36 (KHTML, like Gecko) Chrome/148.0.0.0 Safari/537.36', 'Content-Type': 'application/x-www-form-urlencoded'}
2026-06-01 22:31:21,643 - baseAutoHttp.py - INFO - 请求参数: params=None | data={'username': 'admin', 'password': 'Keepmoving624.'} | json=None
2026-06-01 22:31:21,751 - baseAutoHttp.py - INFO - 响应状态码: 200
2026-06-01 22:31:21,751 - baseAutoHttp.py - INFO - 响应耗时: 0.047263s
2026-06-01 22:31:21,751 - baseAutoHttp.py - INFO - 响应文本: <!DOCTYPE html>
<html>
<head>
  <meta charset="UTF-8">
  <meta http-equiv="X-UA-Compatible" content="IE=edge">
  <meta name="viewport" content="width=device-width,initial-scale=1">
  <title>OrangeHRM</title>
      <link rel="icon" href="/web/dist/favicon.ico?v=1775433284510">
    <link href="/web/dist/css/chunk-vendors.css?v=1775433284510" rel="preload" as="style">
    <link href="/web/dist/css/app.css?v=1775433284510" rel="preload" as="style">
    <link href="/web/dist/js/chunk-vendors.js?v=1775433284510" rel="preload" as="script">
    <link href="/web/dist/js/app.js?v=1775433284510" rel="preload" as="script">
      <link href="/web/dist/css/chunk-vendors.css?v=1775433284510" rel="stylesheet"/>
    <link href="/web/dist/css/app.css?v=1775433284510" rel="stylesheet"/>
</head>
<body>
  <style>
    :root {
            --oxd-primary-one-color:#FF7B1D;
            --oxd-primary-font-color:#FFFFFF;
            --oxd-secondary-four-color:#76BC21;
            --oxd-secondary-font-color:#FFFFFF;
            --oxd-primary-gradient-start-color:#FF920B;
            --oxd-primary-gradient-end-color:#F35C17;
            --oxd-secondary-gradient-start-color:#FF920B;
            --oxd-secondary-gradient-end-color:#F35C17;
            --oxd-primary-one-lighten-5-color:#ff8a37;
            --oxd-primary-one-lighten-30-color:#ffd4b6;
            --oxd-primary-one-darken-5-color:#ff6c03;
            --oxd-primary-one-alpha-10-color:rgba(255, 123, 29, 0.1);
            --oxd-primary-one-alpha-15-color:rgba(255, 123, 29, 0.15);
            --oxd-primary-one-alpha-20-color:rgba(255, 123, 29, 0.2);
            --oxd-primary-one-alpha-50-color:rgba(255, 123, 29, 0.5);
            --oxd-secondary-four-lighten-5-color:#84d225;
            --oxd-secondary-four-darken-5-color:#68a61d;
            --oxd-secondary-four-alpha-10-color:rgba(118, 188, 33, 0.1);
            --oxd-secondary-four-alpha-15-color:rgba(118, 188, 33, 0.15);
            --oxd-secondary-four-alpha-20-color:rgba(118, 188, 33, 0.2);
            --oxd-secondary-four-alpha-50-color:rgba(118, 188, 33, 0.5);
        }
  </style>
    <noscript>
        <strong>
            We're sorry but orangehrm doesn't work properly without JavaScript enabled. Please enable it to continue.
        </strong>
    </noscript>

    <div id="app">
    <auth-login
            :error="{&quot;error&quot;:&quot;invalid_csrf_token&quot;,&quot;message&quot;:&quot;CSRF token validation failed&quot;}"
            :token="&quot;89ea31ff6e23f0ae75b74775905.egcv6Ux1m_gvyby7LlOu_XB6eRm8UsxqtR4dYcV0y1U.LnEerC1Mz79aqPrsdjKZsTwTTHvmNqBZ5U5sML1HqTQZYBuqNhPsgFj56Q&quot;"
            :login-logo-src="&quot;\/web\/images\/ohrm_logo.png&quot;"
            :login-banner-src="&quot;\/web\/images\/ohrm_branding.png?v=1775433284510&quot;"
            :show-social-media="true"
            :is-demo-mode="false"
            :authenticators="[]"
        >
    <template v-slot:footer>
        <div class="orangehrm-copyright-wrapper">
            <oxd-text tag="p" class="orangehrm-copyright">OrangeHRM OS 5.8.1</oxd-text>
<oxd-text tag="p" class="orangehrm-copyright">&copy; 2005 - 2026 <a href="http://www.orangehrm.com" target="_blank">OrangeHRM, Inc</a>. All rights reserved.</oxd-text>
        </div>
    </template>
    </auth-login>
    </div>
    <script type="text/javascript">
        window.appGlobal = {
          baseUrl: "/web/index.php",
          publicPath: "/web",
        };
    </script>
    <script src="/web/dist/js/chunk-vendors.js?v=1775433284510"></script>
    <script src="/web/dist/js/app.js?v=1775433284510"></script>
</body>
</html>

2026-06-01 22:31:21,751 - baseAutoHttp.py - INFO - 【02登录页面未携带token:login_not_token_api】接口调用结束

2026-06-01 22:31:21,751 - web_login_page.py - INFO - 【未携带CSRF令牌】断言成功
2026-06-01 22:31:21,751 - baseAutoHttp.py - INFO - 接口会话已关闭
2026-06-01 22:31:21,752 - test_web_ohrm.py - INFO - 【未携带CSRF令牌】用例执行成功
2026-06-01 22:31:21,757 - baseUtils.py - INFO - 配置文件读取成功：E:\develop\PythonProject\OrangeHRM\Config\配置文件.ini
2026-06-01 22:31:21,860 - baseAutoHttp.py - INFO - 【01登录页面接口信息:login_api】接口调用开始
2026-06-01 22:31:21,861 - baseData.py - INFO - 动态参数替换成功：{'_token': '3e087906ffc1bbb4c27256ef7b6f5.3MB460g1DWrkcAUIEyB_XmjJRbx-dgIvdZxQhjPpEIQ.iJ9MoSZQZlKvIXZ_WVpHP1r8P9dHAWQfAtsE8weqXvSo8wChZQZoC9Uyag', 'username': 'admin', 'password': 'Keepmoving624.'}
2026-06-01 22:31:21,861 - baseAutoHttp.py - INFO - 请求方式: POST
2026-06-01 22:31:21,861 - baseAutoHttp.py - INFO - 请求地址: http://127.0.0.1:8080/web/index.php/auth/validate
2026-06-01 22:31:21,861 - baseAutoHttp.py - INFO - 请求头: {'User-Agent': 'Mozilla/5.0 (Windows NT 10.0; Win64; x64) AppleWebKit/537.36 (KHTML, like Gecko) Chrome/148.0.0.0 Safari/537.36', 'Content-Type': 'application/x-www-form-urlencoded'}
2026-06-01 22:31:21,861 - baseAutoHttp.py - INFO - 请求参数: params=None | data={'_token': '3e087906ffc1bbb4c27256ef7b6f5.3MB460g1DWrkcAUIEyB_XmjJRbx-dgIvdZxQhjPpEIQ.iJ9MoSZQZlKvIXZ_WVpHP1r8P9dHAWQfAtsE8weqXvSo8wChZQZoC9Uyag', 'username': 'admin', 'password': 'Keepmoving624.'} | json=None
2026-06-01 22:31:21,956 - baseAutoHttp.py - INFO - 响应状态码: 200
2026-06-01 22:31:21,956 - baseAutoHttp.py - INFO - 响应耗时: 0.056549s
2026-06-01 22:31:21,956 - baseAutoHttp.py - INFO - 响应文本: <!DOCTYPE html>
<html>
<head>
  <meta charset="UTF-8">
  <meta http-equiv="X-UA-Compatible" content="IE=edge">
  <meta name="viewport" content="width=device-width,initial-scale=1">
  <title>OrangeHRM</title>
      <link rel="icon" href="/web/dist/favicon.ico?v=1775433284510">
    <link href="/web/dist/css/chunk-vendors.css?v=1775433284510" rel="preload" as="style">
    <link href="/web/dist/css/app.css?v=1775433284510" rel="preload" as="style">
    <link href="/web/dist/js/chunk-vendors.js?v=1775433284510" rel="preload" as="script">
    <link href="/web/dist/js/app.js?v=1775433284510" rel="preload" as="script">
      <link href="/web/dist/css/chunk-vendors.css?v=1775433284510" rel="stylesheet"/>
    <link href="/web/dist/css/app.css?v=1775433284510" rel="stylesheet"/>
</head>
<body>
  <style>
    :root {
            --oxd-primary-one-color:#FF7B1D;
            --oxd-primary-font-color:#FFFFFF;
            --oxd-secondary-four-color:#76BC21;
            --oxd-secondary-font-color:#FFFFFF;
            --oxd-primary-gradient-start-color:#FF920B;
            --oxd-primary-gradient-end-color:#F35C17;
            --oxd-secondary-gradient-start-color:#FF920B;
            --oxd-secondary-gradient-end-color:#F35C17;
            --oxd-primary-one-lighten-5-color:#ff8a37;
            --oxd-primary-one-lighten-30-color:#ffd4b6;
            --oxd-primary-one-darken-5-color:#ff6c03;
            --oxd-primary-one-alpha-10-color:rgba(255, 123, 29, 0.1);
            --oxd-primary-one-alpha-15-color:rgba(255, 123, 29, 0.15);
            --oxd-primary-one-alpha-20-color:rgba(255, 123, 29, 0.2);
            --oxd-primary-one-alpha-50-color:rgba(255, 123, 29, 0.5);
            --oxd-secondary-four-lighten-5-color:#84d225;
            --oxd-secondary-four-darken-5-color:#68a61d;
            --oxd-secondary-four-alpha-10-color:rgba(118, 188, 33, 0.1);
            --oxd-secondary-four-alpha-15-color:rgba(118, 188, 33, 0.15);
            --oxd-secondary-four-alpha-20-color:rgba(118, 188, 33, 0.2);
            --oxd-secondary-four-alpha-50-color:rgba(118, 188, 33, 0.5);
        }
  </style>
    <noscript>
        <strong>
            We're sorry but orangehrm doesn't work properly without JavaScript enabled. Please enable it to continue.
        </strong>
    </noscript>

    <div id="app">
    <auth-login
            :error="{&quot;error&quot;:&quot;invalid_csrf_token&quot;,&quot;message&quot;:&quot;CSRF token validation failed&quot;}"
            :token="&quot;0440053d9c09ca2e79bd6fbed9b.mm4WHNGZZE68hMenrFLG9uphuXI-IDuX5jNjrb095k0.qT1RSODIHQTQsYjz5jyyx4047D0HEXr001IX79x41wn8IVJ45O4qOY-88w&quot;"
            :login-logo-src="&quot;\/web\/images\/ohrm_logo.png&quot;"
            :login-banner-src="&quot;\/web\/images\/ohrm_branding.png?v=1775433284510&quot;"
            :show-social-media="true"
            :is-demo-mode="false"
            :authenticators="[]"
        >
    <template v-slot:footer>
        <div class="orangehrm-copyright-wrapper">
            <oxd-text tag="p" class="orangehrm-copyright">OrangeHRM OS 5.8.1</oxd-text>
<oxd-text tag="p" class="orangehrm-copyright">&copy; 2005 - 2026 <a href="http://www.orangehrm.com" target="_blank">OrangeHRM, Inc</a>. All rights reserved.</oxd-text>
        </div>
    </template>
    </auth-login>
    </div>
    <script type="text/javascript">
        window.appGlobal = {
          baseUrl: "/web/index.php",
          publicPath: "/web",
        };
    </script>
    <script src="/web/dist/js/chunk-vendors.js?v=1775433284510"></script>
    <script src="/web/dist/js/app.js?v=1775433284510"></script>
</body>
</html>

2026-06-01 22:31:21,956 - baseAutoHttp.py - INFO - 【01登录页面接口信息:login_api】接口调用结束

2026-06-01 22:31:21,956 - web_login_page.py - INFO - 【跨会话使用Token】断言成功
2026-06-01 22:31:21,956 - baseAutoHttp.py - INFO - 接口会话已关闭
2026-06-01 22:31:21,956 - test_web_ohrm.py - INFO - 【携带过期CSRF令牌】用例执行成功
2026-06-01 22:31:21,962 - baseUtils.py - INFO - 配置文件读取成功：E:\develop\PythonProject\OrangeHRM\Config\配置文件.ini
2026-06-01 22:31:21,963 - baseAutoHttp.py - INFO - 【01登录页面接口信息:login_api】接口调用开始
2026-06-01 22:31:21,964 - baseData.py - INFO - 动态参数替换成功：{'_token': 'HyCK*c#UOmDrxsh5BlWa', 'username': 'admin', 'password': 'Keepmoving624.'}
2026-06-01 22:31:21,964 - baseAutoHttp.py - INFO - 请求方式: POST
2026-06-01 22:31:21,964 - baseAutoHttp.py - INFO - 请求地址: http://127.0.0.1:8080/web/index.php/auth/validate
2026-06-01 22:31:21,964 - baseAutoHttp.py - INFO - 请求头: {'User-Agent': 'Mozilla/5.0 (Windows NT 10.0; Win64; x64) AppleWebKit/537.36 (KHTML, like Gecko) Chrome/148.0.0.0 Safari/537.36', 'Content-Type': 'application/x-www-form-urlencoded'}
2026-06-01 22:31:21,964 - baseAutoHttp.py - INFO - 请求参数: params=None | data={'_token': 'HyCK*c#UOmDrxsh5BlWa', 'username': 'admin', 'password': 'Keepmoving624.'} | json=None
2026-06-01 22:31:22,071 - baseAutoHttp.py - INFO - 响应状态码: 200
2026-06-01 22:31:22,072 - baseAutoHttp.py - INFO - 响应耗时: 0.045052s
2026-06-01 22:31:22,072 - baseAutoHttp.py - INFO - 响应文本: <!DOCTYPE html>
<html>
<head>
  <meta charset="UTF-8">
  <meta http-equiv="X-UA-Compatible" content="IE=edge">
  <meta name="viewport" content="width=device-width,initial-scale=1">
  <title>OrangeHRM</title>
      <link rel="icon" href="/web/dist/favicon.ico?v=1775433284510">
    <link href="/web/dist/css/chunk-vendors.css?v=1775433284510" rel="preload" as="style">
    <link href="/web/dist/css/app.css?v=1775433284510" rel="preload" as="style">
    <link href="/web/dist/js/chunk-vendors.js?v=1775433284510" rel="preload" as="script">
    <link href="/web/dist/js/app.js?v=1775433284510" rel="preload" as="script">
      <link href="/web/dist/css/chunk-vendors.css?v=1775433284510" rel="stylesheet"/>
    <link href="/web/dist/css/app.css?v=1775433284510" rel="stylesheet"/>
</head>
<body>
  <style>
    :root {
            --oxd-primary-one-color:#FF7B1D;
            --oxd-primary-font-color:#FFFFFF;
            --oxd-secondary-four-color:#76BC21;
            --oxd-secondary-font-color:#FFFFFF;
            --oxd-primary-gradient-start-color:#FF920B;
            --oxd-primary-gradient-end-color:#F35C17;
            --oxd-secondary-gradient-start-color:#FF920B;
            --oxd-secondary-gradient-end-color:#F35C17;
            --oxd-primary-one-lighten-5-color:#ff8a37;
            --oxd-primary-one-lighten-30-color:#ffd4b6;
            --oxd-primary-one-darken-5-color:#ff6c03;
            --oxd-primary-one-alpha-10-color:rgba(255, 123, 29, 0.1);
            --oxd-primary-one-alpha-15-color:rgba(255, 123, 29, 0.15);
            --oxd-primary-one-alpha-20-color:rgba(255, 123, 29, 0.2);
            --oxd-primary-one-alpha-50-color:rgba(255, 123, 29, 0.5);
            --oxd-secondary-four-lighten-5-color:#84d225;
            --oxd-secondary-four-darken-5-color:#68a61d;
            --oxd-secondary-four-alpha-10-color:rgba(118, 188, 33, 0.1);
            --oxd-secondary-four-alpha-15-color:rgba(118, 188, 33, 0.15);
            --oxd-secondary-four-alpha-20-color:rgba(118, 188, 33, 0.2);
            --oxd-secondary-four-alpha-50-color:rgba(118, 188, 33, 0.5);
        }
  </style>
    <noscript>
        <strong>
            We're sorry but orangehrm doesn't work properly without JavaScript enabled. Please enable it to continue.
        </strong>
    </noscript>

    <div id="app">
    <auth-login
            :error="{&quot;error&quot;:&quot;invalid_csrf_token&quot;,&quot;message&quot;:&quot;CSRF token validation failed&quot;}"
            :token="&quot;467590b922602d.zaeXM7S2WsN-vSQtQjIdUNr4RiuU1eHTpF839AyTvG4._vTvbNuPPbII5WNLellnabuhKG_jpamQ9hpZjUnx-C-O1e9W8ulphjLXUw&quot;"
            :login-logo-src="&quot;\/web\/images\/ohrm_logo.png&quot;"
            :login-banner-src="&quot;\/web\/images\/ohrm_branding.png?v=1775433284510&quot;"
            :show-social-media="true"
            :is-demo-mode="false"
            :authenticators="[]"
        >
    <template v-slot:footer>
        <div class="orangehrm-copyright-wrapper">
            <oxd-text tag="p" class="orangehrm-copyright">OrangeHRM OS 5.8.1</oxd-text>
<oxd-text tag="p" class="orangehrm-copyright">&copy; 2005 - 2026 <a href="http://www.orangehrm.com" target="_blank">OrangeHRM, Inc</a>. All rights reserved.</oxd-text>
        </div>
    </template>
    </auth-login>
    </div>
    <script type="text/javascript">
        window.appGlobal = {
          baseUrl: "/web/index.php",
          publicPath: "/web",
        };
    </script>
    <script src="/web/dist/js/chunk-vendors.js?v=1775433284510"></script>
    <script src="/web/dist/js/app.js?v=1775433284510"></script>
</body>
</html>

2026-06-01 22:31:22,072 - baseAutoHttp.py - INFO - 【01登录页面接口信息:login_api】接口调用结束

2026-06-01 22:31:22,072 - web_login_page.py - INFO - 【携带错误格式Token】断言成功
2026-06-01 22:31:22,072 - baseAutoHttp.py - INFO - 接口会话已关闭
2026-06-01 22:31:22,072 - test_web_ohrm.py - INFO - 【携带错误格式Token】用例执行成功
2026-06-01 22:31:22,079 - baseUtils.py - INFO - 配置文件读取成功：E:\develop\PythonProject\OrangeHRM\Config\配置文件.ini
2026-06-01 22:31:22,124 - baseAutoHttp.py - INFO - 【01登录页面接口信息:login_api】接口调用开始
2026-06-01 22:31:22,126 - baseData.py - INFO - 动态参数替换成功：{'_token': 'a6f14246.J6vdaB2J1r-HbP_mg4efCTdHTqQFnWDm2ouZkDesKgs.a_2KEE6w44vBIqC_1sHaUWIwNud25TOA68nW5QDrB0hhybAeSebm778byw', 'username': 'wrong', 'password': 'wrong'}
2026-06-01 22:31:22,126 - baseAutoHttp.py - INFO - 请求方式: POST
2026-06-01 22:31:22,126 - baseAutoHttp.py - INFO - 请求地址: http://127.0.0.1:8080/web/index.php/auth/validate
2026-06-01 22:31:22,126 - baseAutoHttp.py - INFO - 请求头: {'User-Agent': 'Mozilla/5.0 (Windows NT 10.0; Win64; x64) AppleWebKit/537.36 (KHTML, like Gecko) Chrome/148.0.0.0 Safari/537.36', 'Content-Type': 'application/x-www-form-urlencoded'}
2026-06-01 22:31:22,126 - baseAutoHttp.py - INFO - 请求参数: params=None | data={'_token': 'a6f14246.J6vdaB2J1r-HbP_mg4efCTdHTqQFnWDm2ouZkDesKgs.a_2KEE6w44vBIqC_1sHaUWIwNud25TOA68nW5QDrB0hhybAeSebm778byw', 'username': 'wrong', 'password': 'wrong'} | json=None
2026-06-01 22:31:22,233 - baseAutoHttp.py - INFO - 响应状态码: 200
2026-06-01 22:31:22,233 - baseAutoHttp.py - INFO - 响应耗时: 0.047593s
2026-06-01 22:31:22,234 - baseAutoHttp.py - INFO - 响应文本: <!DOCTYPE html>
<html>
<head>
  <meta charset="UTF-8">
  <meta http-equiv="X-UA-Compatible" content="IE=edge">
  <meta name="viewport" content="width=device-width,initial-scale=1">
  <title>OrangeHRM</title>
      <link rel="icon" href="/web/dist/favicon.ico?v=1775433284510">
    <link href="/web/dist/css/chunk-vendors.css?v=1775433284510" rel="preload" as="style">
    <link href="/web/dist/css/app.css?v=1775433284510" rel="preload" as="style">
    <link href="/web/dist/js/chunk-vendors.js?v=1775433284510" rel="preload" as="script">
    <link href="/web/dist/js/app.js?v=1775433284510" rel="preload" as="script">
      <link href="/web/dist/css/chunk-vendors.css?v=1775433284510" rel="stylesheet"/>
    <link href="/web/dist/css/app.css?v=1775433284510" rel="stylesheet"/>
</head>
<body>
  <style>
    :root {
            --oxd-primary-one-color:#FF7B1D;
            --oxd-primary-font-color:#FFFFFF;
            --oxd-secondary-four-color:#76BC21;
            --oxd-secondary-font-color:#FFFFFF;
            --oxd-primary-gradient-start-color:#FF920B;
            --oxd-primary-gradient-end-color:#F35C17;
            --oxd-secondary-gradient-start-color:#FF920B;
            --oxd-secondary-gradient-end-color:#F35C17;
            --oxd-primary-one-lighten-5-color:#ff8a37;
            --oxd-primary-one-lighten-30-color:#ffd4b6;
            --oxd-primary-one-darken-5-color:#ff6c03;
            --oxd-primary-one-alpha-10-color:rgba(255, 123, 29, 0.1);
            --oxd-primary-one-alpha-15-color:rgba(255, 123, 29, 0.15);
            --oxd-primary-one-alpha-20-color:rgba(255, 123, 29, 0.2);
            --oxd-primary-one-alpha-50-color:rgba(255, 123, 29, 0.5);
            --oxd-secondary-four-lighten-5-color:#84d225;
            --oxd-secondary-four-darken-5-color:#68a61d;
            --oxd-secondary-four-alpha-10-color:rgba(118, 188, 33, 0.1);
            --oxd-secondary-four-alpha-15-color:rgba(118, 188, 33, 0.15);
            --oxd-secondary-four-alpha-20-color:rgba(118, 188, 33, 0.2);
            --oxd-secondary-four-alpha-50-color:rgba(118, 188, 33, 0.5);
        }
  </style>
    <noscript>
        <strong>
            We're sorry but orangehrm doesn't work properly without JavaScript enabled. Please enable it to continue.
        </strong>
    </noscript>

    <div id="app">
    <auth-login
            :error="{&quot;error&quot;:&quot;invalid_credentials&quot;,&quot;message&quot;:&quot;Invalid credentials&quot;}"
            :token="&quot;76a982e9e.6PyNow-R9HfWJws6geONAnXmLMxHF1RvWj46W-JV8xg.pKra21yowUOQaVRj1KXIWiCRVI80bwcJa3x1LtUS3luunuDVW_7EJ-5QPw&quot;"
            :login-logo-src="&quot;\/web\/images\/ohrm_logo.png&quot;"
            :login-banner-src="&quot;\/web\/images\/ohrm_branding.png?v=1775433284510&quot;"
            :show-social-media="true"
            :is-demo-mode="false"
            :authenticators="[]"
        >
    <template v-slot:footer>
        <div class="orangehrm-copyright-wrapper">
            <oxd-text tag="p" class="orangehrm-copyright">OrangeHRM OS 5.8.1</oxd-text>
<oxd-text tag="p" class="orangehrm-copyright">&copy; 2005 - 2026 <a href="http://www.orangehrm.com" target="_blank">OrangeHRM, Inc</a>. All rights reserved.</oxd-text>
        </div>
    </template>
    </auth-login>
    </div>
    <script type="text/javascript">
        window.appGlobal = {
          baseUrl: "/web/index.php",
          publicPath: "/web",
        };
    </script>
    <script src="/web/dist/js/chunk-vendors.js?v=1775433284510"></script>
    <script src="/web/dist/js/app.js?v=1775433284510"></script>
</body>
</html>

2026-06-01 22:31:22,234 - baseAutoHttp.py - INFO - 【01登录页面接口信息:login_api】接口调用结束

2026-06-01 22:31:22,234 - web_login_page.py - INFO - 【wrong/wrong】断言成功
2026-06-01 22:31:22,234 - baseAutoHttp.py - INFO - 接口会话已关闭
2026-06-01 22:31:22,234 - test_web_ohrm.py - INFO - 【错误用户名/密码】用例执行成功
2026-06-01 22:31:22,241 - baseUtils.py - INFO - 配置文件读取成功：E:\develop\PythonProject\OrangeHRM\Config\配置文件.ini
2026-06-01 22:31:22,290 - baseAutoHttp.py - INFO - 【01登录页面接口信息:login_api】接口调用开始
2026-06-01 22:31:22,291 - baseData.py - INFO - 动态参数替换成功：{'_token': '5587eb769d70434fead32d8d593f2774.Py90OlpZo3c27tDzF1w3eZZ79u-fPqrGMtFweUETlZ8.RXwkeRIJz0NGqYrFWRBwTP8_vKXNT_mRYJ03FgAg9PtUQyx3N22UDlOr4A', 'username': '', 'password': 'Keepmoving624.'}
2026-06-01 22:31:22,291 - baseAutoHttp.py - INFO - 请求方式: POST
2026-06-01 22:31:22,291 - baseAutoHttp.py - INFO - 请求地址: http://127.0.0.1:8080/web/index.php/auth/validate
2026-06-01 22:31:22,291 - baseAutoHttp.py - INFO - 请求头: {'User-Agent': 'Mozilla/5.0 (Windows NT 10.0; Win64; x64) AppleWebKit/537.36 (KHTML, like Gecko) Chrome/148.0.0.0 Safari/537.36', 'Content-Type': 'application/x-www-form-urlencoded'}
2026-06-01 22:31:22,291 - baseAutoHttp.py - INFO - 请求参数: params=None | data={'_token': '5587eb769d70434fead32d8d593f2774.Py90OlpZo3c27tDzF1w3eZZ79u-fPqrGMtFweUETlZ8.RXwkeRIJz0NGqYrFWRBwTP8_vKXNT_mRYJ03FgAg9PtUQyx3N22UDlOr4A', 'username': '', 'password': 'Keepmoving624.'} | json=None
2026-06-01 22:31:22,421 - baseAutoHttp.py - INFO - 响应状态码: 200
2026-06-01 22:31:22,421 - baseAutoHttp.py - INFO - 响应耗时: 0.065601s
2026-06-01 22:31:22,421 - baseAutoHttp.py - INFO - 响应文本: <!DOCTYPE html>
<html>
<head>
  <meta charset="UTF-8">
  <meta http-equiv="X-UA-Compatible" content="IE=edge">
  <meta name="viewport" content="width=device-width,initial-scale=1">
  <title>OrangeHRM</title>
      <link rel="icon" href="/web/dist/favicon.ico?v=1775433284510">
    <link href="/web/dist/css/chunk-vendors.css?v=1775433284510" rel="preload" as="style">
    <link href="/web/dist/css/app.css?v=1775433284510" rel="preload" as="style">
    <link href="/web/dist/js/chunk-vendors.js?v=1775433284510" rel="preload" as="script">
    <link href="/web/dist/js/app.js?v=1775433284510" rel="preload" as="script">
      <link href="/web/dist/css/chunk-vendors.css?v=1775433284510" rel="stylesheet"/>
    <link href="/web/dist/css/app.css?v=1775433284510" rel="stylesheet"/>
</head>
<body>
  <style>
    :root {
            --oxd-primary-one-color:#FF7B1D;
            --oxd-primary-font-color:#FFFFFF;
            --oxd-secondary-four-color:#76BC21;
            --oxd-secondary-font-color:#FFFFFF;
            --oxd-primary-gradient-start-color:#FF920B;
            --oxd-primary-gradient-end-color:#F35C17;
            --oxd-secondary-gradient-start-color:#FF920B;
            --oxd-secondary-gradient-end-color:#F35C17;
            --oxd-primary-one-lighten-5-color:#ff8a37;
            --oxd-primary-one-lighten-30-color:#ffd4b6;
            --oxd-primary-one-darken-5-color:#ff6c03;
            --oxd-primary-one-alpha-10-color:rgba(255, 123, 29, 0.1);
            --oxd-primary-one-alpha-15-color:rgba(255, 123, 29, 0.15);
            --oxd-primary-one-alpha-20-color:rgba(255, 123, 29, 0.2);
            --oxd-primary-one-alpha-50-color:rgba(255, 123, 29, 0.5);
            --oxd-secondary-four-lighten-5-color:#84d225;
            --oxd-secondary-four-darken-5-color:#68a61d;
            --oxd-secondary-four-alpha-10-color:rgba(118, 188, 33, 0.1);
            --oxd-secondary-four-alpha-15-color:rgba(118, 188, 33, 0.15);
            --oxd-secondary-four-alpha-20-color:rgba(118, 188, 33, 0.2);
            --oxd-secondary-four-alpha-50-color:rgba(118, 188, 33, 0.5);
        }
  </style>
    <noscript>
        <strong>
            We're sorry but orangehrm doesn't work properly without JavaScript enabled. Please enable it to continue.
        </strong>
    </noscript>

    <div id="app">
    <auth-login
            :error="{&quot;error&quot;:&quot;invalid_credentials&quot;,&quot;message&quot;:&quot;Invalid credentials&quot;}"
            :token="&quot;cdb98c2bb5c4b0d90ae74d71a.-PI70DKpF0GyCGIHww1oNfeFpmB5p4rTbTlofWr39Go.gqFrk3r5e3XCTzgxjUEvAJ7B7Cor1tmEP3UvEivElQ6TnmOdX50gONdNUg&quot;"
            :login-logo-src="&quot;\/web\/images\/ohrm_logo.png&quot;"
            :login-banner-src="&quot;\/web\/images\/ohrm_branding.png?v=1775433284510&quot;"
            :show-social-media="true"
            :is-demo-mode="false"
            :authenticators="[]"
        >
    <template v-slot:footer>
        <div class="orangehrm-copyright-wrapper">
            <oxd-text tag="p" class="orangehrm-copyright">OrangeHRM OS 5.8.1</oxd-text>
<oxd-text tag="p" class="orangehrm-copyright">&copy; 2005 - 2026 <a href="http://www.orangehrm.com" target="_blank">OrangeHRM, Inc</a>. All rights reserved.</oxd-text>
        </div>
    </template>
    </auth-login>
    </div>
    <script type="text/javascript">
        window.appGlobal = {
          baseUrl: "/web/index.php",
          publicPath: "/web",
        };
    </script>
    <script src="/web/dist/js/chunk-vendors.js?v=1775433284510"></script>
    <script src="/web/dist/js/app.js?v=1775433284510"></script>
</body>
</html>

2026-06-01 22:31:22,421 - baseAutoHttp.py - INFO - 【01登录页面接口信息:login_api】接口调用结束

2026-06-01 22:31:22,421 - web_login_page.py - INFO - 【空用户名/Keepmoving624.】断言成功
2026-06-01 22:31:22,422 - baseAutoHttp.py - INFO - 接口会话已关闭
2026-06-01 22:31:22,422 - test_web_ohrm.py - INFO - 【用户名为空】用例执行成功
2026-06-01 22:31:22,428 - baseUtils.py - INFO - 配置文件读取成功：E:\develop\PythonProject\OrangeHRM\Config\配置文件.ini
2026-06-01 22:31:22,475 - baseAutoHttp.py - INFO - 【01登录页面接口信息:login_api】接口调用开始
2026-06-01 22:31:22,477 - baseData.py - INFO - 动态参数替换成功：{'_token': '23f8.Qz-DuAYC2Zp5bn21qhevPGZPsTQkdXsyMlc1wlkZcRw.C1zW0j5WhuoaGkzYxSaXUCgE8gxNOApCQQRqti1dBlURCfDuNUnr3R0APA', 'username': 'admin', 'password': ''}
2026-06-01 22:31:22,477 - baseAutoHttp.py - INFO - 请求方式: POST
2026-06-01 22:31:22,477 - baseAutoHttp.py - INFO - 请求地址: http://127.0.0.1:8080/web/index.php/auth/validate
2026-06-01 22:31:22,477 - baseAutoHttp.py - INFO - 请求头: {'User-Agent': 'Mozilla/5.0 (Windows NT 10.0; Win64; x64) AppleWebKit/537.36 (KHTML, like Gecko) Chrome/148.0.0.0 Safari/537.36', 'Content-Type': 'application/x-www-form-urlencoded'}
2026-06-01 22:31:22,477 - baseAutoHttp.py - INFO - 请求参数: params=None | data={'_token': '23f8.Qz-DuAYC2Zp5bn21qhevPGZPsTQkdXsyMlc1wlkZcRw.C1zW0j5WhuoaGkzYxSaXUCgE8gxNOApCQQRqti1dBlURCfDuNUnr3R0APA', 'username': 'admin', 'password': ''} | json=None
2026-06-01 22:31:22,770 - baseAutoHttp.py - INFO - 响应状态码: 200
2026-06-01 22:31:22,770 - baseAutoHttp.py - INFO - 响应耗时: 0.058667s
2026-06-01 22:31:22,770 - baseAutoHttp.py - INFO - 响应文本: <!DOCTYPE html>
<html>
<head>
  <meta charset="UTF-8">
  <meta http-equiv="X-UA-Compatible" content="IE=edge">
  <meta name="viewport" content="width=device-width,initial-scale=1">
  <title>OrangeHRM</title>
      <link rel="icon" href="/web/dist/favicon.ico?v=1775433284510">
    <link href="/web/dist/css/chunk-vendors.css?v=1775433284510" rel="preload" as="style">
    <link href="/web/dist/css/app.css?v=1775433284510" rel="preload" as="style">
    <link href="/web/dist/js/chunk-vendors.js?v=1775433284510" rel="preload" as="script">
    <link href="/web/dist/js/app.js?v=1775433284510" rel="preload" as="script">
      <link href="/web/dist/css/chunk-vendors.css?v=1775433284510" rel="stylesheet"/>
    <link href="/web/dist/css/app.css?v=1775433284510" rel="stylesheet"/>
</head>
<body>
  <style>
    :root {
            --oxd-primary-one-color:#FF7B1D;
            --oxd-primary-font-color:#FFFFFF;
            --oxd-secondary-four-color:#76BC21;
            --oxd-secondary-font-color:#FFFFFF;
            --oxd-primary-gradient-start-color:#FF920B;
            --oxd-primary-gradient-end-color:#F35C17;
            --oxd-secondary-gradient-start-color:#FF920B;
            --oxd-secondary-gradient-end-color:#F35C17;
            --oxd-primary-one-lighten-5-color:#ff8a37;
            --oxd-primary-one-lighten-30-color:#ffd4b6;
            --oxd-primary-one-darken-5-color:#ff6c03;
            --oxd-primary-one-alpha-10-color:rgba(255, 123, 29, 0.1);
            --oxd-primary-one-alpha-15-color:rgba(255, 123, 29, 0.15);
            --oxd-primary-one-alpha-20-color:rgba(255, 123, 29, 0.2);
            --oxd-primary-one-alpha-50-color:rgba(255, 123, 29, 0.5);
            --oxd-secondary-four-lighten-5-color:#84d225;
            --oxd-secondary-four-darken-5-color:#68a61d;
            --oxd-secondary-four-alpha-10-color:rgba(118, 188, 33, 0.1);
            --oxd-secondary-four-alpha-15-color:rgba(118, 188, 33, 0.15);
            --oxd-secondary-four-alpha-20-color:rgba(118, 188, 33, 0.2);
            --oxd-secondary-four-alpha-50-color:rgba(118, 188, 33, 0.5);
        }
  </style>
    <noscript>
        <strong>
            We're sorry but orangehrm doesn't work properly without JavaScript enabled. Please enable it to continue.
        </strong>
    </noscript>

    <div id="app">
    <auth-login
            :error="{&quot;error&quot;:&quot;invalid_credentials&quot;,&quot;message&quot;:&quot;Invalid credentials&quot;}"
            :token="&quot;92a5dc23b296.qwhkGuS2TqTSa0OGlXs5lALPtyBKsXabV-WOCN6ItEs.42sxcNziEdSxH3Lr-koB-EyE9Bgj_AfrJLbRfKrMwwL5PhdM1_1847YFAg&quot;"
            :login-logo-src="&quot;\/web\/images\/ohrm_logo.png&quot;"
            :login-banner-src="&quot;\/web\/images\/ohrm_branding.png?v=1775433284510&quot;"
            :show-social-media="true"
            :is-demo-mode="false"
            :authenticators="[]"
        >
    <template v-slot:footer>
        <div class="orangehrm-copyright-wrapper">
            <oxd-text tag="p" class="orangehrm-copyright">OrangeHRM OS 5.8.1</oxd-text>
<oxd-text tag="p" class="orangehrm-copyright">&copy; 2005 - 2026 <a href="http://www.orangehrm.com" target="_blank">OrangeHRM, Inc</a>. All rights reserved.</oxd-text>
        </div>
    </template>
    </auth-login>
    </div>
    <script type="text/javascript">
        window.appGlobal = {
          baseUrl: "/web/index.php",
          publicPath: "/web",
        };
    </script>
    <script src="/web/dist/js/chunk-vendors.js?v=1775433284510"></script>
    <script src="/web/dist/js/app.js?v=1775433284510"></script>
</body>
</html>

2026-06-01 22:31:22,771 - baseAutoHttp.py - INFO - 【01登录页面接口信息:login_api】接口调用结束

2026-06-01 22:31:22,771 - web_login_page.py - INFO - 【admin/空密码】断言成功
2026-06-01 22:31:22,771 - baseAutoHttp.py - INFO - 接口会话已关闭
2026-06-01 22:31:22,771 - test_web_ohrm.py - INFO - 【密码为空】用例执行成功
2026-06-01 22:31:23,184 - baseDB.py - INFO - ✅ MySQL 数据库连接成功
2026-06-01 22:31:23,184 - conftest - INFO - ✅ conftest: 获取数据库连接（MysqlHelp）
2026-06-01 22:31:23,186 - baseUtils.py - INFO - 配置文件读取成功：E:\develop\PythonProject\OrangeHRM\Config\配置文件.ini
2026-06-01 22:31:23,604 - baseUtils.py - INFO - 配置文件读取成功：E:\develop\PythonProject\OrangeHRM\Config\配置文件.ini
2026-06-01 22:31:23,662 - baseUtils.py - INFO - 配置文件读取成功：E:\develop\PythonProject\OrangeHRM\Config\配置文件.ini
2026-06-01 22:31:23,721 - baseUtils.py - INFO - 配置文件读取成功：E:\develop\PythonProject\OrangeHRM\Config\配置文件.ini
2026-06-01 22:31:23,802 - baseAutoHttp.py - INFO - 【03查询员工页面:select_employee】接口调用开始
2026-06-01 22:31:23,805 - baseAutoHttp.py - INFO - 请求方式: GET
2026-06-01 22:31:23,805 - baseAutoHttp.py - INFO - 请求地址: http://127.0.0.1:8080/web/index.php/api/v2/pim/employees
2026-06-01 22:31:23,805 - baseAutoHttp.py - INFO - 请求头: {'User-Agent': 'Mozilla/5.0 (Windows NT 10.0; Win64; x64) AppleWebKit/537.36 (KHTML, like Gecko) Chrome/148.0.0.0 Safari/537.36'}
2026-06-01 22:31:23,805 - baseAutoHttp.py - INFO - 请求参数: params={'limit': '50', 'offset': '0', 'model': 'detailed', 'includeEmployees': 'onlyCurrent', 'sortField': 'employee.firstName', 'sortOrder': 'ASC'} | data=None | json=None
2026-06-01 22:31:23,907 - baseAutoHttp.py - INFO - 响应状态码: 200
2026-06-01 22:31:23,907 - baseAutoHttp.py - INFO - 响应耗时: 0.101112s
2026-06-01 22:31:23,908 - baseAutoHttp.py - INFO - 响应JSON: {'data': [{'empNumber': 2, 'lastName': 'oo', 'firstName': 'hh', 'middleName': '', 'employeeId': '0002', 'terminationId': None, 'jobTitle': {'id': None, 'title': None, 'isDeleted': None}, 'subunit': {'id': None, 'name': None}, 'empStatus': {'id': None, 'name': None}, 'supervisors': []}, {'empNumber': 5, 'lastName': 'Doe', 'firstName': 'John', 'middleName': '', 'employeeId': '1001', 'terminationId': None, 'jobTitle': {'id': None, 'title': None, 'isDeleted': None}, 'subunit': {'id': None, 'name': None}, 'empStatus': {'id': None, 'name': None}, 'supervisors': []}, {'empNumber': 6, 'lastName': 'pp', 'firstName': 'kk', 'middleName': '', 'employeeId': '1002', 'terminationId': None, 'jobTitle': {'id': None, 'title': None, 'isDeleted': None}, 'subunit': {'id': None, 'name': None}, 'empStatus': {'id': None, 'name': None}, 'supervisors': []}, {'empNumber': 14, 'lastName': 'll', 'firstName': 'kk', 'middleName': '', 'employeeId': '0014', 'terminationId': None, 'jobTitle': {'id': None, 'title': None, 'isDeleted': None}, 'subunit': {'id': None, 'name': None}, 'empStatus': {'id': None, 'name': None}, 'supervisors': []}, {'empNumber': 16, 'lastName': 'pp', 'firstName': 'ww', 'middleName': '', 'employeeId': '0016', 'terminationId': None, 'jobTitle': {'id': None, 'title': None, 'isDeleted': None}, 'subunit': {'id': None, 'name': None}, 'empStatus': {'id': None, 'name': None}, 'supervisors': []}, {'empNumber': 17, 'lastName': 'ss', 'firstName': 'zz', 'middleName': '', 'employeeId': '1009', 'terminationId': None, 'jobTitle': {'id': None, 'title': None, 'isDeleted': None}, 'subunit': {'id': None, 'name': None}, 'empStatus': {'id': None, 'name': None}, 'supervisors': []}, {'empNumber': 1, 'lastName': '安', 'firstName': '谢', 'middleName': '', 'employeeId': '0001', 'terminationId': None, 'jobTitle': {'id': None, 'title': None, 'isDeleted': None}, 'subunit': {'id': None, 'name': None}, 'empStatus': {'id': None, 'name': None}, 'supervisors': []}], 'meta': {'total': 7}, 'rels': []}
2026-06-01 22:31:23,908 - baseAutoHttp.py - INFO - 【03查询员工页面:select_employee】接口调用结束

2026-06-01 22:31:23,908 - test_web_ohrm.py - INFO - ☑️ 查询员工列表成功，返回 7 条
2026-06-01 22:31:23,913 - baseUtils.py - INFO - 配置文件读取成功：E:\develop\PythonProject\OrangeHRM\Config\配置文件.ini
2026-06-01 22:31:23,914 - baseAutoHttp.py - INFO - 【03查询员工页面:select_query】接口调用开始
2026-06-01 22:31:23,916 - baseData.py - INFO - 动态参数替换成功：{'employeeId': '1001'}
2026-06-01 22:31:23,916 - baseAutoHttp.py - INFO - 请求方式: GET
2026-06-01 22:31:23,916 - baseAutoHttp.py - INFO - 请求地址: http://127.0.0.1:8080/web/index.php/api/v2/pim/employees
2026-06-01 22:31:23,916 - baseAutoHttp.py - INFO - 请求头: {'User-Agent': 'Mozilla/5.0 (Windows NT 10.0; Win64; x64) AppleWebKit/537.36 (KHTML, like Gecko) Chrome/148.0.0.0 Safari/537.36', 'Referer': 'http://127.0.0.1:8080/web/index.php/pim/viewEmployeeList'}
2026-06-01 22:31:23,916 - baseAutoHttp.py - INFO - 请求参数: params={'limit': '50', 'offset': '0', 'model': 'detailed', 'employeeId': '1001', 'includeEmployees': 'onlyCurrent', 'sortField': 'employee.firstName', 'sortOrder': 'ASC'} | data=None | json=None
2026-06-01 22:31:24,001 - baseAutoHttp.py - INFO - 响应状态码: 200
2026-06-01 22:31:24,001 - baseAutoHttp.py - INFO - 响应耗时: 0.083149s
2026-06-01 22:31:24,001 - baseAutoHttp.py - INFO - 响应JSON: {'data': [{'empNumber': 5, 'lastName': 'Doe', 'firstName': 'John', 'middleName': '', 'employeeId': '1001', 'terminationId': None, 'jobTitle': {'id': None, 'title': None, 'isDeleted': None}, 'subunit': {'id': None, 'name': None}, 'empStatus': {'id': None, 'name': None}, 'supervisors': []}], 'meta': {'total': 1}, 'rels': []}
2026-06-01 22:31:24,001 - baseAutoHttp.py - INFO - 【03查询员工页面:select_query】接口调用结束

2026-06-01 22:31:24,001 - test_web_ohrm.py - INFO - ☑️【指定查询用例】执行完毕
2026-06-01 22:31:24,008 - baseUtils.py - INFO - 配置文件读取成功：E:\develop\PythonProject\OrangeHRM\Config\配置文件.ini
2026-06-01 22:31:24,008 - baseAutoHttp.py - INFO - 【03查询员工页面:select_query】接口调用开始
2026-06-01 22:31:24,010 - baseData.py - INFO - 动态参数替换成功：{'employeeId': '9999'}
2026-06-01 22:31:24,010 - baseAutoHttp.py - INFO - 请求方式: GET
2026-06-01 22:31:24,011 - baseAutoHttp.py - INFO - 请求地址: http://127.0.0.1:8080/web/index.php/api/v2/pim/employees
2026-06-01 22:31:24,011 - baseAutoHttp.py - INFO - 请求头: {'User-Agent': 'Mozilla/5.0 (Windows NT 10.0; Win64; x64) AppleWebKit/537.36 (KHTML, like Gecko) Chrome/148.0.0.0 Safari/537.36', 'Referer': 'http://127.0.0.1:8080/web/index.php/pim/viewEmployeeList'}
2026-06-01 22:31:24,011 - baseAutoHttp.py - INFO - 请求参数: params={'limit': '50', 'offset': '0', 'model': 'detailed', 'employeeId': '9999', 'includeEmployees': 'onlyCurrent', 'sortField': 'employee.firstName', 'sortOrder': 'ASC'} | data=None | json=None
2026-06-01 22:31:24,088 - baseAutoHttp.py - INFO - 响应状态码: 200
2026-06-01 22:31:24,088 - baseAutoHttp.py - INFO - 响应耗时: 0.076185s
2026-06-01 22:31:24,088 - baseAutoHttp.py - INFO - 响应JSON: {'data': [], 'meta': {'total': 0}, 'rels': []}
2026-06-01 22:31:24,088 - baseAutoHttp.py - INFO - 【03查询员工页面:select_query】接口调用结束

2026-06-01 22:31:24,088 - test_web_ohrm.py - INFO - ☑️【指定查询用例】执行完毕
2026-06-01 22:31:24,095 - baseUtils.py - INFO - 配置文件读取成功：E:\develop\PythonProject\OrangeHRM\Config\配置文件.ini
2026-06-01 22:31:24,119 - baseDB.py - INFO - ✅ MySQL 数据库连接成功
2026-06-01 22:31:24,121 - baseAutoHttp.py - INFO - 【04更新员工:update_employee】接口调用开始
2026-06-01 22:31:24,123 - baseData.py - INFO - 动态参数替换成功：{'firstName': 'John', 'lastName': 'Doe', 'employeeId': '1001'}
2026-06-01 22:31:24,124 - baseAutoHttp.py - INFO - 请求方式: PUT
2026-06-01 22:31:24,124 - baseAutoHttp.py - INFO - 请求地址: http://127.0.0.1:8080/web/index.php/api/v2/pim/employees/5/personal-details
2026-06-01 22:31:24,124 - baseAutoHttp.py - INFO - 请求头: {'User-Agent': 'Mozilla/5.0 (Windows NT 10.0; Win64; x64) AppleWebKit/537.36 (KHTML, like Gecko) Chrome/148.0.0.0 Safari/537.36', 'Content-Type': 'application/json', 'Referer': 'http://127.0.0.1:8080/web/index.php/pim/viewPersonalDetails/empNumber/5', 'Origin': 'http://127.0.0.1:8080'}
2026-06-01 22:31:24,124 - baseAutoHttp.py - INFO - 请求参数: params=None | data=None | json={'birthday': None, 'drivingLicenseExpiredDate': None, 'drivingLicenseNo': None, 'employeeId': '1001', 'firstName': 'John', 'gender': None, 'lastName': 'Doe', 'middleName': None, 'otherId': None}
2026-06-01 22:31:24,177 - baseAutoHttp.py - INFO - 响应状态码: 500
2026-06-01 22:31:24,177 - baseAutoHttp.py - INFO - 响应耗时: 0.052052s
2026-06-01 22:31:24,177 - baseAutoHttp.py - INFO - 响应JSON: {'error': {'status': '500', 'message': 'Unexpected Error Occurred'}}
2026-06-01 22:31:24,177 - baseAutoHttp.py - INFO - 【04更新员工:update_employee】接口调用结束

2026-06-01 22:31:24,184 - baseDB.py - INFO - ✅ MySQL 数据库连接成功
2026-06-01 22:31:24,188 - baseDB.py - INFO - ✅ MySQL 执行成功，事务已提交
2026-06-01 22:31:24,188 - baseDB.py - INFO - 🔌 MySQL 连接已关闭
2026-06-01 22:31:24,209 - baseDB.py - INFO - ✅ MySQL 数据库连接成功
2026-06-01 22:31:24,223 - baseUtils.py - INFO - 配置文件读取成功：E:\develop\PythonProject\OrangeHRM\Config\配置文件.ini
2026-06-01 22:31:24,225 - baseUtils.py - INFO - 配置文件读取成功：E:\develop\PythonProject\OrangeHRM\Config\配置文件.ini
2026-06-01 22:31:24,225 - baseAutoHttp.py - INFO - 【03查询员工页面:select_query】接口调用开始
2026-06-01 22:31:24,227 - baseData.py - INFO - 动态参数替换成功：{'employeeId': '0004'}
2026-06-01 22:31:24,227 - baseAutoHttp.py - INFO - 请求方式: GET
2026-06-01 22:31:24,227 - baseAutoHttp.py - INFO - 请求地址: http://127.0.0.1:8080/web/index.php/api/v2/pim/employees
2026-06-01 22:31:24,227 - baseAutoHttp.py - INFO - 请求头: {'User-Agent': 'Mozilla/5.0 (Windows NT 10.0; Win64; x64) AppleWebKit/537.36 (KHTML, like Gecko) Chrome/148.0.0.0 Safari/537.36', 'Referer': 'http://127.0.0.1:8080/web/index.php/pim/viewEmployeeList'}
2026-06-01 22:31:24,228 - baseAutoHttp.py - INFO - 请求参数: params={'limit': '50', 'offset': '0', 'model': 'detailed', 'employeeId': '0004', 'includeEmployees': 'onlyCurrent', 'sortField': 'employee.firstName', 'sortOrder': 'ASC'} | data=None | json=None
2026-06-01 22:31:24,301 - baseAutoHttp.py - INFO - 响应状态码: 200
2026-06-01 22:31:24,301 - baseAutoHttp.py - INFO - 响应耗时: 0.072079s
2026-06-01 22:31:24,301 - baseAutoHttp.py - INFO - 响应JSON: {'data': [], 'meta': {'total': 0}, 'rels': []}
2026-06-01 22:31:24,301 - baseAutoHttp.py - INFO - 【03查询员工页面:select_query】接口调用结束

2026-06-01 22:31:24,307 - baseDB.py - INFO - ✅ MySQL 数据库连接成功
2026-06-01 22:31:24,323 - baseUtils.py - INFO - 配置文件读取成功：E:\develop\PythonProject\OrangeHRM\Config\配置文件.ini
2026-06-01 22:31:24,324 - baseUtils.py - INFO - 配置文件读取成功：E:\develop\PythonProject\OrangeHRM\Config\配置文件.ini
2026-06-01 22:31:24,324 - baseAutoHttp.py - INFO - 【03查询员工页面:select_query】接口调用开始
2026-06-01 22:31:24,326 - baseData.py - INFO - 动态参数替换成功：{'employeeId': '9999'}
2026-06-01 22:31:24,326 - baseAutoHttp.py - INFO - 请求方式: GET
2026-06-01 22:31:24,326 - baseAutoHttp.py - INFO - 请求地址: http://127.0.0.1:8080/web/index.php/api/v2/pim/employees
2026-06-01 22:31:24,326 - baseAutoHttp.py - INFO - 请求头: {'User-Agent': 'Mozilla/5.0 (Windows NT 10.0; Win64; x64) AppleWebKit/537.36 (KHTML, like Gecko) Chrome/148.0.0.0 Safari/537.36', 'Referer': 'http://127.0.0.1:8080/web/index.php/pim/viewEmployeeList'}
2026-06-01 22:31:24,327 - baseAutoHttp.py - INFO - 请求参数: params={'limit': '50', 'offset': '0', 'model': 'detailed', 'employeeId': '9999', 'includeEmployees': 'onlyCurrent', 'sortField': 'employee.firstName', 'sortOrder': 'ASC'} | data=None | json=None
2026-06-01 22:31:24,391 - baseAutoHttp.py - INFO - 响应状态码: 200
2026-06-01 22:31:24,392 - baseAutoHttp.py - INFO - 响应耗时: 0.06354s
2026-06-01 22:31:24,392 - baseAutoHttp.py - INFO - 响应JSON: {'data': [], 'meta': {'total': 0}, 'rels': []}
2026-06-01 22:31:24,392 - baseAutoHttp.py - INFO - 【03查询员工页面:select_query】接口调用结束

2026-06-01 22:31:24,411 - baseDB.py - INFO - ✅ MySQL 数据库连接成功
2026-06-01 22:31:24,413 - test_web_ohrm.py - INFO - ☑️【删除员工】用例执行成功
2026-06-01 22:31:24,420 - baseUtils.py - INFO - 配置文件读取成功：E:\develop\PythonProject\OrangeHRM\Config\配置文件.ini
2026-06-01 22:31:24,420 - baseAutoHttp.py - INFO - 【06未登录访问员工接口:employee】接口调用开始
2026-06-01 22:31:24,422 - baseAutoHttp.py - INFO - 请求方式: GET
2026-06-01 22:31:24,422 - baseAutoHttp.py - INFO - 请求地址: http://127.0.0.1:8080/web/index.php/pim/viewEmployeeList
2026-06-01 22:31:24,422 - baseAutoHttp.py - INFO - 请求头: {'User-Agent': 'Mozilla/5.0 (Windows NT 10.0; Win64; x64) AppleWebKit/537.36 (KHTML, like Gecko) Chrome/148.0.0.0 Safari/537.36'}
2026-06-01 22:31:24,422 - baseAutoHttp.py - INFO - 请求参数: params={'includeEmployees': 'onlyCurrent', 'limit': '50', 'model': 'detailed', 'offset': '0', 'sortField': 'employee.firstName', 'sortOrder': 'ASC'} | data=None | json=None
2026-06-01 22:31:24,475 - baseAutoHttp.py - INFO - 响应状态码: 302
2026-06-01 22:31:24,475 - baseAutoHttp.py - INFO - 响应耗时: 0.051144s
2026-06-01 22:31:24,476 - baseAutoHttp.py - INFO - 响应文本: <!DOCTYPE html>
<html>
    <head>
        <meta charset="UTF-8" />
        <meta http-equiv="refresh" content="0;url='http://127.0.0.1:8080/web/index.php/auth/login'" />

        <title>Redirecting to http://127.0.0.1:8080/web/index.php/auth/login</title>
    </head>
    <body>
        Redirecting to <a href="http://127.0.0.1:8080/web/index.php/auth/login">http://127.0.0.1:8080/web/index.php/auth/login</a>.
    </body>
</html>
2026-06-01 22:31:24,476 - baseAutoHttp.py - INFO - 【06未登录访问员工接口:employee】接口调用结束

2026-06-01 22:31:24,866 - baseUtils.py - INFO - 配置文件读取成功：E:\develop\PythonProject\OrangeHRM\Config\配置文件.ini
2026-06-01 22:31:24,867 - baseAutoHttp.py - INFO - 【07非管理员登录:employee_login】接口调用开始
2026-06-01 22:31:24,868 - baseData.py - INFO - 动态参数替换成功：{'firstName': 'cc', 'lastName': 'dd', 'employeeId': '1010'}
2026-06-01 22:31:24,868 - baseAutoHttp.py - INFO - 请求方式: POST
2026-06-01 22:31:24,868 - baseAutoHttp.py - INFO - 请求地址: http://127.0.0.1:8080/web/index.php/api/v2/pim/employees
2026-06-01 22:31:24,869 - baseAutoHttp.py - INFO - 请求头: {'User-Agent': 'Mozilla/5.0 (Windows NT 10.0; Win64; x64) AppleWebKit/537.36 (KHTML, like Gecko) Chrome/148.0.0.0 Safari/537.36', 'Content-Type': 'application/json', 'Origin': 'http://127.0.0.1:8080', 'Referer': 'http://127.0.0.1:8080/web/index.php/pim/addEmployee'}
2026-06-01 22:31:24,869 - baseAutoHttp.py - INFO - 请求参数: params=None | data=None | json={'employeeId': '1010', 'empPicture': None, 'firstName': 'cc', 'lastName': 'dd', 'middleName': None}
2026-06-01 22:31:24,934 - baseAutoHttp.py - INFO - 响应状态码: 403
2026-06-01 22:31:24,934 - baseAutoHttp.py - INFO - 响应耗时: 0.064237s
2026-06-01 22:31:24,934 - baseAutoHttp.py - INFO - 响应JSON: {'error': {'status': 403, 'message': 'Unauthorized'}}
2026-06-01 22:31:24,934 - baseAutoHttp.py - INFO - 【07非管理员登录:employee_login】接口调用结束

2026-06-01 22:31:24,934 - test_web_ohrm.py - INFO - ☑️【非管理员账号操作员工】用例执行成功
2026-06-01 22:31:27,284 - run.py - INFO - ✅ Allure报告生成成功：E:\develop\PythonProject\OrangeHRM\Reports\ALLURE\Report
2026-06-01 22:31:27,294 - run.py - INFO - ✅ 报告查看器已生成：E:\develop\PythonProject\OrangeHRM\Reports\ALLURE\Report\双击查看报告.bat
2026-06-01 22:31:27,407 - run.py - INFO - ✅ 报告压缩包已生成：E:\develop\PythonProject\OrangeHRM\Reports\ALLURE\allure_report.zip
2026-06-01 22:31:27,427 - baseUtils.py - INFO - 目录文件清空完成：E:\develop\PythonProject\OrangeHRM\Reports\ALLURE\Result
2026-06-01 22:31:27,427 - run.py - INFO - ✅ Allure报告生成成功：E:\develop\PythonProject\OrangeHRM\Reports\ALLURE\Report
2026-06-01 22:31:27,428 - baseUtils.py - INFO - 配置文件读取成功：E:\develop\PythonProject\OrangeHRM\Config\配置文件.ini
2026-06-01 22:31:27,539 - baseUtils.py - INFO - 文件夹压缩成功：E:\develop\PythonProject\OrangeHRM\Reports\ALLURE\Report\allure.zip
2026-06-01 22:31:29,337 - baseEmail.py - INFO - ✅ 邮件发送成功！发件人：511227621@qq.com，收件人：['1790159671@qq.com']
2026-06-01 22:31:29,380 - run.py - INFO - 📧 测试报告邮件发送成功
2026-06-01 22:31:29,380 - run.py - INFO - 🎉 自动化测试执行完成！
