2026-06-01 18:00:01,717 - baseUtils.py - INFO - 配置文件读取成功：E:\develop\PythonProject\OrangeHRM\Config\配置文件.ini
2026-06-01 18:00:01,717 - globalManager.py - INFO - 全局变量管理器初始化成功
2026-06-01 18:00:05,369 - baseYaml.py - INFO - YAML写入成功：E:\develop\PythonProject\OrangeHRM\Data\Temp\testcases.yaml
2026-06-01 18:00:05,369 - caseSelector.py - INFO - 用例导出成功：E:\develop\PythonProject\OrangeHRM\Data\Temp\testcases.yaml
2026-06-01 18:00:56,282 - baseUtils.py - INFO - 配置文件读取成功：E:\develop\PythonProject\OrangeHRM\Config\配置文件.ini
2026-06-01 18:00:56,282 - globalManager.py - INFO - 全局变量管理器初始化成功
2026-06-01 18:00:57,081 - baseUtils.py - INFO - 配置文件读取成功：E:\develop\PythonProject\OrangeHRM\Config\配置文件.ini
2026-06-01 18:00:57,082 - globalManager.py - INFO - 全局变量管理器初始化成功
2026-06-01 18:00:57,096 - runClient.py - INFO - 🔍 正在收集测试用例，请稍候...
2026-06-01 18:00:57,851 - baseUtils.py - INFO - 配置文件读取成功：E:\develop\PythonProject\OrangeHRM\Config\配置文件.ini
2026-06-01 18:00:57,852 - globalManager.py - INFO - 全局变量管理器初始化成功
2026-06-01 18:00:58,094 - baseUtils.py - INFO - 配置文件读取成功：E:\develop\PythonProject\OrangeHRM\Config\配置文件.ini
2026-06-01 18:00:58,260 - baseUtils.py - INFO - 配置文件读取成功：E:\develop\PythonProject\OrangeHRM\Config\配置文件.ini
2026-06-01 18:00:58,261 - baseUtils.py - INFO - 配置文件读取成功：E:\develop\PythonProject\OrangeHRM\Config\配置文件.ini
2026-06-01 18:00:58,547 - baseUtils.py - INFO - 配置文件读取成功：E:\develop\PythonProject\OrangeHRM\Config\配置文件.ini
2026-06-01 18:00:58,549 - baseData.py - INFO - 数据驱动读取成功：01登录接口
2026-06-01 18:00:58,551 - baseUtils.py - INFO - 配置文件读取成功：E:\develop\PythonProject\OrangeHRM\Config\配置文件.ini
2026-06-01 18:00:58,552 - baseData.py - INFO - 数据驱动读取成功：02添加员工接口
2026-06-01 18:00:58,553 - baseUtils.py - INFO - 配置文件读取成功：E:\develop\PythonProject\OrangeHRM\Config\配置文件.ini
2026-06-01 18:00:58,554 - baseData.py - INFO - 数据驱动读取成功：03指定查询
2026-06-01 18:00:58,554 - baseUtils.py - INFO - 配置文件读取成功：E:\develop\PythonProject\OrangeHRM\Config\配置文件.ini
2026-06-01 18:00:58,555 - baseData.py - INFO - 数据驱动读取成功：04删除员工
2026-06-01 18:00:58,561 - baseYaml.py - INFO - YAML写入成功：E:\develop\PythonProject\OrangeHRM\Data\Temp\tempcases.yaml
2026-06-01 18:00:58,561 - conftest.py - INFO - ✅ 用例信息已导出：E:\develop\PythonProject\OrangeHRM\Data\Temp\tempcases.yaml
2026-06-01 18:00:58,980 - runClient.py - INFO - ✅ 用例收集完成，启动用例选择器
2026-06-01 18:00:59,728 - baseUtils.py - INFO - 配置文件读取成功：E:\develop\PythonProject\OrangeHRM\Config\配置文件.ini
2026-06-01 18:00:59,729 - globalManager.py - INFO - 全局变量管理器初始化成功
2026-06-01 18:01:05,454 - baseYaml.py - INFO - YAML写入成功：E:\develop\PythonProject\OrangeHRM\Data\Temp\testcases.yaml
2026-06-01 18:01:05,454 - caseSelector.py - INFO - 用例导出成功：E:\develop\PythonProject\OrangeHRM\Data\Temp\testcases.yaml
2026-06-01 18:01:06,769 - runClient.py - INFO - 🚀 开始执行选中用例，共 18 条
2026-06-01 18:01:07,029 - baseUtils.py - INFO - 配置文件读取成功：E:\develop\PythonProject\OrangeHRM\Config\配置文件.ini
2026-06-01 18:01:07,200 - baseUtils.py - INFO - 配置文件读取成功：E:\develop\PythonProject\OrangeHRM\Config\配置文件.ini
2026-06-01 18:01:07,202 - baseUtils.py - INFO - 配置文件读取成功：E:\develop\PythonProject\OrangeHRM\Config\配置文件.ini
2026-06-01 18:01:07,876 - baseUtils.py - INFO - 配置文件读取成功：E:\develop\PythonProject\OrangeHRM\Config\配置文件.ini
2026-06-01 18:01:07,878 - baseData.py - INFO - 数据驱动读取成功：01登录接口
2026-06-01 18:01:07,889 - baseUtils.py - INFO - 配置文件读取成功：E:\develop\PythonProject\OrangeHRM\Config\配置文件.ini
2026-06-01 18:01:07,891 - baseData.py - INFO - 数据驱动读取成功：02添加员工接口
2026-06-01 18:01:07,892 - baseUtils.py - INFO - 配置文件读取成功：E:\develop\PythonProject\OrangeHRM\Config\配置文件.ini
2026-06-01 18:01:07,893 - baseData.py - INFO - 数据驱动读取成功：03指定查询
2026-06-01 18:01:07,895 - baseUtils.py - INFO - 配置文件读取成功：E:\develop\PythonProject\OrangeHRM\Config\配置文件.ini
2026-06-01 18:01:07,896 - baseData.py - INFO - 数据驱动读取成功：04删除员工
2026-06-01 18:01:07,909 - baseUtils.py - INFO - 配置文件读取成功：E:\develop\PythonProject\OrangeHRM\Config\配置文件.ini
2026-06-01 18:01:08,017 - baseAutoHttp.py - INFO - 【01登录页面接口信息:login_api】接口调用开始
2026-06-01 18:01:08,019 - baseData.py - INFO - 动态参数替换成功：{'_token': '2dd682cf9f61c.LHm0ln0qO8_A9tpSphJLoy-jwsecqym8lvB-dfTVOAg.RUjn3URuaKuNvY4T8lx9kmrm9aaxzW_Nr6dTIpu8e3xWFsXGMX9r_7igiw', 'username': 'admin', 'password': 'Keepmoving624.'}
2026-06-01 18:01:08,019 - baseAutoHttp.py - INFO - 请求方式: POST
2026-06-01 18:01:08,019 - baseAutoHttp.py - INFO - 请求地址: http://127.0.0.1:8080/web/index.php/auth/validate
2026-06-01 18:01:08,019 - baseAutoHttp.py - INFO - 请求头: {'User-Agent': 'Mozilla/5.0 (Windows NT 10.0; Win64; x64) AppleWebKit/537.36 (KHTML, like Gecko) Chrome/148.0.0.0 Safari/537.36', 'Content-Type': 'application/x-www-form-urlencoded'}
2026-06-01 18:01:08,019 - baseAutoHttp.py - INFO - 请求参数: params=None | data={'_token': '2dd682cf9f61c.LHm0ln0qO8_A9tpSphJLoy-jwsecqym8lvB-dfTVOAg.RUjn3URuaKuNvY4T8lx9kmrm9aaxzW_Nr6dTIpu8e3xWFsXGMX9r_7igiw', 'username': 'admin', 'password': 'Keepmoving624.'} | json=None
2026-06-01 18:01:08,457 - baseAutoHttp.py - INFO - 响应状态码: 200
2026-06-01 18:01:08,457 - baseAutoHttp.py - INFO - 响应耗时: 0.117339s
2026-06-01 18:01:08,458 - baseAutoHttp.py - INFO - 响应文本: <!DOCTYPE html>
<html>
<head>
  <meta charset="UTF-8">
  <meta http-equiv="X-UA-Compatible" content="IE=edge">
  <meta name="viewport" content="width=device-width,initial-scale=1">
  <title>OrangeHRM</title>
    <link rel="icon" href="/web/dist/favicon.ico?v=1775433284510">
  <link href="/web/dist/css/chunk-vendors.css?v=1775433284510" rel="preload" as="style">
  <link href="/web/dist/css/app.css?v=1775433284510" rel="preload" as="style">
  <link href="/web/dist/js/chunk-vendors.js?v=1775433284510" rel="preload" as="script">
  <link href="/web/dist/js/app.js?v=1775433284510" rel="preload" as="script">
    <link href="/web/dist/css/chunk-vendors.css?v=1775433284510" rel="stylesheet"/>
  <link href="/web/dist/css/app.css?v=1775433284510" rel="stylesheet"/>
</head>
<body>
  <style>
    :root {
            --oxd-primary-one-color:#FF7B1D;
            --oxd-primary-font-color:#FFFFFF;
            --oxd-secondary-four-color:#76BC21;
            --oxd-secondary-font-color:#FFFFFF;
            --oxd-primary-gradient-start-color:#FF920B;
            --oxd-primary-gradient-end-color:#F35C17;
            --oxd-secondary-gradient-start-color:#FF920B;
            --oxd-secondary-gradient-end-color:#F35C17;
            --oxd-primary-one-lighten-5-color:#ff8a37;
            --oxd-primary-one-lighten-30-color:#ffd4b6;
            --oxd-primary-one-darken-5-color:#ff6c03;
            --oxd-primary-one-alpha-10-color:rgba(255, 123, 29, 0.1);
            --oxd-primary-one-alpha-15-color:rgba(255, 123, 29, 0.15);
            --oxd-primary-one-alpha-20-color:rgba(255, 123, 29, 0.2);
            --oxd-primary-one-alpha-50-color:rgba(255, 123, 29, 0.5);
            --oxd-secondary-four-lighten-5-color:#84d225;
            --oxd-secondary-four-darken-5-color:#68a61d;
            --oxd-secondary-four-alpha-10-color:rgba(118, 188, 33, 0.1);
            --oxd-secondary-four-alpha-15-color:rgba(118, 188, 33, 0.15);
            --oxd-secondary-four-alpha-20-color:rgba(118, 188, 33, 0.2);
            --oxd-secondary-four-alpha-50-color:rgba(118, 188, 33, 0.5);
        }
  </style>
  <noscript>
    <strong>
      We're sorry but orangehrm doesn't work properly without JavaScript enabled. Please enable it to continue.
    </strong>
  </noscript>

  <div id="app">
    <oxd-layout
        home-url="https://www.orangehrm.com/"
        :sidepanel-menu-items="[{&quot;id&quot;:1,&quot;name&quot;:&quot;\u7ba1\u7406\u5458&quot;,&quot;url&quot;:&quot;\/web\/index.php\/admin\/viewAdminModule&quot;,&quot;icon&quot;:&quot;admin&quot;},{&quot;id&quot;:30,&quot;name&quot;:&quot;\u4e2a\u4eba\u4fe1\u606f\u7ba1\u7406\u7cfb\u7edf&quot;,&quot;url&quot;:&quot;\/web\/index.php\/pim\/viewPimModule&quot;,&quot;icon&quot;:&quot;pim&quot;},{&quot;id&quot;:41,&quot;name&quot;:&quot;\u4f11\u5047&quot;,&quot;url&quot;:&quot;\/web\/index.php\/leave\/viewLeaveModule&quot;,&quot;icon&quot;:&quot;leave&quot;},{&quot;id&quot;:52,&quot;name&quot;:&quot;\u65f6\u95f4&quot;,&quot;url&quot;:&quot;\/web\/index.php\/time\/viewTimeModule&quot;,&quot;icon&quot;:&quot;time&quot;},{&quot;id&quot;:65,&quot;name&quot;:&quot;\u62db\u8058&quot;,&quot;url&quot;:&quot;\/web\/index.php\/recruitment\/viewRecruitmentModule&quot;,&quot;icon&quot;:&quot;recruitment&quot;},{&quot;id&quot;:40,&quot;name&quot;:&quot;\u6211\u7684\u4fe1\u606f&quot;,&quot;url&quot;:&quot;\/web\/index.php\/pim\/viewMyDetails&quot;,&quot;icon&quot;:&quot;myinfo&quot;},{&quot;id&quot;:83,&quot;name&quot;:&quot;\u7ee9\u6548&quot;,&quot;url&quot;:&quot;\/web\/index.php\/performance\/viewPerformanceModule&quot;,&quot;icon&quot;:&quot;performance&quot;},{&quot;id&quot;:82,&quot;name&quot;:&quot;\u4eea\u8868\u76d8&quot;,&quot;url&quot;:&quot;\/web\/index.php\/dashboard\/index&quot;,&quot;icon&quot;:&quot;dashboard&quot;,&quot;active&quot;:true},{&quot;id&quot;:93,&quot;name&quot;:&quot;Directory&quot;,&quot;url&quot;:&quot;\/web\/index.php\/directory\/viewDirectory&quot;,&quot;icon&quot;:&quot;directory&quot;},{&quot;id&quot;:96,&quot;name&quot;:&quot;Maintenance&quot;,&quot;url&quot;:&quot;\/web\/index.php\/maintenance\/viewMaintenanceModule&quot;,&quot;icon&quot;:&quot;maintenance&quot;},{&quot;id&quot;:105,&quot;name&quot;:&quot;Claim&quot;,&quot;url&quot;:&quot;\/web\/index.php\/claim\/viewClaimModule&quot;,&quot;icon&quot;:&quot;claim&quot;},{&quot;id&quot;:101,&quot;name&quot;:&quot;\u6fc0\u52a8&quot;,&quot;url&quot;:&quot;\/web\/index.php\/buzz\/viewBuzz&quot;,&quot;icon&quot;:&quot;buzz&quot;}]"
        :topbar-menu-items="[]"
        :user="{&quot;firstName&quot;:&quot;\u8c22&quot;,&quot;lastName&quot;:&quot;\u5b89&quot;,&quot;profImgSrc&quot;:&quot;\/web\/index.php\/pim\/viewPhoto\/empNumber\/1&quot;,&quot;hasPassword&quot;:true}"
        brand-logo-src="/web/images/orange.png?v=1775433284510"
        brand-banner-src="/web/images/orangehrm-logo.png?v=1775433284510"
        logout-url="/web/index.php/auth/logout"
        support-url="/web/index.php/help/support"
        :update-password-url="&quot;/web/index.php/pim/updatePassword&quot;"
        :permissions="{&quot;dashboard_buzz_widget&quot;:{&quot;canRead&quot;:true,&quot;canCreate&quot;:false,&quot;canUpdate&quot;:false,&quot;canDelete&quot;:false},&quot;dashboard_employees_on_leave_today_config&quot;:{&quot;canRead&quot;:true,&quot;canCreate&quot;:false,&quot;canUpdate&quot;:true,&quot;canDelete&quot;:false},&quot;dashboard_leave_widget&quot;:{&quot;canRead&quot;:true,&quot;canCreate&quot;:false,&quot;canUpdate&quot;:false,&quot;canDelete&quot;:false},&quot;dashboard_location_widget&quot;:{&quot;canRead&quot;:true,&quot;canCreate&quot;:false,&quot;canUpdate&quot;:false,&quot;canDelete&quot;:false},&quot;dashboard_subunit_widget&quot;:{&quot;canRead&quot;:true,&quot;canCreate&quot;:false,&quot;canUpdate&quot;:false,&quot;canDelete&quot;:false},&quot;dashboard_time_widget&quot;:{&quot;canRead&quot;:true,&quot;canCreate&quot;:false,&quot;canUpdate&quot;:false,&quot;canDelete&quot;:false}}"
        :breadcrumb="{&quot;moduleName&quot;:&quot;\u4eea\u8868\u76d8&quot;,&quot;level&quot;:null}"
        :date-format="{&quot;id&quot;:&quot;Y-m-d&quot;,&quot;label&quot;:&quot;yyyy-mm-dd&quot;}"
        help-url="/web/index.php/help/help?label=dashboard_index"
        :show-upgrade="1"
    >
      <view-dashboard
            >
    </view-dashboard>
    <template v-slot:footer><oxd-text tag="p" class="orangehrm-copyright">OrangeHRM OS 5.8.1</oxd-text>
<oxd-text tag="p" class="orangehrm-copyright">&copy; 2005 - 2026 <a href="http://www.orangehrm.com" target="_blank">OrangeHRM, Inc</a>. All rights reserved.</oxd-text>
<br></template>
    </oxd-layout>
  </div>
  <script type="text/javascript">
      window.appGlobal = {
        baseUrl: "/web/index.php",
        publicPath: "/web",
      };
  </script>
  <script src="/web/dist/js/chunk-vendors.js?v=1775433284510"></script>
  <script src="/web/dist/js/app.js?v=1775433284510"></script>
</body>
</html>

2026-06-01 18:01:08,458 - baseAutoHttp.py - INFO - 【01登录页面接口信息:login_api】接口调用结束

2026-06-01 18:01:08,458 - web_login_page.py - INFO - 【管理员正常登录】断言成功
2026-06-01 18:01:08,459 - baseAutoHttp.py - INFO - 接口会话已关闭
2026-06-01 18:01:08,459 - test_web_ohrm.py - INFO - 【管理员正常登录】用例执行成功
2026-06-01 18:01:08,467 - baseUtils.py - INFO - 配置文件读取成功：E:\develop\PythonProject\OrangeHRM\Config\配置文件.ini
2026-06-01 18:01:08,514 - baseAutoHttp.py - INFO - 【02登录页面未携带token:login_not_token_api】接口调用开始
2026-06-01 18:01:08,515 - baseData.py - INFO - 动态参数替换成功：{'username': 'admin', 'password': 'Keepmoving624.'}
2026-06-01 18:01:08,516 - baseAutoHttp.py - INFO - 请求方式: POST
2026-06-01 18:01:08,516 - baseAutoHttp.py - INFO - 请求地址: http://127.0.0.1:8080/web/index.php/auth/validate
2026-06-01 18:01:08,516 - baseAutoHttp.py - INFO - 请求头: {'User-Agent': 'Mozilla/5.0 (Windows NT 10.0; Win64; x64) AppleWebKit/537.36 (KHTML, like Gecko) Chrome/148.0.0.0 Safari/537.36', 'Content-Type': 'application/x-www-form-urlencoded'}
2026-06-01 18:01:08,516 - baseAutoHttp.py - INFO - 请求参数: params=None | data={'username': 'admin', 'password': 'Keepmoving624.'} | json=None
2026-06-01 18:01:08,637 - baseAutoHttp.py - INFO - 响应状态码: 200
2026-06-01 18:01:08,638 - baseAutoHttp.py - INFO - 响应耗时: 0.068794s
2026-06-01 18:01:08,638 - baseAutoHttp.py - INFO - 响应文本: <!DOCTYPE html>
<html>
<head>
  <meta charset="UTF-8">
  <meta http-equiv="X-UA-Compatible" content="IE=edge">
  <meta name="viewport" content="width=device-width,initial-scale=1">
  <title>OrangeHRM</title>
      <link rel="icon" href="/web/dist/favicon.ico?v=1775433284510">
    <link href="/web/dist/css/chunk-vendors.css?v=1775433284510" rel="preload" as="style">
    <link href="/web/dist/css/app.css?v=1775433284510" rel="preload" as="style">
    <link href="/web/dist/js/chunk-vendors.js?v=1775433284510" rel="preload" as="script">
    <link href="/web/dist/js/app.js?v=1775433284510" rel="preload" as="script">
      <link href="/web/dist/css/chunk-vendors.css?v=1775433284510" rel="stylesheet"/>
    <link href="/web/dist/css/app.css?v=1775433284510" rel="stylesheet"/>
</head>
<body>
  <style>
    :root {
            --oxd-primary-one-color:#FF7B1D;
            --oxd-primary-font-color:#FFFFFF;
            --oxd-secondary-four-color:#76BC21;
            --oxd-secondary-font-color:#FFFFFF;
            --oxd-primary-gradient-start-color:#FF920B;
            --oxd-primary-gradient-end-color:#F35C17;
            --oxd-secondary-gradient-start-color:#FF920B;
            --oxd-secondary-gradient-end-color:#F35C17;
            --oxd-primary-one-lighten-5-color:#ff8a37;
            --oxd-primary-one-lighten-30-color:#ffd4b6;
            --oxd-primary-one-darken-5-color:#ff6c03;
            --oxd-primary-one-alpha-10-color:rgba(255, 123, 29, 0.1);
            --oxd-primary-one-alpha-15-color:rgba(255, 123, 29, 0.15);
            --oxd-primary-one-alpha-20-color:rgba(255, 123, 29, 0.2);
            --oxd-primary-one-alpha-50-color:rgba(255, 123, 29, 0.5);
            --oxd-secondary-four-lighten-5-color:#84d225;
            --oxd-secondary-four-darken-5-color:#68a61d;
            --oxd-secondary-four-alpha-10-color:rgba(118, 188, 33, 0.1);
            --oxd-secondary-four-alpha-15-color:rgba(118, 188, 33, 0.15);
            --oxd-secondary-four-alpha-20-color:rgba(118, 188, 33, 0.2);
            --oxd-secondary-four-alpha-50-color:rgba(118, 188, 33, 0.5);
        }
  </style>
    <noscript>
        <strong>
            We're sorry but orangehrm doesn't work properly without JavaScript enabled. Please enable it to continue.
        </strong>
    </noscript>

    <div id="app">
    <auth-login
            :error="{&quot;error&quot;:&quot;invalid_csrf_token&quot;,&quot;message&quot;:&quot;CSRF token validation failed&quot;}"
            :token="&quot;d227a08ce51c5556d90a66f.VmsKqKYjsURW9bIXHEqT19kb60g4UFm1ymeskvJH8rU.GztA3NJW6HwngsJeLy7V5e1ZnyMKBxiCulbb54ohxIVuB3DCzGXXAGCtig&quot;"
            :login-logo-src="&quot;\/web\/images\/ohrm_logo.png&quot;"
            :login-banner-src="&quot;\/web\/images\/ohrm_branding.png?v=1775433284510&quot;"
            :show-social-media="true"
            :is-demo-mode="false"
            :authenticators="[]"
        >
    <template v-slot:footer>
        <div class="orangehrm-copyright-wrapper">
            <oxd-text tag="p" class="orangehrm-copyright">OrangeHRM OS 5.8.1</oxd-text>
<oxd-text tag="p" class="orangehrm-copyright">&copy; 2005 - 2026 <a href="http://www.orangehrm.com" target="_blank">OrangeHRM, Inc</a>. All rights reserved.</oxd-text>
        </div>
    </template>
    </auth-login>
    </div>
    <script type="text/javascript">
        window.appGlobal = {
          baseUrl: "/web/index.php",
          publicPath: "/web",
        };
    </script>
    <script src="/web/dist/js/chunk-vendors.js?v=1775433284510"></script>
    <script src="/web/dist/js/app.js?v=1775433284510"></script>
</body>
</html>

2026-06-01 18:01:08,638 - baseAutoHttp.py - INFO - 【02登录页面未携带token:login_not_token_api】接口调用结束

2026-06-01 18:01:08,638 - web_login_page.py - INFO - 【未携带CSRF令牌】断言成功
2026-06-01 18:01:08,638 - baseAutoHttp.py - INFO - 接口会话已关闭
2026-06-01 18:01:08,639 - test_web_ohrm.py - INFO - 【未携带CSRF令牌】用例执行成功
2026-06-01 18:01:08,644 - baseUtils.py - INFO - 配置文件读取成功：E:\develop\PythonProject\OrangeHRM\Config\配置文件.ini
2026-06-01 18:01:08,744 - baseAutoHttp.py - INFO - 【01登录页面接口信息:login_api】接口调用开始
2026-06-01 18:01:08,745 - baseData.py - INFO - 动态参数替换成功：{'_token': '6ac15adc820bb45294660690630.mjq5PIGL5jFSTnXnvxVPpzRNbiveSaFJxQIT8RvLZ0Y.-VjYBe3Et3MqfDmL_EUX_wUbABycfJIqnUcqlUOENzPPe-lb7cyWSBEHBg', 'username': 'admin', 'password': 'Keepmoving624.'}
2026-06-01 18:01:08,745 - baseAutoHttp.py - INFO - 请求方式: POST
2026-06-01 18:01:08,745 - baseAutoHttp.py - INFO - 请求地址: http://127.0.0.1:8080/web/index.php/auth/validate
2026-06-01 18:01:08,745 - baseAutoHttp.py - INFO - 请求头: {'User-Agent': 'Mozilla/5.0 (Windows NT 10.0; Win64; x64) AppleWebKit/537.36 (KHTML, like Gecko) Chrome/148.0.0.0 Safari/537.36', 'Content-Type': 'application/x-www-form-urlencoded'}
2026-06-01 18:01:08,745 - baseAutoHttp.py - INFO - 请求参数: params=None | data={'_token': '6ac15adc820bb45294660690630.mjq5PIGL5jFSTnXnvxVPpzRNbiveSaFJxQIT8RvLZ0Y.-VjYBe3Et3MqfDmL_EUX_wUbABycfJIqnUcqlUOENzPPe-lb7cyWSBEHBg', 'username': 'admin', 'password': 'Keepmoving624.'} | json=None
2026-06-01 18:01:08,858 - baseAutoHttp.py - INFO - 响应状态码: 200
2026-06-01 18:01:08,858 - baseAutoHttp.py - INFO - 响应耗时: 0.073012s
2026-06-01 18:01:08,858 - baseAutoHttp.py - INFO - 响应文本: <!DOCTYPE html>
<html>
<head>
  <meta charset="UTF-8">
  <meta http-equiv="X-UA-Compatible" content="IE=edge">
  <meta name="viewport" content="width=device-width,initial-scale=1">
  <title>OrangeHRM</title>
      <link rel="icon" href="/web/dist/favicon.ico?v=1775433284510">
    <link href="/web/dist/css/chunk-vendors.css?v=1775433284510" rel="preload" as="style">
    <link href="/web/dist/css/app.css?v=1775433284510" rel="preload" as="style">
    <link href="/web/dist/js/chunk-vendors.js?v=1775433284510" rel="preload" as="script">
    <link href="/web/dist/js/app.js?v=1775433284510" rel="preload" as="script">
      <link href="/web/dist/css/chunk-vendors.css?v=1775433284510" rel="stylesheet"/>
    <link href="/web/dist/css/app.css?v=1775433284510" rel="stylesheet"/>
</head>
<body>
  <style>
    :root {
            --oxd-primary-one-color:#FF7B1D;
            --oxd-primary-font-color:#FFFFFF;
            --oxd-secondary-four-color:#76BC21;
            --oxd-secondary-font-color:#FFFFFF;
            --oxd-primary-gradient-start-color:#FF920B;
            --oxd-primary-gradient-end-color:#F35C17;
            --oxd-secondary-gradient-start-color:#FF920B;
            --oxd-secondary-gradient-end-color:#F35C17;
            --oxd-primary-one-lighten-5-color:#ff8a37;
            --oxd-primary-one-lighten-30-color:#ffd4b6;
            --oxd-primary-one-darken-5-color:#ff6c03;
            --oxd-primary-one-alpha-10-color:rgba(255, 123, 29, 0.1);
            --oxd-primary-one-alpha-15-color:rgba(255, 123, 29, 0.15);
            --oxd-primary-one-alpha-20-color:rgba(255, 123, 29, 0.2);
            --oxd-primary-one-alpha-50-color:rgba(255, 123, 29, 0.5);
            --oxd-secondary-four-lighten-5-color:#84d225;
            --oxd-secondary-four-darken-5-color:#68a61d;
            --oxd-secondary-four-alpha-10-color:rgba(118, 188, 33, 0.1);
            --oxd-secondary-four-alpha-15-color:rgba(118, 188, 33, 0.15);
            --oxd-secondary-four-alpha-20-color:rgba(118, 188, 33, 0.2);
            --oxd-secondary-four-alpha-50-color:rgba(118, 188, 33, 0.5);
        }
  </style>
    <noscript>
        <strong>
            We're sorry but orangehrm doesn't work properly without JavaScript enabled. Please enable it to continue.
        </strong>
    </noscript>

    <div id="app">
    <auth-login
            :error="{&quot;error&quot;:&quot;invalid_csrf_token&quot;,&quot;message&quot;:&quot;CSRF token validation failed&quot;}"
            :token="&quot;5fd.YqH792pqLAWjbWJGlzSV4DIUngtkVNtznyoeQIqhrJw.V9eIlQhafnzEJBUJ4wPd2Eos8CZTEqg40F8tAefb2cNS146kJAFIcPo0CQ&quot;"
            :login-logo-src="&quot;\/web\/images\/ohrm_logo.png&quot;"
            :login-banner-src="&quot;\/web\/images\/ohrm_branding.png?v=1775433284510&quot;"
            :show-social-media="true"
            :is-demo-mode="false"
            :authenticators="[]"
        >
    <template v-slot:footer>
        <div class="orangehrm-copyright-wrapper">
            <oxd-text tag="p" class="orangehrm-copyright">OrangeHRM OS 5.8.1</oxd-text>
<oxd-text tag="p" class="orangehrm-copyright">&copy; 2005 - 2026 <a href="http://www.orangehrm.com" target="_blank">OrangeHRM, Inc</a>. All rights reserved.</oxd-text>
        </div>
    </template>
    </auth-login>
    </div>
    <script type="text/javascript">
        window.appGlobal = {
          baseUrl: "/web/index.php",
          publicPath: "/web",
        };
    </script>
    <script src="/web/dist/js/chunk-vendors.js?v=1775433284510"></script>
    <script src="/web/dist/js/app.js?v=1775433284510"></script>
</body>
</html>

2026-06-01 18:01:08,858 - baseAutoHttp.py - INFO - 【01登录页面接口信息:login_api】接口调用结束

2026-06-01 18:01:08,858 - web_login_page.py - INFO - 【跨会话使用Token】断言成功
2026-06-01 18:01:08,859 - baseAutoHttp.py - INFO - 接口会话已关闭
2026-06-01 18:01:08,859 - test_web_ohrm.py - INFO - 【携带过期CSRF令牌】用例执行成功
2026-06-01 18:01:08,866 - baseUtils.py - INFO - 配置文件读取成功：E:\develop\PythonProject\OrangeHRM\Config\配置文件.ini
2026-06-01 18:01:08,866 - baseAutoHttp.py - INFO - 【01登录页面接口信息:login_api】接口调用开始
2026-06-01 18:01:08,867 - baseData.py - INFO - 动态参数替换成功：{'_token': '4qo&GxW1xpuQcrfv#3pi', 'username': 'admin', 'password': 'Keepmoving624.'}
2026-06-01 18:01:08,868 - baseAutoHttp.py - INFO - 请求方式: POST
2026-06-01 18:01:08,868 - baseAutoHttp.py - INFO - 请求地址: http://127.0.0.1:8080/web/index.php/auth/validate
2026-06-01 18:01:08,868 - baseAutoHttp.py - INFO - 请求头: {'User-Agent': 'Mozilla/5.0 (Windows NT 10.0; Win64; x64) AppleWebKit/537.36 (KHTML, like Gecko) Chrome/148.0.0.0 Safari/537.36', 'Content-Type': 'application/x-www-form-urlencoded'}
2026-06-01 18:01:08,868 - baseAutoHttp.py - INFO - 请求参数: params=None | data={'_token': '4qo&GxW1xpuQcrfv#3pi', 'username': 'admin', 'password': 'Keepmoving624.'} | json=None
2026-06-01 18:01:08,964 - baseAutoHttp.py - INFO - 响应状态码: 200
2026-06-01 18:01:08,964 - baseAutoHttp.py - INFO - 响应耗时: 0.050871s
2026-06-01 18:01:08,964 - baseAutoHttp.py - INFO - 响应文本: <!DOCTYPE html>
<html>
<head>
  <meta charset="UTF-8">
  <meta http-equiv="X-UA-Compatible" content="IE=edge">
  <meta name="viewport" content="width=device-width,initial-scale=1">
  <title>OrangeHRM</title>
      <link rel="icon" href="/web/dist/favicon.ico?v=1775433284510">
    <link href="/web/dist/css/chunk-vendors.css?v=1775433284510" rel="preload" as="style">
    <link href="/web/dist/css/app.css?v=1775433284510" rel="preload" as="style">
    <link href="/web/dist/js/chunk-vendors.js?v=1775433284510" rel="preload" as="script">
    <link href="/web/dist/js/app.js?v=1775433284510" rel="preload" as="script">
      <link href="/web/dist/css/chunk-vendors.css?v=1775433284510" rel="stylesheet"/>
    <link href="/web/dist/css/app.css?v=1775433284510" rel="stylesheet"/>
</head>
<body>
  <style>
    :root {
            --oxd-primary-one-color:#FF7B1D;
            --oxd-primary-font-color:#FFFFFF;
            --oxd-secondary-four-color:#76BC21;
            --oxd-secondary-font-color:#FFFFFF;
            --oxd-primary-gradient-start-color:#FF920B;
            --oxd-primary-gradient-end-color:#F35C17;
            --oxd-secondary-gradient-start-color:#FF920B;
            --oxd-secondary-gradient-end-color:#F35C17;
            --oxd-primary-one-lighten-5-color:#ff8a37;
            --oxd-primary-one-lighten-30-color:#ffd4b6;
            --oxd-primary-one-darken-5-color:#ff6c03;
            --oxd-primary-one-alpha-10-color:rgba(255, 123, 29, 0.1);
            --oxd-primary-one-alpha-15-color:rgba(255, 123, 29, 0.15);
            --oxd-primary-one-alpha-20-color:rgba(255, 123, 29, 0.2);
            --oxd-primary-one-alpha-50-color:rgba(255, 123, 29, 0.5);
            --oxd-secondary-four-lighten-5-color:#84d225;
            --oxd-secondary-four-darken-5-color:#68a61d;
            --oxd-secondary-four-alpha-10-color:rgba(118, 188, 33, 0.1);
            --oxd-secondary-four-alpha-15-color:rgba(118, 188, 33, 0.15);
            --oxd-secondary-four-alpha-20-color:rgba(118, 188, 33, 0.2);
            --oxd-secondary-four-alpha-50-color:rgba(118, 188, 33, 0.5);
        }
  </style>
    <noscript>
        <strong>
            We're sorry but orangehrm doesn't work properly without JavaScript enabled. Please enable it to continue.
        </strong>
    </noscript>

    <div id="app">
    <auth-login
            :error="{&quot;error&quot;:&quot;invalid_csrf_token&quot;,&quot;message&quot;:&quot;CSRF token validation failed&quot;}"
            :token="&quot;81a805dd01ccf1b1571a537d4.eNEXsuNd7KtoUmJla3QtoOUXokzyFnQKAtS-EcEvdRI.PpRIx4YRvfsSMFshBEBq9bQi8yiCURU4aoTqUK5MAV8-t3XCpi6EzDIWIw&quot;"
            :login-logo-src="&quot;\/web\/images\/ohrm_logo.png&quot;"
            :login-banner-src="&quot;\/web\/images\/ohrm_branding.png?v=1775433284510&quot;"
            :show-social-media="true"
            :is-demo-mode="false"
            :authenticators="[]"
        >
    <template v-slot:footer>
        <div class="orangehrm-copyright-wrapper">
            <oxd-text tag="p" class="orangehrm-copyright">OrangeHRM OS 5.8.1</oxd-text>
<oxd-text tag="p" class="orangehrm-copyright">&copy; 2005 - 2026 <a href="http://www.orangehrm.com" target="_blank">OrangeHRM, Inc</a>. All rights reserved.</oxd-text>
        </div>
    </template>
    </auth-login>
    </div>
    <script type="text/javascript">
        window.appGlobal = {
          baseUrl: "/web/index.php",
          publicPath: "/web",
        };
    </script>
    <script src="/web/dist/js/chunk-vendors.js?v=1775433284510"></script>
    <script src="/web/dist/js/app.js?v=1775433284510"></script>
</body>
</html>

2026-06-01 18:01:08,964 - baseAutoHttp.py - INFO - 【01登录页面接口信息:login_api】接口调用结束

2026-06-01 18:01:08,965 - web_login_page.py - INFO - 【携带错误格式Token】断言成功
2026-06-01 18:01:08,965 - baseAutoHttp.py - INFO - 接口会话已关闭
2026-06-01 18:01:08,965 - test_web_ohrm.py - INFO - 【携带错误格式Token】用例执行成功
2026-06-01 18:01:08,974 - baseUtils.py - INFO - 配置文件读取成功：E:\develop\PythonProject\OrangeHRM\Config\配置文件.ini
2026-06-01 18:01:09,025 - baseAutoHttp.py - INFO - 【01登录页面接口信息:login_api】接口调用开始
2026-06-01 18:01:09,027 - baseData.py - INFO - 动态参数替换成功：{'_token': '5dd4cc469eecfbb.rgSo0E-GkCKirgybA_FiQC0y-_0KdEiBieXQ6GCG6zo.1Dabkgmz2UGV10LEQIUGC3RRkql-RhfW3omVvlT0rQ_jXMSBFbD1bO7XYw', 'username': 'wrong', 'password': 'wrong'}
2026-06-01 18:01:09,027 - baseAutoHttp.py - INFO - 请求方式: POST
2026-06-01 18:01:09,027 - baseAutoHttp.py - INFO - 请求地址: http://127.0.0.1:8080/web/index.php/auth/validate
2026-06-01 18:01:09,027 - baseAutoHttp.py - INFO - 请求头: {'User-Agent': 'Mozilla/5.0 (Windows NT 10.0; Win64; x64) AppleWebKit/537.36 (KHTML, like Gecko) Chrome/148.0.0.0 Safari/537.36', 'Content-Type': 'application/x-www-form-urlencoded'}
2026-06-01 18:01:09,027 - baseAutoHttp.py - INFO - 请求参数: params=None | data={'_token': '5dd4cc469eecfbb.rgSo0E-GkCKirgybA_FiQC0y-_0KdEiBieXQ6GCG6zo.1Dabkgmz2UGV10LEQIUGC3RRkql-RhfW3omVvlT0rQ_jXMSBFbD1bO7XYw', 'username': 'wrong', 'password': 'wrong'} | json=None
2026-06-01 18:01:09,139 - baseAutoHttp.py - INFO - 响应状态码: 200
2026-06-01 18:01:09,139 - baseAutoHttp.py - INFO - 响应耗时: 0.053544s
2026-06-01 18:01:09,139 - baseAutoHttp.py - INFO - 响应文本: <!DOCTYPE html>
<html>
<head>
  <meta charset="UTF-8">
  <meta http-equiv="X-UA-Compatible" content="IE=edge">
  <meta name="viewport" content="width=device-width,initial-scale=1">
  <title>OrangeHRM</title>
      <link rel="icon" href="/web/dist/favicon.ico?v=1775433284510">
    <link href="/web/dist/css/chunk-vendors.css?v=1775433284510" rel="preload" as="style">
    <link href="/web/dist/css/app.css?v=1775433284510" rel="preload" as="style">
    <link href="/web/dist/js/chunk-vendors.js?v=1775433284510" rel="preload" as="script">
    <link href="/web/dist/js/app.js?v=1775433284510" rel="preload" as="script">
      <link href="/web/dist/css/chunk-vendors.css?v=1775433284510" rel="stylesheet"/>
    <link href="/web/dist/css/app.css?v=1775433284510" rel="stylesheet"/>
</head>
<body>
  <style>
    :root {
            --oxd-primary-one-color:#FF7B1D;
            --oxd-primary-font-color:#FFFFFF;
            --oxd-secondary-four-color:#76BC21;
            --oxd-secondary-font-color:#FFFFFF;
            --oxd-primary-gradient-start-color:#FF920B;
            --oxd-primary-gradient-end-color:#F35C17;
            --oxd-secondary-gradient-start-color:#FF920B;
            --oxd-secondary-gradient-end-color:#F35C17;
            --oxd-primary-one-lighten-5-color:#ff8a37;
            --oxd-primary-one-lighten-30-color:#ffd4b6;
            --oxd-primary-one-darken-5-color:#ff6c03;
            --oxd-primary-one-alpha-10-color:rgba(255, 123, 29, 0.1);
            --oxd-primary-one-alpha-15-color:rgba(255, 123, 29, 0.15);
            --oxd-primary-one-alpha-20-color:rgba(255, 123, 29, 0.2);
            --oxd-primary-one-alpha-50-color:rgba(255, 123, 29, 0.5);
            --oxd-secondary-four-lighten-5-color:#84d225;
            --oxd-secondary-four-darken-5-color:#68a61d;
            --oxd-secondary-four-alpha-10-color:rgba(118, 188, 33, 0.1);
            --oxd-secondary-four-alpha-15-color:rgba(118, 188, 33, 0.15);
            --oxd-secondary-four-alpha-20-color:rgba(118, 188, 33, 0.2);
            --oxd-secondary-four-alpha-50-color:rgba(118, 188, 33, 0.5);
        }
  </style>
    <noscript>
        <strong>
            We're sorry but orangehrm doesn't work properly without JavaScript enabled. Please enable it to continue.
        </strong>
    </noscript>

    <div id="app">
    <auth-login
            :error="{&quot;error&quot;:&quot;invalid_credentials&quot;,&quot;message&quot;:&quot;Invalid credentials&quot;}"
            :token="&quot;abb976fadde6de961b56d7d.FtFVXURD2yYffc971NMDKtL-tAaD9yKduOqgVB_5ka0.bONmHwJ2kkUoBIEkl6dnYYud3VL3xX3K74blAiuL15hbiTkMHnW-aFMEoA&quot;"
            :login-logo-src="&quot;\/web\/images\/ohrm_logo.png&quot;"
            :login-banner-src="&quot;\/web\/images\/ohrm_branding.png?v=1775433284510&quot;"
            :show-social-media="true"
            :is-demo-mode="false"
            :authenticators="[]"
        >
    <template v-slot:footer>
        <div class="orangehrm-copyright-wrapper">
            <oxd-text tag="p" class="orangehrm-copyright">OrangeHRM OS 5.8.1</oxd-text>
<oxd-text tag="p" class="orangehrm-copyright">&copy; 2005 - 2026 <a href="http://www.orangehrm.com" target="_blank">OrangeHRM, Inc</a>. All rights reserved.</oxd-text>
        </div>
    </template>
    </auth-login>
    </div>
    <script type="text/javascript">
        window.appGlobal = {
          baseUrl: "/web/index.php",
          publicPath: "/web",
        };
    </script>
    <script src="/web/dist/js/chunk-vendors.js?v=1775433284510"></script>
    <script src="/web/dist/js/app.js?v=1775433284510"></script>
</body>
</html>

2026-06-01 18:01:09,140 - baseAutoHttp.py - INFO - 【01登录页面接口信息:login_api】接口调用结束

2026-06-01 18:01:09,140 - web_login_page.py - INFO - 【wrong/wrong】断言成功
2026-06-01 18:01:09,140 - baseAutoHttp.py - INFO - 接口会话已关闭
2026-06-01 18:01:09,140 - test_web_ohrm.py - INFO - 【错误用户名/密码】用例执行成功
2026-06-01 18:01:09,148 - baseUtils.py - INFO - 配置文件读取成功：E:\develop\PythonProject\OrangeHRM\Config\配置文件.ini
2026-06-01 18:01:09,200 - baseAutoHttp.py - INFO - 【01登录页面接口信息:login_api】接口调用开始
2026-06-01 18:01:09,201 - baseData.py - INFO - 动态参数替换成功：{'_token': '6366798767e23f2f7a1a8b603.WOhbNF4AVbAefvBLqvyfzzdZQ_Qr5zNlWRVAZxC_4lU.Cq85XxlHYdRMU8g6nZj793sPCJBslHUXdHkxOFjZkQo3gSNdOWka6kkNqQ', 'username': '', 'password': 'Keepmoving624.'}
2026-06-01 18:01:09,202 - baseAutoHttp.py - INFO - 请求方式: POST
2026-06-01 18:01:09,202 - baseAutoHttp.py - INFO - 请求地址: http://127.0.0.1:8080/web/index.php/auth/validate
2026-06-01 18:01:09,202 - baseAutoHttp.py - INFO - 请求头: {'User-Agent': 'Mozilla/5.0 (Windows NT 10.0; Win64; x64) AppleWebKit/537.36 (KHTML, like Gecko) Chrome/148.0.0.0 Safari/537.36', 'Content-Type': 'application/x-www-form-urlencoded'}
2026-06-01 18:01:09,202 - baseAutoHttp.py - INFO - 请求参数: params=None | data={'_token': '6366798767e23f2f7a1a8b603.WOhbNF4AVbAefvBLqvyfzzdZQ_Qr5zNlWRVAZxC_4lU.Cq85XxlHYdRMU8g6nZj793sPCJBslHUXdHkxOFjZkQo3gSNdOWka6kkNqQ', 'username': '', 'password': 'Keepmoving624.'} | json=None
2026-06-01 18:01:09,316 - baseAutoHttp.py - INFO - 响应状态码: 200
2026-06-01 18:01:09,316 - baseAutoHttp.py - INFO - 响应耗时: 0.050258s
2026-06-01 18:01:09,316 - baseAutoHttp.py - INFO - 响应文本: <!DOCTYPE html>
<html>
<head>
  <meta charset="UTF-8">
  <meta http-equiv="X-UA-Compatible" content="IE=edge">
  <meta name="viewport" content="width=device-width,initial-scale=1">
  <title>OrangeHRM</title>
      <link rel="icon" href="/web/dist/favicon.ico?v=1775433284510">
    <link href="/web/dist/css/chunk-vendors.css?v=1775433284510" rel="preload" as="style">
    <link href="/web/dist/css/app.css?v=1775433284510" rel="preload" as="style">
    <link href="/web/dist/js/chunk-vendors.js?v=1775433284510" rel="preload" as="script">
    <link href="/web/dist/js/app.js?v=1775433284510" rel="preload" as="script">
      <link href="/web/dist/css/chunk-vendors.css?v=1775433284510" rel="stylesheet"/>
    <link href="/web/dist/css/app.css?v=1775433284510" rel="stylesheet"/>
</head>
<body>
  <style>
    :root {
            --oxd-primary-one-color:#FF7B1D;
            --oxd-primary-font-color:#FFFFFF;
            --oxd-secondary-four-color:#76BC21;
            --oxd-secondary-font-color:#FFFFFF;
            --oxd-primary-gradient-start-color:#FF920B;
            --oxd-primary-gradient-end-color:#F35C17;
            --oxd-secondary-gradient-start-color:#FF920B;
            --oxd-secondary-gradient-end-color:#F35C17;
            --oxd-primary-one-lighten-5-color:#ff8a37;
            --oxd-primary-one-lighten-30-color:#ffd4b6;
            --oxd-primary-one-darken-5-color:#ff6c03;
            --oxd-primary-one-alpha-10-color:rgba(255, 123, 29, 0.1);
            --oxd-primary-one-alpha-15-color:rgba(255, 123, 29, 0.15);
            --oxd-primary-one-alpha-20-color:rgba(255, 123, 29, 0.2);
            --oxd-primary-one-alpha-50-color:rgba(255, 123, 29, 0.5);
            --oxd-secondary-four-lighten-5-color:#84d225;
            --oxd-secondary-four-darken-5-color:#68a61d;
            --oxd-secondary-four-alpha-10-color:rgba(118, 188, 33, 0.1);
            --oxd-secondary-four-alpha-15-color:rgba(118, 188, 33, 0.15);
            --oxd-secondary-four-alpha-20-color:rgba(118, 188, 33, 0.2);
            --oxd-secondary-four-alpha-50-color:rgba(118, 188, 33, 0.5);
        }
  </style>
    <noscript>
        <strong>
            We're sorry but orangehrm doesn't work properly without JavaScript enabled. Please enable it to continue.
        </strong>
    </noscript>

    <div id="app">
    <auth-login
            :error="{&quot;error&quot;:&quot;invalid_credentials&quot;,&quot;message&quot;:&quot;Invalid credentials&quot;}"
            :token="&quot;aead14f91.6A26cF-yrv1CAcj7XbK8HrwXj0eCi7RYpwRxA_WaODU.ukrYGxj1mpkQLPCKatbYJvBBxCPF-PIqimgAXL38S2qHZMIZONvhpxVykQ&quot;"
            :login-logo-src="&quot;\/web\/images\/ohrm_logo.png&quot;"
            :login-banner-src="&quot;\/web\/images\/ohrm_branding.png?v=1775433284510&quot;"
            :show-social-media="true"
            :is-demo-mode="false"
            :authenticators="[]"
        >
    <template v-slot:footer>
        <div class="orangehrm-copyright-wrapper">
            <oxd-text tag="p" class="orangehrm-copyright">OrangeHRM OS 5.8.1</oxd-text>
<oxd-text tag="p" class="orangehrm-copyright">&copy; 2005 - 2026 <a href="http://www.orangehrm.com" target="_blank">OrangeHRM, Inc</a>. All rights reserved.</oxd-text>
        </div>
    </template>
    </auth-login>
    </div>
    <script type="text/javascript">
        window.appGlobal = {
          baseUrl: "/web/index.php",
          publicPath: "/web",
        };
    </script>
    <script src="/web/dist/js/chunk-vendors.js?v=1775433284510"></script>
    <script src="/web/dist/js/app.js?v=1775433284510"></script>
</body>
</html>

2026-06-01 18:01:09,316 - baseAutoHttp.py - INFO - 【01登录页面接口信息:login_api】接口调用结束

2026-06-01 18:01:09,316 - web_login_page.py - INFO - 【空用户名/Keepmoving624.】断言成功
2026-06-01 18:01:09,316 - baseAutoHttp.py - INFO - 接口会话已关闭
2026-06-01 18:01:09,317 - test_web_ohrm.py - INFO - 【用户名为空】用例执行成功
2026-06-01 18:01:09,324 - baseUtils.py - INFO - 配置文件读取成功：E:\develop\PythonProject\OrangeHRM\Config\配置文件.ini
2026-06-01 18:01:09,378 - baseAutoHttp.py - INFO - 【01登录页面接口信息:login_api】接口调用开始
2026-06-01 18:01:09,379 - baseData.py - INFO - 动态参数替换成功：{'_token': '7bbf21f347a0a86e1973b068.t_tBRXrJFg9carOI5BRCIwnphT2h5aY3H7evS6ejNp0.84oDE0KHdToDB4f4jH8Pc2Xc0lbMhvx_fPX-DvjKAeWAnxgnM5ZgbA4ixA', 'username': 'admin', 'password': ''}
2026-06-01 18:01:09,380 - baseAutoHttp.py - INFO - 请求方式: POST
2026-06-01 18:01:09,380 - baseAutoHttp.py - INFO - 请求地址: http://127.0.0.1:8080/web/index.php/auth/validate
2026-06-01 18:01:09,380 - baseAutoHttp.py - INFO - 请求头: {'User-Agent': 'Mozilla/5.0 (Windows NT 10.0; Win64; x64) AppleWebKit/537.36 (KHTML, like Gecko) Chrome/148.0.0.0 Safari/537.36', 'Content-Type': 'application/x-www-form-urlencoded'}
2026-06-01 18:01:09,380 - baseAutoHttp.py - INFO - 请求参数: params=None | data={'_token': '7bbf21f347a0a86e1973b068.t_tBRXrJFg9carOI5BRCIwnphT2h5aY3H7evS6ejNp0.84oDE0KHdToDB4f4jH8Pc2Xc0lbMhvx_fPX-DvjKAeWAnxgnM5ZgbA4ixA', 'username': 'admin', 'password': ''} | json=None
2026-06-01 18:01:09,656 - baseAutoHttp.py - INFO - 响应状态码: 200
2026-06-01 18:01:09,656 - baseAutoHttp.py - INFO - 响应耗时: 0.046914s
2026-06-01 18:01:09,656 - baseAutoHttp.py - INFO - 响应文本: <!DOCTYPE html>
<html>
<head>
  <meta charset="UTF-8">
  <meta http-equiv="X-UA-Compatible" content="IE=edge">
  <meta name="viewport" content="width=device-width,initial-scale=1">
  <title>OrangeHRM</title>
      <link rel="icon" href="/web/dist/favicon.ico?v=1775433284510">
    <link href="/web/dist/css/chunk-vendors.css?v=1775433284510" rel="preload" as="style">
    <link href="/web/dist/css/app.css?v=1775433284510" rel="preload" as="style">
    <link href="/web/dist/js/chunk-vendors.js?v=1775433284510" rel="preload" as="script">
    <link href="/web/dist/js/app.js?v=1775433284510" rel="preload" as="script">
      <link href="/web/dist/css/chunk-vendors.css?v=1775433284510" rel="stylesheet"/>
    <link href="/web/dist/css/app.css?v=1775433284510" rel="stylesheet"/>
</head>
<body>
  <style>
    :root {
            --oxd-primary-one-color:#FF7B1D;
            --oxd-primary-font-color:#FFFFFF;
            --oxd-secondary-four-color:#76BC21;
            --oxd-secondary-font-color:#FFFFFF;
            --oxd-primary-gradient-start-color:#FF920B;
            --oxd-primary-gradient-end-color:#F35C17;
            --oxd-secondary-gradient-start-color:#FF920B;
            --oxd-secondary-gradient-end-color:#F35C17;
            --oxd-primary-one-lighten-5-color:#ff8a37;
            --oxd-primary-one-lighten-30-color:#ffd4b6;
            --oxd-primary-one-darken-5-color:#ff6c03;
            --oxd-primary-one-alpha-10-color:rgba(255, 123, 29, 0.1);
            --oxd-primary-one-alpha-15-color:rgba(255, 123, 29, 0.15);
            --oxd-primary-one-alpha-20-color:rgba(255, 123, 29, 0.2);
            --oxd-primary-one-alpha-50-color:rgba(255, 123, 29, 0.5);
            --oxd-secondary-four-lighten-5-color:#84d225;
            --oxd-secondary-four-darken-5-color:#68a61d;
            --oxd-secondary-four-alpha-10-color:rgba(118, 188, 33, 0.1);
            --oxd-secondary-four-alpha-15-color:rgba(118, 188, 33, 0.15);
            --oxd-secondary-four-alpha-20-color:rgba(118, 188, 33, 0.2);
            --oxd-secondary-four-alpha-50-color:rgba(118, 188, 33, 0.5);
        }
  </style>
    <noscript>
        <strong>
            We're sorry but orangehrm doesn't work properly without JavaScript enabled. Please enable it to continue.
        </strong>
    </noscript>

    <div id="app">
    <auth-login
            :error="{&quot;error&quot;:&quot;invalid_credentials&quot;,&quot;message&quot;:&quot;Invalid credentials&quot;}"
            :token="&quot;27.YXjERe0kwrBu2tV43-mrki1htxLLTIwOekyJjmwwvfU.JQmGE9VqoYUxt-EIt4LmwkFU4HmmL9ZGGQ7YyzNZio1WHJ0npHu00zySog&quot;"
            :login-logo-src="&quot;\/web\/images\/ohrm_logo.png&quot;"
            :login-banner-src="&quot;\/web\/images\/ohrm_branding.png?v=1775433284510&quot;"
            :show-social-media="true"
            :is-demo-mode="false"
            :authenticators="[]"
        >
    <template v-slot:footer>
        <div class="orangehrm-copyright-wrapper">
            <oxd-text tag="p" class="orangehrm-copyright">OrangeHRM OS 5.8.1</oxd-text>
<oxd-text tag="p" class="orangehrm-copyright">&copy; 2005 - 2026 <a href="http://www.orangehrm.com" target="_blank">OrangeHRM, Inc</a>. All rights reserved.</oxd-text>
        </div>
    </template>
    </auth-login>
    </div>
    <script type="text/javascript">
        window.appGlobal = {
          baseUrl: "/web/index.php",
          publicPath: "/web",
        };
    </script>
    <script src="/web/dist/js/chunk-vendors.js?v=1775433284510"></script>
    <script src="/web/dist/js/app.js?v=1775433284510"></script>
</body>
</html>

2026-06-01 18:01:09,656 - baseAutoHttp.py - INFO - 【01登录页面接口信息:login_api】接口调用结束

2026-06-01 18:01:09,656 - web_login_page.py - INFO - 【admin/空密码】断言成功
2026-06-01 18:01:09,656 - baseAutoHttp.py - INFO - 接口会话已关闭
2026-06-01 18:01:09,656 - test_web_ohrm.py - INFO - 【密码为空】用例执行成功
2026-06-01 18:01:10,083 - baseDB.py - INFO - ✅ MySQL 数据库连接成功
2026-06-01 18:01:10,083 - conftest - INFO - ✅ conftest: 获取数据库连接（MysqlHelp）
2026-06-01 18:01:10,085 - baseUtils.py - INFO - 配置文件读取成功：E:\develop\PythonProject\OrangeHRM\Config\配置文件.ini
2026-06-01 18:01:10,574 - baseUtils.py - INFO - 配置文件读取成功：E:\develop\PythonProject\OrangeHRM\Config\配置文件.ini
2026-06-01 18:01:10,647 - baseUtils.py - INFO - 配置文件读取成功：E:\develop\PythonProject\OrangeHRM\Config\配置文件.ini
2026-06-01 18:01:10,726 - baseUtils.py - INFO - 配置文件读取成功：E:\develop\PythonProject\OrangeHRM\Config\配置文件.ini
2026-06-01 18:01:10,825 - baseAutoHttp.py - INFO - 【03查询员工页面:select_employee】接口调用开始
2026-06-01 18:01:10,827 - baseAutoHttp.py - INFO - 请求方式: GET
2026-06-01 18:01:10,828 - baseAutoHttp.py - INFO - 请求地址: http://127.0.0.1:8080/web/index.php/api/v2/pim/employees
2026-06-01 18:01:10,828 - baseAutoHttp.py - INFO - 请求头: {'User-Agent': 'Mozilla/5.0 (Windows NT 10.0; Win64; x64) AppleWebKit/537.36 (KHTML, like Gecko) Chrome/148.0.0.0 Safari/537.36'}
2026-06-01 18:01:10,828 - baseAutoHttp.py - INFO - 请求参数: params={'limit': '50', 'offset': '0', 'model': 'detailed', 'includeEmployees': 'onlyCurrent', 'sortField': 'employee.firstName', 'sortOrder': 'ASC'} | data=None | json=None
2026-06-01 18:01:10,901 - baseAutoHttp.py - INFO - 响应状态码: 200
2026-06-01 18:01:10,901 - baseAutoHttp.py - INFO - 响应耗时: 0.072224s
2026-06-01 18:01:10,902 - baseAutoHttp.py - INFO - 响应JSON: {'data': [{'empNumber': 2, 'lastName': 'oo', 'firstName': 'hh', 'middleName': '', 'employeeId': '0002', 'terminationId': None, 'jobTitle': {'id': None, 'title': None, 'isDeleted': None}, 'subunit': {'id': None, 'name': None}, 'empStatus': {'id': None, 'name': None}, 'supervisors': []}, {'empNumber': 5, 'lastName': 'Doe', 'firstName': 'John', 'middleName': '', 'employeeId': '1001', 'terminationId': None, 'jobTitle': {'id': None, 'title': None, 'isDeleted': None}, 'subunit': {'id': None, 'name': None}, 'empStatus': {'id': None, 'name': None}, 'supervisors': []}, {'empNumber': 6, 'lastName': 'pp', 'firstName': 'kk', 'middleName': '', 'employeeId': '1002', 'terminationId': None, 'jobTitle': {'id': None, 'title': None, 'isDeleted': None}, 'subunit': {'id': None, 'name': None}, 'empStatus': {'id': None, 'name': None}, 'supervisors': []}, {'empNumber': 14, 'lastName': 'll', 'firstName': 'kk', 'middleName': '', 'employeeId': '0014', 'terminationId': None, 'jobTitle': {'id': None, 'title': None, 'isDeleted': None}, 'subunit': {'id': None, 'name': None}, 'empStatus': {'id': None, 'name': None}, 'supervisors': []}, {'empNumber': 16, 'lastName': 'pp', 'firstName': 'ww', 'middleName': '', 'employeeId': '0016', 'terminationId': None, 'jobTitle': {'id': None, 'title': None, 'isDeleted': None}, 'subunit': {'id': None, 'name': None}, 'empStatus': {'id': None, 'name': None}, 'supervisors': []}, {'empNumber': 17, 'lastName': 'ss', 'firstName': 'zz', 'middleName': '', 'employeeId': '1009', 'terminationId': None, 'jobTitle': {'id': None, 'title': None, 'isDeleted': None}, 'subunit': {'id': None, 'name': None}, 'empStatus': {'id': None, 'name': None}, 'supervisors': []}, {'empNumber': 1, 'lastName': '安', 'firstName': '谢', 'middleName': '', 'employeeId': '0001', 'terminationId': None, 'jobTitle': {'id': None, 'title': None, 'isDeleted': None}, 'subunit': {'id': None, 'name': None}, 'empStatus': {'id': None, 'name': None}, 'supervisors': []}], 'meta': {'total': 7}, 'rels': []}
2026-06-01 18:01:10,902 - baseAutoHttp.py - INFO - 【03查询员工页面:select_employee】接口调用结束

2026-06-01 18:01:10,902 - test_web_ohrm.py - INFO - ☑️ 查询员工列表成功，返回 7 条
2026-06-01 18:01:10,908 - baseUtils.py - INFO - 配置文件读取成功：E:\develop\PythonProject\OrangeHRM\Config\配置文件.ini
2026-06-01 18:01:10,909 - baseAutoHttp.py - INFO - 【03查询员工页面:select_query】接口调用开始
2026-06-01 18:01:10,911 - baseData.py - INFO - 动态参数替换成功：{'employeeId': '1001'}
2026-06-01 18:01:10,911 - baseAutoHttp.py - INFO - 请求方式: GET
2026-06-01 18:01:10,911 - baseAutoHttp.py - INFO - 请求地址: http://127.0.0.1:8080/web/index.php/api/v2/pim/employees
2026-06-01 18:01:10,911 - baseAutoHttp.py - INFO - 请求头: {'User-Agent': 'Mozilla/5.0 (Windows NT 10.0; Win64; x64) AppleWebKit/537.36 (KHTML, like Gecko) Chrome/148.0.0.0 Safari/537.36', 'Referer': 'http://127.0.0.1:8080/web/index.php/pim/viewEmployeeList'}
2026-06-01 18:01:10,911 - baseAutoHttp.py - INFO - 请求参数: params={'limit': '50', 'offset': '0', 'model': 'detailed', 'employeeId': '1001', 'includeEmployees': 'onlyCurrent', 'sortField': 'employee.firstName', 'sortOrder': 'ASC'} | data=None | json=None
2026-06-01 18:01:10,996 - baseAutoHttp.py - INFO - 响应状态码: 200
2026-06-01 18:01:10,996 - baseAutoHttp.py - INFO - 响应耗时: 0.082482s
2026-06-01 18:01:10,996 - baseAutoHttp.py - INFO - 响应JSON: {'data': [{'empNumber': 5, 'lastName': 'Doe', 'firstName': 'John', 'middleName': '', 'employeeId': '1001', 'terminationId': None, 'jobTitle': {'id': None, 'title': None, 'isDeleted': None}, 'subunit': {'id': None, 'name': None}, 'empStatus': {'id': None, 'name': None}, 'supervisors': []}], 'meta': {'total': 1}, 'rels': []}
2026-06-01 18:01:10,996 - baseAutoHttp.py - INFO - 【03查询员工页面:select_query】接口调用结束

2026-06-01 18:01:10,996 - test_web_ohrm.py - INFO - ☑️【指定查询用例】执行完毕
2026-06-01 18:01:11,005 - baseUtils.py - INFO - 配置文件读取成功：E:\develop\PythonProject\OrangeHRM\Config\配置文件.ini
2026-06-01 18:01:11,005 - baseAutoHttp.py - INFO - 【03查询员工页面:select_query】接口调用开始
2026-06-01 18:01:11,008 - baseData.py - INFO - 动态参数替换成功：{'employeeId': '9999'}
2026-06-01 18:01:11,008 - baseAutoHttp.py - INFO - 请求方式: GET
2026-06-01 18:01:11,008 - baseAutoHttp.py - INFO - 请求地址: http://127.0.0.1:8080/web/index.php/api/v2/pim/employees
2026-06-01 18:01:11,009 - baseAutoHttp.py - INFO - 请求头: {'User-Agent': 'Mozilla/5.0 (Windows NT 10.0; Win64; x64) AppleWebKit/537.36 (KHTML, like Gecko) Chrome/148.0.0.0 Safari/537.36', 'Referer': 'http://127.0.0.1:8080/web/index.php/pim/viewEmployeeList'}
2026-06-01 18:01:11,009 - baseAutoHttp.py - INFO - 请求参数: params={'limit': '50', 'offset': '0', 'model': 'detailed', 'employeeId': '9999', 'includeEmployees': 'onlyCurrent', 'sortField': 'employee.firstName', 'sortOrder': 'ASC'} | data=None | json=None
2026-06-01 18:01:11,080 - baseAutoHttp.py - INFO - 响应状态码: 200
2026-06-01 18:01:11,080 - baseAutoHttp.py - INFO - 响应耗时: 0.06976s
2026-06-01 18:01:11,080 - baseAutoHttp.py - INFO - 响应JSON: {'data': [], 'meta': {'total': 0}, 'rels': []}
2026-06-01 18:01:11,080 - baseAutoHttp.py - INFO - 【03查询员工页面:select_query】接口调用结束

2026-06-01 18:01:11,080 - test_web_ohrm.py - INFO - ☑️【指定查询用例】执行完毕
2026-06-01 18:01:11,087 - baseUtils.py - INFO - 配置文件读取成功：E:\develop\PythonProject\OrangeHRM\Config\配置文件.ini
2026-06-01 18:01:11,106 - baseDB.py - INFO - ✅ MySQL 数据库连接成功
2026-06-01 18:01:11,109 - baseAutoHttp.py - INFO - 【04更新员工:update_employee】接口调用开始
2026-06-01 18:01:11,110 - baseData.py - INFO - 动态参数替换成功：{'firstName': 'John', 'lastName': 'Doe', 'employeeId': '1001'}
2026-06-01 18:01:11,111 - baseAutoHttp.py - INFO - 请求方式: PUT
2026-06-01 18:01:11,111 - baseAutoHttp.py - INFO - 请求地址: http://127.0.0.1:8080/web/index.php/api/v2/pim/employees/5/personal-details
2026-06-01 18:01:11,111 - baseAutoHttp.py - INFO - 请求头: {'User-Agent': 'Mozilla/5.0 (Windows NT 10.0; Win64; x64) AppleWebKit/537.36 (KHTML, like Gecko) Chrome/148.0.0.0 Safari/537.36', 'Content-Type': 'application/json', 'Referer': 'http://127.0.0.1:8080/web/index.php/pim/viewPersonalDetails/empNumber/5', 'Origin': 'http://127.0.0.1:8080'}
2026-06-01 18:01:11,111 - baseAutoHttp.py - INFO - 请求参数: params=None | data=None | json={'birthday': None, 'drivingLicenseExpiredDate': None, 'drivingLicenseNo': None, 'employeeId': '1001', 'firstName': 'John', 'gender': None, 'lastName': 'Doe', 'middleName': None, 'otherId': None}
2026-06-01 18:01:11,186 - baseAutoHttp.py - INFO - 响应状态码: 500
2026-06-01 18:01:11,186 - baseAutoHttp.py - INFO - 响应耗时: 0.074159s
2026-06-01 18:01:11,187 - baseAutoHttp.py - INFO - 响应JSON: {'error': {'status': '500', 'message': 'Unexpected Error Occurred'}}
2026-06-01 18:01:11,187 - baseAutoHttp.py - INFO - 【04更新员工:update_employee】接口调用结束

2026-06-01 18:01:11,195 - baseDB.py - INFO - ✅ MySQL 数据库连接成功
2026-06-01 18:01:11,198 - baseDB.py - INFO - ✅ MySQL 执行成功，事务已提交
2026-06-01 18:01:11,199 - baseDB.py - INFO - 🔌 MySQL 连接已关闭
2026-06-01 18:01:11,207 - baseDB.py - INFO - ✅ MySQL 数据库连接成功
2026-06-01 18:01:11,222 - baseUtils.py - INFO - 配置文件读取成功：E:\develop\PythonProject\OrangeHRM\Config\配置文件.ini
2026-06-01 18:01:11,224 - baseUtils.py - INFO - 配置文件读取成功：E:\develop\PythonProject\OrangeHRM\Config\配置文件.ini
2026-06-01 18:01:11,224 - baseAutoHttp.py - INFO - 【03查询员工页面:select_query】接口调用开始
2026-06-01 18:01:11,226 - baseData.py - INFO - 动态参数替换成功：{'employeeId': '0004'}
2026-06-01 18:01:11,227 - baseAutoHttp.py - INFO - 请求方式: GET
2026-06-01 18:01:11,227 - baseAutoHttp.py - INFO - 请求地址: http://127.0.0.1:8080/web/index.php/api/v2/pim/employees
2026-06-01 18:01:11,227 - baseAutoHttp.py - INFO - 请求头: {'User-Agent': 'Mozilla/5.0 (Windows NT 10.0; Win64; x64) AppleWebKit/537.36 (KHTML, like Gecko) Chrome/148.0.0.0 Safari/537.36', 'Referer': 'http://127.0.0.1:8080/web/index.php/pim/viewEmployeeList'}
2026-06-01 18:01:11,227 - baseAutoHttp.py - INFO - 请求参数: params={'limit': '50', 'offset': '0', 'model': 'detailed', 'employeeId': '0004', 'includeEmployees': 'onlyCurrent', 'sortField': 'employee.firstName', 'sortOrder': 'ASC'} | data=None | json=None
2026-06-01 18:01:11,293 - baseAutoHttp.py - INFO - 响应状态码: 200
2026-06-01 18:01:11,294 - baseAutoHttp.py - INFO - 响应耗时: 0.065551s
2026-06-01 18:01:11,294 - baseAutoHttp.py - INFO - 响应JSON: {'data': [], 'meta': {'total': 0}, 'rels': []}
2026-06-01 18:01:11,294 - baseAutoHttp.py - INFO - 【03查询员工页面:select_query】接口调用结束

2026-06-01 18:01:11,323 - baseDB.py - INFO - ✅ MySQL 数据库连接成功
2026-06-01 18:01:11,339 - baseUtils.py - INFO - 配置文件读取成功：E:\develop\PythonProject\OrangeHRM\Config\配置文件.ini
2026-06-01 18:01:11,340 - baseUtils.py - INFO - 配置文件读取成功：E:\develop\PythonProject\OrangeHRM\Config\配置文件.ini
2026-06-01 18:01:11,340 - baseAutoHttp.py - INFO - 【03查询员工页面:select_query】接口调用开始
2026-06-01 18:01:11,342 - baseData.py - INFO - 动态参数替换成功：{'employeeId': '9999'}
2026-06-01 18:01:11,343 - baseAutoHttp.py - INFO - 请求方式: GET
2026-06-01 18:01:11,343 - baseAutoHttp.py - INFO - 请求地址: http://127.0.0.1:8080/web/index.php/api/v2/pim/employees
2026-06-01 18:01:11,343 - baseAutoHttp.py - INFO - 请求头: {'User-Agent': 'Mozilla/5.0 (Windows NT 10.0; Win64; x64) AppleWebKit/537.36 (KHTML, like Gecko) Chrome/148.0.0.0 Safari/537.36', 'Referer': 'http://127.0.0.1:8080/web/index.php/pim/viewEmployeeList'}
2026-06-01 18:01:11,343 - baseAutoHttp.py - INFO - 请求参数: params={'limit': '50', 'offset': '0', 'model': 'detailed', 'employeeId': '9999', 'includeEmployees': 'onlyCurrent', 'sortField': 'employee.firstName', 'sortOrder': 'ASC'} | data=None | json=None
2026-06-01 18:01:11,419 - baseAutoHttp.py - INFO - 响应状态码: 200
2026-06-01 18:01:11,419 - baseAutoHttp.py - INFO - 响应耗时: 0.07521s
2026-06-01 18:01:11,420 - baseAutoHttp.py - INFO - 响应JSON: {'data': [], 'meta': {'total': 0}, 'rels': []}
2026-06-01 18:01:11,420 - baseAutoHttp.py - INFO - 【03查询员工页面:select_query】接口调用结束

2026-06-01 18:01:11,447 - baseDB.py - INFO - ✅ MySQL 数据库连接成功
2026-06-01 18:01:11,449 - test_web_ohrm.py - INFO - ☑️【删除员工】用例执行成功
2026-06-01 18:01:11,457 - baseUtils.py - INFO - 配置文件读取成功：E:\develop\PythonProject\OrangeHRM\Config\配置文件.ini
2026-06-01 18:01:11,457 - baseAutoHttp.py - INFO - 【06未登录访问员工接口:employee】接口调用开始
2026-06-01 18:01:11,459 - baseAutoHttp.py - INFO - 请求方式: GET
2026-06-01 18:01:11,459 - baseAutoHttp.py - INFO - 请求地址: http://127.0.0.1:8080/web/index.php/pim/viewEmployeeList
2026-06-01 18:01:11,459 - baseAutoHttp.py - INFO - 请求头: {'User-Agent': 'Mozilla/5.0 (Windows NT 10.0; Win64; x64) AppleWebKit/537.36 (KHTML, like Gecko) Chrome/148.0.0.0 Safari/537.36'}
2026-06-01 18:01:11,459 - baseAutoHttp.py - INFO - 请求参数: params={'includeEmployees': 'onlyCurrent', 'limit': '50', 'model': 'detailed', 'offset': '0', 'sortField': 'employee.firstName', 'sortOrder': 'ASC'} | data=None | json=None
2026-06-01 18:01:11,509 - baseAutoHttp.py - INFO - 响应状态码: 302
2026-06-01 18:01:11,509 - baseAutoHttp.py - INFO - 响应耗时: 0.048421s
2026-06-01 18:01:11,509 - baseAutoHttp.py - INFO - 响应文本: <!DOCTYPE html>
<html>
    <head>
        <meta charset="UTF-8" />
        <meta http-equiv="refresh" content="0;url='http://127.0.0.1:8080/web/index.php/auth/login'" />

        <title>Redirecting to http://127.0.0.1:8080/web/index.php/auth/login</title>
    </head>
    <body>
        Redirecting to <a href="http://127.0.0.1:8080/web/index.php/auth/login">http://127.0.0.1:8080/web/index.php/auth/login</a>.
    </body>
</html>
2026-06-01 18:01:11,510 - baseAutoHttp.py - INFO - 【06未登录访问员工接口:employee】接口调用结束

2026-06-01 18:01:11,931 - baseUtils.py - INFO - 配置文件读取成功：E:\develop\PythonProject\OrangeHRM\Config\配置文件.ini
2026-06-01 18:01:11,932 - baseAutoHttp.py - INFO - 【07非管理员登录:employee_login】接口调用开始
2026-06-01 18:01:11,934 - baseData.py - INFO - 动态参数替换成功：{'firstName': 'cc', 'lastName': 'dd', 'employeeId': '1010'}
2026-06-01 18:01:11,934 - baseAutoHttp.py - INFO - 请求方式: POST
2026-06-01 18:01:11,934 - baseAutoHttp.py - INFO - 请求地址: http://127.0.0.1:8080/web/index.php/api/v2/pim/employees
2026-06-01 18:01:11,934 - baseAutoHttp.py - INFO - 请求头: {'User-Agent': 'Mozilla/5.0 (Windows NT 10.0; Win64; x64) AppleWebKit/537.36 (KHTML, like Gecko) Chrome/148.0.0.0 Safari/537.36', 'Content-Type': 'application/json', 'Origin': 'http://127.0.0.1:8080', 'Referer': 'http://127.0.0.1:8080/web/index.php/pim/addEmployee'}
2026-06-01 18:01:11,934 - baseAutoHttp.py - INFO - 请求参数: params=None | data=None | json={'employeeId': '1010', 'empPicture': None, 'firstName': 'cc', 'lastName': 'dd', 'middleName': None}
2026-06-01 18:01:12,011 - baseAutoHttp.py - INFO - 响应状态码: 403
2026-06-01 18:01:12,011 - baseAutoHttp.py - INFO - 响应耗时: 0.076054s
2026-06-01 18:01:12,012 - baseAutoHttp.py - INFO - 响应JSON: {'error': {'status': 403, 'message': 'Unauthorized'}}
2026-06-01 18:01:12,012 - baseAutoHttp.py - INFO - 【07非管理员登录:employee_login】接口调用结束

2026-06-01 18:01:12,012 - test_web_ohrm.py - INFO - ☑️【非管理员账号操作员工】用例执行成功
2026-06-01 18:01:14,658 - runClient.py - INFO - ✅ Allure报告生成完成：E:\develop\PythonProject\OrangeHRM\Reports\ALLURE\Report
2026-06-01 18:01:14,736 - baseUtils.py - INFO - 目录文件清空完成：E:\develop\PythonProject\OrangeHRM\Reports\ALLURE\Result
2026-06-01 18:01:14,737 - baseUtils.py - INFO - 配置文件读取成功：E:\develop\PythonProject\OrangeHRM\Config\配置文件.ini
2026-06-01 18:01:14,875 - baseUtils.py - INFO - 文件夹压缩成功：E:\develop\PythonProject\OrangeHRM\Reports\ALLURE\Report\allure.zip
2026-06-01 18:01:16,822 - baseEmail.py - INFO - ✅ 邮件发送成功！发件人：511227621@qq.com，收件人：['1790159671@qq.com']
2026-06-01 18:01:16,861 - runClient.py - INFO - 📧 测试报告邮件发送成功
2026-06-01 18:01:16,861 - runClient.py - INFO - 🎉 自动化测试执行完毕！
2026-06-01 18:03:04,089 - baseUtils.py - INFO - 配置文件读取成功：E:\develop\PythonProject\OrangeHRM\Config\配置文件.ini
2026-06-01 18:03:04,090 - globalManager.py - INFO - 全局变量管理器初始化成功
2026-06-01 18:03:04,810 - baseUtils.py - INFO - 配置文件读取成功：E:\develop\PythonProject\OrangeHRM\Config\配置文件.ini
2026-06-01 18:03:04,811 - globalManager.py - INFO - 全局变量管理器初始化成功
2026-06-01 18:03:04,824 - runClient.py - INFO - 🔍 正在收集测试用例，请稍候...
2026-06-01 18:03:05,524 - baseUtils.py - INFO - 配置文件读取成功：E:\develop\PythonProject\OrangeHRM\Config\配置文件.ini
2026-06-01 18:03:05,524 - globalManager.py - INFO - 全局变量管理器初始化成功
2026-06-01 18:03:05,749 - baseUtils.py - INFO - 配置文件读取成功：E:\develop\PythonProject\OrangeHRM\Config\配置文件.ini
2026-06-01 18:03:05,903 - baseUtils.py - INFO - 配置文件读取成功：E:\develop\PythonProject\OrangeHRM\Config\配置文件.ini
2026-06-01 18:03:05,904 - baseUtils.py - INFO - 配置文件读取成功：E:\develop\PythonProject\OrangeHRM\Config\配置文件.ini
2026-06-01 18:03:06,171 - baseUtils.py - INFO - 配置文件读取成功：E:\develop\PythonProject\OrangeHRM\Config\配置文件.ini
2026-06-01 18:03:06,173 - baseData.py - INFO - 数据驱动读取成功：01登录接口
2026-06-01 18:03:06,174 - baseUtils.py - INFO - 配置文件读取成功：E:\develop\PythonProject\OrangeHRM\Config\配置文件.ini
2026-06-01 18:03:06,175 - baseData.py - INFO - 数据驱动读取成功：02添加员工接口
2026-06-01 18:03:06,175 - baseUtils.py - INFO - 配置文件读取成功：E:\develop\PythonProject\OrangeHRM\Config\配置文件.ini
2026-06-01 18:03:06,176 - baseData.py - INFO - 数据驱动读取成功：03指定查询
2026-06-01 18:03:06,177 - baseUtils.py - INFO - 配置文件读取成功：E:\develop\PythonProject\OrangeHRM\Config\配置文件.ini
2026-06-01 18:03:06,178 - baseData.py - INFO - 数据驱动读取成功：04删除员工
2026-06-01 18:03:06,183 - baseYaml.py - INFO - YAML写入成功：E:\develop\PythonProject\OrangeHRM\Data\Temp\tempcases.yaml
2026-06-01 18:03:06,184 - conftest.py - INFO - ✅ 用例信息已导出：E:\develop\PythonProject\OrangeHRM\Data\Temp\tempcases.yaml
2026-06-01 18:03:06,588 - runClient.py - INFO - ✅ 用例收集完成，启动用例选择器
2026-06-01 18:03:07,315 - baseUtils.py - INFO - 配置文件读取成功：E:\develop\PythonProject\OrangeHRM\Config\配置文件.ini
2026-06-01 18:03:07,315 - globalManager.py - INFO - 全局变量管理器初始化成功
2026-06-01 18:03:09,340 - baseYaml.py - INFO - YAML写入成功：E:\develop\PythonProject\OrangeHRM\Data\Temp\testcases.yaml
2026-06-01 18:03:09,341 - caseSelector.py - INFO - 用例导出成功：E:\develop\PythonProject\OrangeHRM\Data\Temp\testcases.yaml
2026-06-01 18:03:10,539 - runClient.py - INFO - 🚀 开始执行选中用例，共 18 条
2026-06-01 18:03:10,808 - baseUtils.py - INFO - 配置文件读取成功：E:\develop\PythonProject\OrangeHRM\Config\配置文件.ini
2026-06-01 18:03:10,983 - baseUtils.py - INFO - 配置文件读取成功：E:\develop\PythonProject\OrangeHRM\Config\配置文件.ini
2026-06-01 18:03:10,984 - baseUtils.py - INFO - 配置文件读取成功：E:\develop\PythonProject\OrangeHRM\Config\配置文件.ini
2026-06-01 18:03:11,551 - baseUtils.py - INFO - 配置文件读取成功：E:\develop\PythonProject\OrangeHRM\Config\配置文件.ini
2026-06-01 18:03:11,552 - baseData.py - INFO - 数据驱动读取成功：01登录接口
2026-06-01 18:03:11,554 - baseUtils.py - INFO - 配置文件读取成功：E:\develop\PythonProject\OrangeHRM\Config\配置文件.ini
2026-06-01 18:03:11,555 - baseData.py - INFO - 数据驱动读取成功：02添加员工接口
2026-06-01 18:03:11,556 - baseUtils.py - INFO - 配置文件读取成功：E:\develop\PythonProject\OrangeHRM\Config\配置文件.ini
2026-06-01 18:03:11,557 - baseData.py - INFO - 数据驱动读取成功：03指定查询
2026-06-01 18:03:11,558 - baseUtils.py - INFO - 配置文件读取成功：E:\develop\PythonProject\OrangeHRM\Config\配置文件.ini
2026-06-01 18:03:11,559 - baseData.py - INFO - 数据驱动读取成功：04删除员工
2026-06-01 18:03:11,569 - baseUtils.py - INFO - 配置文件读取成功：E:\develop\PythonProject\OrangeHRM\Config\配置文件.ini
2026-06-01 18:03:11,664 - baseAutoHttp.py - INFO - 【01登录页面接口信息:login_api】接口调用开始
2026-06-01 18:03:11,666 - baseData.py - INFO - 动态参数替换成功：{'_token': 'a72cc3e66.SMqIXagVsCkCUljOOk1uMrNNkbPv0YbA97QiAIMXeIY.AYyxMuF83BEwFWCsAj0mWcp53NWn6OOjxMxUc_JEF_MNh8tp53L8TVICCQ', 'username': 'admin', 'password': 'Keepmoving624.'}
2026-06-01 18:03:11,666 - baseAutoHttp.py - INFO - 请求方式: POST
2026-06-01 18:03:11,666 - baseAutoHttp.py - INFO - 请求地址: http://127.0.0.1:8080/web/index.php/auth/validate
2026-06-01 18:03:11,666 - baseAutoHttp.py - INFO - 请求头: {'User-Agent': 'Mozilla/5.0 (Windows NT 10.0; Win64; x64) AppleWebKit/537.36 (KHTML, like Gecko) Chrome/148.0.0.0 Safari/537.36', 'Content-Type': 'application/x-www-form-urlencoded'}
2026-06-01 18:03:11,666 - baseAutoHttp.py - INFO - 请求参数: params=None | data={'_token': 'a72cc3e66.SMqIXagVsCkCUljOOk1uMrNNkbPv0YbA97QiAIMXeIY.AYyxMuF83BEwFWCsAj0mWcp53NWn6OOjxMxUc_JEF_MNh8tp53L8TVICCQ', 'username': 'admin', 'password': 'Keepmoving624.'} | json=None
2026-06-01 18:03:12,098 - baseAutoHttp.py - INFO - 响应状态码: 200
2026-06-01 18:03:12,099 - baseAutoHttp.py - INFO - 响应耗时: 0.122312s
2026-06-01 18:03:12,099 - baseAutoHttp.py - INFO - 响应文本: <!DOCTYPE html>
<html>
<head>
  <meta charset="UTF-8">
  <meta http-equiv="X-UA-Compatible" content="IE=edge">
  <meta name="viewport" content="width=device-width,initial-scale=1">
  <title>OrangeHRM</title>
    <link rel="icon" href="/web/dist/favicon.ico?v=1775433284510">
  <link href="/web/dist/css/chunk-vendors.css?v=1775433284510" rel="preload" as="style">
  <link href="/web/dist/css/app.css?v=1775433284510" rel="preload" as="style">
  <link href="/web/dist/js/chunk-vendors.js?v=1775433284510" rel="preload" as="script">
  <link href="/web/dist/js/app.js?v=1775433284510" rel="preload" as="script">
    <link href="/web/dist/css/chunk-vendors.css?v=1775433284510" rel="stylesheet"/>
  <link href="/web/dist/css/app.css?v=1775433284510" rel="stylesheet"/>
</head>
<body>
  <style>
    :root {
            --oxd-primary-one-color:#FF7B1D;
            --oxd-primary-font-color:#FFFFFF;
            --oxd-secondary-four-color:#76BC21;
            --oxd-secondary-font-color:#FFFFFF;
            --oxd-primary-gradient-start-color:#FF920B;
            --oxd-primary-gradient-end-color:#F35C17;
            --oxd-secondary-gradient-start-color:#FF920B;
            --oxd-secondary-gradient-end-color:#F35C17;
            --oxd-primary-one-lighten-5-color:#ff8a37;
            --oxd-primary-one-lighten-30-color:#ffd4b6;
            --oxd-primary-one-darken-5-color:#ff6c03;
            --oxd-primary-one-alpha-10-color:rgba(255, 123, 29, 0.1);
            --oxd-primary-one-alpha-15-color:rgba(255, 123, 29, 0.15);
            --oxd-primary-one-alpha-20-color:rgba(255, 123, 29, 0.2);
            --oxd-primary-one-alpha-50-color:rgba(255, 123, 29, 0.5);
            --oxd-secondary-four-lighten-5-color:#84d225;
            --oxd-secondary-four-darken-5-color:#68a61d;
            --oxd-secondary-four-alpha-10-color:rgba(118, 188, 33, 0.1);
            --oxd-secondary-four-alpha-15-color:rgba(118, 188, 33, 0.15);
            --oxd-secondary-four-alpha-20-color:rgba(118, 188, 33, 0.2);
            --oxd-secondary-four-alpha-50-color:rgba(118, 188, 33, 0.5);
        }
  </style>
  <noscript>
    <strong>
      We're sorry but orangehrm doesn't work properly without JavaScript enabled. Please enable it to continue.
    </strong>
  </noscript>

  <div id="app">
    <oxd-layout
        home-url="https://www.orangehrm.com/"
        :sidepanel-menu-items="[{&quot;id&quot;:1,&quot;name&quot;:&quot;\u7ba1\u7406\u5458&quot;,&quot;url&quot;:&quot;\/web\/index.php\/admin\/viewAdminModule&quot;,&quot;icon&quot;:&quot;admin&quot;},{&quot;id&quot;:30,&quot;name&quot;:&quot;\u4e2a\u4eba\u4fe1\u606f\u7ba1\u7406\u7cfb\u7edf&quot;,&quot;url&quot;:&quot;\/web\/index.php\/pim\/viewPimModule&quot;,&quot;icon&quot;:&quot;pim&quot;},{&quot;id&quot;:41,&quot;name&quot;:&quot;\u4f11\u5047&quot;,&quot;url&quot;:&quot;\/web\/index.php\/leave\/viewLeaveModule&quot;,&quot;icon&quot;:&quot;leave&quot;},{&quot;id&quot;:52,&quot;name&quot;:&quot;\u65f6\u95f4&quot;,&quot;url&quot;:&quot;\/web\/index.php\/time\/viewTimeModule&quot;,&quot;icon&quot;:&quot;time&quot;},{&quot;id&quot;:65,&quot;name&quot;:&quot;\u62db\u8058&quot;,&quot;url&quot;:&quot;\/web\/index.php\/recruitment\/viewRecruitmentModule&quot;,&quot;icon&quot;:&quot;recruitment&quot;},{&quot;id&quot;:40,&quot;name&quot;:&quot;\u6211\u7684\u4fe1\u606f&quot;,&quot;url&quot;:&quot;\/web\/index.php\/pim\/viewMyDetails&quot;,&quot;icon&quot;:&quot;myinfo&quot;},{&quot;id&quot;:83,&quot;name&quot;:&quot;\u7ee9\u6548&quot;,&quot;url&quot;:&quot;\/web\/index.php\/performance\/viewPerformanceModule&quot;,&quot;icon&quot;:&quot;performance&quot;},{&quot;id&quot;:82,&quot;name&quot;:&quot;\u4eea\u8868\u76d8&quot;,&quot;url&quot;:&quot;\/web\/index.php\/dashboard\/index&quot;,&quot;icon&quot;:&quot;dashboard&quot;,&quot;active&quot;:true},{&quot;id&quot;:93,&quot;name&quot;:&quot;Directory&quot;,&quot;url&quot;:&quot;\/web\/index.php\/directory\/viewDirectory&quot;,&quot;icon&quot;:&quot;directory&quot;},{&quot;id&quot;:96,&quot;name&quot;:&quot;Maintenance&quot;,&quot;url&quot;:&quot;\/web\/index.php\/maintenance\/viewMaintenanceModule&quot;,&quot;icon&quot;:&quot;maintenance&quot;},{&quot;id&quot;:105,&quot;name&quot;:&quot;Claim&quot;,&quot;url&quot;:&quot;\/web\/index.php\/claim\/viewClaimModule&quot;,&quot;icon&quot;:&quot;claim&quot;},{&quot;id&quot;:101,&quot;name&quot;:&quot;\u6fc0\u52a8&quot;,&quot;url&quot;:&quot;\/web\/index.php\/buzz\/viewBuzz&quot;,&quot;icon&quot;:&quot;buzz&quot;}]"
        :topbar-menu-items="[]"
        :user="{&quot;firstName&quot;:&quot;\u8c22&quot;,&quot;lastName&quot;:&quot;\u5b89&quot;,&quot;profImgSrc&quot;:&quot;\/web\/index.php\/pim\/viewPhoto\/empNumber\/1&quot;,&quot;hasPassword&quot;:true}"
        brand-logo-src="/web/images/orange.png?v=1775433284510"
        brand-banner-src="/web/images/orangehrm-logo.png?v=1775433284510"
        logout-url="/web/index.php/auth/logout"
        support-url="/web/index.php/help/support"
        :update-password-url="&quot;/web/index.php/pim/updatePassword&quot;"
        :permissions="{&quot;dashboard_buzz_widget&quot;:{&quot;canRead&quot;:true,&quot;canCreate&quot;:false,&quot;canUpdate&quot;:false,&quot;canDelete&quot;:false},&quot;dashboard_employees_on_leave_today_config&quot;:{&quot;canRead&quot;:true,&quot;canCreate&quot;:false,&quot;canUpdate&quot;:true,&quot;canDelete&quot;:false},&quot;dashboard_leave_widget&quot;:{&quot;canRead&quot;:true,&quot;canCreate&quot;:false,&quot;canUpdate&quot;:false,&quot;canDelete&quot;:false},&quot;dashboard_location_widget&quot;:{&quot;canRead&quot;:true,&quot;canCreate&quot;:false,&quot;canUpdate&quot;:false,&quot;canDelete&quot;:false},&quot;dashboard_subunit_widget&quot;:{&quot;canRead&quot;:true,&quot;canCreate&quot;:false,&quot;canUpdate&quot;:false,&quot;canDelete&quot;:false},&quot;dashboard_time_widget&quot;:{&quot;canRead&quot;:true,&quot;canCreate&quot;:false,&quot;canUpdate&quot;:false,&quot;canDelete&quot;:false}}"
        :breadcrumb="{&quot;moduleName&quot;:&quot;\u4eea\u8868\u76d8&quot;,&quot;level&quot;:null}"
        :date-format="{&quot;id&quot;:&quot;Y-m-d&quot;,&quot;label&quot;:&quot;yyyy-mm-dd&quot;}"
        help-url="/web/index.php/help/help?label=dashboard_index"
        :show-upgrade="1"
    >
      <view-dashboard
            >
    </view-dashboard>
    <template v-slot:footer><oxd-text tag="p" class="orangehrm-copyright">OrangeHRM OS 5.8.1</oxd-text>
<oxd-text tag="p" class="orangehrm-copyright">&copy; 2005 - 2026 <a href="http://www.orangehrm.com" target="_blank">OrangeHRM, Inc</a>. All rights reserved.</oxd-text>
<br></template>
    </oxd-layout>
  </div>
  <script type="text/javascript">
      window.appGlobal = {
        baseUrl: "/web/index.php",
        publicPath: "/web",
      };
  </script>
  <script src="/web/dist/js/chunk-vendors.js?v=1775433284510"></script>
  <script src="/web/dist/js/app.js?v=1775433284510"></script>
</body>
</html>

2026-06-01 18:03:12,099 - baseAutoHttp.py - INFO - 【01登录页面接口信息:login_api】接口调用结束

2026-06-01 18:03:12,099 - web_login_page.py - INFO - 【管理员正常登录】断言成功
2026-06-01 18:03:12,099 - baseAutoHttp.py - INFO - 接口会话已关闭
2026-06-01 18:03:12,100 - test_web_ohrm.py - INFO - 【管理员正常登录】用例执行成功
2026-06-01 18:03:12,106 - baseUtils.py - INFO - 配置文件读取成功：E:\develop\PythonProject\OrangeHRM\Config\配置文件.ini
2026-06-01 18:03:12,159 - baseAutoHttp.py - INFO - 【02登录页面未携带token:login_not_token_api】接口调用开始
2026-06-01 18:03:12,161 - baseData.py - INFO - 动态参数替换成功：{'username': 'admin', 'password': 'Keepmoving624.'}
2026-06-01 18:03:12,162 - baseAutoHttp.py - INFO - 请求方式: POST
2026-06-01 18:03:12,162 - baseAutoHttp.py - INFO - 请求地址: http://127.0.0.1:8080/web/index.php/auth/validate
2026-06-01 18:03:12,162 - baseAutoHttp.py - INFO - 请求头: {'User-Agent': 'Mozilla/5.0 (Windows NT 10.0; Win64; x64) AppleWebKit/537.36 (KHTML, like Gecko) Chrome/148.0.0.0 Safari/537.36', 'Content-Type': 'application/x-www-form-urlencoded'}
2026-06-01 18:03:12,162 - baseAutoHttp.py - INFO - 请求参数: params=None | data={'username': 'admin', 'password': 'Keepmoving624.'} | json=None
2026-06-01 18:03:12,253 - baseAutoHttp.py - INFO - 响应状态码: 200
2026-06-01 18:03:12,253 - baseAutoHttp.py - INFO - 响应耗时: 0.048284s
2026-06-01 18:03:12,253 - baseAutoHttp.py - INFO - 响应文本: <!DOCTYPE html>
<html>
<head>
  <meta charset="UTF-8">
  <meta http-equiv="X-UA-Compatible" content="IE=edge">
  <meta name="viewport" content="width=device-width,initial-scale=1">
  <title>OrangeHRM</title>
      <link rel="icon" href="/web/dist/favicon.ico?v=1775433284510">
    <link href="/web/dist/css/chunk-vendors.css?v=1775433284510" rel="preload" as="style">
    <link href="/web/dist/css/app.css?v=1775433284510" rel="preload" as="style">
    <link href="/web/dist/js/chunk-vendors.js?v=1775433284510" rel="preload" as="script">
    <link href="/web/dist/js/app.js?v=1775433284510" rel="preload" as="script">
      <link href="/web/dist/css/chunk-vendors.css?v=1775433284510" rel="stylesheet"/>
    <link href="/web/dist/css/app.css?v=1775433284510" rel="stylesheet"/>
</head>
<body>
  <style>
    :root {
            --oxd-primary-one-color:#FF7B1D;
            --oxd-primary-font-color:#FFFFFF;
            --oxd-secondary-four-color:#76BC21;
            --oxd-secondary-font-color:#FFFFFF;
            --oxd-primary-gradient-start-color:#FF920B;
            --oxd-primary-gradient-end-color:#F35C17;
            --oxd-secondary-gradient-start-color:#FF920B;
            --oxd-secondary-gradient-end-color:#F35C17;
            --oxd-primary-one-lighten-5-color:#ff8a37;
            --oxd-primary-one-lighten-30-color:#ffd4b6;
            --oxd-primary-one-darken-5-color:#ff6c03;
            --oxd-primary-one-alpha-10-color:rgba(255, 123, 29, 0.1);
            --oxd-primary-one-alpha-15-color:rgba(255, 123, 29, 0.15);
            --oxd-primary-one-alpha-20-color:rgba(255, 123, 29, 0.2);
            --oxd-primary-one-alpha-50-color:rgba(255, 123, 29, 0.5);
            --oxd-secondary-four-lighten-5-color:#84d225;
            --oxd-secondary-four-darken-5-color:#68a61d;
            --oxd-secondary-four-alpha-10-color:rgba(118, 188, 33, 0.1);
            --oxd-secondary-four-alpha-15-color:rgba(118, 188, 33, 0.15);
            --oxd-secondary-four-alpha-20-color:rgba(118, 188, 33, 0.2);
            --oxd-secondary-four-alpha-50-color:rgba(118, 188, 33, 0.5);
        }
  </style>
    <noscript>
        <strong>
            We're sorry but orangehrm doesn't work properly without JavaScript enabled. Please enable it to continue.
        </strong>
    </noscript>

    <div id="app">
    <auth-login
            :error="{&quot;error&quot;:&quot;invalid_csrf_token&quot;,&quot;message&quot;:&quot;CSRF token validation failed&quot;}"
            :token="&quot;e.oKS5FtxvwtH_LiKl6Z7SHaLHkU-DBigzHz7dmbVPqc0.5tD9eL8whpvOdHHVnvSeZJX0qB_VQ0NFTGaZxoUHnLvi5vRu5R2a_Jh3UQ&quot;"
            :login-logo-src="&quot;\/web\/images\/ohrm_logo.png&quot;"
            :login-banner-src="&quot;\/web\/images\/ohrm_branding.png?v=1775433284510&quot;"
            :show-social-media="true"
            :is-demo-mode="false"
            :authenticators="[]"
        >
    <template v-slot:footer>
        <div class="orangehrm-copyright-wrapper">
            <oxd-text tag="p" class="orangehrm-copyright">OrangeHRM OS 5.8.1</oxd-text>
<oxd-text tag="p" class="orangehrm-copyright">&copy; 2005 - 2026 <a href="http://www.orangehrm.com" target="_blank">OrangeHRM, Inc</a>. All rights reserved.</oxd-text>
        </div>
    </template>
    </auth-login>
    </div>
    <script type="text/javascript">
        window.appGlobal = {
          baseUrl: "/web/index.php",
          publicPath: "/web",
        };
    </script>
    <script src="/web/dist/js/chunk-vendors.js?v=1775433284510"></script>
    <script src="/web/dist/js/app.js?v=1775433284510"></script>
</body>
</html>

2026-06-01 18:03:12,254 - baseAutoHttp.py - INFO - 【02登录页面未携带token:login_not_token_api】接口调用结束

2026-06-01 18:03:12,254 - web_login_page.py - INFO - 【未携带CSRF令牌】断言成功
2026-06-01 18:03:12,254 - baseAutoHttp.py - INFO - 接口会话已关闭
2026-06-01 18:03:12,254 - test_web_ohrm.py - INFO - 【未携带CSRF令牌】用例执行成功
2026-06-01 18:03:12,261 - baseUtils.py - INFO - 配置文件读取成功：E:\develop\PythonProject\OrangeHRM\Config\配置文件.ini
2026-06-01 18:03:12,357 - baseAutoHttp.py - INFO - 【01登录页面接口信息:login_api】接口调用开始
2026-06-01 18:03:12,358 - baseData.py - INFO - 动态参数替换成功：{'_token': '5bd3b7ea50f4.KweOBRCQlt1Fga_Bjx5X6P3VGmwnxvwN4Uq9L_m1NfI.WXDiR3Kh7IIaxMmK1Vs8kaukIjlpg7Q_pw2NFoiEQLUdbd9Ucvjnjwa23A', 'username': 'admin', 'password': 'Keepmoving624.'}
2026-06-01 18:03:12,358 - baseAutoHttp.py - INFO - 请求方式: POST
2026-06-01 18:03:12,358 - baseAutoHttp.py - INFO - 请求地址: http://127.0.0.1:8080/web/index.php/auth/validate
2026-06-01 18:03:12,358 - baseAutoHttp.py - INFO - 请求头: {'User-Agent': 'Mozilla/5.0 (Windows NT 10.0; Win64; x64) AppleWebKit/537.36 (KHTML, like Gecko) Chrome/148.0.0.0 Safari/537.36', 'Content-Type': 'application/x-www-form-urlencoded'}
2026-06-01 18:03:12,359 - baseAutoHttp.py - INFO - 请求参数: params=None | data={'_token': '5bd3b7ea50f4.KweOBRCQlt1Fga_Bjx5X6P3VGmwnxvwN4Uq9L_m1NfI.WXDiR3Kh7IIaxMmK1Vs8kaukIjlpg7Q_pw2NFoiEQLUdbd9Ucvjnjwa23A', 'username': 'admin', 'password': 'Keepmoving624.'} | json=None
2026-06-01 18:03:12,460 - baseAutoHttp.py - INFO - 响应状态码: 200
2026-06-01 18:03:12,460 - baseAutoHttp.py - INFO - 响应耗时: 0.04915s
2026-06-01 18:03:12,460 - baseAutoHttp.py - INFO - 响应文本: <!DOCTYPE html>
<html>
<head>
  <meta charset="UTF-8">
  <meta http-equiv="X-UA-Compatible" content="IE=edge">
  <meta name="viewport" content="width=device-width,initial-scale=1">
  <title>OrangeHRM</title>
      <link rel="icon" href="/web/dist/favicon.ico?v=1775433284510">
    <link href="/web/dist/css/chunk-vendors.css?v=1775433284510" rel="preload" as="style">
    <link href="/web/dist/css/app.css?v=1775433284510" rel="preload" as="style">
    <link href="/web/dist/js/chunk-vendors.js?v=1775433284510" rel="preload" as="script">
    <link href="/web/dist/js/app.js?v=1775433284510" rel="preload" as="script">
      <link href="/web/dist/css/chunk-vendors.css?v=1775433284510" rel="stylesheet"/>
    <link href="/web/dist/css/app.css?v=1775433284510" rel="stylesheet"/>
</head>
<body>
  <style>
    :root {
            --oxd-primary-one-color:#FF7B1D;
            --oxd-primary-font-color:#FFFFFF;
            --oxd-secondary-four-color:#76BC21;
            --oxd-secondary-font-color:#FFFFFF;
            --oxd-primary-gradient-start-color:#FF920B;
            --oxd-primary-gradient-end-color:#F35C17;
            --oxd-secondary-gradient-start-color:#FF920B;
            --oxd-secondary-gradient-end-color:#F35C17;
            --oxd-primary-one-lighten-5-color:#ff8a37;
            --oxd-primary-one-lighten-30-color:#ffd4b6;
            --oxd-primary-one-darken-5-color:#ff6c03;
            --oxd-primary-one-alpha-10-color:rgba(255, 123, 29, 0.1);
            --oxd-primary-one-alpha-15-color:rgba(255, 123, 29, 0.15);
            --oxd-primary-one-alpha-20-color:rgba(255, 123, 29, 0.2);
            --oxd-primary-one-alpha-50-color:rgba(255, 123, 29, 0.5);
            --oxd-secondary-four-lighten-5-color:#84d225;
            --oxd-secondary-four-darken-5-color:#68a61d;
            --oxd-secondary-four-alpha-10-color:rgba(118, 188, 33, 0.1);
            --oxd-secondary-four-alpha-15-color:rgba(118, 188, 33, 0.15);
            --oxd-secondary-four-alpha-20-color:rgba(118, 188, 33, 0.2);
            --oxd-secondary-four-alpha-50-color:rgba(118, 188, 33, 0.5);
        }
  </style>
    <noscript>
        <strong>
            We're sorry but orangehrm doesn't work properly without JavaScript enabled. Please enable it to continue.
        </strong>
    </noscript>

    <div id="app">
    <auth-login
            :error="{&quot;error&quot;:&quot;invalid_csrf_token&quot;,&quot;message&quot;:&quot;CSRF token validation failed&quot;}"
            :token="&quot;92.QSEGrkJ82ITByNu2AaBf2-BSQGopHkmClWatijDys5g.eAx0-Co177aDpb3OTpglr6M7DFxhVCTO5lbH80TA0t8TGGH6dA-R4qun6w&quot;"
            :login-logo-src="&quot;\/web\/images\/ohrm_logo.png&quot;"
            :login-banner-src="&quot;\/web\/images\/ohrm_branding.png?v=1775433284510&quot;"
            :show-social-media="true"
            :is-demo-mode="false"
            :authenticators="[]"
        >
    <template v-slot:footer>
        <div class="orangehrm-copyright-wrapper">
            <oxd-text tag="p" class="orangehrm-copyright">OrangeHRM OS 5.8.1</oxd-text>
<oxd-text tag="p" class="orangehrm-copyright">&copy; 2005 - 2026 <a href="http://www.orangehrm.com" target="_blank">OrangeHRM, Inc</a>. All rights reserved.</oxd-text>
        </div>
    </template>
    </auth-login>
    </div>
    <script type="text/javascript">
        window.appGlobal = {
          baseUrl: "/web/index.php",
          publicPath: "/web",
        };
    </script>
    <script src="/web/dist/js/chunk-vendors.js?v=1775433284510"></script>
    <script src="/web/dist/js/app.js?v=1775433284510"></script>
</body>
</html>

2026-06-01 18:03:12,460 - baseAutoHttp.py - INFO - 【01登录页面接口信息:login_api】接口调用结束

2026-06-01 18:03:12,460 - web_login_page.py - INFO - 【跨会话使用Token】断言成功
2026-06-01 18:03:12,460 - baseAutoHttp.py - INFO - 接口会话已关闭
2026-06-01 18:03:12,461 - test_web_ohrm.py - INFO - 【携带过期CSRF令牌】用例执行成功
2026-06-01 18:03:12,467 - baseUtils.py - INFO - 配置文件读取成功：E:\develop\PythonProject\OrangeHRM\Config\配置文件.ini
2026-06-01 18:03:12,468 - baseAutoHttp.py - INFO - 【01登录页面接口信息:login_api】接口调用开始
2026-06-01 18:03:12,469 - baseData.py - INFO - 动态参数替换成功：{'_token': 'sfFs^cKkS7u2t1Q077Hq', 'username': 'admin', 'password': 'Keepmoving624.'}
2026-06-01 18:03:12,469 - baseAutoHttp.py - INFO - 请求方式: POST
2026-06-01 18:03:12,469 - baseAutoHttp.py - INFO - 请求地址: http://127.0.0.1:8080/web/index.php/auth/validate
2026-06-01 18:03:12,469 - baseAutoHttp.py - INFO - 请求头: {'User-Agent': 'Mozilla/5.0 (Windows NT 10.0; Win64; x64) AppleWebKit/537.36 (KHTML, like Gecko) Chrome/148.0.0.0 Safari/537.36', 'Content-Type': 'application/x-www-form-urlencoded'}
2026-06-01 18:03:12,469 - baseAutoHttp.py - INFO - 请求参数: params=None | data={'_token': 'sfFs^cKkS7u2t1Q077Hq', 'username': 'admin', 'password': 'Keepmoving624.'} | json=None
2026-06-01 18:03:12,581 - baseAutoHttp.py - INFO - 响应状态码: 200
2026-06-01 18:03:12,581 - baseAutoHttp.py - INFO - 响应耗时: 0.047619s
2026-06-01 18:03:12,581 - baseAutoHttp.py - INFO - 响应文本: <!DOCTYPE html>
<html>
<head>
  <meta charset="UTF-8">
  <meta http-equiv="X-UA-Compatible" content="IE=edge">
  <meta name="viewport" content="width=device-width,initial-scale=1">
  <title>OrangeHRM</title>
      <link rel="icon" href="/web/dist/favicon.ico?v=1775433284510">
    <link href="/web/dist/css/chunk-vendors.css?v=1775433284510" rel="preload" as="style">
    <link href="/web/dist/css/app.css?v=1775433284510" rel="preload" as="style">
    <link href="/web/dist/js/chunk-vendors.js?v=1775433284510" rel="preload" as="script">
    <link href="/web/dist/js/app.js?v=1775433284510" rel="preload" as="script">
      <link href="/web/dist/css/chunk-vendors.css?v=1775433284510" rel="stylesheet"/>
    <link href="/web/dist/css/app.css?v=1775433284510" rel="stylesheet"/>
</head>
<body>
  <style>
    :root {
            --oxd-primary-one-color:#FF7B1D;
            --oxd-primary-font-color:#FFFFFF;
            --oxd-secondary-four-color:#76BC21;
            --oxd-secondary-font-color:#FFFFFF;
            --oxd-primary-gradient-start-color:#FF920B;
            --oxd-primary-gradient-end-color:#F35C17;
            --oxd-secondary-gradient-start-color:#FF920B;
            --oxd-secondary-gradient-end-color:#F35C17;
            --oxd-primary-one-lighten-5-color:#ff8a37;
            --oxd-primary-one-lighten-30-color:#ffd4b6;
            --oxd-primary-one-darken-5-color:#ff6c03;
            --oxd-primary-one-alpha-10-color:rgba(255, 123, 29, 0.1);
            --oxd-primary-one-alpha-15-color:rgba(255, 123, 29, 0.15);
            --oxd-primary-one-alpha-20-color:rgba(255, 123, 29, 0.2);
            --oxd-primary-one-alpha-50-color:rgba(255, 123, 29, 0.5);
            --oxd-secondary-four-lighten-5-color:#84d225;
            --oxd-secondary-four-darken-5-color:#68a61d;
            --oxd-secondary-four-alpha-10-color:rgba(118, 188, 33, 0.1);
            --oxd-secondary-four-alpha-15-color:rgba(118, 188, 33, 0.15);
            --oxd-secondary-four-alpha-20-color:rgba(118, 188, 33, 0.2);
            --oxd-secondary-four-alpha-50-color:rgba(118, 188, 33, 0.5);
        }
  </style>
    <noscript>
        <strong>
            We're sorry but orangehrm doesn't work properly without JavaScript enabled. Please enable it to continue.
        </strong>
    </noscript>

    <div id="app">
    <auth-login
            :error="{&quot;error&quot;:&quot;invalid_csrf_token&quot;,&quot;message&quot;:&quot;CSRF token validation failed&quot;}"
            :token="&quot;127f0d217b623b29cdb87453af53.G0XO_op6VkI14gm0wZ0f3LyX76pZDjZKtnFJwowAU1A.Uzelq-Eqbil4jU7Oiawmvd3auukoeQcJwkMMkrRmBiMqGvaPxTQFCmWgRA&quot;"
            :login-logo-src="&quot;\/web\/images\/ohrm_logo.png&quot;"
            :login-banner-src="&quot;\/web\/images\/ohrm_branding.png?v=1775433284510&quot;"
            :show-social-media="true"
            :is-demo-mode="false"
            :authenticators="[]"
        >
    <template v-slot:footer>
        <div class="orangehrm-copyright-wrapper">
            <oxd-text tag="p" class="orangehrm-copyright">OrangeHRM OS 5.8.1</oxd-text>
<oxd-text tag="p" class="orangehrm-copyright">&copy; 2005 - 2026 <a href="http://www.orangehrm.com" target="_blank">OrangeHRM, Inc</a>. All rights reserved.</oxd-text>
        </div>
    </template>
    </auth-login>
    </div>
    <script type="text/javascript">
        window.appGlobal = {
          baseUrl: "/web/index.php",
          publicPath: "/web",
        };
    </script>
    <script src="/web/dist/js/chunk-vendors.js?v=1775433284510"></script>
    <script src="/web/dist/js/app.js?v=1775433284510"></script>
</body>
</html>

2026-06-01 18:03:12,581 - baseAutoHttp.py - INFO - 【01登录页面接口信息:login_api】接口调用结束

2026-06-01 18:03:12,581 - web_login_page.py - INFO - 【携带错误格式Token】断言成功
2026-06-01 18:03:12,582 - baseAutoHttp.py - INFO - 接口会话已关闭
2026-06-01 18:03:12,582 - test_web_ohrm.py - INFO - 【携带错误格式Token】用例执行成功
2026-06-01 18:03:12,588 - baseUtils.py - INFO - 配置文件读取成功：E:\develop\PythonProject\OrangeHRM\Config\配置文件.ini
2026-06-01 18:03:12,635 - baseAutoHttp.py - INFO - 【01登录页面接口信息:login_api】接口调用开始
2026-06-01 18:03:12,637 - baseData.py - INFO - 动态参数替换成功：{'_token': 'db5972a.BhzpxoN05Hv1sD-H594DoyEzMRwNCikSloWG1RVQnuE.SyysofRNrCK_g1TeiIxV50dZcFV_Xlxn1MLWm2Me_Ng_X9ukxxKqSJrICw', 'username': 'wrong', 'password': 'wrong'}
2026-06-01 18:03:12,637 - baseAutoHttp.py - INFO - 请求方式: POST
2026-06-01 18:03:12,637 - baseAutoHttp.py - INFO - 请求地址: http://127.0.0.1:8080/web/index.php/auth/validate
2026-06-01 18:03:12,637 - baseAutoHttp.py - INFO - 请求头: {'User-Agent': 'Mozilla/5.0 (Windows NT 10.0; Win64; x64) AppleWebKit/537.36 (KHTML, like Gecko) Chrome/148.0.0.0 Safari/537.36', 'Content-Type': 'application/x-www-form-urlencoded'}
2026-06-01 18:03:12,637 - baseAutoHttp.py - INFO - 请求参数: params=None | data={'_token': 'db5972a.BhzpxoN05Hv1sD-H594DoyEzMRwNCikSloWG1RVQnuE.SyysofRNrCK_g1TeiIxV50dZcFV_Xlxn1MLWm2Me_Ng_X9ukxxKqSJrICw', 'username': 'wrong', 'password': 'wrong'} | json=None
2026-06-01 18:03:12,755 - baseAutoHttp.py - INFO - 响应状态码: 200
2026-06-01 18:03:12,755 - baseAutoHttp.py - INFO - 响应耗时: 0.065031s
2026-06-01 18:03:12,756 - baseAutoHttp.py - INFO - 响应文本: <!DOCTYPE html>
<html>
<head>
  <meta charset="UTF-8">
  <meta http-equiv="X-UA-Compatible" content="IE=edge">
  <meta name="viewport" content="width=device-width,initial-scale=1">
  <title>OrangeHRM</title>
      <link rel="icon" href="/web/dist/favicon.ico?v=1775433284510">
    <link href="/web/dist/css/chunk-vendors.css?v=1775433284510" rel="preload" as="style">
    <link href="/web/dist/css/app.css?v=1775433284510" rel="preload" as="style">
    <link href="/web/dist/js/chunk-vendors.js?v=1775433284510" rel="preload" as="script">
    <link href="/web/dist/js/app.js?v=1775433284510" rel="preload" as="script">
      <link href="/web/dist/css/chunk-vendors.css?v=1775433284510" rel="stylesheet"/>
    <link href="/web/dist/css/app.css?v=1775433284510" rel="stylesheet"/>
</head>
<body>
  <style>
    :root {
            --oxd-primary-one-color:#FF7B1D;
            --oxd-primary-font-color:#FFFFFF;
            --oxd-secondary-four-color:#76BC21;
            --oxd-secondary-font-color:#FFFFFF;
            --oxd-primary-gradient-start-color:#FF920B;
            --oxd-primary-gradient-end-color:#F35C17;
            --oxd-secondary-gradient-start-color:#FF920B;
            --oxd-secondary-gradient-end-color:#F35C17;
            --oxd-primary-one-lighten-5-color:#ff8a37;
            --oxd-primary-one-lighten-30-color:#ffd4b6;
            --oxd-primary-one-darken-5-color:#ff6c03;
            --oxd-primary-one-alpha-10-color:rgba(255, 123, 29, 0.1);
            --oxd-primary-one-alpha-15-color:rgba(255, 123, 29, 0.15);
            --oxd-primary-one-alpha-20-color:rgba(255, 123, 29, 0.2);
            --oxd-primary-one-alpha-50-color:rgba(255, 123, 29, 0.5);
            --oxd-secondary-four-lighten-5-color:#84d225;
            --oxd-secondary-four-darken-5-color:#68a61d;
            --oxd-secondary-four-alpha-10-color:rgba(118, 188, 33, 0.1);
            --oxd-secondary-four-alpha-15-color:rgba(118, 188, 33, 0.15);
            --oxd-secondary-four-alpha-20-color:rgba(118, 188, 33, 0.2);
            --oxd-secondary-four-alpha-50-color:rgba(118, 188, 33, 0.5);
        }
  </style>
    <noscript>
        <strong>
            We're sorry but orangehrm doesn't work properly without JavaScript enabled. Please enable it to continue.
        </strong>
    </noscript>

    <div id="app">
    <auth-login
            :error="{&quot;error&quot;:&quot;invalid_credentials&quot;,&quot;message&quot;:&quot;Invalid credentials&quot;}"
            :token="&quot;4d68672616551b5d2.sLpM-uj_lIcqEfxFg8FG2UyCz9rZgA981-JH15Fb6ZY._YoJnZ_G3N5gIpcc7JMQnSrojpOr1HoJlaUXmecVi6-J-X6YrJnatEVpyA&quot;"
            :login-logo-src="&quot;\/web\/images\/ohrm_logo.png&quot;"
            :login-banner-src="&quot;\/web\/images\/ohrm_branding.png?v=1775433284510&quot;"
            :show-social-media="true"
            :is-demo-mode="false"
            :authenticators="[]"
        >
    <template v-slot:footer>
        <div class="orangehrm-copyright-wrapper">
            <oxd-text tag="p" class="orangehrm-copyright">OrangeHRM OS 5.8.1</oxd-text>
<oxd-text tag="p" class="orangehrm-copyright">&copy; 2005 - 2026 <a href="http://www.orangehrm.com" target="_blank">OrangeHRM, Inc</a>. All rights reserved.</oxd-text>
        </div>
    </template>
    </auth-login>
    </div>
    <script type="text/javascript">
        window.appGlobal = {
          baseUrl: "/web/index.php",
          publicPath: "/web",
        };
    </script>
    <script src="/web/dist/js/chunk-vendors.js?v=1775433284510"></script>
    <script src="/web/dist/js/app.js?v=1775433284510"></script>
</body>
</html>

2026-06-01 18:03:12,756 - baseAutoHttp.py - INFO - 【01登录页面接口信息:login_api】接口调用结束

2026-06-01 18:03:12,756 - web_login_page.py - INFO - 【wrong/wrong】断言成功
2026-06-01 18:03:12,756 - baseAutoHttp.py - INFO - 接口会话已关闭
2026-06-01 18:03:12,756 - test_web_ohrm.py - INFO - 【错误用户名/密码】用例执行成功
2026-06-01 18:03:12,762 - baseUtils.py - INFO - 配置文件读取成功：E:\develop\PythonProject\OrangeHRM\Config\配置文件.ini
2026-06-01 18:03:12,810 - baseAutoHttp.py - INFO - 【01登录页面接口信息:login_api】接口调用开始
2026-06-01 18:03:12,812 - baseData.py - INFO - 动态参数替换成功：{'_token': '2a04a2e74a87.y8bMfWGz7zAEew318hL5u9MsSAIt8C7GZgjGn6EvYaE.hJGaBRf4v2RRIXeYxz-AypJpZVpenB2tI1qO1PF_VsmYtv0yJfGMQFcJQA', 'username': '', 'password': 'Keepmoving624.'}
2026-06-01 18:03:12,812 - baseAutoHttp.py - INFO - 请求方式: POST
2026-06-01 18:03:12,812 - baseAutoHttp.py - INFO - 请求地址: http://127.0.0.1:8080/web/index.php/auth/validate
2026-06-01 18:03:12,812 - baseAutoHttp.py - INFO - 请求头: {'User-Agent': 'Mozilla/5.0 (Windows NT 10.0; Win64; x64) AppleWebKit/537.36 (KHTML, like Gecko) Chrome/148.0.0.0 Safari/537.36', 'Content-Type': 'application/x-www-form-urlencoded'}
2026-06-01 18:03:12,812 - baseAutoHttp.py - INFO - 请求参数: params=None | data={'_token': '2a04a2e74a87.y8bMfWGz7zAEew318hL5u9MsSAIt8C7GZgjGn6EvYaE.hJGaBRf4v2RRIXeYxz-AypJpZVpenB2tI1qO1PF_VsmYtv0yJfGMQFcJQA', 'username': '', 'password': 'Keepmoving624.'} | json=None
2026-06-01 18:03:12,942 - baseAutoHttp.py - INFO - 响应状态码: 200
2026-06-01 18:03:12,943 - baseAutoHttp.py - INFO - 响应耗时: 0.068361s
2026-06-01 18:03:12,943 - baseAutoHttp.py - INFO - 响应文本: <!DOCTYPE html>
<html>
<head>
  <meta charset="UTF-8">
  <meta http-equiv="X-UA-Compatible" content="IE=edge">
  <meta name="viewport" content="width=device-width,initial-scale=1">
  <title>OrangeHRM</title>
      <link rel="icon" href="/web/dist/favicon.ico?v=1775433284510">
    <link href="/web/dist/css/chunk-vendors.css?v=1775433284510" rel="preload" as="style">
    <link href="/web/dist/css/app.css?v=1775433284510" rel="preload" as="style">
    <link href="/web/dist/js/chunk-vendors.js?v=1775433284510" rel="preload" as="script">
    <link href="/web/dist/js/app.js?v=1775433284510" rel="preload" as="script">
      <link href="/web/dist/css/chunk-vendors.css?v=1775433284510" rel="stylesheet"/>
    <link href="/web/dist/css/app.css?v=1775433284510" rel="stylesheet"/>
</head>
<body>
  <style>
    :root {
            --oxd-primary-one-color:#FF7B1D;
            --oxd-primary-font-color:#FFFFFF;
            --oxd-secondary-four-color:#76BC21;
            --oxd-secondary-font-color:#FFFFFF;
            --oxd-primary-gradient-start-color:#FF920B;
            --oxd-primary-gradient-end-color:#F35C17;
            --oxd-secondary-gradient-start-color:#FF920B;
            --oxd-secondary-gradient-end-color:#F35C17;
            --oxd-primary-one-lighten-5-color:#ff8a37;
            --oxd-primary-one-lighten-30-color:#ffd4b6;
            --oxd-primary-one-darken-5-color:#ff6c03;
            --oxd-primary-one-alpha-10-color:rgba(255, 123, 29, 0.1);
            --oxd-primary-one-alpha-15-color:rgba(255, 123, 29, 0.15);
            --oxd-primary-one-alpha-20-color:rgba(255, 123, 29, 0.2);
            --oxd-primary-one-alpha-50-color:rgba(255, 123, 29, 0.5);
            --oxd-secondary-four-lighten-5-color:#84d225;
            --oxd-secondary-four-darken-5-color:#68a61d;
            --oxd-secondary-four-alpha-10-color:rgba(118, 188, 33, 0.1);
            --oxd-secondary-four-alpha-15-color:rgba(118, 188, 33, 0.15);
            --oxd-secondary-four-alpha-20-color:rgba(118, 188, 33, 0.2);
            --oxd-secondary-four-alpha-50-color:rgba(118, 188, 33, 0.5);
        }
  </style>
    <noscript>
        <strong>
            We're sorry but orangehrm doesn't work properly without JavaScript enabled. Please enable it to continue.
        </strong>
    </noscript>

    <div id="app">
    <auth-login
            :error="{&quot;error&quot;:&quot;invalid_credentials&quot;,&quot;message&quot;:&quot;Invalid credentials&quot;}"
            :token="&quot;935.gh5DWicOtWMkK-kCYVHID7rMpJv_w-O8cXqaP4LbsnQ.zUkVIlFF5TdxcZNvVHyxfvuJicOMr9DXNCjSdNKLhRzRbnIVY0zWE3dZpA&quot;"
            :login-logo-src="&quot;\/web\/images\/ohrm_logo.png&quot;"
            :login-banner-src="&quot;\/web\/images\/ohrm_branding.png?v=1775433284510&quot;"
            :show-social-media="true"
            :is-demo-mode="false"
            :authenticators="[]"
        >
    <template v-slot:footer>
        <div class="orangehrm-copyright-wrapper">
            <oxd-text tag="p" class="orangehrm-copyright">OrangeHRM OS 5.8.1</oxd-text>
<oxd-text tag="p" class="orangehrm-copyright">&copy; 2005 - 2026 <a href="http://www.orangehrm.com" target="_blank">OrangeHRM, Inc</a>. All rights reserved.</oxd-text>
        </div>
    </template>
    </auth-login>
    </div>
    <script type="text/javascript">
        window.appGlobal = {
          baseUrl: "/web/index.php",
          publicPath: "/web",
        };
    </script>
    <script src="/web/dist/js/chunk-vendors.js?v=1775433284510"></script>
    <script src="/web/dist/js/app.js?v=1775433284510"></script>
</body>
</html>

2026-06-01 18:03:12,943 - baseAutoHttp.py - INFO - 【01登录页面接口信息:login_api】接口调用结束

2026-06-01 18:03:12,943 - web_login_page.py - INFO - 【空用户名/Keepmoving624.】断言成功
2026-06-01 18:03:12,943 - baseAutoHttp.py - INFO - 接口会话已关闭
2026-06-01 18:03:12,943 - test_web_ohrm.py - INFO - 【用户名为空】用例执行成功
2026-06-01 18:03:12,951 - baseUtils.py - INFO - 配置文件读取成功：E:\develop\PythonProject\OrangeHRM\Config\配置文件.ini
2026-06-01 18:03:13,003 - baseAutoHttp.py - INFO - 【01登录页面接口信息:login_api】接口调用开始
2026-06-01 18:03:13,004 - baseData.py - INFO - 动态参数替换成功：{'_token': 'c6b55d7ce03fd9ae6adf5.9NtpfSmaLIoxkXV-YV4bkret6GJGy0EYzbVKCXRwjcI.pIM7Sm-uT_9l_wI4LBcr8ePlkRYOuQJbvO04TwYx_ffCnVEWZNEf-XSoEg', 'username': 'admin', 'password': ''}
2026-06-01 18:03:13,004 - baseAutoHttp.py - INFO - 请求方式: POST
2026-06-01 18:03:13,004 - baseAutoHttp.py - INFO - 请求地址: http://127.0.0.1:8080/web/index.php/auth/validate
2026-06-01 18:03:13,004 - baseAutoHttp.py - INFO - 请求头: {'User-Agent': 'Mozilla/5.0 (Windows NT 10.0; Win64; x64) AppleWebKit/537.36 (KHTML, like Gecko) Chrome/148.0.0.0 Safari/537.36', 'Content-Type': 'application/x-www-form-urlencoded'}
2026-06-01 18:03:13,004 - baseAutoHttp.py - INFO - 请求参数: params=None | data={'_token': 'c6b55d7ce03fd9ae6adf5.9NtpfSmaLIoxkXV-YV4bkret6GJGy0EYzbVKCXRwjcI.pIM7Sm-uT_9l_wI4LBcr8ePlkRYOuQJbvO04TwYx_ffCnVEWZNEf-XSoEg', 'username': 'admin', 'password': ''} | json=None
2026-06-01 18:03:13,272 - baseAutoHttp.py - INFO - 响应状态码: 200
2026-06-01 18:03:13,272 - baseAutoHttp.py - INFO - 响应耗时: 0.042992s
2026-06-01 18:03:13,272 - baseAutoHttp.py - INFO - 响应文本: <!DOCTYPE html>
<html>
<head>
  <meta charset="UTF-8">
  <meta http-equiv="X-UA-Compatible" content="IE=edge">
  <meta name="viewport" content="width=device-width,initial-scale=1">
  <title>OrangeHRM</title>
      <link rel="icon" href="/web/dist/favicon.ico?v=1775433284510">
    <link href="/web/dist/css/chunk-vendors.css?v=1775433284510" rel="preload" as="style">
    <link href="/web/dist/css/app.css?v=1775433284510" rel="preload" as="style">
    <link href="/web/dist/js/chunk-vendors.js?v=1775433284510" rel="preload" as="script">
    <link href="/web/dist/js/app.js?v=1775433284510" rel="preload" as="script">
      <link href="/web/dist/css/chunk-vendors.css?v=1775433284510" rel="stylesheet"/>
    <link href="/web/dist/css/app.css?v=1775433284510" rel="stylesheet"/>
</head>
<body>
  <style>
    :root {
            --oxd-primary-one-color:#FF7B1D;
            --oxd-primary-font-color:#FFFFFF;
            --oxd-secondary-four-color:#76BC21;
            --oxd-secondary-font-color:#FFFFFF;
            --oxd-primary-gradient-start-color:#FF920B;
            --oxd-primary-gradient-end-color:#F35C17;
            --oxd-secondary-gradient-start-color:#FF920B;
            --oxd-secondary-gradient-end-color:#F35C17;
            --oxd-primary-one-lighten-5-color:#ff8a37;
            --oxd-primary-one-lighten-30-color:#ffd4b6;
            --oxd-primary-one-darken-5-color:#ff6c03;
            --oxd-primary-one-alpha-10-color:rgba(255, 123, 29, 0.1);
            --oxd-primary-one-alpha-15-color:rgba(255, 123, 29, 0.15);
            --oxd-primary-one-alpha-20-color:rgba(255, 123, 29, 0.2);
            --oxd-primary-one-alpha-50-color:rgba(255, 123, 29, 0.5);
            --oxd-secondary-four-lighten-5-color:#84d225;
            --oxd-secondary-four-darken-5-color:#68a61d;
            --oxd-secondary-four-alpha-10-color:rgba(118, 188, 33, 0.1);
            --oxd-secondary-four-alpha-15-color:rgba(118, 188, 33, 0.15);
            --oxd-secondary-four-alpha-20-color:rgba(118, 188, 33, 0.2);
            --oxd-secondary-four-alpha-50-color:rgba(118, 188, 33, 0.5);
        }
  </style>
    <noscript>
        <strong>
            We're sorry but orangehrm doesn't work properly without JavaScript enabled. Please enable it to continue.
        </strong>
    </noscript>

    <div id="app">
    <auth-login
            :error="{&quot;error&quot;:&quot;invalid_credentials&quot;,&quot;message&quot;:&quot;Invalid credentials&quot;}"
            :token="&quot;d84abf735de.ylfHIarIMpvqiiEX6Lq-Anc_vXqLo9oCEp_ErmqKc6U.mg-VFuz8Ue6-5FZRpfOOYSN3xA7D0ZlBY8e26BjLA5D8Ef9K54MB6K-zRg&quot;"
            :login-logo-src="&quot;\/web\/images\/ohrm_logo.png&quot;"
            :login-banner-src="&quot;\/web\/images\/ohrm_branding.png?v=1775433284510&quot;"
            :show-social-media="true"
            :is-demo-mode="false"
            :authenticators="[]"
        >
    <template v-slot:footer>
        <div class="orangehrm-copyright-wrapper">
            <oxd-text tag="p" class="orangehrm-copyright">OrangeHRM OS 5.8.1</oxd-text>
<oxd-text tag="p" class="orangehrm-copyright">&copy; 2005 - 2026 <a href="http://www.orangehrm.com" target="_blank">OrangeHRM, Inc</a>. All rights reserved.</oxd-text>
        </div>
    </template>
    </auth-login>
    </div>
    <script type="text/javascript">
        window.appGlobal = {
          baseUrl: "/web/index.php",
          publicPath: "/web",
        };
    </script>
    <script src="/web/dist/js/chunk-vendors.js?v=1775433284510"></script>
    <script src="/web/dist/js/app.js?v=1775433284510"></script>
</body>
</html>

2026-06-01 18:03:13,272 - baseAutoHttp.py - INFO - 【01登录页面接口信息:login_api】接口调用结束

2026-06-01 18:03:13,272 - web_login_page.py - INFO - 【admin/空密码】断言成功
2026-06-01 18:03:13,272 - baseAutoHttp.py - INFO - 接口会话已关闭
2026-06-01 18:03:13,272 - test_web_ohrm.py - INFO - 【密码为空】用例执行成功
2026-06-01 18:03:13,688 - baseDB.py - INFO - ✅ MySQL 数据库连接成功
2026-06-01 18:03:13,689 - conftest - INFO - ✅ conftest: 获取数据库连接（MysqlHelp）
2026-06-01 18:03:13,691 - baseUtils.py - INFO - 配置文件读取成功：E:\develop\PythonProject\OrangeHRM\Config\配置文件.ini
2026-06-01 18:03:14,164 - baseUtils.py - INFO - 配置文件读取成功：E:\develop\PythonProject\OrangeHRM\Config\配置文件.ini
2026-06-01 18:03:14,231 - baseUtils.py - INFO - 配置文件读取成功：E:\develop\PythonProject\OrangeHRM\Config\配置文件.ini
2026-06-01 18:03:14,292 - baseUtils.py - INFO - 配置文件读取成功：E:\develop\PythonProject\OrangeHRM\Config\配置文件.ini
2026-06-01 18:03:14,364 - baseAutoHttp.py - INFO - 【03查询员工页面:select_employee】接口调用开始
2026-06-01 18:03:14,367 - baseAutoHttp.py - INFO - 请求方式: GET
2026-06-01 18:03:14,367 - baseAutoHttp.py - INFO - 请求地址: http://127.0.0.1:8080/web/index.php/api/v2/pim/employees
2026-06-01 18:03:14,367 - baseAutoHttp.py - INFO - 请求头: {'User-Agent': 'Mozilla/5.0 (Windows NT 10.0; Win64; x64) AppleWebKit/537.36 (KHTML, like Gecko) Chrome/148.0.0.0 Safari/537.36'}
2026-06-01 18:03:14,367 - baseAutoHttp.py - INFO - 请求参数: params={'limit': '50', 'offset': '0', 'model': 'detailed', 'includeEmployees': 'onlyCurrent', 'sortField': 'employee.firstName', 'sortOrder': 'ASC'} | data=None | json=None
2026-06-01 18:03:14,435 - baseAutoHttp.py - INFO - 响应状态码: 200
2026-06-01 18:03:14,435 - baseAutoHttp.py - INFO - 响应耗时: 0.06666s
2026-06-01 18:03:14,435 - baseAutoHttp.py - INFO - 响应JSON: {'data': [{'empNumber': 2, 'lastName': 'oo', 'firstName': 'hh', 'middleName': '', 'employeeId': '0002', 'terminationId': None, 'jobTitle': {'id': None, 'title': None, 'isDeleted': None}, 'subunit': {'id': None, 'name': None}, 'empStatus': {'id': None, 'name': None}, 'supervisors': []}, {'empNumber': 5, 'lastName': 'Doe', 'firstName': 'John', 'middleName': '', 'employeeId': '1001', 'terminationId': None, 'jobTitle': {'id': None, 'title': None, 'isDeleted': None}, 'subunit': {'id': None, 'name': None}, 'empStatus': {'id': None, 'name': None}, 'supervisors': []}, {'empNumber': 6, 'lastName': 'pp', 'firstName': 'kk', 'middleName': '', 'employeeId': '1002', 'terminationId': None, 'jobTitle': {'id': None, 'title': None, 'isDeleted': None}, 'subunit': {'id': None, 'name': None}, 'empStatus': {'id': None, 'name': None}, 'supervisors': []}, {'empNumber': 14, 'lastName': 'll', 'firstName': 'kk', 'middleName': '', 'employeeId': '0014', 'terminationId': None, 'jobTitle': {'id': None, 'title': None, 'isDeleted': None}, 'subunit': {'id': None, 'name': None}, 'empStatus': {'id': None, 'name': None}, 'supervisors': []}, {'empNumber': 16, 'lastName': 'pp', 'firstName': 'ww', 'middleName': '', 'employeeId': '0016', 'terminationId': None, 'jobTitle': {'id': None, 'title': None, 'isDeleted': None}, 'subunit': {'id': None, 'name': None}, 'empStatus': {'id': None, 'name': None}, 'supervisors': []}, {'empNumber': 17, 'lastName': 'ss', 'firstName': 'zz', 'middleName': '', 'employeeId': '1009', 'terminationId': None, 'jobTitle': {'id': None, 'title': None, 'isDeleted': None}, 'subunit': {'id': None, 'name': None}, 'empStatus': {'id': None, 'name': None}, 'supervisors': []}, {'empNumber': 1, 'lastName': '安', 'firstName': '谢', 'middleName': '', 'employeeId': '0001', 'terminationId': None, 'jobTitle': {'id': None, 'title': None, 'isDeleted': None}, 'subunit': {'id': None, 'name': None}, 'empStatus': {'id': None, 'name': None}, 'supervisors': []}], 'meta': {'total': 7}, 'rels': []}
2026-06-01 18:03:14,435 - baseAutoHttp.py - INFO - 【03查询员工页面:select_employee】接口调用结束

2026-06-01 18:03:14,435 - test_web_ohrm.py - INFO - ☑️ 查询员工列表成功，返回 7 条
2026-06-01 18:03:14,440 - baseUtils.py - INFO - 配置文件读取成功：E:\develop\PythonProject\OrangeHRM\Config\配置文件.ini
2026-06-01 18:03:14,441 - baseAutoHttp.py - INFO - 【03查询员工页面:select_query】接口调用开始
2026-06-01 18:03:14,444 - baseData.py - INFO - 动态参数替换成功：{'employeeId': '1001'}
2026-06-01 18:03:14,444 - baseAutoHttp.py - INFO - 请求方式: GET
2026-06-01 18:03:14,444 - baseAutoHttp.py - INFO - 请求地址: http://127.0.0.1:8080/web/index.php/api/v2/pim/employees
2026-06-01 18:03:14,444 - baseAutoHttp.py - INFO - 请求头: {'User-Agent': 'Mozilla/5.0 (Windows NT 10.0; Win64; x64) AppleWebKit/537.36 (KHTML, like Gecko) Chrome/148.0.0.0 Safari/537.36', 'Referer': 'http://127.0.0.1:8080/web/index.php/pim/viewEmployeeList'}
2026-06-01 18:03:14,444 - baseAutoHttp.py - INFO - 请求参数: params={'limit': '50', 'offset': '0', 'model': 'detailed', 'employeeId': '1001', 'includeEmployees': 'onlyCurrent', 'sortField': 'employee.firstName', 'sortOrder': 'ASC'} | data=None | json=None
2026-06-01 18:03:14,519 - baseAutoHttp.py - INFO - 响应状态码: 200
2026-06-01 18:03:14,519 - baseAutoHttp.py - INFO - 响应耗时: 0.073219s
2026-06-01 18:03:14,519 - baseAutoHttp.py - INFO - 响应JSON: {'data': [{'empNumber': 5, 'lastName': 'Doe', 'firstName': 'John', 'middleName': '', 'employeeId': '1001', 'terminationId': None, 'jobTitle': {'id': None, 'title': None, 'isDeleted': None}, 'subunit': {'id': None, 'name': None}, 'empStatus': {'id': None, 'name': None}, 'supervisors': []}], 'meta': {'total': 1}, 'rels': []}
2026-06-01 18:03:14,519 - baseAutoHttp.py - INFO - 【03查询员工页面:select_query】接口调用结束

2026-06-01 18:03:14,519 - test_web_ohrm.py - INFO - ☑️【指定查询用例】执行完毕
2026-06-01 18:03:14,526 - baseUtils.py - INFO - 配置文件读取成功：E:\develop\PythonProject\OrangeHRM\Config\配置文件.ini
2026-06-01 18:03:14,527 - baseAutoHttp.py - INFO - 【03查询员工页面:select_query】接口调用开始
2026-06-01 18:03:14,529 - baseData.py - INFO - 动态参数替换成功：{'employeeId': '9999'}
2026-06-01 18:03:14,529 - baseAutoHttp.py - INFO - 请求方式: GET
2026-06-01 18:03:14,529 - baseAutoHttp.py - INFO - 请求地址: http://127.0.0.1:8080/web/index.php/api/v2/pim/employees
2026-06-01 18:03:14,529 - baseAutoHttp.py - INFO - 请求头: {'User-Agent': 'Mozilla/5.0 (Windows NT 10.0; Win64; x64) AppleWebKit/537.36 (KHTML, like Gecko) Chrome/148.0.0.0 Safari/537.36', 'Referer': 'http://127.0.0.1:8080/web/index.php/pim/viewEmployeeList'}
2026-06-01 18:03:14,529 - baseAutoHttp.py - INFO - 请求参数: params={'limit': '50', 'offset': '0', 'model': 'detailed', 'employeeId': '9999', 'includeEmployees': 'onlyCurrent', 'sortField': 'employee.firstName', 'sortOrder': 'ASC'} | data=None | json=None
2026-06-01 18:03:14,594 - baseAutoHttp.py - INFO - 响应状态码: 200
2026-06-01 18:03:14,594 - baseAutoHttp.py - INFO - 响应耗时: 0.063227s
2026-06-01 18:03:14,594 - baseAutoHttp.py - INFO - 响应JSON: {'data': [], 'meta': {'total': 0}, 'rels': []}
2026-06-01 18:03:14,594 - baseAutoHttp.py - INFO - 【03查询员工页面:select_query】接口调用结束

2026-06-01 18:03:14,594 - test_web_ohrm.py - INFO - ☑️【指定查询用例】执行完毕
2026-06-01 18:03:14,602 - baseUtils.py - INFO - 配置文件读取成功：E:\develop\PythonProject\OrangeHRM\Config\配置文件.ini
2026-06-01 18:03:14,610 - baseDB.py - INFO - ✅ MySQL 数据库连接成功
2026-06-01 18:03:14,612 - baseAutoHttp.py - INFO - 【04更新员工:update_employee】接口调用开始
2026-06-01 18:03:14,614 - baseData.py - INFO - 动态参数替换成功：{'firstName': 'John', 'lastName': 'Doe', 'employeeId': '1001'}
2026-06-01 18:03:14,615 - baseAutoHttp.py - INFO - 请求方式: PUT
2026-06-01 18:03:14,615 - baseAutoHttp.py - INFO - 请求地址: http://127.0.0.1:8080/web/index.php/api/v2/pim/employees/5/personal-details
2026-06-01 18:03:14,615 - baseAutoHttp.py - INFO - 请求头: {'User-Agent': 'Mozilla/5.0 (Windows NT 10.0; Win64; x64) AppleWebKit/537.36 (KHTML, like Gecko) Chrome/148.0.0.0 Safari/537.36', 'Content-Type': 'application/json', 'Referer': 'http://127.0.0.1:8080/web/index.php/pim/viewPersonalDetails/empNumber/5', 'Origin': 'http://127.0.0.1:8080'}
2026-06-01 18:03:14,615 - baseAutoHttp.py - INFO - 请求参数: params=None | data=None | json={'birthday': None, 'drivingLicenseExpiredDate': None, 'drivingLicenseNo': None, 'employeeId': '1001', 'firstName': 'John', 'gender': None, 'lastName': 'Doe', 'middleName': None, 'otherId': None}
2026-06-01 18:03:14,668 - baseAutoHttp.py - INFO - 响应状态码: 500
2026-06-01 18:03:14,668 - baseAutoHttp.py - INFO - 响应耗时: 0.051818s
2026-06-01 18:03:14,668 - baseAutoHttp.py - INFO - 响应JSON: {'error': {'status': '500', 'message': 'Unexpected Error Occurred'}}
2026-06-01 18:03:14,668 - baseAutoHttp.py - INFO - 【04更新员工:update_employee】接口调用结束

2026-06-01 18:03:14,676 - baseDB.py - INFO - ✅ MySQL 数据库连接成功
2026-06-01 18:03:14,680 - baseDB.py - INFO - ✅ MySQL 执行成功，事务已提交
2026-06-01 18:03:14,680 - baseDB.py - INFO - 🔌 MySQL 连接已关闭
2026-06-01 18:03:14,686 - baseDB.py - INFO - ✅ MySQL 数据库连接成功
2026-06-01 18:03:14,703 - baseUtils.py - INFO - 配置文件读取成功：E:\develop\PythonProject\OrangeHRM\Config\配置文件.ini
2026-06-01 18:03:14,704 - baseUtils.py - INFO - 配置文件读取成功：E:\develop\PythonProject\OrangeHRM\Config\配置文件.ini
2026-06-01 18:03:14,704 - baseAutoHttp.py - INFO - 【03查询员工页面:select_query】接口调用开始
2026-06-01 18:03:14,706 - baseData.py - INFO - 动态参数替换成功：{'employeeId': '0004'}
2026-06-01 18:03:14,707 - baseAutoHttp.py - INFO - 请求方式: GET
2026-06-01 18:03:14,707 - baseAutoHttp.py - INFO - 请求地址: http://127.0.0.1:8080/web/index.php/api/v2/pim/employees
2026-06-01 18:03:14,707 - baseAutoHttp.py - INFO - 请求头: {'User-Agent': 'Mozilla/5.0 (Windows NT 10.0; Win64; x64) AppleWebKit/537.36 (KHTML, like Gecko) Chrome/148.0.0.0 Safari/537.36', 'Referer': 'http://127.0.0.1:8080/web/index.php/pim/viewEmployeeList'}
2026-06-01 18:03:14,707 - baseAutoHttp.py - INFO - 请求参数: params={'limit': '50', 'offset': '0', 'model': 'detailed', 'employeeId': '0004', 'includeEmployees': 'onlyCurrent', 'sortField': 'employee.firstName', 'sortOrder': 'ASC'} | data=None | json=None
2026-06-01 18:03:14,765 - baseAutoHttp.py - INFO - 响应状态码: 200
2026-06-01 18:03:14,765 - baseAutoHttp.py - INFO - 响应耗时: 0.056837s
2026-06-01 18:03:14,765 - baseAutoHttp.py - INFO - 响应JSON: {'data': [], 'meta': {'total': 0}, 'rels': []}
2026-06-01 18:03:14,765 - baseAutoHttp.py - INFO - 【03查询员工页面:select_query】接口调用结束

2026-06-01 18:03:14,773 - baseDB.py - INFO - ✅ MySQL 数据库连接成功
2026-06-01 18:03:14,789 - baseUtils.py - INFO - 配置文件读取成功：E:\develop\PythonProject\OrangeHRM\Config\配置文件.ini
2026-06-01 18:03:14,790 - baseUtils.py - INFO - 配置文件读取成功：E:\develop\PythonProject\OrangeHRM\Config\配置文件.ini
2026-06-01 18:03:14,791 - baseAutoHttp.py - INFO - 【03查询员工页面:select_query】接口调用开始
2026-06-01 18:03:14,793 - baseData.py - INFO - 动态参数替换成功：{'employeeId': '9999'}
2026-06-01 18:03:14,793 - baseAutoHttp.py - INFO - 请求方式: GET
2026-06-01 18:03:14,793 - baseAutoHttp.py - INFO - 请求地址: http://127.0.0.1:8080/web/index.php/api/v2/pim/employees
2026-06-01 18:03:14,793 - baseAutoHttp.py - INFO - 请求头: {'User-Agent': 'Mozilla/5.0 (Windows NT 10.0; Win64; x64) AppleWebKit/537.36 (KHTML, like Gecko) Chrome/148.0.0.0 Safari/537.36', 'Referer': 'http://127.0.0.1:8080/web/index.php/pim/viewEmployeeList'}
2026-06-01 18:03:14,793 - baseAutoHttp.py - INFO - 请求参数: params={'limit': '50', 'offset': '0', 'model': 'detailed', 'employeeId': '9999', 'includeEmployees': 'onlyCurrent', 'sortField': 'employee.firstName', 'sortOrder': 'ASC'} | data=None | json=None
2026-06-01 18:03:14,866 - baseAutoHttp.py - INFO - 响应状态码: 200
2026-06-01 18:03:14,866 - baseAutoHttp.py - INFO - 响应耗时: 0.071669s
2026-06-01 18:03:14,866 - baseAutoHttp.py - INFO - 响应JSON: {'data': [], 'meta': {'total': 0}, 'rels': []}
2026-06-01 18:03:14,867 - baseAutoHttp.py - INFO - 【03查询员工页面:select_query】接口调用结束

2026-06-01 18:03:14,873 - baseDB.py - INFO - ✅ MySQL 数据库连接成功
2026-06-01 18:03:14,875 - test_web_ohrm.py - INFO - ☑️【删除员工】用例执行成功
2026-06-01 18:03:14,882 - baseUtils.py - INFO - 配置文件读取成功：E:\develop\PythonProject\OrangeHRM\Config\配置文件.ini
2026-06-01 18:03:14,882 - baseAutoHttp.py - INFO - 【06未登录访问员工接口:employee】接口调用开始
2026-06-01 18:03:14,884 - baseAutoHttp.py - INFO - 请求方式: GET
2026-06-01 18:03:14,884 - baseAutoHttp.py - INFO - 请求地址: http://127.0.0.1:8080/web/index.php/pim/viewEmployeeList
2026-06-01 18:03:14,884 - baseAutoHttp.py - INFO - 请求头: {'User-Agent': 'Mozilla/5.0 (Windows NT 10.0; Win64; x64) AppleWebKit/537.36 (KHTML, like Gecko) Chrome/148.0.0.0 Safari/537.36'}
2026-06-01 18:03:14,884 - baseAutoHttp.py - INFO - 请求参数: params={'includeEmployees': 'onlyCurrent', 'limit': '50', 'model': 'detailed', 'offset': '0', 'sortField': 'employee.firstName', 'sortOrder': 'ASC'} | data=None | json=None
2026-06-01 18:03:14,922 - baseAutoHttp.py - INFO - 响应状态码: 302
2026-06-01 18:03:14,922 - baseAutoHttp.py - INFO - 响应耗时: 0.036044s
2026-06-01 18:03:14,922 - baseAutoHttp.py - INFO - 响应文本: <!DOCTYPE html>
<html>
    <head>
        <meta charset="UTF-8" />
        <meta http-equiv="refresh" content="0;url='http://127.0.0.1:8080/web/index.php/auth/login'" />

        <title>Redirecting to http://127.0.0.1:8080/web/index.php/auth/login</title>
    </head>
    <body>
        Redirecting to <a href="http://127.0.0.1:8080/web/index.php/auth/login">http://127.0.0.1:8080/web/index.php/auth/login</a>.
    </body>
</html>
2026-06-01 18:03:14,922 - baseAutoHttp.py - INFO - 【06未登录访问员工接口:employee】接口调用结束

2026-06-01 18:03:15,324 - baseUtils.py - INFO - 配置文件读取成功：E:\develop\PythonProject\OrangeHRM\Config\配置文件.ini
2026-06-01 18:03:15,325 - baseAutoHttp.py - INFO - 【07非管理员登录:employee_login】接口调用开始
2026-06-01 18:03:15,326 - baseData.py - INFO - 动态参数替换成功：{'firstName': 'cc', 'lastName': 'dd', 'employeeId': '1010'}
2026-06-01 18:03:15,326 - baseAutoHttp.py - INFO - 请求方式: POST
2026-06-01 18:03:15,326 - baseAutoHttp.py - INFO - 请求地址: http://127.0.0.1:8080/web/index.php/api/v2/pim/employees
2026-06-01 18:03:15,326 - baseAutoHttp.py - INFO - 请求头: {'User-Agent': 'Mozilla/5.0 (Windows NT 10.0; Win64; x64) AppleWebKit/537.36 (KHTML, like Gecko) Chrome/148.0.0.0 Safari/537.36', 'Content-Type': 'application/json', 'Origin': 'http://127.0.0.1:8080', 'Referer': 'http://127.0.0.1:8080/web/index.php/pim/addEmployee'}
2026-06-01 18:03:15,326 - baseAutoHttp.py - INFO - 请求参数: params=None | data=None | json={'employeeId': '1010', 'empPicture': None, 'firstName': 'cc', 'lastName': 'dd', 'middleName': None}
2026-06-01 18:03:15,393 - baseAutoHttp.py - INFO - 响应状态码: 403
2026-06-01 18:03:15,393 - baseAutoHttp.py - INFO - 响应耗时: 0.065437s
2026-06-01 18:03:15,393 - baseAutoHttp.py - INFO - 响应JSON: {'error': {'status': 403, 'message': 'Unauthorized'}}
2026-06-01 18:03:15,393 - baseAutoHttp.py - INFO - 【07非管理员登录:employee_login】接口调用结束

2026-06-01 18:03:15,393 - test_web_ohrm.py - INFO - ☑️【非管理员账号操作员工】用例执行成功
2026-06-01 18:03:17,907 - runClient.py - INFO - ✅ Allure报告生成完成：E:\develop\PythonProject\OrangeHRM\Reports\ALLURE\Report
2026-06-01 18:03:17,926 - baseUtils.py - INFO - 目录文件清空完成：E:\develop\PythonProject\OrangeHRM\Reports\ALLURE\Result
2026-06-01 18:03:17,927 - runClient.py - INFO - 🎉 自动化测试执行完毕！
