2026-06-01 17:05:58,052 - baseUtils.py - INFO - 配置文件读取成功：E:\develop\PythonProject\OrangeHRM\Config\配置文件.ini
2026-06-01 17:05:58,053 - globalManager.py - INFO - 全局变量管理器初始化成功
2026-06-01 17:05:58,867 - baseUtils.py - INFO - 配置文件读取成功：E:\develop\PythonProject\OrangeHRM\Config\配置文件.ini
2026-06-01 17:05:58,867 - globalManager.py - INFO - 全局变量管理器初始化成功
2026-06-01 17:05:58,888 - runClient.py - INFO - 🔍 正在收集测试用例，请稍候...
2026-06-01 17:05:59,657 - baseUtils.py - INFO - 配置文件读取成功：E:\develop\PythonProject\OrangeHRM\Config\配置文件.ini
2026-06-01 17:05:59,657 - globalManager.py - INFO - 全局变量管理器初始化成功
2026-06-01 17:05:59,904 - baseUtils.py - INFO - 配置文件读取成功：E:\develop\PythonProject\OrangeHRM\Config\配置文件.ini
2026-06-01 17:06:00,097 - baseUtils.py - INFO - 配置文件读取成功：E:\develop\PythonProject\OrangeHRM\Config\配置文件.ini
2026-06-01 17:06:00,098 - baseUtils.py - INFO - 配置文件读取成功：E:\develop\PythonProject\OrangeHRM\Config\配置文件.ini
2026-06-01 17:06:00,366 - baseUtils.py - INFO - 配置文件读取成功：E:\develop\PythonProject\OrangeHRM\Config\配置文件.ini
2026-06-01 17:06:00,367 - baseData.py - INFO - 数据驱动读取成功：01登录接口
2026-06-01 17:06:00,368 - baseUtils.py - INFO - 配置文件读取成功：E:\develop\PythonProject\OrangeHRM\Config\配置文件.ini
2026-06-01 17:06:00,369 - baseData.py - INFO - 数据驱动读取成功：02添加员工接口
2026-06-01 17:06:00,370 - baseUtils.py - INFO - 配置文件读取成功：E:\develop\PythonProject\OrangeHRM\Config\配置文件.ini
2026-06-01 17:06:00,371 - baseData.py - INFO - 数据驱动读取成功：03指定查询
2026-06-01 17:06:00,372 - baseUtils.py - INFO - 配置文件读取成功：E:\develop\PythonProject\OrangeHRM\Config\配置文件.ini
2026-06-01 17:06:00,373 - baseData.py - INFO - 数据驱动读取成功：04删除员工
2026-06-01 17:06:00,379 - baseYaml.py - INFO - YAML写入成功：E:\develop\PythonProject\OrangeHRM\Data\Temp\tempcases.yaml
2026-06-01 17:06:00,379 - conftest.py - INFO - ✅ 用例信息已导出：E:\develop\PythonProject\OrangeHRM\Data\Temp\tempcases.yaml
2026-06-01 17:06:00,786 - runClient.py - INFO - ✅ 用例收集完成，启动用例选择器
2026-06-01 17:06:01,579 - baseUtils.py - INFO - 配置文件读取成功：E:\develop\PythonProject\OrangeHRM\Config\配置文件.ini
2026-06-01 17:06:01,579 - globalManager.py - INFO - 全局变量管理器初始化成功
2026-06-01 17:06:04,857 - baseYaml.py - INFO - YAML写入成功：E:\develop\PythonProject\OrangeHRM\Data\Temp\testcases.yaml
2026-06-01 17:06:04,857 - caseSelector.py - INFO - 用例导出成功：E:\develop\PythonProject\OrangeHRM\Data\Temp\testcases.yaml
2026-06-01 17:06:06,784 - runClient.py - INFO - 🚀 开始执行选中用例，共 18 条
2026-06-01 17:06:07,074 - baseUtils.py - INFO - 配置文件读取成功：E:\develop\PythonProject\OrangeHRM\Config\配置文件.ini
2026-06-01 17:06:07,232 - baseUtils.py - INFO - 配置文件读取成功：E:\develop\PythonProject\OrangeHRM\Config\配置文件.ini
2026-06-01 17:06:07,234 - baseUtils.py - INFO - 配置文件读取成功：E:\develop\PythonProject\OrangeHRM\Config\配置文件.ini
2026-06-01 17:06:07,491 - baseUtils.py - INFO - 配置文件读取成功：E:\develop\PythonProject\OrangeHRM\Config\配置文件.ini
2026-06-01 17:06:07,492 - baseData.py - INFO - 数据驱动读取成功：01登录接口
2026-06-01 17:06:07,498 - baseUtils.py - INFO - 配置文件读取成功：E:\develop\PythonProject\OrangeHRM\Config\配置文件.ini
2026-06-01 17:06:07,499 - baseData.py - INFO - 数据驱动读取成功：02添加员工接口
2026-06-01 17:06:07,500 - baseUtils.py - INFO - 配置文件读取成功：E:\develop\PythonProject\OrangeHRM\Config\配置文件.ini
2026-06-01 17:06:07,500 - baseData.py - INFO - 数据驱动读取成功：03指定查询
2026-06-01 17:06:07,501 - baseUtils.py - INFO - 配置文件读取成功：E:\develop\PythonProject\OrangeHRM\Config\配置文件.ini
2026-06-01 17:06:07,502 - baseData.py - INFO - 数据驱动读取成功：04删除员工
2026-06-01 17:06:07,512 - baseUtils.py - INFO - 配置文件读取成功：E:\develop\PythonProject\OrangeHRM\Config\配置文件.ini
2026-06-01 17:06:07,617 - baseAutoHttp.py - INFO - 【01登录页面接口信息:login_api】接口调用开始
2026-06-01 17:06:07,618 - baseData.py - INFO - 动态参数替换成功：{'_token': '504e51eeeb6b9.DIH7wXdo0mnmrsbPWpcBdFPKQosQdHt0dJWaesdXnb8.NPSfnkUklwGt8bCnH8NMQmOIMuFUIR4gI_vNLYQD-PBJ9qqERhC7Op7tqQ', 'username': 'admin', 'password': 'Keepmoving624.'}
2026-06-01 17:06:07,618 - baseAutoHttp.py - INFO - 请求方式: POST
2026-06-01 17:06:07,618 - baseAutoHttp.py - INFO - 请求地址: http://127.0.0.1:8080/web/index.php/auth/validate
2026-06-01 17:06:07,618 - baseAutoHttp.py - INFO - 请求头: {'User-Agent': 'Mozilla/5.0 (Windows NT 10.0; Win64; x64) AppleWebKit/537.36 (KHTML, like Gecko) Chrome/148.0.0.0 Safari/537.36', 'Content-Type': 'application/x-www-form-urlencoded'}
2026-06-01 17:06:07,618 - baseAutoHttp.py - INFO - 请求参数: params=None | data={'_token': '504e51eeeb6b9.DIH7wXdo0mnmrsbPWpcBdFPKQosQdHt0dJWaesdXnb8.NPSfnkUklwGt8bCnH8NMQmOIMuFUIR4gI_vNLYQD-PBJ9qqERhC7Op7tqQ', 'username': 'admin', 'password': 'Keepmoving624.'} | json=None
2026-06-01 17:06:08,009 - baseAutoHttp.py - INFO - 响应状态码: 200
2026-06-01 17:06:08,009 - baseAutoHttp.py - INFO - 响应耗时: 0.086821s
2026-06-01 17:06:08,009 - baseAutoHttp.py - INFO - 响应文本: <!DOCTYPE html>
<html>
<head>
  <meta charset="UTF-8">
  <meta http-equiv="X-UA-Compatible" content="IE=edge">
  <meta name="viewport" content="width=device-width,initial-scale=1">
  <title>OrangeHRM</title>
    <link rel="icon" href="/web/dist/favicon.ico?v=1775433284510">
  <link href="/web/dist/css/chunk-vendors.css?v=1775433284510" rel="preload" as="style">
  <link href="/web/dist/css/app.css?v=1775433284510" rel="preload" as="style">
  <link href="/web/dist/js/chunk-vendors.js?v=1775433284510" rel="preload" as="script">
  <link href="/web/dist/js/app.js?v=1775433284510" rel="preload" as="script">
    <link href="/web/dist/css/chunk-vendors.css?v=1775433284510" rel="stylesheet"/>
  <link href="/web/dist/css/app.css?v=1775433284510" rel="stylesheet"/>
</head>
<body>
  <style>
    :root {
            --oxd-primary-one-color:#FF7B1D;
            --oxd-primary-font-color:#FFFFFF;
            --oxd-secondary-four-color:#76BC21;
            --oxd-secondary-font-color:#FFFFFF;
            --oxd-primary-gradient-start-color:#FF920B;
            --oxd-primary-gradient-end-color:#F35C17;
            --oxd-secondary-gradient-start-color:#FF920B;
            --oxd-secondary-gradient-end-color:#F35C17;
            --oxd-primary-one-lighten-5-color:#ff8a37;
            --oxd-primary-one-lighten-30-color:#ffd4b6;
            --oxd-primary-one-darken-5-color:#ff6c03;
            --oxd-primary-one-alpha-10-color:rgba(255, 123, 29, 0.1);
            --oxd-primary-one-alpha-15-color:rgba(255, 123, 29, 0.15);
            --oxd-primary-one-alpha-20-color:rgba(255, 123, 29, 0.2);
            --oxd-primary-one-alpha-50-color:rgba(255, 123, 29, 0.5);
            --oxd-secondary-four-lighten-5-color:#84d225;
            --oxd-secondary-four-darken-5-color:#68a61d;
            --oxd-secondary-four-alpha-10-color:rgba(118, 188, 33, 0.1);
            --oxd-secondary-four-alpha-15-color:rgba(118, 188, 33, 0.15);
            --oxd-secondary-four-alpha-20-color:rgba(118, 188, 33, 0.2);
            --oxd-secondary-four-alpha-50-color:rgba(118, 188, 33, 0.5);
        }
  </style>
  <noscript>
    <strong>
      We're sorry but orangehrm doesn't work properly without JavaScript enabled. Please enable it to continue.
    </strong>
  </noscript>

  <div id="app">
    <oxd-layout
        home-url="https://www.orangehrm.com/"
        :sidepanel-menu-items="[{&quot;id&quot;:1,&quot;name&quot;:&quot;\u7ba1\u7406\u5458&quot;,&quot;url&quot;:&quot;\/web\/index.php\/admin\/viewAdminModule&quot;,&quot;icon&quot;:&quot;admin&quot;},{&quot;id&quot;:30,&quot;name&quot;:&quot;\u4e2a\u4eba\u4fe1\u606f\u7ba1\u7406\u7cfb\u7edf&quot;,&quot;url&quot;:&quot;\/web\/index.php\/pim\/viewPimModule&quot;,&quot;icon&quot;:&quot;pim&quot;},{&quot;id&quot;:41,&quot;name&quot;:&quot;\u4f11\u5047&quot;,&quot;url&quot;:&quot;\/web\/index.php\/leave\/viewLeaveModule&quot;,&quot;icon&quot;:&quot;leave&quot;},{&quot;id&quot;:52,&quot;name&quot;:&quot;\u65f6\u95f4&quot;,&quot;url&quot;:&quot;\/web\/index.php\/time\/viewTimeModule&quot;,&quot;icon&quot;:&quot;time&quot;},{&quot;id&quot;:65,&quot;name&quot;:&quot;\u62db\u8058&quot;,&quot;url&quot;:&quot;\/web\/index.php\/recruitment\/viewRecruitmentModule&quot;,&quot;icon&quot;:&quot;recruitment&quot;},{&quot;id&quot;:40,&quot;name&quot;:&quot;\u6211\u7684\u4fe1\u606f&quot;,&quot;url&quot;:&quot;\/web\/index.php\/pim\/viewMyDetails&quot;,&quot;icon&quot;:&quot;myinfo&quot;},{&quot;id&quot;:83,&quot;name&quot;:&quot;\u7ee9\u6548&quot;,&quot;url&quot;:&quot;\/web\/index.php\/performance\/viewPerformanceModule&quot;,&quot;icon&quot;:&quot;performance&quot;},{&quot;id&quot;:82,&quot;name&quot;:&quot;\u4eea\u8868\u76d8&quot;,&quot;url&quot;:&quot;\/web\/index.php\/dashboard\/index&quot;,&quot;icon&quot;:&quot;dashboard&quot;,&quot;active&quot;:true},{&quot;id&quot;:93,&quot;name&quot;:&quot;Directory&quot;,&quot;url&quot;:&quot;\/web\/index.php\/directory\/viewDirectory&quot;,&quot;icon&quot;:&quot;directory&quot;},{&quot;id&quot;:96,&quot;name&quot;:&quot;Maintenance&quot;,&quot;url&quot;:&quot;\/web\/index.php\/maintenance\/viewMaintenanceModule&quot;,&quot;icon&quot;:&quot;maintenance&quot;},{&quot;id&quot;:105,&quot;name&quot;:&quot;Claim&quot;,&quot;url&quot;:&quot;\/web\/index.php\/claim\/viewClaimModule&quot;,&quot;icon&quot;:&quot;claim&quot;},{&quot;id&quot;:101,&quot;name&quot;:&quot;\u6fc0\u52a8&quot;,&quot;url&quot;:&quot;\/web\/index.php\/buzz\/viewBuzz&quot;,&quot;icon&quot;:&quot;buzz&quot;}]"
        :topbar-menu-items="[]"
        :user="{&quot;firstName&quot;:&quot;\u8c22&quot;,&quot;lastName&quot;:&quot;\u5b89&quot;,&quot;profImgSrc&quot;:&quot;\/web\/index.php\/pim\/viewPhoto\/empNumber\/1&quot;,&quot;hasPassword&quot;:true}"
        brand-logo-src="/web/images/orange.png?v=1775433284510"
        brand-banner-src="/web/images/orangehrm-logo.png?v=1775433284510"
        logout-url="/web/index.php/auth/logout"
        support-url="/web/index.php/help/support"
        :update-password-url="&quot;/web/index.php/pim/updatePassword&quot;"
        :permissions="{&quot;dashboard_buzz_widget&quot;:{&quot;canRead&quot;:true,&quot;canCreate&quot;:false,&quot;canUpdate&quot;:false,&quot;canDelete&quot;:false},&quot;dashboard_employees_on_leave_today_config&quot;:{&quot;canRead&quot;:true,&quot;canCreate&quot;:false,&quot;canUpdate&quot;:true,&quot;canDelete&quot;:false},&quot;dashboard_leave_widget&quot;:{&quot;canRead&quot;:true,&quot;canCreate&quot;:false,&quot;canUpdate&quot;:false,&quot;canDelete&quot;:false},&quot;dashboard_location_widget&quot;:{&quot;canRead&quot;:true,&quot;canCreate&quot;:false,&quot;canUpdate&quot;:false,&quot;canDelete&quot;:false},&quot;dashboard_subunit_widget&quot;:{&quot;canRead&quot;:true,&quot;canCreate&quot;:false,&quot;canUpdate&quot;:false,&quot;canDelete&quot;:false},&quot;dashboard_time_widget&quot;:{&quot;canRead&quot;:true,&quot;canCreate&quot;:false,&quot;canUpdate&quot;:false,&quot;canDelete&quot;:false}}"
        :breadcrumb="{&quot;moduleName&quot;:&quot;\u4eea\u8868\u76d8&quot;,&quot;level&quot;:null}"
        :date-format="{&quot;id&quot;:&quot;Y-m-d&quot;,&quot;label&quot;:&quot;yyyy-mm-dd&quot;}"
        help-url="/web/index.php/help/help?label=dashboard_index"
        :show-upgrade="1"
    >
      <view-dashboard
            >
    </view-dashboard>
    <template v-slot:footer><oxd-text tag="p" class="orangehrm-copyright">OrangeHRM OS 5.8.1</oxd-text>
<oxd-text tag="p" class="orangehrm-copyright">&copy; 2005 - 2026 <a href="http://www.orangehrm.com" target="_blank">OrangeHRM, Inc</a>. All rights reserved.</oxd-text>
<br></template>
    </oxd-layout>
  </div>
  <script type="text/javascript">
      window.appGlobal = {
        baseUrl: "/web/index.php",
        publicPath: "/web",
      };
  </script>
  <script src="/web/dist/js/chunk-vendors.js?v=1775433284510"></script>
  <script src="/web/dist/js/app.js?v=1775433284510"></script>
</body>
</html>

2026-06-01 17:06:08,010 - baseAutoHttp.py - INFO - 【01登录页面接口信息:login_api】接口调用结束

2026-06-01 17:06:08,010 - web_login_page.py - INFO - 【管理员正常登录】断言成功
2026-06-01 17:06:08,010 - baseAutoHttp.py - INFO - 接口会话已关闭
2026-06-01 17:06:08,010 - test_web_ohrm.py - INFO - 【管理员正常登录】用例执行成功
2026-06-01 17:06:08,019 - baseUtils.py - INFO - 配置文件读取成功：E:\develop\PythonProject\OrangeHRM\Config\配置文件.ini
2026-06-01 17:06:08,074 - baseAutoHttp.py - INFO - 【02登录页面未携带token:login_not_token_api】接口调用开始
2026-06-01 17:06:08,076 - baseData.py - INFO - 动态参数替换成功：{'username': 'admin', 'password': 'Keepmoving624.'}
2026-06-01 17:06:08,076 - baseAutoHttp.py - INFO - 请求方式: POST
2026-06-01 17:06:08,076 - baseAutoHttp.py - INFO - 请求地址: http://127.0.0.1:8080/web/index.php/auth/validate
2026-06-01 17:06:08,076 - baseAutoHttp.py - INFO - 请求头: {'User-Agent': 'Mozilla/5.0 (Windows NT 10.0; Win64; x64) AppleWebKit/537.36 (KHTML, like Gecko) Chrome/148.0.0.0 Safari/537.36', 'Content-Type': 'application/x-www-form-urlencoded'}
2026-06-01 17:06:08,076 - baseAutoHttp.py - INFO - 请求参数: params=None | data={'username': 'admin', 'password': 'Keepmoving624.'} | json=None
2026-06-01 17:06:08,183 - baseAutoHttp.py - INFO - 响应状态码: 200
2026-06-01 17:06:08,184 - baseAutoHttp.py - INFO - 响应耗时: 0.047362s
2026-06-01 17:06:08,184 - baseAutoHttp.py - INFO - 响应文本: <!DOCTYPE html>
<html>
<head>
  <meta charset="UTF-8">
  <meta http-equiv="X-UA-Compatible" content="IE=edge">
  <meta name="viewport" content="width=device-width,initial-scale=1">
  <title>OrangeHRM</title>
      <link rel="icon" href="/web/dist/favicon.ico?v=1775433284510">
    <link href="/web/dist/css/chunk-vendors.css?v=1775433284510" rel="preload" as="style">
    <link href="/web/dist/css/app.css?v=1775433284510" rel="preload" as="style">
    <link href="/web/dist/js/chunk-vendors.js?v=1775433284510" rel="preload" as="script">
    <link href="/web/dist/js/app.js?v=1775433284510" rel="preload" as="script">
      <link href="/web/dist/css/chunk-vendors.css?v=1775433284510" rel="stylesheet"/>
    <link href="/web/dist/css/app.css?v=1775433284510" rel="stylesheet"/>
</head>
<body>
  <style>
    :root {
            --oxd-primary-one-color:#FF7B1D;
            --oxd-primary-font-color:#FFFFFF;
            --oxd-secondary-four-color:#76BC21;
            --oxd-secondary-font-color:#FFFFFF;
            --oxd-primary-gradient-start-color:#FF920B;
            --oxd-primary-gradient-end-color:#F35C17;
            --oxd-secondary-gradient-start-color:#FF920B;
            --oxd-secondary-gradient-end-color:#F35C17;
            --oxd-primary-one-lighten-5-color:#ff8a37;
            --oxd-primary-one-lighten-30-color:#ffd4b6;
            --oxd-primary-one-darken-5-color:#ff6c03;
            --oxd-primary-one-alpha-10-color:rgba(255, 123, 29, 0.1);
            --oxd-primary-one-alpha-15-color:rgba(255, 123, 29, 0.15);
            --oxd-primary-one-alpha-20-color:rgba(255, 123, 29, 0.2);
            --oxd-primary-one-alpha-50-color:rgba(255, 123, 29, 0.5);
            --oxd-secondary-four-lighten-5-color:#84d225;
            --oxd-secondary-four-darken-5-color:#68a61d;
            --oxd-secondary-four-alpha-10-color:rgba(118, 188, 33, 0.1);
            --oxd-secondary-four-alpha-15-color:rgba(118, 188, 33, 0.15);
            --oxd-secondary-four-alpha-20-color:rgba(118, 188, 33, 0.2);
            --oxd-secondary-four-alpha-50-color:rgba(118, 188, 33, 0.5);
        }
  </style>
    <noscript>
        <strong>
            We're sorry but orangehrm doesn't work properly without JavaScript enabled. Please enable it to continue.
        </strong>
    </noscript>

    <div id="app">
    <auth-login
            :error="{&quot;error&quot;:&quot;invalid_csrf_token&quot;,&quot;message&quot;:&quot;CSRF token validation failed&quot;}"
            :token="&quot;e235623f307.Sk6UIGlpAv18IaQrEHCtKy6nFS7pnfCZ-ZleV1GZau4.DxvtbwEoTa8NEvFZfSDgXFqTR0iIrrTwmssZZCT-KIYtFNYUKhxntS1y7Q&quot;"
            :login-logo-src="&quot;\/web\/images\/ohrm_logo.png&quot;"
            :login-banner-src="&quot;\/web\/images\/ohrm_branding.png?v=1775433284510&quot;"
            :show-social-media="true"
            :is-demo-mode="false"
            :authenticators="[]"
        >
    <template v-slot:footer>
        <div class="orangehrm-copyright-wrapper">
            <oxd-text tag="p" class="orangehrm-copyright">OrangeHRM OS 5.8.1</oxd-text>
<oxd-text tag="p" class="orangehrm-copyright">&copy; 2005 - 2026 <a href="http://www.orangehrm.com" target="_blank">OrangeHRM, Inc</a>. All rights reserved.</oxd-text>
        </div>
    </template>
    </auth-login>
    </div>
    <script type="text/javascript">
        window.appGlobal = {
          baseUrl: "/web/index.php",
          publicPath: "/web",
        };
    </script>
    <script src="/web/dist/js/chunk-vendors.js?v=1775433284510"></script>
    <script src="/web/dist/js/app.js?v=1775433284510"></script>
</body>
</html>

2026-06-01 17:06:08,184 - baseAutoHttp.py - INFO - 【02登录页面未携带token:login_not_token_api】接口调用结束

2026-06-01 17:06:08,184 - web_login_page.py - INFO - 【未携带CSRF令牌】断言成功
2026-06-01 17:06:08,184 - baseAutoHttp.py - INFO - 接口会话已关闭
2026-06-01 17:06:08,184 - test_web_ohrm.py - INFO - 【未携带CSRF令牌】用例执行成功
2026-06-01 17:06:08,190 - baseUtils.py - INFO - 配置文件读取成功：E:\develop\PythonProject\OrangeHRM\Config\配置文件.ini
2026-06-01 17:06:08,293 - baseAutoHttp.py - INFO - 【01登录页面接口信息:login_api】接口调用开始
2026-06-01 17:06:08,295 - baseData.py - INFO - 动态参数替换成功：{'_token': 'f8b035.ZeLRCdrNEKihFlCc6tXHBp8YDdrVWTWR3QKPUUcUvz4.F5qCeKq8UfHxRibe2o-_T9pKOo6hEmzzhHXqFhRB_Q9c14ts4oB36uZCHQ', 'username': 'admin', 'password': 'Keepmoving624.'}
2026-06-01 17:06:08,295 - baseAutoHttp.py - INFO - 请求方式: POST
2026-06-01 17:06:08,295 - baseAutoHttp.py - INFO - 请求地址: http://127.0.0.1:8080/web/index.php/auth/validate
2026-06-01 17:06:08,295 - baseAutoHttp.py - INFO - 请求头: {'User-Agent': 'Mozilla/5.0 (Windows NT 10.0; Win64; x64) AppleWebKit/537.36 (KHTML, like Gecko) Chrome/148.0.0.0 Safari/537.36', 'Content-Type': 'application/x-www-form-urlencoded'}
2026-06-01 17:06:08,295 - baseAutoHttp.py - INFO - 请求参数: params=None | data={'_token': 'f8b035.ZeLRCdrNEKihFlCc6tXHBp8YDdrVWTWR3QKPUUcUvz4.F5qCeKq8UfHxRibe2o-_T9pKOo6hEmzzhHXqFhRB_Q9c14ts4oB36uZCHQ', 'username': 'admin', 'password': 'Keepmoving624.'} | json=None
2026-06-01 17:06:08,383 - baseAutoHttp.py - INFO - 响应状态码: 200
2026-06-01 17:06:08,383 - baseAutoHttp.py - INFO - 响应耗时: 0.045387s
2026-06-01 17:06:08,383 - baseAutoHttp.py - INFO - 响应文本: <!DOCTYPE html>
<html>
<head>
  <meta charset="UTF-8">
  <meta http-equiv="X-UA-Compatible" content="IE=edge">
  <meta name="viewport" content="width=device-width,initial-scale=1">
  <title>OrangeHRM</title>
      <link rel="icon" href="/web/dist/favicon.ico?v=1775433284510">
    <link href="/web/dist/css/chunk-vendors.css?v=1775433284510" rel="preload" as="style">
    <link href="/web/dist/css/app.css?v=1775433284510" rel="preload" as="style">
    <link href="/web/dist/js/chunk-vendors.js?v=1775433284510" rel="preload" as="script">
    <link href="/web/dist/js/app.js?v=1775433284510" rel="preload" as="script">
      <link href="/web/dist/css/chunk-vendors.css?v=1775433284510" rel="stylesheet"/>
    <link href="/web/dist/css/app.css?v=1775433284510" rel="stylesheet"/>
</head>
<body>
  <style>
    :root {
            --oxd-primary-one-color:#FF7B1D;
            --oxd-primary-font-color:#FFFFFF;
            --oxd-secondary-four-color:#76BC21;
            --oxd-secondary-font-color:#FFFFFF;
            --oxd-primary-gradient-start-color:#FF920B;
            --oxd-primary-gradient-end-color:#F35C17;
            --oxd-secondary-gradient-start-color:#FF920B;
            --oxd-secondary-gradient-end-color:#F35C17;
            --oxd-primary-one-lighten-5-color:#ff8a37;
            --oxd-primary-one-lighten-30-color:#ffd4b6;
            --oxd-primary-one-darken-5-color:#ff6c03;
            --oxd-primary-one-alpha-10-color:rgba(255, 123, 29, 0.1);
            --oxd-primary-one-alpha-15-color:rgba(255, 123, 29, 0.15);
            --oxd-primary-one-alpha-20-color:rgba(255, 123, 29, 0.2);
            --oxd-primary-one-alpha-50-color:rgba(255, 123, 29, 0.5);
            --oxd-secondary-four-lighten-5-color:#84d225;
            --oxd-secondary-four-darken-5-color:#68a61d;
            --oxd-secondary-four-alpha-10-color:rgba(118, 188, 33, 0.1);
            --oxd-secondary-four-alpha-15-color:rgba(118, 188, 33, 0.15);
            --oxd-secondary-four-alpha-20-color:rgba(118, 188, 33, 0.2);
            --oxd-secondary-four-alpha-50-color:rgba(118, 188, 33, 0.5);
        }
  </style>
    <noscript>
        <strong>
            We're sorry but orangehrm doesn't work properly without JavaScript enabled. Please enable it to continue.
        </strong>
    </noscript>

    <div id="app">
    <auth-login
            :error="{&quot;error&quot;:&quot;invalid_csrf_token&quot;,&quot;message&quot;:&quot;CSRF token validation failed&quot;}"
            :token="&quot;85f691db9bc096ea3.EPZ88JxmoVgve2CCVsReQLQxnL-p3l7eEdNt5DhV5zg.d7EpvtoE0jFiFlL4FJtrCvh9-92ajTSTJKcYg00PoV5_giOv0zCRHW0pAw&quot;"
            :login-logo-src="&quot;\/web\/images\/ohrm_logo.png&quot;"
            :login-banner-src="&quot;\/web\/images\/ohrm_branding.png?v=1775433284510&quot;"
            :show-social-media="true"
            :is-demo-mode="false"
            :authenticators="[]"
        >
    <template v-slot:footer>
        <div class="orangehrm-copyright-wrapper">
            <oxd-text tag="p" class="orangehrm-copyright">OrangeHRM OS 5.8.1</oxd-text>
<oxd-text tag="p" class="orangehrm-copyright">&copy; 2005 - 2026 <a href="http://www.orangehrm.com" target="_blank">OrangeHRM, Inc</a>. All rights reserved.</oxd-text>
        </div>
    </template>
    </auth-login>
    </div>
    <script type="text/javascript">
        window.appGlobal = {
          baseUrl: "/web/index.php",
          publicPath: "/web",
        };
    </script>
    <script src="/web/dist/js/chunk-vendors.js?v=1775433284510"></script>
    <script src="/web/dist/js/app.js?v=1775433284510"></script>
</body>
</html>

2026-06-01 17:06:08,383 - baseAutoHttp.py - INFO - 【01登录页面接口信息:login_api】接口调用结束

2026-06-01 17:06:08,383 - web_login_page.py - INFO - 【跨会话使用Token】断言成功
2026-06-01 17:06:08,383 - baseAutoHttp.py - INFO - 接口会话已关闭
2026-06-01 17:06:08,384 - test_web_ohrm.py - INFO - 【携带过期CSRF令牌】用例执行成功
2026-06-01 17:06:08,390 - baseUtils.py - INFO - 配置文件读取成功：E:\develop\PythonProject\OrangeHRM\Config\配置文件.ini
2026-06-01 17:06:08,391 - baseAutoHttp.py - INFO - 【01登录页面接口信息:login_api】接口调用开始
2026-06-01 17:06:08,392 - baseData.py - INFO - 动态参数替换成功：{'_token': '5vXo*arbzWH2poiD5L65', 'username': 'admin', 'password': 'Keepmoving624.'}
2026-06-01 17:06:08,392 - baseAutoHttp.py - INFO - 请求方式: POST
2026-06-01 17:06:08,392 - baseAutoHttp.py - INFO - 请求地址: http://127.0.0.1:8080/web/index.php/auth/validate
2026-06-01 17:06:08,392 - baseAutoHttp.py - INFO - 请求头: {'User-Agent': 'Mozilla/5.0 (Windows NT 10.0; Win64; x64) AppleWebKit/537.36 (KHTML, like Gecko) Chrome/148.0.0.0 Safari/537.36', 'Content-Type': 'application/x-www-form-urlencoded'}
2026-06-01 17:06:08,393 - baseAutoHttp.py - INFO - 请求参数: params=None | data={'_token': '5vXo*arbzWH2poiD5L65', 'username': 'admin', 'password': 'Keepmoving624.'} | json=None
2026-06-01 17:06:08,491 - baseAutoHttp.py - INFO - 响应状态码: 200
2026-06-01 17:06:08,491 - baseAutoHttp.py - INFO - 响应耗时: 0.057786s
2026-06-01 17:06:08,491 - baseAutoHttp.py - INFO - 响应文本: <!DOCTYPE html>
<html>
<head>
  <meta charset="UTF-8">
  <meta http-equiv="X-UA-Compatible" content="IE=edge">
  <meta name="viewport" content="width=device-width,initial-scale=1">
  <title>OrangeHRM</title>
      <link rel="icon" href="/web/dist/favicon.ico?v=1775433284510">
    <link href="/web/dist/css/chunk-vendors.css?v=1775433284510" rel="preload" as="style">
    <link href="/web/dist/css/app.css?v=1775433284510" rel="preload" as="style">
    <link href="/web/dist/js/chunk-vendors.js?v=1775433284510" rel="preload" as="script">
    <link href="/web/dist/js/app.js?v=1775433284510" rel="preload" as="script">
      <link href="/web/dist/css/chunk-vendors.css?v=1775433284510" rel="stylesheet"/>
    <link href="/web/dist/css/app.css?v=1775433284510" rel="stylesheet"/>
</head>
<body>
  <style>
    :root {
            --oxd-primary-one-color:#FF7B1D;
            --oxd-primary-font-color:#FFFFFF;
            --oxd-secondary-four-color:#76BC21;
            --oxd-secondary-font-color:#FFFFFF;
            --oxd-primary-gradient-start-color:#FF920B;
            --oxd-primary-gradient-end-color:#F35C17;
            --oxd-secondary-gradient-start-color:#FF920B;
            --oxd-secondary-gradient-end-color:#F35C17;
            --oxd-primary-one-lighten-5-color:#ff8a37;
            --oxd-primary-one-lighten-30-color:#ffd4b6;
            --oxd-primary-one-darken-5-color:#ff6c03;
            --oxd-primary-one-alpha-10-color:rgba(255, 123, 29, 0.1);
            --oxd-primary-one-alpha-15-color:rgba(255, 123, 29, 0.15);
            --oxd-primary-one-alpha-20-color:rgba(255, 123, 29, 0.2);
            --oxd-primary-one-alpha-50-color:rgba(255, 123, 29, 0.5);
            --oxd-secondary-four-lighten-5-color:#84d225;
            --oxd-secondary-four-darken-5-color:#68a61d;
            --oxd-secondary-four-alpha-10-color:rgba(118, 188, 33, 0.1);
            --oxd-secondary-four-alpha-15-color:rgba(118, 188, 33, 0.15);
            --oxd-secondary-four-alpha-20-color:rgba(118, 188, 33, 0.2);
            --oxd-secondary-four-alpha-50-color:rgba(118, 188, 33, 0.5);
        }
  </style>
    <noscript>
        <strong>
            We're sorry but orangehrm doesn't work properly without JavaScript enabled. Please enable it to continue.
        </strong>
    </noscript>

    <div id="app">
    <auth-login
            :error="{&quot;error&quot;:&quot;invalid_csrf_token&quot;,&quot;message&quot;:&quot;CSRF token validation failed&quot;}"
            :token="&quot;8617d7ece7f0b985270a13.VYJFVPNjRJBYrRjpmmuNt1qRUMVpbz2C0Gx_s8cm7_w.Zvp3A5AHA6YN1XSTxVPejy31BppdVl7NsVQ25PBAo50ktgxiqU5w-jnbew&quot;"
            :login-logo-src="&quot;\/web\/images\/ohrm_logo.png&quot;"
            :login-banner-src="&quot;\/web\/images\/ohrm_branding.png?v=1775433284510&quot;"
            :show-social-media="true"
            :is-demo-mode="false"
            :authenticators="[]"
        >
    <template v-slot:footer>
        <div class="orangehrm-copyright-wrapper">
            <oxd-text tag="p" class="orangehrm-copyright">OrangeHRM OS 5.8.1</oxd-text>
<oxd-text tag="p" class="orangehrm-copyright">&copy; 2005 - 2026 <a href="http://www.orangehrm.com" target="_blank">OrangeHRM, Inc</a>. All rights reserved.</oxd-text>
        </div>
    </template>
    </auth-login>
    </div>
    <script type="text/javascript">
        window.appGlobal = {
          baseUrl: "/web/index.php",
          publicPath: "/web",
        };
    </script>
    <script src="/web/dist/js/chunk-vendors.js?v=1775433284510"></script>
    <script src="/web/dist/js/app.js?v=1775433284510"></script>
</body>
</html>

2026-06-01 17:06:08,491 - baseAutoHttp.py - INFO - 【01登录页面接口信息:login_api】接口调用结束

2026-06-01 17:06:08,491 - web_login_page.py - INFO - 【携带错误格式Token】断言成功
2026-06-01 17:06:08,491 - baseAutoHttp.py - INFO - 接口会话已关闭
2026-06-01 17:06:08,491 - test_web_ohrm.py - INFO - 【携带错误格式Token】用例执行成功
2026-06-01 17:06:08,500 - baseUtils.py - INFO - 配置文件读取成功：E:\develop\PythonProject\OrangeHRM\Config\配置文件.ini
2026-06-01 17:06:08,545 - baseAutoHttp.py - INFO - 【01登录页面接口信息:login_api】接口调用开始
2026-06-01 17:06:08,547 - baseData.py - INFO - 动态参数替换成功：{'_token': 'f9d56a450165b122.rwPUcD0B_IKqfWOE8_AZIzkjAPYGAkZYHO76oGJj6D0.42_gOGVmnfriSDq9nJ9eR0kWRsZnencKZKir5CEm2FGWW5EiWTmfuvAyKg', 'username': 'wrong', 'password': 'wrong'}
2026-06-01 17:06:08,547 - baseAutoHttp.py - INFO - 请求方式: POST
2026-06-01 17:06:08,547 - baseAutoHttp.py - INFO - 请求地址: http://127.0.0.1:8080/web/index.php/auth/validate
2026-06-01 17:06:08,548 - baseAutoHttp.py - INFO - 请求头: {'User-Agent': 'Mozilla/5.0 (Windows NT 10.0; Win64; x64) AppleWebKit/537.36 (KHTML, like Gecko) Chrome/148.0.0.0 Safari/537.36', 'Content-Type': 'application/x-www-form-urlencoded'}
2026-06-01 17:06:08,548 - baseAutoHttp.py - INFO - 请求参数: params=None | data={'_token': 'f9d56a450165b122.rwPUcD0B_IKqfWOE8_AZIzkjAPYGAkZYHO76oGJj6D0.42_gOGVmnfriSDq9nJ9eR0kWRsZnencKZKir5CEm2FGWW5EiWTmfuvAyKg', 'username': 'wrong', 'password': 'wrong'} | json=None
2026-06-01 17:06:08,651 - baseAutoHttp.py - INFO - 响应状态码: 200
2026-06-01 17:06:08,651 - baseAutoHttp.py - INFO - 响应耗时: 0.049093s
2026-06-01 17:06:08,651 - baseAutoHttp.py - INFO - 响应文本: <!DOCTYPE html>
<html>
<head>
  <meta charset="UTF-8">
  <meta http-equiv="X-UA-Compatible" content="IE=edge">
  <meta name="viewport" content="width=device-width,initial-scale=1">
  <title>OrangeHRM</title>
      <link rel="icon" href="/web/dist/favicon.ico?v=1775433284510">
    <link href="/web/dist/css/chunk-vendors.css?v=1775433284510" rel="preload" as="style">
    <link href="/web/dist/css/app.css?v=1775433284510" rel="preload" as="style">
    <link href="/web/dist/js/chunk-vendors.js?v=1775433284510" rel="preload" as="script">
    <link href="/web/dist/js/app.js?v=1775433284510" rel="preload" as="script">
      <link href="/web/dist/css/chunk-vendors.css?v=1775433284510" rel="stylesheet"/>
    <link href="/web/dist/css/app.css?v=1775433284510" rel="stylesheet"/>
</head>
<body>
  <style>
    :root {
            --oxd-primary-one-color:#FF7B1D;
            --oxd-primary-font-color:#FFFFFF;
            --oxd-secondary-four-color:#76BC21;
            --oxd-secondary-font-color:#FFFFFF;
            --oxd-primary-gradient-start-color:#FF920B;
            --oxd-primary-gradient-end-color:#F35C17;
            --oxd-secondary-gradient-start-color:#FF920B;
            --oxd-secondary-gradient-end-color:#F35C17;
            --oxd-primary-one-lighten-5-color:#ff8a37;
            --oxd-primary-one-lighten-30-color:#ffd4b6;
            --oxd-primary-one-darken-5-color:#ff6c03;
            --oxd-primary-one-alpha-10-color:rgba(255, 123, 29, 0.1);
            --oxd-primary-one-alpha-15-color:rgba(255, 123, 29, 0.15);
            --oxd-primary-one-alpha-20-color:rgba(255, 123, 29, 0.2);
            --oxd-primary-one-alpha-50-color:rgba(255, 123, 29, 0.5);
            --oxd-secondary-four-lighten-5-color:#84d225;
            --oxd-secondary-four-darken-5-color:#68a61d;
            --oxd-secondary-four-alpha-10-color:rgba(118, 188, 33, 0.1);
            --oxd-secondary-four-alpha-15-color:rgba(118, 188, 33, 0.15);
            --oxd-secondary-four-alpha-20-color:rgba(118, 188, 33, 0.2);
            --oxd-secondary-four-alpha-50-color:rgba(118, 188, 33, 0.5);
        }
  </style>
    <noscript>
        <strong>
            We're sorry but orangehrm doesn't work properly without JavaScript enabled. Please enable it to continue.
        </strong>
    </noscript>

    <div id="app">
    <auth-login
            :error="{&quot;error&quot;:&quot;invalid_credentials&quot;,&quot;message&quot;:&quot;Invalid credentials&quot;}"
            :token="&quot;9e08db9c19.iW0ZH2EHaqaNN-LWky0ufK7L3Ie6mFoxZQtSuN-ap0I.xQEtVzlgC97FArvv_EJpGN7-mrfb4GtjHU0D_Jzfly6wNVxNBT8Jntd4qw&quot;"
            :login-logo-src="&quot;\/web\/images\/ohrm_logo.png&quot;"
            :login-banner-src="&quot;\/web\/images\/ohrm_branding.png?v=1775433284510&quot;"
            :show-social-media="true"
            :is-demo-mode="false"
            :authenticators="[]"
        >
    <template v-slot:footer>
        <div class="orangehrm-copyright-wrapper">
            <oxd-text tag="p" class="orangehrm-copyright">OrangeHRM OS 5.8.1</oxd-text>
<oxd-text tag="p" class="orangehrm-copyright">&copy; 2005 - 2026 <a href="http://www.orangehrm.com" target="_blank">OrangeHRM, Inc</a>. All rights reserved.</oxd-text>
        </div>
    </template>
    </auth-login>
    </div>
    <script type="text/javascript">
        window.appGlobal = {
          baseUrl: "/web/index.php",
          publicPath: "/web",
        };
    </script>
    <script src="/web/dist/js/chunk-vendors.js?v=1775433284510"></script>
    <script src="/web/dist/js/app.js?v=1775433284510"></script>
</body>
</html>

2026-06-01 17:06:08,651 - baseAutoHttp.py - INFO - 【01登录页面接口信息:login_api】接口调用结束

2026-06-01 17:06:08,652 - web_login_page.py - INFO - 【wrong/wrong】断言成功
2026-06-01 17:06:08,652 - baseAutoHttp.py - INFO - 接口会话已关闭
2026-06-01 17:06:08,652 - test_web_ohrm.py - INFO - 【错误用户名/密码】用例执行成功
2026-06-01 17:06:08,659 - baseUtils.py - INFO - 配置文件读取成功：E:\develop\PythonProject\OrangeHRM\Config\配置文件.ini
2026-06-01 17:06:08,710 - baseAutoHttp.py - INFO - 【01登录页面接口信息:login_api】接口调用开始
2026-06-01 17:06:08,712 - baseData.py - INFO - 动态参数替换成功：{'_token': 'e9c752a4fa.Cerl5l1IIrkpnXeKdyjwhpNQt8g6MjY8Kwgwkf3oFSg.W52XthZ_VP165RvYGUrd9_QWmoVTQFhoU311p6mnU1E5q9GgAgB66E_uEA', 'username': '', 'password': 'Keepmoving624.'}
2026-06-01 17:06:08,713 - baseAutoHttp.py - INFO - 请求方式: POST
2026-06-01 17:06:08,713 - baseAutoHttp.py - INFO - 请求地址: http://127.0.0.1:8080/web/index.php/auth/validate
2026-06-01 17:06:08,713 - baseAutoHttp.py - INFO - 请求头: {'User-Agent': 'Mozilla/5.0 (Windows NT 10.0; Win64; x64) AppleWebKit/537.36 (KHTML, like Gecko) Chrome/148.0.0.0 Safari/537.36', 'Content-Type': 'application/x-www-form-urlencoded'}
2026-06-01 17:06:08,713 - baseAutoHttp.py - INFO - 请求参数: params=None | data={'_token': 'e9c752a4fa.Cerl5l1IIrkpnXeKdyjwhpNQt8g6MjY8Kwgwkf3oFSg.W52XthZ_VP165RvYGUrd9_QWmoVTQFhoU311p6mnU1E5q9GgAgB66E_uEA', 'username': '', 'password': 'Keepmoving624.'} | json=None
2026-06-01 17:06:08,800 - baseAutoHttp.py - INFO - 响应状态码: 200
2026-06-01 17:06:08,800 - baseAutoHttp.py - INFO - 响应耗时: 0.045373s
2026-06-01 17:06:08,801 - baseAutoHttp.py - INFO - 响应文本: <!DOCTYPE html>
<html>
<head>
  <meta charset="UTF-8">
  <meta http-equiv="X-UA-Compatible" content="IE=edge">
  <meta name="viewport" content="width=device-width,initial-scale=1">
  <title>OrangeHRM</title>
      <link rel="icon" href="/web/dist/favicon.ico?v=1775433284510">
    <link href="/web/dist/css/chunk-vendors.css?v=1775433284510" rel="preload" as="style">
    <link href="/web/dist/css/app.css?v=1775433284510" rel="preload" as="style">
    <link href="/web/dist/js/chunk-vendors.js?v=1775433284510" rel="preload" as="script">
    <link href="/web/dist/js/app.js?v=1775433284510" rel="preload" as="script">
      <link href="/web/dist/css/chunk-vendors.css?v=1775433284510" rel="stylesheet"/>
    <link href="/web/dist/css/app.css?v=1775433284510" rel="stylesheet"/>
</head>
<body>
  <style>
    :root {
            --oxd-primary-one-color:#FF7B1D;
            --oxd-primary-font-color:#FFFFFF;
            --oxd-secondary-four-color:#76BC21;
            --oxd-secondary-font-color:#FFFFFF;
            --oxd-primary-gradient-start-color:#FF920B;
            --oxd-primary-gradient-end-color:#F35C17;
            --oxd-secondary-gradient-start-color:#FF920B;
            --oxd-secondary-gradient-end-color:#F35C17;
            --oxd-primary-one-lighten-5-color:#ff8a37;
            --oxd-primary-one-lighten-30-color:#ffd4b6;
            --oxd-primary-one-darken-5-color:#ff6c03;
            --oxd-primary-one-alpha-10-color:rgba(255, 123, 29, 0.1);
            --oxd-primary-one-alpha-15-color:rgba(255, 123, 29, 0.15);
            --oxd-primary-one-alpha-20-color:rgba(255, 123, 29, 0.2);
            --oxd-primary-one-alpha-50-color:rgba(255, 123, 29, 0.5);
            --oxd-secondary-four-lighten-5-color:#84d225;
            --oxd-secondary-four-darken-5-color:#68a61d;
            --oxd-secondary-four-alpha-10-color:rgba(118, 188, 33, 0.1);
            --oxd-secondary-four-alpha-15-color:rgba(118, 188, 33, 0.15);
            --oxd-secondary-four-alpha-20-color:rgba(118, 188, 33, 0.2);
            --oxd-secondary-four-alpha-50-color:rgba(118, 188, 33, 0.5);
        }
  </style>
    <noscript>
        <strong>
            We're sorry but orangehrm doesn't work properly without JavaScript enabled. Please enable it to continue.
        </strong>
    </noscript>

    <div id="app">
    <auth-login
            :error="{&quot;error&quot;:&quot;invalid_credentials&quot;,&quot;message&quot;:&quot;Invalid credentials&quot;}"
            :token="&quot;82b0dd30a3f52ce843561eb1ce619e5._riqz_cFEoJ7rWcU1NYmi-ILjn7Pe8co-0qI9a5EmXM.rM_Yn7wyZMYo1QtGurQL-oVNozOmCal8gz_Nw_oL3wrO-Z6JqE1K0x3eAA&quot;"
            :login-logo-src="&quot;\/web\/images\/ohrm_logo.png&quot;"
            :login-banner-src="&quot;\/web\/images\/ohrm_branding.png?v=1775433284510&quot;"
            :show-social-media="true"
            :is-demo-mode="false"
            :authenticators="[]"
        >
    <template v-slot:footer>
        <div class="orangehrm-copyright-wrapper">
            <oxd-text tag="p" class="orangehrm-copyright">OrangeHRM OS 5.8.1</oxd-text>
<oxd-text tag="p" class="orangehrm-copyright">&copy; 2005 - 2026 <a href="http://www.orangehrm.com" target="_blank">OrangeHRM, Inc</a>. All rights reserved.</oxd-text>
        </div>
    </template>
    </auth-login>
    </div>
    <script type="text/javascript">
        window.appGlobal = {
          baseUrl: "/web/index.php",
          publicPath: "/web",
        };
    </script>
    <script src="/web/dist/js/chunk-vendors.js?v=1775433284510"></script>
    <script src="/web/dist/js/app.js?v=1775433284510"></script>
</body>
</html>

2026-06-01 17:06:08,801 - baseAutoHttp.py - INFO - 【01登录页面接口信息:login_api】接口调用结束

2026-06-01 17:06:08,801 - web_login_page.py - INFO - 【空用户名/Keepmoving624.】断言成功
2026-06-01 17:06:08,801 - baseAutoHttp.py - INFO - 接口会话已关闭
2026-06-01 17:06:08,801 - test_web_ohrm.py - INFO - 【用户名为空】用例执行成功
2026-06-01 17:06:08,809 - baseUtils.py - INFO - 配置文件读取成功：E:\develop\PythonProject\OrangeHRM\Config\配置文件.ini
2026-06-01 17:06:08,872 - baseAutoHttp.py - INFO - 【01登录页面接口信息:login_api】接口调用开始
2026-06-01 17:06:08,874 - baseData.py - INFO - 动态参数替换成功：{'_token': '9ec5196acb31e2bd8e62ea.tRWRjE2rRPiy0NSYm49WXwNfccJXvq6-V_UQWf1qWuE.w0fIvhTuK7L0k-Wg8cgYEWkcQKEZ1enHJK8oNZZHDa-EcdXgGOIbnov9uw', 'username': 'admin', 'password': ''}
2026-06-01 17:06:08,874 - baseAutoHttp.py - INFO - 请求方式: POST
2026-06-01 17:06:08,874 - baseAutoHttp.py - INFO - 请求地址: http://127.0.0.1:8080/web/index.php/auth/validate
2026-06-01 17:06:08,874 - baseAutoHttp.py - INFO - 请求头: {'User-Agent': 'Mozilla/5.0 (Windows NT 10.0; Win64; x64) AppleWebKit/537.36 (KHTML, like Gecko) Chrome/148.0.0.0 Safari/537.36', 'Content-Type': 'application/x-www-form-urlencoded'}
2026-06-01 17:06:08,874 - baseAutoHttp.py - INFO - 请求参数: params=None | data={'_token': '9ec5196acb31e2bd8e62ea.tRWRjE2rRPiy0NSYm49WXwNfccJXvq6-V_UQWf1qWuE.w0fIvhTuK7L0k-Wg8cgYEWkcQKEZ1enHJK8oNZZHDa-EcdXgGOIbnov9uw', 'username': 'admin', 'password': ''} | json=None
2026-06-01 17:06:09,177 - baseAutoHttp.py - INFO - 响应状态码: 200
2026-06-01 17:06:09,177 - baseAutoHttp.py - INFO - 响应耗时: 0.05135s
2026-06-01 17:06:09,178 - baseAutoHttp.py - INFO - 响应文本: <!DOCTYPE html>
<html>
<head>
  <meta charset="UTF-8">
  <meta http-equiv="X-UA-Compatible" content="IE=edge">
  <meta name="viewport" content="width=device-width,initial-scale=1">
  <title>OrangeHRM</title>
      <link rel="icon" href="/web/dist/favicon.ico?v=1775433284510">
    <link href="/web/dist/css/chunk-vendors.css?v=1775433284510" rel="preload" as="style">
    <link href="/web/dist/css/app.css?v=1775433284510" rel="preload" as="style">
    <link href="/web/dist/js/chunk-vendors.js?v=1775433284510" rel="preload" as="script">
    <link href="/web/dist/js/app.js?v=1775433284510" rel="preload" as="script">
      <link href="/web/dist/css/chunk-vendors.css?v=1775433284510" rel="stylesheet"/>
    <link href="/web/dist/css/app.css?v=1775433284510" rel="stylesheet"/>
</head>
<body>
  <style>
    :root {
            --oxd-primary-one-color:#FF7B1D;
            --oxd-primary-font-color:#FFFFFF;
            --oxd-secondary-four-color:#76BC21;
            --oxd-secondary-font-color:#FFFFFF;
            --oxd-primary-gradient-start-color:#FF920B;
            --oxd-primary-gradient-end-color:#F35C17;
            --oxd-secondary-gradient-start-color:#FF920B;
            --oxd-secondary-gradient-end-color:#F35C17;
            --oxd-primary-one-lighten-5-color:#ff8a37;
            --oxd-primary-one-lighten-30-color:#ffd4b6;
            --oxd-primary-one-darken-5-color:#ff6c03;
            --oxd-primary-one-alpha-10-color:rgba(255, 123, 29, 0.1);
            --oxd-primary-one-alpha-15-color:rgba(255, 123, 29, 0.15);
            --oxd-primary-one-alpha-20-color:rgba(255, 123, 29, 0.2);
            --oxd-primary-one-alpha-50-color:rgba(255, 123, 29, 0.5);
            --oxd-secondary-four-lighten-5-color:#84d225;
            --oxd-secondary-four-darken-5-color:#68a61d;
            --oxd-secondary-four-alpha-10-color:rgba(118, 188, 33, 0.1);
            --oxd-secondary-four-alpha-15-color:rgba(118, 188, 33, 0.15);
            --oxd-secondary-four-alpha-20-color:rgba(118, 188, 33, 0.2);
            --oxd-secondary-four-alpha-50-color:rgba(118, 188, 33, 0.5);
        }
  </style>
    <noscript>
        <strong>
            We're sorry but orangehrm doesn't work properly without JavaScript enabled. Please enable it to continue.
        </strong>
    </noscript>

    <div id="app">
    <auth-login
            :error="{&quot;error&quot;:&quot;invalid_credentials&quot;,&quot;message&quot;:&quot;Invalid credentials&quot;}"
            :token="&quot;85b427cebc2abd.rajzLEyjsi4V9AGNSjV9XJCx5KwXxyMWXRch4oEWVTg.2_qqHhXm3WRTtzC1IHIzEvry1c9ZrGRvLk0Zjuo7AnaczLdAGertSCzZbg&quot;"
            :login-logo-src="&quot;\/web\/images\/ohrm_logo.png&quot;"
            :login-banner-src="&quot;\/web\/images\/ohrm_branding.png?v=1775433284510&quot;"
            :show-social-media="true"
            :is-demo-mode="false"
            :authenticators="[]"
        >
    <template v-slot:footer>
        <div class="orangehrm-copyright-wrapper">
            <oxd-text tag="p" class="orangehrm-copyright">OrangeHRM OS 5.8.1</oxd-text>
<oxd-text tag="p" class="orangehrm-copyright">&copy; 2005 - 2026 <a href="http://www.orangehrm.com" target="_blank">OrangeHRM, Inc</a>. All rights reserved.</oxd-text>
        </div>
    </template>
    </auth-login>
    </div>
    <script type="text/javascript">
        window.appGlobal = {
          baseUrl: "/web/index.php",
          publicPath: "/web",
        };
    </script>
    <script src="/web/dist/js/chunk-vendors.js?v=1775433284510"></script>
    <script src="/web/dist/js/app.js?v=1775433284510"></script>
</body>
</html>

2026-06-01 17:06:09,178 - baseAutoHttp.py - INFO - 【01登录页面接口信息:login_api】接口调用结束

2026-06-01 17:06:09,178 - web_login_page.py - INFO - 【admin/空密码】断言成功
2026-06-01 17:06:09,178 - baseAutoHttp.py - INFO - 接口会话已关闭
2026-06-01 17:06:09,178 - test_web_ohrm.py - INFO - 【密码为空】用例执行成功
2026-06-01 17:06:09,606 - baseDB.py - INFO - ✅ MySQL 数据库连接成功
2026-06-01 17:06:09,607 - conftest - INFO - ✅ conftest: 获取数据库连接（MysqlHelp）
2026-06-01 17:06:09,609 - baseUtils.py - INFO - 配置文件读取成功：E:\develop\PythonProject\OrangeHRM\Config\配置文件.ini
2026-06-01 17:06:10,067 - baseUtils.py - INFO - 配置文件读取成功：E:\develop\PythonProject\OrangeHRM\Config\配置文件.ini
2026-06-01 17:06:10,126 - baseUtils.py - INFO - 配置文件读取成功：E:\develop\PythonProject\OrangeHRM\Config\配置文件.ini
2026-06-01 17:06:10,191 - baseUtils.py - INFO - 配置文件读取成功：E:\develop\PythonProject\OrangeHRM\Config\配置文件.ini
2026-06-01 17:06:10,269 - baseAutoHttp.py - INFO - 【03查询员工页面:select_employee】接口调用开始
2026-06-01 17:06:10,271 - baseAutoHttp.py - INFO - 请求方式: GET
2026-06-01 17:06:10,271 - baseAutoHttp.py - INFO - 请求地址: http://127.0.0.1:8080/web/index.php/api/v2/pim/employees
2026-06-01 17:06:10,271 - baseAutoHttp.py - INFO - 请求头: {'User-Agent': 'Mozilla/5.0 (Windows NT 10.0; Win64; x64) AppleWebKit/537.36 (KHTML, like Gecko) Chrome/148.0.0.0 Safari/537.36'}
2026-06-01 17:06:10,271 - baseAutoHttp.py - INFO - 请求参数: params={'limit': '50', 'offset': '0', 'model': 'detailed', 'includeEmployees': 'onlyCurrent', 'sortField': 'employee.firstName', 'sortOrder': 'ASC'} | data=None | json=None
2026-06-01 17:06:10,371 - baseAutoHttp.py - INFO - 响应状态码: 200
2026-06-01 17:06:10,372 - baseAutoHttp.py - INFO - 响应耗时: 0.099082s
2026-06-01 17:06:10,372 - baseAutoHttp.py - INFO - 响应JSON: {'data': [{'empNumber': 2, 'lastName': 'oo', 'firstName': 'hh', 'middleName': '', 'employeeId': '0002', 'terminationId': None, 'jobTitle': {'id': None, 'title': None, 'isDeleted': None}, 'subunit': {'id': None, 'name': None}, 'empStatus': {'id': None, 'name': None}, 'supervisors': []}, {'empNumber': 5, 'lastName': 'Doe', 'firstName': 'John', 'middleName': '', 'employeeId': '1001', 'terminationId': None, 'jobTitle': {'id': None, 'title': None, 'isDeleted': None}, 'subunit': {'id': None, 'name': None}, 'empStatus': {'id': None, 'name': None}, 'supervisors': []}, {'empNumber': 6, 'lastName': 'pp', 'firstName': 'kk', 'middleName': '', 'employeeId': '1002', 'terminationId': None, 'jobTitle': {'id': None, 'title': None, 'isDeleted': None}, 'subunit': {'id': None, 'name': None}, 'empStatus': {'id': None, 'name': None}, 'supervisors': []}, {'empNumber': 14, 'lastName': 'll', 'firstName': 'kk', 'middleName': '', 'employeeId': '0014', 'terminationId': None, 'jobTitle': {'id': None, 'title': None, 'isDeleted': None}, 'subunit': {'id': None, 'name': None}, 'empStatus': {'id': None, 'name': None}, 'supervisors': []}, {'empNumber': 16, 'lastName': 'pp', 'firstName': 'ww', 'middleName': '', 'employeeId': '0016', 'terminationId': None, 'jobTitle': {'id': None, 'title': None, 'isDeleted': None}, 'subunit': {'id': None, 'name': None}, 'empStatus': {'id': None, 'name': None}, 'supervisors': []}, {'empNumber': 17, 'lastName': 'ss', 'firstName': 'zz', 'middleName': '', 'employeeId': '1009', 'terminationId': None, 'jobTitle': {'id': None, 'title': None, 'isDeleted': None}, 'subunit': {'id': None, 'name': None}, 'empStatus': {'id': None, 'name': None}, 'supervisors': []}, {'empNumber': 1, 'lastName': '安', 'firstName': '谢', 'middleName': '', 'employeeId': '0001', 'terminationId': None, 'jobTitle': {'id': None, 'title': None, 'isDeleted': None}, 'subunit': {'id': None, 'name': None}, 'empStatus': {'id': None, 'name': None}, 'supervisors': []}], 'meta': {'total': 7}, 'rels': []}
2026-06-01 17:06:10,372 - baseAutoHttp.py - INFO - 【03查询员工页面:select_employee】接口调用结束

2026-06-01 17:06:10,372 - test_web_ohrm.py - INFO - ☑️ 查询员工列表成功，返回 7 条
2026-06-01 17:06:10,378 - baseUtils.py - INFO - 配置文件读取成功：E:\develop\PythonProject\OrangeHRM\Config\配置文件.ini
2026-06-01 17:06:10,379 - baseAutoHttp.py - INFO - 【03查询员工页面:select_query】接口调用开始
2026-06-01 17:06:10,381 - baseData.py - INFO - 动态参数替换成功：{'employeeId': '1001'}
2026-06-01 17:06:10,381 - baseAutoHttp.py - INFO - 请求方式: GET
2026-06-01 17:06:10,381 - baseAutoHttp.py - INFO - 请求地址: http://127.0.0.1:8080/web/index.php/api/v2/pim/employees
2026-06-01 17:06:10,381 - baseAutoHttp.py - INFO - 请求头: {'User-Agent': 'Mozilla/5.0 (Windows NT 10.0; Win64; x64) AppleWebKit/537.36 (KHTML, like Gecko) Chrome/148.0.0.0 Safari/537.36', 'Referer': 'http://127.0.0.1:8080/web/index.php/pim/viewEmployeeList'}
2026-06-01 17:06:10,381 - baseAutoHttp.py - INFO - 请求参数: params={'limit': '50', 'offset': '0', 'model': 'detailed', 'employeeId': '1001', 'includeEmployees': 'onlyCurrent', 'sortField': 'employee.firstName', 'sortOrder': 'ASC'} | data=None | json=None
2026-06-01 17:06:10,466 - baseAutoHttp.py - INFO - 响应状态码: 200
2026-06-01 17:06:10,466 - baseAutoHttp.py - INFO - 响应耗时: 0.083779s
2026-06-01 17:06:10,467 - baseAutoHttp.py - INFO - 响应JSON: {'data': [{'empNumber': 5, 'lastName': 'Doe', 'firstName': 'John', 'middleName': '', 'employeeId': '1001', 'terminationId': None, 'jobTitle': {'id': None, 'title': None, 'isDeleted': None}, 'subunit': {'id': None, 'name': None}, 'empStatus': {'id': None, 'name': None}, 'supervisors': []}], 'meta': {'total': 1}, 'rels': []}
2026-06-01 17:06:10,467 - baseAutoHttp.py - INFO - 【03查询员工页面:select_query】接口调用结束

2026-06-01 17:06:10,467 - test_web_ohrm.py - INFO - ☑️【指定查询用例】执行完毕
2026-06-01 17:06:10,474 - baseUtils.py - INFO - 配置文件读取成功：E:\develop\PythonProject\OrangeHRM\Config\配置文件.ini
2026-06-01 17:06:10,475 - baseAutoHttp.py - INFO - 【03查询员工页面:select_query】接口调用开始
2026-06-01 17:06:10,477 - baseData.py - INFO - 动态参数替换成功：{'employeeId': '9999'}
2026-06-01 17:06:10,477 - baseAutoHttp.py - INFO - 请求方式: GET
2026-06-01 17:06:10,477 - baseAutoHttp.py - INFO - 请求地址: http://127.0.0.1:8080/web/index.php/api/v2/pim/employees
2026-06-01 17:06:10,477 - baseAutoHttp.py - INFO - 请求头: {'User-Agent': 'Mozilla/5.0 (Windows NT 10.0; Win64; x64) AppleWebKit/537.36 (KHTML, like Gecko) Chrome/148.0.0.0 Safari/537.36', 'Referer': 'http://127.0.0.1:8080/web/index.php/pim/viewEmployeeList'}
2026-06-01 17:06:10,477 - baseAutoHttp.py - INFO - 请求参数: params={'limit': '50', 'offset': '0', 'model': 'detailed', 'employeeId': '9999', 'includeEmployees': 'onlyCurrent', 'sortField': 'employee.firstName', 'sortOrder': 'ASC'} | data=None | json=None
2026-06-01 17:06:10,555 - baseAutoHttp.py - INFO - 响应状态码: 200
2026-06-01 17:06:10,555 - baseAutoHttp.py - INFO - 响应耗时: 0.07649s
2026-06-01 17:06:10,555 - baseAutoHttp.py - INFO - 响应JSON: {'data': [], 'meta': {'total': 0}, 'rels': []}
2026-06-01 17:06:10,555 - baseAutoHttp.py - INFO - 【03查询员工页面:select_query】接口调用结束

2026-06-01 17:06:10,555 - test_web_ohrm.py - INFO - ☑️【指定查询用例】执行完毕
2026-06-01 17:06:10,563 - baseUtils.py - INFO - 配置文件读取成功：E:\develop\PythonProject\OrangeHRM\Config\配置文件.ini
2026-06-01 17:06:10,571 - baseDB.py - INFO - ✅ MySQL 数据库连接成功
2026-06-01 17:06:10,573 - baseAutoHttp.py - INFO - 【04更新员工:update_employee】接口调用开始
2026-06-01 17:06:10,575 - baseData.py - INFO - 动态参数替换成功：{'firstName': 'John', 'lastName': 'Doe', 'employeeId': '1001'}
2026-06-01 17:06:10,575 - baseAutoHttp.py - INFO - 请求方式: PUT
2026-06-01 17:06:10,575 - baseAutoHttp.py - INFO - 请求地址: http://127.0.0.1:8080/web/index.php/api/v2/pim/employees/5/personal-details
2026-06-01 17:06:10,575 - baseAutoHttp.py - INFO - 请求头: {'User-Agent': 'Mozilla/5.0 (Windows NT 10.0; Win64; x64) AppleWebKit/537.36 (KHTML, like Gecko) Chrome/148.0.0.0 Safari/537.36', 'Content-Type': 'application/json', 'Referer': 'http://127.0.0.1:8080/web/index.php/pim/viewPersonalDetails/empNumber/5', 'Origin': 'http://127.0.0.1:8080'}
2026-06-01 17:06:10,575 - baseAutoHttp.py - INFO - 请求参数: params=None | data=None | json={'birthday': None, 'drivingLicenseExpiredDate': None, 'drivingLicenseNo': None, 'employeeId': '1001', 'firstName': 'John', 'gender': None, 'lastName': 'Doe', 'middleName': None, 'otherId': None}
2026-06-01 17:06:10,635 - baseAutoHttp.py - INFO - 响应状态码: 500
2026-06-01 17:06:10,635 - baseAutoHttp.py - INFO - 响应耗时: 0.058552s
2026-06-01 17:06:10,635 - baseAutoHttp.py - INFO - 响应JSON: {'error': {'status': '500', 'message': 'Unexpected Error Occurred'}}
2026-06-01 17:06:10,635 - baseAutoHttp.py - INFO - 【04更新员工:update_employee】接口调用结束

2026-06-01 17:06:10,642 - baseDB.py - INFO - ✅ MySQL 数据库连接成功
2026-06-01 17:06:10,646 - baseDB.py - INFO - ✅ MySQL 执行成功，事务已提交
2026-06-01 17:06:10,647 - baseDB.py - INFO - 🔌 MySQL 连接已关闭
2026-06-01 17:06:10,654 - baseDB.py - INFO - ✅ MySQL 数据库连接成功
2026-06-01 17:06:10,670 - baseUtils.py - INFO - 配置文件读取成功：E:\develop\PythonProject\OrangeHRM\Config\配置文件.ini
2026-06-01 17:06:10,671 - baseUtils.py - INFO - 配置文件读取成功：E:\develop\PythonProject\OrangeHRM\Config\配置文件.ini
2026-06-01 17:06:10,671 - baseAutoHttp.py - INFO - 【03查询员工页面:select_query】接口调用开始
2026-06-01 17:06:10,673 - baseData.py - INFO - 动态参数替换成功：{'employeeId': '0004'}
2026-06-01 17:06:10,673 - baseAutoHttp.py - INFO - 请求方式: GET
2026-06-01 17:06:10,673 - baseAutoHttp.py - INFO - 请求地址: http://127.0.0.1:8080/web/index.php/api/v2/pim/employees
2026-06-01 17:06:10,673 - baseAutoHttp.py - INFO - 请求头: {'User-Agent': 'Mozilla/5.0 (Windows NT 10.0; Win64; x64) AppleWebKit/537.36 (KHTML, like Gecko) Chrome/148.0.0.0 Safari/537.36', 'Referer': 'http://127.0.0.1:8080/web/index.php/pim/viewEmployeeList'}
2026-06-01 17:06:10,673 - baseAutoHttp.py - INFO - 请求参数: params={'limit': '50', 'offset': '0', 'model': 'detailed', 'employeeId': '0004', 'includeEmployees': 'onlyCurrent', 'sortField': 'employee.firstName', 'sortOrder': 'ASC'} | data=None | json=None
2026-06-01 17:06:10,727 - baseAutoHttp.py - INFO - 响应状态码: 200
2026-06-01 17:06:10,727 - baseAutoHttp.py - INFO - 响应耗时: 0.052979s
2026-06-01 17:06:10,728 - baseAutoHttp.py - INFO - 响应JSON: {'data': [], 'meta': {'total': 0}, 'rels': []}
2026-06-01 17:06:10,728 - baseAutoHttp.py - INFO - 【03查询员工页面:select_query】接口调用结束

2026-06-01 17:06:10,734 - baseDB.py - INFO - ✅ MySQL 数据库连接成功
2026-06-01 17:06:10,752 - baseUtils.py - INFO - 配置文件读取成功：E:\develop\PythonProject\OrangeHRM\Config\配置文件.ini
2026-06-01 17:06:10,753 - baseUtils.py - INFO - 配置文件读取成功：E:\develop\PythonProject\OrangeHRM\Config\配置文件.ini
2026-06-01 17:06:10,753 - baseAutoHttp.py - INFO - 【03查询员工页面:select_query】接口调用开始
2026-06-01 17:06:10,755 - baseData.py - INFO - 动态参数替换成功：{'employeeId': '9999'}
2026-06-01 17:06:10,755 - baseAutoHttp.py - INFO - 请求方式: GET
2026-06-01 17:06:10,756 - baseAutoHttp.py - INFO - 请求地址: http://127.0.0.1:8080/web/index.php/api/v2/pim/employees
2026-06-01 17:06:10,756 - baseAutoHttp.py - INFO - 请求头: {'User-Agent': 'Mozilla/5.0 (Windows NT 10.0; Win64; x64) AppleWebKit/537.36 (KHTML, like Gecko) Chrome/148.0.0.0 Safari/537.36', 'Referer': 'http://127.0.0.1:8080/web/index.php/pim/viewEmployeeList'}
2026-06-01 17:06:10,756 - baseAutoHttp.py - INFO - 请求参数: params={'limit': '50', 'offset': '0', 'model': 'detailed', 'employeeId': '9999', 'includeEmployees': 'onlyCurrent', 'sortField': 'employee.firstName', 'sortOrder': 'ASC'} | data=None | json=None
2026-06-01 17:06:10,816 - baseAutoHttp.py - INFO - 响应状态码: 200
2026-06-01 17:06:10,817 - baseAutoHttp.py - INFO - 响应耗时: 0.059771s
2026-06-01 17:06:10,817 - baseAutoHttp.py - INFO - 响应JSON: {'data': [], 'meta': {'total': 0}, 'rels': []}
2026-06-01 17:06:10,817 - baseAutoHttp.py - INFO - 【03查询员工页面:select_query】接口调用结束

2026-06-01 17:06:10,824 - baseDB.py - INFO - ✅ MySQL 数据库连接成功
2026-06-01 17:06:10,826 - test_web_ohrm.py - INFO - ☑️【删除员工】用例执行成功
2026-06-01 17:06:10,834 - baseUtils.py - INFO - 配置文件读取成功：E:\develop\PythonProject\OrangeHRM\Config\配置文件.ini
2026-06-01 17:06:10,834 - baseAutoHttp.py - INFO - 【06未登录访问员工接口:employee】接口调用开始
2026-06-01 17:06:10,836 - baseAutoHttp.py - INFO - 请求方式: GET
2026-06-01 17:06:10,836 - baseAutoHttp.py - INFO - 请求地址: http://127.0.0.1:8080/web/index.php/pim/viewEmployeeList
2026-06-01 17:06:10,836 - baseAutoHttp.py - INFO - 请求头: {'User-Agent': 'Mozilla/5.0 (Windows NT 10.0; Win64; x64) AppleWebKit/537.36 (KHTML, like Gecko) Chrome/148.0.0.0 Safari/537.36'}
2026-06-01 17:06:10,836 - baseAutoHttp.py - INFO - 请求参数: params={'includeEmployees': 'onlyCurrent', 'limit': '50', 'model': 'detailed', 'offset': '0', 'sortField': 'employee.firstName', 'sortOrder': 'ASC'} | data=None | json=None
2026-06-01 17:06:10,895 - baseAutoHttp.py - INFO - 响应状态码: 302
2026-06-01 17:06:10,895 - baseAutoHttp.py - INFO - 响应耗时: 0.057071s
2026-06-01 17:06:10,895 - baseAutoHttp.py - INFO - 响应文本: <!DOCTYPE html>
<html>
    <head>
        <meta charset="UTF-8" />
        <meta http-equiv="refresh" content="0;url='http://127.0.0.1:8080/web/index.php/auth/login'" />

        <title>Redirecting to http://127.0.0.1:8080/web/index.php/auth/login</title>
    </head>
    <body>
        Redirecting to <a href="http://127.0.0.1:8080/web/index.php/auth/login">http://127.0.0.1:8080/web/index.php/auth/login</a>.
    </body>
</html>
2026-06-01 17:06:10,895 - baseAutoHttp.py - INFO - 【06未登录访问员工接口:employee】接口调用结束

2026-06-01 17:06:11,303 - baseUtils.py - INFO - 配置文件读取成功：E:\develop\PythonProject\OrangeHRM\Config\配置文件.ini
2026-06-01 17:06:11,303 - baseAutoHttp.py - INFO - 【07非管理员登录:employee_login】接口调用开始
2026-06-01 17:06:11,305 - baseData.py - INFO - 动态参数替换成功：{'firstName': 'cc', 'lastName': 'dd', 'employeeId': '1010'}
2026-06-01 17:06:11,305 - baseAutoHttp.py - INFO - 请求方式: POST
2026-06-01 17:06:11,305 - baseAutoHttp.py - INFO - 请求地址: http://127.0.0.1:8080/web/index.php/api/v2/pim/employees
2026-06-01 17:06:11,305 - baseAutoHttp.py - INFO - 请求头: {'User-Agent': 'Mozilla/5.0 (Windows NT 10.0; Win64; x64) AppleWebKit/537.36 (KHTML, like Gecko) Chrome/148.0.0.0 Safari/537.36', 'Content-Type': 'application/json', 'Origin': 'http://127.0.0.1:8080', 'Referer': 'http://127.0.0.1:8080/web/index.php/pim/addEmployee'}
2026-06-01 17:06:11,305 - baseAutoHttp.py - INFO - 请求参数: params=None | data=None | json={'employeeId': '1010', 'empPicture': None, 'firstName': 'cc', 'lastName': 'dd', 'middleName': None}
2026-06-01 17:06:11,357 - baseAutoHttp.py - INFO - 响应状态码: 403
2026-06-01 17:06:11,357 - baseAutoHttp.py - INFO - 响应耗时: 0.050535s
2026-06-01 17:06:11,357 - baseAutoHttp.py - INFO - 响应JSON: {'error': {'status': 403, 'message': 'Unauthorized'}}
2026-06-01 17:06:11,357 - baseAutoHttp.py - INFO - 【07非管理员登录:employee_login】接口调用结束

2026-06-01 17:06:11,357 - test_web_ohrm.py - INFO - ☑️【非管理员账号操作员工】用例执行成功
2026-06-01 17:06:23,606 - runClient.py - INFO - ✅ Allure报告生成完成：E:\develop\PythonProject\OrangeHRM\Reports\ALLURE\Report
2026-06-01 17:06:23,631 - baseUtils.py - INFO - 目录文件清空完成：E:\develop\PythonProject\OrangeHRM\Reports\ALLURE\Result
2026-06-01 17:06:23,632 - baseUtils.py - INFO - 配置文件读取成功：E:\develop\PythonProject\OrangeHRM\Config\配置文件.ini
2026-06-01 17:06:23,769 - baseUtils.py - INFO - 文件夹压缩成功：E:\develop\PythonProject\OrangeHRM\Reports\ALLURE\Report\allure.zip
2026-06-01 17:06:25,385 - baseEmail.py - INFO - ✅ 邮件发送成功！发件人：511227621@qq.com，收件人：['1790159671@qq.com']
2026-06-01 17:06:25,422 - runClient.py - INFO - 📧 测试报告邮件发送成功
2026-06-01 17:06:25,423 - runClient.py - INFO - 🎉 自动化测试执行完毕！
2026-06-01 17:46:52,202 - baseUtils.py - INFO - 配置文件读取成功：E:\develop\PythonProject\OrangeHRM\Config\配置文件.ini
2026-06-01 17:46:52,202 - globalManager.py - INFO - 全局变量管理器初始化成功
2026-06-01 17:46:53,088 - baseUtils.py - INFO - 配置文件读取成功：E:\develop\PythonProject\OrangeHRM\Config\配置文件.ini
2026-06-01 17:46:53,088 - globalManager.py - INFO - 全局变量管理器初始化成功
2026-06-01 17:46:53,105 - runClient.py - INFO - 🔍 正在收集测试用例，请稍候...
2026-06-01 17:46:53,956 - baseUtils.py - INFO - 配置文件读取成功：E:\develop\PythonProject\OrangeHRM\Config\配置文件.ini
2026-06-01 17:46:53,956 - globalManager.py - INFO - 全局变量管理器初始化成功
2026-06-01 17:46:54,222 - baseUtils.py - INFO - 配置文件读取成功：E:\develop\PythonProject\OrangeHRM\Config\配置文件.ini
2026-06-01 17:46:54,390 - baseUtils.py - INFO - 配置文件读取成功：E:\develop\PythonProject\OrangeHRM\Config\配置文件.ini
2026-06-01 17:46:54,391 - baseUtils.py - INFO - 配置文件读取成功：E:\develop\PythonProject\OrangeHRM\Config\配置文件.ini
2026-06-01 17:46:54,671 - baseUtils.py - INFO - 配置文件读取成功：E:\develop\PythonProject\OrangeHRM\Config\配置文件.ini
2026-06-01 17:46:54,672 - baseData.py - INFO - 数据驱动读取成功：01登录接口
2026-06-01 17:46:54,674 - baseUtils.py - INFO - 配置文件读取成功：E:\develop\PythonProject\OrangeHRM\Config\配置文件.ini
2026-06-01 17:46:54,675 - baseData.py - INFO - 数据驱动读取成功：02添加员工接口
2026-06-01 17:46:54,676 - baseUtils.py - INFO - 配置文件读取成功：E:\develop\PythonProject\OrangeHRM\Config\配置文件.ini
2026-06-01 17:46:54,677 - baseData.py - INFO - 数据驱动读取成功：03指定查询
2026-06-01 17:46:54,678 - baseUtils.py - INFO - 配置文件读取成功：E:\develop\PythonProject\OrangeHRM\Config\配置文件.ini
2026-06-01 17:46:54,679 - baseData.py - INFO - 数据驱动读取成功：04删除员工
2026-06-01 17:46:54,686 - baseYaml.py - INFO - YAML写入成功：E:\develop\PythonProject\OrangeHRM\Data\Temp\tempcases.yaml
2026-06-01 17:46:54,686 - conftest.py - INFO - ✅ 用例信息已导出：E:\develop\PythonProject\OrangeHRM\Data\Temp\tempcases.yaml
2026-06-01 17:46:55,111 - runClient.py - INFO - ✅ 用例收集完成，启动用例选择器
2026-06-01 17:46:55,867 - baseUtils.py - INFO - 配置文件读取成功：E:\develop\PythonProject\OrangeHRM\Config\配置文件.ini
2026-06-01 17:46:55,868 - globalManager.py - INFO - 全局变量管理器初始化成功
2026-06-01 17:46:57,760 - baseYaml.py - INFO - YAML写入成功：E:\develop\PythonProject\OrangeHRM\Data\Temp\testcases.yaml
2026-06-01 17:46:57,760 - caseSelector.py - INFO - 用例导出成功：E:\develop\PythonProject\OrangeHRM\Data\Temp\testcases.yaml
2026-06-01 17:46:59,148 - runClient.py - INFO - 🚀 开始执行选中用例，共 18 条
2026-06-01 17:46:59,450 - baseUtils.py - INFO - 配置文件读取成功：E:\develop\PythonProject\OrangeHRM\Config\配置文件.ini
2026-06-01 17:46:59,898 - baseUtils.py - INFO - 配置文件读取成功：E:\develop\PythonProject\OrangeHRM\Config\配置文件.ini
2026-06-01 17:46:59,900 - baseUtils.py - INFO - 配置文件读取成功：E:\develop\PythonProject\OrangeHRM\Config\配置文件.ini
2026-06-01 17:47:00,336 - baseUtils.py - INFO - 配置文件读取成功：E:\develop\PythonProject\OrangeHRM\Config\配置文件.ini
2026-06-01 17:47:00,338 - baseData.py - INFO - 数据驱动读取成功：01登录接口
2026-06-01 17:47:00,344 - baseUtils.py - INFO - 配置文件读取成功：E:\develop\PythonProject\OrangeHRM\Config\配置文件.ini
2026-06-01 17:47:00,345 - baseData.py - INFO - 数据驱动读取成功：02添加员工接口
2026-06-01 17:47:00,346 - baseUtils.py - INFO - 配置文件读取成功：E:\develop\PythonProject\OrangeHRM\Config\配置文件.ini
2026-06-01 17:47:00,347 - baseData.py - INFO - 数据驱动读取成功：03指定查询
2026-06-01 17:47:00,348 - baseUtils.py - INFO - 配置文件读取成功：E:\develop\PythonProject\OrangeHRM\Config\配置文件.ini
2026-06-01 17:47:00,349 - baseData.py - INFO - 数据驱动读取成功：04删除员工
2026-06-01 17:47:00,361 - baseUtils.py - INFO - 配置文件读取成功：E:\develop\PythonProject\OrangeHRM\Config\配置文件.ini
2026-06-01 17:47:00,625 - baseAutoHttp.py - INFO - 【01登录页面接口信息:login_api】接口调用开始
2026-06-01 17:47:00,626 - baseData.py - INFO - 动态参数替换成功：{'_token': '9af57f79cf79.a6XR2UzfMCH-cKft72M-tOaL7-0T8jhy3OPomRspF_c.Wc-A6x-sVE-fAIqCuDpL65DEp6V4vUFKlpfc2n9NRcEel5aQAYl4WKhCzA', 'username': 'admin', 'password': 'Keepmoving624.'}
2026-06-01 17:47:00,627 - baseAutoHttp.py - INFO - 请求方式: POST
2026-06-01 17:47:00,627 - baseAutoHttp.py - INFO - 请求地址: http://127.0.0.1:8080/web/index.php/auth/validate
2026-06-01 17:47:00,627 - baseAutoHttp.py - INFO - 请求头: {'User-Agent': 'Mozilla/5.0 (Windows NT 10.0; Win64; x64) AppleWebKit/537.36 (KHTML, like Gecko) Chrome/148.0.0.0 Safari/537.36', 'Content-Type': 'application/x-www-form-urlencoded'}
2026-06-01 17:47:00,627 - baseAutoHttp.py - INFO - 请求参数: params=None | data={'_token': '9af57f79cf79.a6XR2UzfMCH-cKft72M-tOaL7-0T8jhy3OPomRspF_c.Wc-A6x-sVE-fAIqCuDpL65DEp6V4vUFKlpfc2n9NRcEel5aQAYl4WKhCzA', 'username': 'admin', 'password': 'Keepmoving624.'} | json=None
2026-06-01 17:47:01,148 - baseAutoHttp.py - INFO - 响应状态码: 200
2026-06-01 17:47:01,148 - baseAutoHttp.py - INFO - 响应耗时: 0.120929s
2026-06-01 17:47:01,148 - baseAutoHttp.py - INFO - 响应文本: <!DOCTYPE html>
<html>
<head>
  <meta charset="UTF-8">
  <meta http-equiv="X-UA-Compatible" content="IE=edge">
  <meta name="viewport" content="width=device-width,initial-scale=1">
  <title>OrangeHRM</title>
    <link rel="icon" href="/web/dist/favicon.ico?v=1775433284510">
  <link href="/web/dist/css/chunk-vendors.css?v=1775433284510" rel="preload" as="style">
  <link href="/web/dist/css/app.css?v=1775433284510" rel="preload" as="style">
  <link href="/web/dist/js/chunk-vendors.js?v=1775433284510" rel="preload" as="script">
  <link href="/web/dist/js/app.js?v=1775433284510" rel="preload" as="script">
    <link href="/web/dist/css/chunk-vendors.css?v=1775433284510" rel="stylesheet"/>
  <link href="/web/dist/css/app.css?v=1775433284510" rel="stylesheet"/>
</head>
<body>
  <style>
    :root {
            --oxd-primary-one-color:#FF7B1D;
            --oxd-primary-font-color:#FFFFFF;
            --oxd-secondary-four-color:#76BC21;
            --oxd-secondary-font-color:#FFFFFF;
            --oxd-primary-gradient-start-color:#FF920B;
            --oxd-primary-gradient-end-color:#F35C17;
            --oxd-secondary-gradient-start-color:#FF920B;
            --oxd-secondary-gradient-end-color:#F35C17;
            --oxd-primary-one-lighten-5-color:#ff8a37;
            --oxd-primary-one-lighten-30-color:#ffd4b6;
            --oxd-primary-one-darken-5-color:#ff6c03;
            --oxd-primary-one-alpha-10-color:rgba(255, 123, 29, 0.1);
            --oxd-primary-one-alpha-15-color:rgba(255, 123, 29, 0.15);
            --oxd-primary-one-alpha-20-color:rgba(255, 123, 29, 0.2);
            --oxd-primary-one-alpha-50-color:rgba(255, 123, 29, 0.5);
            --oxd-secondary-four-lighten-5-color:#84d225;
            --oxd-secondary-four-darken-5-color:#68a61d;
            --oxd-secondary-four-alpha-10-color:rgba(118, 188, 33, 0.1);
            --oxd-secondary-four-alpha-15-color:rgba(118, 188, 33, 0.15);
            --oxd-secondary-four-alpha-20-color:rgba(118, 188, 33, 0.2);
            --oxd-secondary-four-alpha-50-color:rgba(118, 188, 33, 0.5);
        }
  </style>
  <noscript>
    <strong>
      We're sorry but orangehrm doesn't work properly without JavaScript enabled. Please enable it to continue.
    </strong>
  </noscript>

  <div id="app">
    <oxd-layout
        home-url="https://www.orangehrm.com/"
        :sidepanel-menu-items="[{&quot;id&quot;:1,&quot;name&quot;:&quot;\u7ba1\u7406\u5458&quot;,&quot;url&quot;:&quot;\/web\/index.php\/admin\/viewAdminModule&quot;,&quot;icon&quot;:&quot;admin&quot;},{&quot;id&quot;:30,&quot;name&quot;:&quot;\u4e2a\u4eba\u4fe1\u606f\u7ba1\u7406\u7cfb\u7edf&quot;,&quot;url&quot;:&quot;\/web\/index.php\/pim\/viewPimModule&quot;,&quot;icon&quot;:&quot;pim&quot;},{&quot;id&quot;:41,&quot;name&quot;:&quot;\u4f11\u5047&quot;,&quot;url&quot;:&quot;\/web\/index.php\/leave\/viewLeaveModule&quot;,&quot;icon&quot;:&quot;leave&quot;},{&quot;id&quot;:52,&quot;name&quot;:&quot;\u65f6\u95f4&quot;,&quot;url&quot;:&quot;\/web\/index.php\/time\/viewTimeModule&quot;,&quot;icon&quot;:&quot;time&quot;},{&quot;id&quot;:65,&quot;name&quot;:&quot;\u62db\u8058&quot;,&quot;url&quot;:&quot;\/web\/index.php\/recruitment\/viewRecruitmentModule&quot;,&quot;icon&quot;:&quot;recruitment&quot;},{&quot;id&quot;:40,&quot;name&quot;:&quot;\u6211\u7684\u4fe1\u606f&quot;,&quot;url&quot;:&quot;\/web\/index.php\/pim\/viewMyDetails&quot;,&quot;icon&quot;:&quot;myinfo&quot;},{&quot;id&quot;:83,&quot;name&quot;:&quot;\u7ee9\u6548&quot;,&quot;url&quot;:&quot;\/web\/index.php\/performance\/viewPerformanceModule&quot;,&quot;icon&quot;:&quot;performance&quot;},{&quot;id&quot;:82,&quot;name&quot;:&quot;\u4eea\u8868\u76d8&quot;,&quot;url&quot;:&quot;\/web\/index.php\/dashboard\/index&quot;,&quot;icon&quot;:&quot;dashboard&quot;,&quot;active&quot;:true},{&quot;id&quot;:93,&quot;name&quot;:&quot;Directory&quot;,&quot;url&quot;:&quot;\/web\/index.php\/directory\/viewDirectory&quot;,&quot;icon&quot;:&quot;directory&quot;},{&quot;id&quot;:96,&quot;name&quot;:&quot;Maintenance&quot;,&quot;url&quot;:&quot;\/web\/index.php\/maintenance\/viewMaintenanceModule&quot;,&quot;icon&quot;:&quot;maintenance&quot;},{&quot;id&quot;:105,&quot;name&quot;:&quot;Claim&quot;,&quot;url&quot;:&quot;\/web\/index.php\/claim\/viewClaimModule&quot;,&quot;icon&quot;:&quot;claim&quot;},{&quot;id&quot;:101,&quot;name&quot;:&quot;\u6fc0\u52a8&quot;,&quot;url&quot;:&quot;\/web\/index.php\/buzz\/viewBuzz&quot;,&quot;icon&quot;:&quot;buzz&quot;}]"
        :topbar-menu-items="[]"
        :user="{&quot;firstName&quot;:&quot;\u8c22&quot;,&quot;lastName&quot;:&quot;\u5b89&quot;,&quot;profImgSrc&quot;:&quot;\/web\/index.php\/pim\/viewPhoto\/empNumber\/1&quot;,&quot;hasPassword&quot;:true}"
        brand-logo-src="/web/images/orange.png?v=1775433284510"
        brand-banner-src="/web/images/orangehrm-logo.png?v=1775433284510"
        logout-url="/web/index.php/auth/logout"
        support-url="/web/index.php/help/support"
        :update-password-url="&quot;/web/index.php/pim/updatePassword&quot;"
        :permissions="{&quot;dashboard_buzz_widget&quot;:{&quot;canRead&quot;:true,&quot;canCreate&quot;:false,&quot;canUpdate&quot;:false,&quot;canDelete&quot;:false},&quot;dashboard_employees_on_leave_today_config&quot;:{&quot;canRead&quot;:true,&quot;canCreate&quot;:false,&quot;canUpdate&quot;:true,&quot;canDelete&quot;:false},&quot;dashboard_leave_widget&quot;:{&quot;canRead&quot;:true,&quot;canCreate&quot;:false,&quot;canUpdate&quot;:false,&quot;canDelete&quot;:false},&quot;dashboard_location_widget&quot;:{&quot;canRead&quot;:true,&quot;canCreate&quot;:false,&quot;canUpdate&quot;:false,&quot;canDelete&quot;:false},&quot;dashboard_subunit_widget&quot;:{&quot;canRead&quot;:true,&quot;canCreate&quot;:false,&quot;canUpdate&quot;:false,&quot;canDelete&quot;:false},&quot;dashboard_time_widget&quot;:{&quot;canRead&quot;:true,&quot;canCreate&quot;:false,&quot;canUpdate&quot;:false,&quot;canDelete&quot;:false}}"
        :breadcrumb="{&quot;moduleName&quot;:&quot;\u4eea\u8868\u76d8&quot;,&quot;level&quot;:null}"
        :date-format="{&quot;id&quot;:&quot;Y-m-d&quot;,&quot;label&quot;:&quot;yyyy-mm-dd&quot;}"
        help-url="/web/index.php/help/help?label=dashboard_index"
        :show-upgrade="1"
    >
      <view-dashboard
            >
    </view-dashboard>
    <template v-slot:footer><oxd-text tag="p" class="orangehrm-copyright">OrangeHRM OS 5.8.1</oxd-text>
<oxd-text tag="p" class="orangehrm-copyright">&copy; 2005 - 2026 <a href="http://www.orangehrm.com" target="_blank">OrangeHRM, Inc</a>. All rights reserved.</oxd-text>
<br></template>
    </oxd-layout>
  </div>
  <script type="text/javascript">
      window.appGlobal = {
        baseUrl: "/web/index.php",
        publicPath: "/web",
      };
  </script>
  <script src="/web/dist/js/chunk-vendors.js?v=1775433284510"></script>
  <script src="/web/dist/js/app.js?v=1775433284510"></script>
</body>
</html>

2026-06-01 17:47:01,148 - baseAutoHttp.py - INFO - 【01登录页面接口信息:login_api】接口调用结束

2026-06-01 17:47:01,149 - web_login_page.py - INFO - 【管理员正常登录】断言成功
2026-06-01 17:47:01,149 - baseAutoHttp.py - INFO - 接口会话已关闭
2026-06-01 17:47:01,149 - test_web_ohrm.py - INFO - 【管理员正常登录】用例执行成功
2026-06-01 17:47:01,157 - baseUtils.py - INFO - 配置文件读取成功：E:\develop\PythonProject\OrangeHRM\Config\配置文件.ini
2026-06-01 17:47:01,225 - baseAutoHttp.py - INFO - 【02登录页面未携带token:login_not_token_api】接口调用开始
2026-06-01 17:47:01,227 - baseData.py - INFO - 动态参数替换成功：{'username': 'admin', 'password': 'Keepmoving624.'}
2026-06-01 17:47:01,227 - baseAutoHttp.py - INFO - 请求方式: POST
2026-06-01 17:47:01,227 - baseAutoHttp.py - INFO - 请求地址: http://127.0.0.1:8080/web/index.php/auth/validate
2026-06-01 17:47:01,227 - baseAutoHttp.py - INFO - 请求头: {'User-Agent': 'Mozilla/5.0 (Windows NT 10.0; Win64; x64) AppleWebKit/537.36 (KHTML, like Gecko) Chrome/148.0.0.0 Safari/537.36', 'Content-Type': 'application/x-www-form-urlencoded'}
2026-06-01 17:47:01,227 - baseAutoHttp.py - INFO - 请求参数: params=None | data={'username': 'admin', 'password': 'Keepmoving624.'} | json=None
2026-06-01 17:47:01,357 - baseAutoHttp.py - INFO - 响应状态码: 200
2026-06-01 17:47:01,357 - baseAutoHttp.py - INFO - 响应耗时: 0.063808s
2026-06-01 17:47:01,357 - baseAutoHttp.py - INFO - 响应文本: <!DOCTYPE html>
<html>
<head>
  <meta charset="UTF-8">
  <meta http-equiv="X-UA-Compatible" content="IE=edge">
  <meta name="viewport" content="width=device-width,initial-scale=1">
  <title>OrangeHRM</title>
      <link rel="icon" href="/web/dist/favicon.ico?v=1775433284510">
    <link href="/web/dist/css/chunk-vendors.css?v=1775433284510" rel="preload" as="style">
    <link href="/web/dist/css/app.css?v=1775433284510" rel="preload" as="style">
    <link href="/web/dist/js/chunk-vendors.js?v=1775433284510" rel="preload" as="script">
    <link href="/web/dist/js/app.js?v=1775433284510" rel="preload" as="script">
      <link href="/web/dist/css/chunk-vendors.css?v=1775433284510" rel="stylesheet"/>
    <link href="/web/dist/css/app.css?v=1775433284510" rel="stylesheet"/>
</head>
<body>
  <style>
    :root {
            --oxd-primary-one-color:#FF7B1D;
            --oxd-primary-font-color:#FFFFFF;
            --oxd-secondary-four-color:#76BC21;
            --oxd-secondary-font-color:#FFFFFF;
            --oxd-primary-gradient-start-color:#FF920B;
            --oxd-primary-gradient-end-color:#F35C17;
            --oxd-secondary-gradient-start-color:#FF920B;
            --oxd-secondary-gradient-end-color:#F35C17;
            --oxd-primary-one-lighten-5-color:#ff8a37;
            --oxd-primary-one-lighten-30-color:#ffd4b6;
            --oxd-primary-one-darken-5-color:#ff6c03;
            --oxd-primary-one-alpha-10-color:rgba(255, 123, 29, 0.1);
            --oxd-primary-one-alpha-15-color:rgba(255, 123, 29, 0.15);
            --oxd-primary-one-alpha-20-color:rgba(255, 123, 29, 0.2);
            --oxd-primary-one-alpha-50-color:rgba(255, 123, 29, 0.5);
            --oxd-secondary-four-lighten-5-color:#84d225;
            --oxd-secondary-four-darken-5-color:#68a61d;
            --oxd-secondary-four-alpha-10-color:rgba(118, 188, 33, 0.1);
            --oxd-secondary-four-alpha-15-color:rgba(118, 188, 33, 0.15);
            --oxd-secondary-four-alpha-20-color:rgba(118, 188, 33, 0.2);
            --oxd-secondary-four-alpha-50-color:rgba(118, 188, 33, 0.5);
        }
  </style>
    <noscript>
        <strong>
            We're sorry but orangehrm doesn't work properly without JavaScript enabled. Please enable it to continue.
        </strong>
    </noscript>

    <div id="app">
    <auth-login
            :error="{&quot;error&quot;:&quot;invalid_csrf_token&quot;,&quot;message&quot;:&quot;CSRF token validation failed&quot;}"
            :token="&quot;16f28288709a839ffe5558f438f798d7.Hx0TIkGdXMruyDyH0_KxJXus0x5ncHCsGA1EQetNBAI.d2pjT3btNamLknfPlt_iVzf24EsXBzudWUMQDMZ9TVBvVkFoCOxkhoajfQ&quot;"
            :login-logo-src="&quot;\/web\/images\/ohrm_logo.png&quot;"
            :login-banner-src="&quot;\/web\/images\/ohrm_branding.png?v=1775433284510&quot;"
            :show-social-media="true"
            :is-demo-mode="false"
            :authenticators="[]"
        >
    <template v-slot:footer>
        <div class="orangehrm-copyright-wrapper">
            <oxd-text tag="p" class="orangehrm-copyright">OrangeHRM OS 5.8.1</oxd-text>
<oxd-text tag="p" class="orangehrm-copyright">&copy; 2005 - 2026 <a href="http://www.orangehrm.com" target="_blank">OrangeHRM, Inc</a>. All rights reserved.</oxd-text>
        </div>
    </template>
    </auth-login>
    </div>
    <script type="text/javascript">
        window.appGlobal = {
          baseUrl: "/web/index.php",
          publicPath: "/web",
        };
    </script>
    <script src="/web/dist/js/chunk-vendors.js?v=1775433284510"></script>
    <script src="/web/dist/js/app.js?v=1775433284510"></script>
</body>
</html>

2026-06-01 17:47:01,358 - baseAutoHttp.py - INFO - 【02登录页面未携带token:login_not_token_api】接口调用结束

2026-06-01 17:47:01,358 - web_login_page.py - INFO - 【未携带CSRF令牌】断言成功
2026-06-01 17:47:01,358 - baseAutoHttp.py - INFO - 接口会话已关闭
2026-06-01 17:47:01,358 - test_web_ohrm.py - INFO - 【未携带CSRF令牌】用例执行成功
2026-06-01 17:47:01,368 - baseUtils.py - INFO - 配置文件读取成功：E:\develop\PythonProject\OrangeHRM\Config\配置文件.ini
2026-06-01 17:47:01,491 - baseAutoHttp.py - INFO - 【01登录页面接口信息:login_api】接口调用开始
2026-06-01 17:47:01,492 - baseData.py - INFO - 动态参数替换成功：{'_token': '85491.pPJVpJ1mvD9jqtz_t0t6c_DPP2UE8rzCO6-C3QFe5rU.ypUW_Mg-kXFT_a2Zxwk2OcGWXVNzwoqPddzj5HMVv8XImSXh6CrsdgrPnQ', 'username': 'admin', 'password': 'Keepmoving624.'}
2026-06-01 17:47:01,493 - baseAutoHttp.py - INFO - 请求方式: POST
2026-06-01 17:47:01,493 - baseAutoHttp.py - INFO - 请求地址: http://127.0.0.1:8080/web/index.php/auth/validate
2026-06-01 17:47:01,493 - baseAutoHttp.py - INFO - 请求头: {'User-Agent': 'Mozilla/5.0 (Windows NT 10.0; Win64; x64) AppleWebKit/537.36 (KHTML, like Gecko) Chrome/148.0.0.0 Safari/537.36', 'Content-Type': 'application/x-www-form-urlencoded'}
2026-06-01 17:47:01,493 - baseAutoHttp.py - INFO - 请求参数: params=None | data={'_token': '85491.pPJVpJ1mvD9jqtz_t0t6c_DPP2UE8rzCO6-C3QFe5rU.ypUW_Mg-kXFT_a2Zxwk2OcGWXVNzwoqPddzj5HMVv8XImSXh6CrsdgrPnQ', 'username': 'admin', 'password': 'Keepmoving624.'} | json=None
2026-06-01 17:47:01,608 - baseAutoHttp.py - INFO - 响应状态码: 200
2026-06-01 17:47:01,608 - baseAutoHttp.py - INFO - 响应耗时: 0.04858s
2026-06-01 17:47:01,608 - baseAutoHttp.py - INFO - 响应文本: <!DOCTYPE html>
<html>
<head>
  <meta charset="UTF-8">
  <meta http-equiv="X-UA-Compatible" content="IE=edge">
  <meta name="viewport" content="width=device-width,initial-scale=1">
  <title>OrangeHRM</title>
      <link rel="icon" href="/web/dist/favicon.ico?v=1775433284510">
    <link href="/web/dist/css/chunk-vendors.css?v=1775433284510" rel="preload" as="style">
    <link href="/web/dist/css/app.css?v=1775433284510" rel="preload" as="style">
    <link href="/web/dist/js/chunk-vendors.js?v=1775433284510" rel="preload" as="script">
    <link href="/web/dist/js/app.js?v=1775433284510" rel="preload" as="script">
      <link href="/web/dist/css/chunk-vendors.css?v=1775433284510" rel="stylesheet"/>
    <link href="/web/dist/css/app.css?v=1775433284510" rel="stylesheet"/>
</head>
<body>
  <style>
    :root {
            --oxd-primary-one-color:#FF7B1D;
            --oxd-primary-font-color:#FFFFFF;
            --oxd-secondary-four-color:#76BC21;
            --oxd-secondary-font-color:#FFFFFF;
            --oxd-primary-gradient-start-color:#FF920B;
            --oxd-primary-gradient-end-color:#F35C17;
            --oxd-secondary-gradient-start-color:#FF920B;
            --oxd-secondary-gradient-end-color:#F35C17;
            --oxd-primary-one-lighten-5-color:#ff8a37;
            --oxd-primary-one-lighten-30-color:#ffd4b6;
            --oxd-primary-one-darken-5-color:#ff6c03;
            --oxd-primary-one-alpha-10-color:rgba(255, 123, 29, 0.1);
            --oxd-primary-one-alpha-15-color:rgba(255, 123, 29, 0.15);
            --oxd-primary-one-alpha-20-color:rgba(255, 123, 29, 0.2);
            --oxd-primary-one-alpha-50-color:rgba(255, 123, 29, 0.5);
            --oxd-secondary-four-lighten-5-color:#84d225;
            --oxd-secondary-four-darken-5-color:#68a61d;
            --oxd-secondary-four-alpha-10-color:rgba(118, 188, 33, 0.1);
            --oxd-secondary-four-alpha-15-color:rgba(118, 188, 33, 0.15);
            --oxd-secondary-four-alpha-20-color:rgba(118, 188, 33, 0.2);
            --oxd-secondary-four-alpha-50-color:rgba(118, 188, 33, 0.5);
        }
  </style>
    <noscript>
        <strong>
            We're sorry but orangehrm doesn't work properly without JavaScript enabled. Please enable it to continue.
        </strong>
    </noscript>

    <div id="app">
    <auth-login
            :error="{&quot;error&quot;:&quot;invalid_csrf_token&quot;,&quot;message&quot;:&quot;CSRF token validation failed&quot;}"
            :token="&quot;40753e198.6DLt2q8m8ZbQHEjKIuHdQbfzBOiA-27XaOR1gycdiKc.jXe-j90XrqCydA7-d6y3NdKYNJ7juAGWIpY9x09q4dSJcICU1WGp-bZefA&quot;"
            :login-logo-src="&quot;\/web\/images\/ohrm_logo.png&quot;"
            :login-banner-src="&quot;\/web\/images\/ohrm_branding.png?v=1775433284510&quot;"
            :show-social-media="true"
            :is-demo-mode="false"
            :authenticators="[]"
        >
    <template v-slot:footer>
        <div class="orangehrm-copyright-wrapper">
            <oxd-text tag="p" class="orangehrm-copyright">OrangeHRM OS 5.8.1</oxd-text>
<oxd-text tag="p" class="orangehrm-copyright">&copy; 2005 - 2026 <a href="http://www.orangehrm.com" target="_blank">OrangeHRM, Inc</a>. All rights reserved.</oxd-text>
        </div>
    </template>
    </auth-login>
    </div>
    <script type="text/javascript">
        window.appGlobal = {
          baseUrl: "/web/index.php",
          publicPath: "/web",
        };
    </script>
    <script src="/web/dist/js/chunk-vendors.js?v=1775433284510"></script>
    <script src="/web/dist/js/app.js?v=1775433284510"></script>
</body>
</html>

2026-06-01 17:47:01,608 - baseAutoHttp.py - INFO - 【01登录页面接口信息:login_api】接口调用结束

2026-06-01 17:47:01,608 - web_login_page.py - INFO - 【跨会话使用Token】断言成功
2026-06-01 17:47:01,608 - baseAutoHttp.py - INFO - 接口会话已关闭
2026-06-01 17:47:01,609 - test_web_ohrm.py - INFO - 【携带过期CSRF令牌】用例执行成功
2026-06-01 17:47:01,616 - baseUtils.py - INFO - 配置文件读取成功：E:\develop\PythonProject\OrangeHRM\Config\配置文件.ini
2026-06-01 17:47:01,617 - baseAutoHttp.py - INFO - 【01登录页面接口信息:login_api】接口调用开始
2026-06-01 17:47:01,618 - baseData.py - INFO - 动态参数替换成功：{'_token': 'wME*5txd@*I9Crdt%YHj', 'username': 'admin', 'password': 'Keepmoving624.'}
2026-06-01 17:47:01,618 - baseAutoHttp.py - INFO - 请求方式: POST
2026-06-01 17:47:01,618 - baseAutoHttp.py - INFO - 请求地址: http://127.0.0.1:8080/web/index.php/auth/validate
2026-06-01 17:47:01,618 - baseAutoHttp.py - INFO - 请求头: {'User-Agent': 'Mozilla/5.0 (Windows NT 10.0; Win64; x64) AppleWebKit/537.36 (KHTML, like Gecko) Chrome/148.0.0.0 Safari/537.36', 'Content-Type': 'application/x-www-form-urlencoded'}
2026-06-01 17:47:01,618 - baseAutoHttp.py - INFO - 请求参数: params=None | data={'_token': 'wME*5txd@*I9Crdt%YHj', 'username': 'admin', 'password': 'Keepmoving624.'} | json=None
2026-06-01 17:47:01,732 - baseAutoHttp.py - INFO - 响应状态码: 200
2026-06-01 17:47:01,732 - baseAutoHttp.py - INFO - 响应耗时: 0.072204s
2026-06-01 17:47:01,732 - baseAutoHttp.py - INFO - 响应文本: <!DOCTYPE html>
<html>
<head>
  <meta charset="UTF-8">
  <meta http-equiv="X-UA-Compatible" content="IE=edge">
  <meta name="viewport" content="width=device-width,initial-scale=1">
  <title>OrangeHRM</title>
      <link rel="icon" href="/web/dist/favicon.ico?v=1775433284510">
    <link href="/web/dist/css/chunk-vendors.css?v=1775433284510" rel="preload" as="style">
    <link href="/web/dist/css/app.css?v=1775433284510" rel="preload" as="style">
    <link href="/web/dist/js/chunk-vendors.js?v=1775433284510" rel="preload" as="script">
    <link href="/web/dist/js/app.js?v=1775433284510" rel="preload" as="script">
      <link href="/web/dist/css/chunk-vendors.css?v=1775433284510" rel="stylesheet"/>
    <link href="/web/dist/css/app.css?v=1775433284510" rel="stylesheet"/>
</head>
<body>
  <style>
    :root {
            --oxd-primary-one-color:#FF7B1D;
            --oxd-primary-font-color:#FFFFFF;
            --oxd-secondary-four-color:#76BC21;
            --oxd-secondary-font-color:#FFFFFF;
            --oxd-primary-gradient-start-color:#FF920B;
            --oxd-primary-gradient-end-color:#F35C17;
            --oxd-secondary-gradient-start-color:#FF920B;
            --oxd-secondary-gradient-end-color:#F35C17;
            --oxd-primary-one-lighten-5-color:#ff8a37;
            --oxd-primary-one-lighten-30-color:#ffd4b6;
            --oxd-primary-one-darken-5-color:#ff6c03;
            --oxd-primary-one-alpha-10-color:rgba(255, 123, 29, 0.1);
            --oxd-primary-one-alpha-15-color:rgba(255, 123, 29, 0.15);
            --oxd-primary-one-alpha-20-color:rgba(255, 123, 29, 0.2);
            --oxd-primary-one-alpha-50-color:rgba(255, 123, 29, 0.5);
            --oxd-secondary-four-lighten-5-color:#84d225;
            --oxd-secondary-four-darken-5-color:#68a61d;
            --oxd-secondary-four-alpha-10-color:rgba(118, 188, 33, 0.1);
            --oxd-secondary-four-alpha-15-color:rgba(118, 188, 33, 0.15);
            --oxd-secondary-four-alpha-20-color:rgba(118, 188, 33, 0.2);
            --oxd-secondary-four-alpha-50-color:rgba(118, 188, 33, 0.5);
        }
  </style>
    <noscript>
        <strong>
            We're sorry but orangehrm doesn't work properly without JavaScript enabled. Please enable it to continue.
        </strong>
    </noscript>

    <div id="app">
    <auth-login
            :error="{&quot;error&quot;:&quot;invalid_csrf_token&quot;,&quot;message&quot;:&quot;CSRF token validation failed&quot;}"
            :token="&quot;4a796a4db501bb34c.MBeXP9EAFY-4-GFNf-kEri3na8uDJiAf6EPErSBMCLI.eXj5fKZ5XbnatxIDSr90wn--EY7PR1RQhwqFxHIBestzY6B8llAg3NKWAg&quot;"
            :login-logo-src="&quot;\/web\/images\/ohrm_logo.png&quot;"
            :login-banner-src="&quot;\/web\/images\/ohrm_branding.png?v=1775433284510&quot;"
            :show-social-media="true"
            :is-demo-mode="false"
            :authenticators="[]"
        >
    <template v-slot:footer>
        <div class="orangehrm-copyright-wrapper">
            <oxd-text tag="p" class="orangehrm-copyright">OrangeHRM OS 5.8.1</oxd-text>
<oxd-text tag="p" class="orangehrm-copyright">&copy; 2005 - 2026 <a href="http://www.orangehrm.com" target="_blank">OrangeHRM, Inc</a>. All rights reserved.</oxd-text>
        </div>
    </template>
    </auth-login>
    </div>
    <script type="text/javascript">
        window.appGlobal = {
          baseUrl: "/web/index.php",
          publicPath: "/web",
        };
    </script>
    <script src="/web/dist/js/chunk-vendors.js?v=1775433284510"></script>
    <script src="/web/dist/js/app.js?v=1775433284510"></script>
</body>
</html>

2026-06-01 17:47:01,733 - baseAutoHttp.py - INFO - 【01登录页面接口信息:login_api】接口调用结束

2026-06-01 17:47:01,733 - web_login_page.py - INFO - 【携带错误格式Token】断言成功
2026-06-01 17:47:01,733 - baseAutoHttp.py - INFO - 接口会话已关闭
2026-06-01 17:47:01,733 - test_web_ohrm.py - INFO - 【携带错误格式Token】用例执行成功
2026-06-01 17:47:01,741 - baseUtils.py - INFO - 配置文件读取成功：E:\develop\PythonProject\OrangeHRM\Config\配置文件.ini
2026-06-01 17:47:01,793 - baseAutoHttp.py - INFO - 【01登录页面接口信息:login_api】接口调用开始
2026-06-01 17:47:01,795 - baseData.py - INFO - 动态参数替换成功：{'_token': 'c940595a252114990b6a442b1.-MmKA8MeJbtD5XaktzZUeV6hKdnoxYWxhPIIZt7siwY.uavZc412TeMIog7g3mAYSxvkWu-CqtWJ8plXF-qY3X6AnsI2kCpCyxndEQ', 'username': 'wrong', 'password': 'wrong'}
2026-06-01 17:47:01,795 - baseAutoHttp.py - INFO - 请求方式: POST
2026-06-01 17:47:01,795 - baseAutoHttp.py - INFO - 请求地址: http://127.0.0.1:8080/web/index.php/auth/validate
2026-06-01 17:47:01,795 - baseAutoHttp.py - INFO - 请求头: {'User-Agent': 'Mozilla/5.0 (Windows NT 10.0; Win64; x64) AppleWebKit/537.36 (KHTML, like Gecko) Chrome/148.0.0.0 Safari/537.36', 'Content-Type': 'application/x-www-form-urlencoded'}
2026-06-01 17:47:01,795 - baseAutoHttp.py - INFO - 请求参数: params=None | data={'_token': 'c940595a252114990b6a442b1.-MmKA8MeJbtD5XaktzZUeV6hKdnoxYWxhPIIZt7siwY.uavZc412TeMIog7g3mAYSxvkWu-CqtWJ8plXF-qY3X6AnsI2kCpCyxndEQ', 'username': 'wrong', 'password': 'wrong'} | json=None
2026-06-01 17:47:01,928 - baseAutoHttp.py - INFO - 响应状态码: 200
2026-06-01 17:47:01,929 - baseAutoHttp.py - INFO - 响应耗时: 0.068304s
2026-06-01 17:47:01,929 - baseAutoHttp.py - INFO - 响应文本: <!DOCTYPE html>
<html>
<head>
  <meta charset="UTF-8">
  <meta http-equiv="X-UA-Compatible" content="IE=edge">
  <meta name="viewport" content="width=device-width,initial-scale=1">
  <title>OrangeHRM</title>
      <link rel="icon" href="/web/dist/favicon.ico?v=1775433284510">
    <link href="/web/dist/css/chunk-vendors.css?v=1775433284510" rel="preload" as="style">
    <link href="/web/dist/css/app.css?v=1775433284510" rel="preload" as="style">
    <link href="/web/dist/js/chunk-vendors.js?v=1775433284510" rel="preload" as="script">
    <link href="/web/dist/js/app.js?v=1775433284510" rel="preload" as="script">
      <link href="/web/dist/css/chunk-vendors.css?v=1775433284510" rel="stylesheet"/>
    <link href="/web/dist/css/app.css?v=1775433284510" rel="stylesheet"/>
</head>
<body>
  <style>
    :root {
            --oxd-primary-one-color:#FF7B1D;
            --oxd-primary-font-color:#FFFFFF;
            --oxd-secondary-four-color:#76BC21;
            --oxd-secondary-font-color:#FFFFFF;
            --oxd-primary-gradient-start-color:#FF920B;
            --oxd-primary-gradient-end-color:#F35C17;
            --oxd-secondary-gradient-start-color:#FF920B;
            --oxd-secondary-gradient-end-color:#F35C17;
            --oxd-primary-one-lighten-5-color:#ff8a37;
            --oxd-primary-one-lighten-30-color:#ffd4b6;
            --oxd-primary-one-darken-5-color:#ff6c03;
            --oxd-primary-one-alpha-10-color:rgba(255, 123, 29, 0.1);
            --oxd-primary-one-alpha-15-color:rgba(255, 123, 29, 0.15);
            --oxd-primary-one-alpha-20-color:rgba(255, 123, 29, 0.2);
            --oxd-primary-one-alpha-50-color:rgba(255, 123, 29, 0.5);
            --oxd-secondary-four-lighten-5-color:#84d225;
            --oxd-secondary-four-darken-5-color:#68a61d;
            --oxd-secondary-four-alpha-10-color:rgba(118, 188, 33, 0.1);
            --oxd-secondary-four-alpha-15-color:rgba(118, 188, 33, 0.15);
            --oxd-secondary-four-alpha-20-color:rgba(118, 188, 33, 0.2);
            --oxd-secondary-four-alpha-50-color:rgba(118, 188, 33, 0.5);
        }
  </style>
    <noscript>
        <strong>
            We're sorry but orangehrm doesn't work properly without JavaScript enabled. Please enable it to continue.
        </strong>
    </noscript>

    <div id="app">
    <auth-login
            :error="{&quot;error&quot;:&quot;invalid_credentials&quot;,&quot;message&quot;:&quot;Invalid credentials&quot;}"
            :token="&quot;b97be14899fea35df89b.M-7VCVohc-vTSxv41YXu1_j_aaG80OlkGMbHBeKAs2E.coyGeRRJG7OYDGO8vNOi5b26GpfWv7lcbq2YdNb05RlLuZ08CRUUm4lzfA&quot;"
            :login-logo-src="&quot;\/web\/images\/ohrm_logo.png&quot;"
            :login-banner-src="&quot;\/web\/images\/ohrm_branding.png?v=1775433284510&quot;"
            :show-social-media="true"
            :is-demo-mode="false"
            :authenticators="[]"
        >
    <template v-slot:footer>
        <div class="orangehrm-copyright-wrapper">
            <oxd-text tag="p" class="orangehrm-copyright">OrangeHRM OS 5.8.1</oxd-text>
<oxd-text tag="p" class="orangehrm-copyright">&copy; 2005 - 2026 <a href="http://www.orangehrm.com" target="_blank">OrangeHRM, Inc</a>. All rights reserved.</oxd-text>
        </div>
    </template>
    </auth-login>
    </div>
    <script type="text/javascript">
        window.appGlobal = {
          baseUrl: "/web/index.php",
          publicPath: "/web",
        };
    </script>
    <script src="/web/dist/js/chunk-vendors.js?v=1775433284510"></script>
    <script src="/web/dist/js/app.js?v=1775433284510"></script>
</body>
</html>

2026-06-01 17:47:01,929 - baseAutoHttp.py - INFO - 【01登录页面接口信息:login_api】接口调用结束

2026-06-01 17:47:01,929 - web_login_page.py - INFO - 【wrong/wrong】断言成功
2026-06-01 17:47:01,929 - baseAutoHttp.py - INFO - 接口会话已关闭
2026-06-01 17:47:01,929 - test_web_ohrm.py - INFO - 【错误用户名/密码】用例执行成功
2026-06-01 17:47:01,937 - baseUtils.py - INFO - 配置文件读取成功：E:\develop\PythonProject\OrangeHRM\Config\配置文件.ini
2026-06-01 17:47:01,988 - baseAutoHttp.py - INFO - 【01登录页面接口信息:login_api】接口调用开始
2026-06-01 17:47:01,990 - baseData.py - INFO - 动态参数替换成功：{'_token': '34.gS4dKamYRUVsU8O_BYoFbImo-by6N7yaqglUX0Z5--g.60NqHtrLDnYuH7LMMcNAWP_gtIz0X_mo_Xk4bwc8yZm0enRY-doWCV8btA', 'username': '', 'password': 'Keepmoving624.'}
2026-06-01 17:47:01,990 - baseAutoHttp.py - INFO - 请求方式: POST
2026-06-01 17:47:01,990 - baseAutoHttp.py - INFO - 请求地址: http://127.0.0.1:8080/web/index.php/auth/validate
2026-06-01 17:47:01,990 - baseAutoHttp.py - INFO - 请求头: {'User-Agent': 'Mozilla/5.0 (Windows NT 10.0; Win64; x64) AppleWebKit/537.36 (KHTML, like Gecko) Chrome/148.0.0.0 Safari/537.36', 'Content-Type': 'application/x-www-form-urlencoded'}
2026-06-01 17:47:01,990 - baseAutoHttp.py - INFO - 请求参数: params=None | data={'_token': '34.gS4dKamYRUVsU8O_BYoFbImo-by6N7yaqglUX0Z5--g.60NqHtrLDnYuH7LMMcNAWP_gtIz0X_mo_Xk4bwc8yZm0enRY-doWCV8btA', 'username': '', 'password': 'Keepmoving624.'} | json=None
2026-06-01 17:47:02,094 - baseAutoHttp.py - INFO - 响应状态码: 200
2026-06-01 17:47:02,094 - baseAutoHttp.py - INFO - 响应耗时: 0.047937s
2026-06-01 17:47:02,094 - baseAutoHttp.py - INFO - 响应文本: <!DOCTYPE html>
<html>
<head>
  <meta charset="UTF-8">
  <meta http-equiv="X-UA-Compatible" content="IE=edge">
  <meta name="viewport" content="width=device-width,initial-scale=1">
  <title>OrangeHRM</title>
      <link rel="icon" href="/web/dist/favicon.ico?v=1775433284510">
    <link href="/web/dist/css/chunk-vendors.css?v=1775433284510" rel="preload" as="style">
    <link href="/web/dist/css/app.css?v=1775433284510" rel="preload" as="style">
    <link href="/web/dist/js/chunk-vendors.js?v=1775433284510" rel="preload" as="script">
    <link href="/web/dist/js/app.js?v=1775433284510" rel="preload" as="script">
      <link href="/web/dist/css/chunk-vendors.css?v=1775433284510" rel="stylesheet"/>
    <link href="/web/dist/css/app.css?v=1775433284510" rel="stylesheet"/>
</head>
<body>
  <style>
    :root {
            --oxd-primary-one-color:#FF7B1D;
            --oxd-primary-font-color:#FFFFFF;
            --oxd-secondary-four-color:#76BC21;
            --oxd-secondary-font-color:#FFFFFF;
            --oxd-primary-gradient-start-color:#FF920B;
            --oxd-primary-gradient-end-color:#F35C17;
            --oxd-secondary-gradient-start-color:#FF920B;
            --oxd-secondary-gradient-end-color:#F35C17;
            --oxd-primary-one-lighten-5-color:#ff8a37;
            --oxd-primary-one-lighten-30-color:#ffd4b6;
            --oxd-primary-one-darken-5-color:#ff6c03;
            --oxd-primary-one-alpha-10-color:rgba(255, 123, 29, 0.1);
            --oxd-primary-one-alpha-15-color:rgba(255, 123, 29, 0.15);
            --oxd-primary-one-alpha-20-color:rgba(255, 123, 29, 0.2);
            --oxd-primary-one-alpha-50-color:rgba(255, 123, 29, 0.5);
            --oxd-secondary-four-lighten-5-color:#84d225;
            --oxd-secondary-four-darken-5-color:#68a61d;
            --oxd-secondary-four-alpha-10-color:rgba(118, 188, 33, 0.1);
            --oxd-secondary-four-alpha-15-color:rgba(118, 188, 33, 0.15);
            --oxd-secondary-four-alpha-20-color:rgba(118, 188, 33, 0.2);
            --oxd-secondary-four-alpha-50-color:rgba(118, 188, 33, 0.5);
        }
  </style>
    <noscript>
        <strong>
            We're sorry but orangehrm doesn't work properly without JavaScript enabled. Please enable it to continue.
        </strong>
    </noscript>

    <div id="app">
    <auth-login
            :error="{&quot;error&quot;:&quot;invalid_credentials&quot;,&quot;message&quot;:&quot;Invalid credentials&quot;}"
            :token="&quot;f71a2be2798b7746bece20c69fc53f.vaMNm3XXLAmxDxs62ijRysD9fRTPmiu4iNtYE63r5QY.1856rAaEZzrzQ2pJ7mGU_ra1MCSB8m6K36s0I-yu13eI92TqJZV_RYJHbA&quot;"
            :login-logo-src="&quot;\/web\/images\/ohrm_logo.png&quot;"
            :login-banner-src="&quot;\/web\/images\/ohrm_branding.png?v=1775433284510&quot;"
            :show-social-media="true"
            :is-demo-mode="false"
            :authenticators="[]"
        >
    <template v-slot:footer>
        <div class="orangehrm-copyright-wrapper">
            <oxd-text tag="p" class="orangehrm-copyright">OrangeHRM OS 5.8.1</oxd-text>
<oxd-text tag="p" class="orangehrm-copyright">&copy; 2005 - 2026 <a href="http://www.orangehrm.com" target="_blank">OrangeHRM, Inc</a>. All rights reserved.</oxd-text>
        </div>
    </template>
    </auth-login>
    </div>
    <script type="text/javascript">
        window.appGlobal = {
          baseUrl: "/web/index.php",
          publicPath: "/web",
        };
    </script>
    <script src="/web/dist/js/chunk-vendors.js?v=1775433284510"></script>
    <script src="/web/dist/js/app.js?v=1775433284510"></script>
</body>
</html>

2026-06-01 17:47:02,095 - baseAutoHttp.py - INFO - 【01登录页面接口信息:login_api】接口调用结束

2026-06-01 17:47:02,095 - web_login_page.py - INFO - 【空用户名/Keepmoving624.】断言成功
2026-06-01 17:47:02,095 - baseAutoHttp.py - INFO - 接口会话已关闭
2026-06-01 17:47:02,095 - test_web_ohrm.py - INFO - 【用户名为空】用例执行成功
2026-06-01 17:47:02,102 - baseUtils.py - INFO - 配置文件读取成功：E:\develop\PythonProject\OrangeHRM\Config\配置文件.ini
2026-06-01 17:47:02,163 - baseAutoHttp.py - INFO - 【01登录页面接口信息:login_api】接口调用开始
2026-06-01 17:47:02,165 - baseData.py - INFO - 动态参数替换成功：{'_token': '38b07505929a401.LnkUw523IgfXhDty7Ehm91muUcn30qgUaFUFAtXZ-EI.Hwtf9_GAcEaF0w4FrisExWrsCJOa5-xiBGY0RYK-tnNdN2y734R3UJzzDw', 'username': 'admin', 'password': ''}
2026-06-01 17:47:02,165 - baseAutoHttp.py - INFO - 请求方式: POST
2026-06-01 17:47:02,165 - baseAutoHttp.py - INFO - 请求地址: http://127.0.0.1:8080/web/index.php/auth/validate
2026-06-01 17:47:02,165 - baseAutoHttp.py - INFO - 请求头: {'User-Agent': 'Mozilla/5.0 (Windows NT 10.0; Win64; x64) AppleWebKit/537.36 (KHTML, like Gecko) Chrome/148.0.0.0 Safari/537.36', 'Content-Type': 'application/x-www-form-urlencoded'}
2026-06-01 17:47:02,165 - baseAutoHttp.py - INFO - 请求参数: params=None | data={'_token': '38b07505929a401.LnkUw523IgfXhDty7Ehm91muUcn30qgUaFUFAtXZ-EI.Hwtf9_GAcEaF0w4FrisExWrsCJOa5-xiBGY0RYK-tnNdN2y734R3UJzzDw', 'username': 'admin', 'password': ''} | json=None
2026-06-01 17:47:02,441 - baseAutoHttp.py - INFO - 响应状态码: 200
2026-06-01 17:47:02,442 - baseAutoHttp.py - INFO - 响应耗时: 0.047909s
2026-06-01 17:47:02,442 - baseAutoHttp.py - INFO - 响应文本: <!DOCTYPE html>
<html>
<head>
  <meta charset="UTF-8">
  <meta http-equiv="X-UA-Compatible" content="IE=edge">
  <meta name="viewport" content="width=device-width,initial-scale=1">
  <title>OrangeHRM</title>
      <link rel="icon" href="/web/dist/favicon.ico?v=1775433284510">
    <link href="/web/dist/css/chunk-vendors.css?v=1775433284510" rel="preload" as="style">
    <link href="/web/dist/css/app.css?v=1775433284510" rel="preload" as="style">
    <link href="/web/dist/js/chunk-vendors.js?v=1775433284510" rel="preload" as="script">
    <link href="/web/dist/js/app.js?v=1775433284510" rel="preload" as="script">
      <link href="/web/dist/css/chunk-vendors.css?v=1775433284510" rel="stylesheet"/>
    <link href="/web/dist/css/app.css?v=1775433284510" rel="stylesheet"/>
</head>
<body>
  <style>
    :root {
            --oxd-primary-one-color:#FF7B1D;
            --oxd-primary-font-color:#FFFFFF;
            --oxd-secondary-four-color:#76BC21;
            --oxd-secondary-font-color:#FFFFFF;
            --oxd-primary-gradient-start-color:#FF920B;
            --oxd-primary-gradient-end-color:#F35C17;
            --oxd-secondary-gradient-start-color:#FF920B;
            --oxd-secondary-gradient-end-color:#F35C17;
            --oxd-primary-one-lighten-5-color:#ff8a37;
            --oxd-primary-one-lighten-30-color:#ffd4b6;
            --oxd-primary-one-darken-5-color:#ff6c03;
            --oxd-primary-one-alpha-10-color:rgba(255, 123, 29, 0.1);
            --oxd-primary-one-alpha-15-color:rgba(255, 123, 29, 0.15);
            --oxd-primary-one-alpha-20-color:rgba(255, 123, 29, 0.2);
            --oxd-primary-one-alpha-50-color:rgba(255, 123, 29, 0.5);
            --oxd-secondary-four-lighten-5-color:#84d225;
            --oxd-secondary-four-darken-5-color:#68a61d;
            --oxd-secondary-four-alpha-10-color:rgba(118, 188, 33, 0.1);
            --oxd-secondary-four-alpha-15-color:rgba(118, 188, 33, 0.15);
            --oxd-secondary-four-alpha-20-color:rgba(118, 188, 33, 0.2);
            --oxd-secondary-four-alpha-50-color:rgba(118, 188, 33, 0.5);
        }
  </style>
    <noscript>
        <strong>
            We're sorry but orangehrm doesn't work properly without JavaScript enabled. Please enable it to continue.
        </strong>
    </noscript>

    <div id="app">
    <auth-login
            :error="{&quot;error&quot;:&quot;invalid_credentials&quot;,&quot;message&quot;:&quot;Invalid credentials&quot;}"
            :token="&quot;c071f924916852187.sH9CfVrO__lnMCTO7lHOTfLuxAJmNingyjCto7jxCOk.gQ0JSTb5rbg1ZxG5rDKsf8GsnVgLA22WpgOc5O-WRtjDMToFGP2qrixHEA&quot;"
            :login-logo-src="&quot;\/web\/images\/ohrm_logo.png&quot;"
            :login-banner-src="&quot;\/web\/images\/ohrm_branding.png?v=1775433284510&quot;"
            :show-social-media="true"
            :is-demo-mode="false"
            :authenticators="[]"
        >
    <template v-slot:footer>
        <div class="orangehrm-copyright-wrapper">
            <oxd-text tag="p" class="orangehrm-copyright">OrangeHRM OS 5.8.1</oxd-text>
<oxd-text tag="p" class="orangehrm-copyright">&copy; 2005 - 2026 <a href="http://www.orangehrm.com" target="_blank">OrangeHRM, Inc</a>. All rights reserved.</oxd-text>
        </div>
    </template>
    </auth-login>
    </div>
    <script type="text/javascript">
        window.appGlobal = {
          baseUrl: "/web/index.php",
          publicPath: "/web",
        };
    </script>
    <script src="/web/dist/js/chunk-vendors.js?v=1775433284510"></script>
    <script src="/web/dist/js/app.js?v=1775433284510"></script>
</body>
</html>

2026-06-01 17:47:02,442 - baseAutoHttp.py - INFO - 【01登录页面接口信息:login_api】接口调用结束

2026-06-01 17:47:02,442 - web_login_page.py - INFO - 【admin/空密码】断言成功
2026-06-01 17:47:02,442 - baseAutoHttp.py - INFO - 接口会话已关闭
2026-06-01 17:47:02,442 - test_web_ohrm.py - INFO - 【密码为空】用例执行成功
2026-06-01 17:47:02,884 - baseDB.py - INFO - ✅ MySQL 数据库连接成功
2026-06-01 17:47:02,885 - conftest - INFO - ✅ conftest: 获取数据库连接（MysqlHelp）
2026-06-01 17:47:02,886 - baseUtils.py - INFO - 配置文件读取成功：E:\develop\PythonProject\OrangeHRM\Config\配置文件.ini
2026-06-01 17:47:03,374 - baseUtils.py - INFO - 配置文件读取成功：E:\develop\PythonProject\OrangeHRM\Config\配置文件.ini
2026-06-01 17:47:03,449 - baseUtils.py - INFO - 配置文件读取成功：E:\develop\PythonProject\OrangeHRM\Config\配置文件.ini
2026-06-01 17:47:03,525 - baseUtils.py - INFO - 配置文件读取成功：E:\develop\PythonProject\OrangeHRM\Config\配置文件.ini
2026-06-01 17:47:03,630 - baseAutoHttp.py - INFO - 【03查询员工页面:select_employee】接口调用开始
2026-06-01 17:47:03,632 - baseAutoHttp.py - INFO - 请求方式: GET
2026-06-01 17:47:03,632 - baseAutoHttp.py - INFO - 请求地址: http://127.0.0.1:8080/web/index.php/api/v2/pim/employees
2026-06-01 17:47:03,632 - baseAutoHttp.py - INFO - 请求头: {'User-Agent': 'Mozilla/5.0 (Windows NT 10.0; Win64; x64) AppleWebKit/537.36 (KHTML, like Gecko) Chrome/148.0.0.0 Safari/537.36'}
2026-06-01 17:47:03,632 - baseAutoHttp.py - INFO - 请求参数: params={'limit': '50', 'offset': '0', 'model': 'detailed', 'includeEmployees': 'onlyCurrent', 'sortField': 'employee.firstName', 'sortOrder': 'ASC'} | data=None | json=None
2026-06-01 17:47:03,742 - baseAutoHttp.py - INFO - 响应状态码: 200
2026-06-01 17:47:03,742 - baseAutoHttp.py - INFO - 响应耗时: 0.108044s
2026-06-01 17:47:03,742 - baseAutoHttp.py - INFO - 响应JSON: {'data': [{'empNumber': 2, 'lastName': 'oo', 'firstName': 'hh', 'middleName': '', 'employeeId': '0002', 'terminationId': None, 'jobTitle': {'id': None, 'title': None, 'isDeleted': None}, 'subunit': {'id': None, 'name': None}, 'empStatus': {'id': None, 'name': None}, 'supervisors': []}, {'empNumber': 5, 'lastName': 'Doe', 'firstName': 'John', 'middleName': '', 'employeeId': '1001', 'terminationId': None, 'jobTitle': {'id': None, 'title': None, 'isDeleted': None}, 'subunit': {'id': None, 'name': None}, 'empStatus': {'id': None, 'name': None}, 'supervisors': []}, {'empNumber': 6, 'lastName': 'pp', 'firstName': 'kk', 'middleName': '', 'employeeId': '1002', 'terminationId': None, 'jobTitle': {'id': None, 'title': None, 'isDeleted': None}, 'subunit': {'id': None, 'name': None}, 'empStatus': {'id': None, 'name': None}, 'supervisors': []}, {'empNumber': 14, 'lastName': 'll', 'firstName': 'kk', 'middleName': '', 'employeeId': '0014', 'terminationId': None, 'jobTitle': {'id': None, 'title': None, 'isDeleted': None}, 'subunit': {'id': None, 'name': None}, 'empStatus': {'id': None, 'name': None}, 'supervisors': []}, {'empNumber': 16, 'lastName': 'pp', 'firstName': 'ww', 'middleName': '', 'employeeId': '0016', 'terminationId': None, 'jobTitle': {'id': None, 'title': None, 'isDeleted': None}, 'subunit': {'id': None, 'name': None}, 'empStatus': {'id': None, 'name': None}, 'supervisors': []}, {'empNumber': 17, 'lastName': 'ss', 'firstName': 'zz', 'middleName': '', 'employeeId': '1009', 'terminationId': None, 'jobTitle': {'id': None, 'title': None, 'isDeleted': None}, 'subunit': {'id': None, 'name': None}, 'empStatus': {'id': None, 'name': None}, 'supervisors': []}, {'empNumber': 1, 'lastName': '安', 'firstName': '谢', 'middleName': '', 'employeeId': '0001', 'terminationId': None, 'jobTitle': {'id': None, 'title': None, 'isDeleted': None}, 'subunit': {'id': None, 'name': None}, 'empStatus': {'id': None, 'name': None}, 'supervisors': []}], 'meta': {'total': 7}, 'rels': []}
2026-06-01 17:47:03,743 - baseAutoHttp.py - INFO - 【03查询员工页面:select_employee】接口调用结束

2026-06-01 17:47:03,743 - test_web_ohrm.py - INFO - ☑️ 查询员工列表成功，返回 7 条
2026-06-01 17:47:03,748 - baseUtils.py - INFO - 配置文件读取成功：E:\develop\PythonProject\OrangeHRM\Config\配置文件.ini
2026-06-01 17:47:03,749 - baseAutoHttp.py - INFO - 【03查询员工页面:select_query】接口调用开始
2026-06-01 17:47:03,751 - baseData.py - INFO - 动态参数替换成功：{'employeeId': '1001'}
2026-06-01 17:47:03,751 - baseAutoHttp.py - INFO - 请求方式: GET
2026-06-01 17:47:03,752 - baseAutoHttp.py - INFO - 请求地址: http://127.0.0.1:8080/web/index.php/api/v2/pim/employees
2026-06-01 17:47:03,752 - baseAutoHttp.py - INFO - 请求头: {'User-Agent': 'Mozilla/5.0 (Windows NT 10.0; Win64; x64) AppleWebKit/537.36 (KHTML, like Gecko) Chrome/148.0.0.0 Safari/537.36', 'Referer': 'http://127.0.0.1:8080/web/index.php/pim/viewEmployeeList'}
2026-06-01 17:47:03,752 - baseAutoHttp.py - INFO - 请求参数: params={'limit': '50', 'offset': '0', 'model': 'detailed', 'employeeId': '1001', 'includeEmployees': 'onlyCurrent', 'sortField': 'employee.firstName', 'sortOrder': 'ASC'} | data=None | json=None
2026-06-01 17:47:03,838 - baseAutoHttp.py - INFO - 响应状态码: 200
2026-06-01 17:47:03,838 - baseAutoHttp.py - INFO - 响应耗时: 0.084939s
2026-06-01 17:47:03,839 - baseAutoHttp.py - INFO - 响应JSON: {'data': [{'empNumber': 5, 'lastName': 'Doe', 'firstName': 'John', 'middleName': '', 'employeeId': '1001', 'terminationId': None, 'jobTitle': {'id': None, 'title': None, 'isDeleted': None}, 'subunit': {'id': None, 'name': None}, 'empStatus': {'id': None, 'name': None}, 'supervisors': []}], 'meta': {'total': 1}, 'rels': []}
2026-06-01 17:47:03,839 - baseAutoHttp.py - INFO - 【03查询员工页面:select_query】接口调用结束

2026-06-01 17:47:03,839 - test_web_ohrm.py - INFO - ☑️【指定查询用例】执行完毕
2026-06-01 17:47:03,846 - baseUtils.py - INFO - 配置文件读取成功：E:\develop\PythonProject\OrangeHRM\Config\配置文件.ini
2026-06-01 17:47:03,846 - baseAutoHttp.py - INFO - 【03查询员工页面:select_query】接口调用开始
2026-06-01 17:47:03,848 - baseData.py - INFO - 动态参数替换成功：{'employeeId': '9999'}
2026-06-01 17:47:03,848 - baseAutoHttp.py - INFO - 请求方式: GET
2026-06-01 17:47:03,848 - baseAutoHttp.py - INFO - 请求地址: http://127.0.0.1:8080/web/index.php/api/v2/pim/employees
2026-06-01 17:47:03,848 - baseAutoHttp.py - INFO - 请求头: {'User-Agent': 'Mozilla/5.0 (Windows NT 10.0; Win64; x64) AppleWebKit/537.36 (KHTML, like Gecko) Chrome/148.0.0.0 Safari/537.36', 'Referer': 'http://127.0.0.1:8080/web/index.php/pim/viewEmployeeList'}
2026-06-01 17:47:03,849 - baseAutoHttp.py - INFO - 请求参数: params={'limit': '50', 'offset': '0', 'model': 'detailed', 'employeeId': '9999', 'includeEmployees': 'onlyCurrent', 'sortField': 'employee.firstName', 'sortOrder': 'ASC'} | data=None | json=None
2026-06-01 17:47:03,929 - baseAutoHttp.py - INFO - 响应状态码: 200
2026-06-01 17:47:03,929 - baseAutoHttp.py - INFO - 响应耗时: 0.079195s
2026-06-01 17:47:03,929 - baseAutoHttp.py - INFO - 响应JSON: {'data': [], 'meta': {'total': 0}, 'rels': []}
2026-06-01 17:47:03,929 - baseAutoHttp.py - INFO - 【03查询员工页面:select_query】接口调用结束

2026-06-01 17:47:03,929 - test_web_ohrm.py - INFO - ☑️【指定查询用例】执行完毕
2026-06-01 17:47:03,936 - baseUtils.py - INFO - 配置文件读取成功：E:\develop\PythonProject\OrangeHRM\Config\配置文件.ini
2026-06-01 17:47:03,957 - baseDB.py - INFO - ✅ MySQL 数据库连接成功
2026-06-01 17:47:03,961 - baseAutoHttp.py - INFO - 【04更新员工:update_employee】接口调用开始
2026-06-01 17:47:03,963 - baseData.py - INFO - 动态参数替换成功：{'firstName': 'John', 'lastName': 'Doe', 'employeeId': '1001'}
2026-06-01 17:47:03,963 - baseAutoHttp.py - INFO - 请求方式: PUT
2026-06-01 17:47:03,963 - baseAutoHttp.py - INFO - 请求地址: http://127.0.0.1:8080/web/index.php/api/v2/pim/employees/5/personal-details
2026-06-01 17:47:03,963 - baseAutoHttp.py - INFO - 请求头: {'User-Agent': 'Mozilla/5.0 (Windows NT 10.0; Win64; x64) AppleWebKit/537.36 (KHTML, like Gecko) Chrome/148.0.0.0 Safari/537.36', 'Content-Type': 'application/json', 'Referer': 'http://127.0.0.1:8080/web/index.php/pim/viewPersonalDetails/empNumber/5', 'Origin': 'http://127.0.0.1:8080'}
2026-06-01 17:47:03,963 - baseAutoHttp.py - INFO - 请求参数: params=None | data=None | json={'birthday': None, 'drivingLicenseExpiredDate': None, 'drivingLicenseNo': None, 'employeeId': '1001', 'firstName': 'John', 'gender': None, 'lastName': 'Doe', 'middleName': None, 'otherId': None}
2026-06-01 17:47:04,022 - baseAutoHttp.py - INFO - 响应状态码: 500
2026-06-01 17:47:04,022 - baseAutoHttp.py - INFO - 响应耗时: 0.056609s
2026-06-01 17:47:04,022 - baseAutoHttp.py - INFO - 响应JSON: {'error': {'status': '500', 'message': 'Unexpected Error Occurred'}}
2026-06-01 17:47:04,022 - baseAutoHttp.py - INFO - 【04更新员工:update_employee】接口调用结束

2026-06-01 17:47:04,048 - baseDB.py - INFO - ✅ MySQL 数据库连接成功
2026-06-01 17:47:04,053 - baseDB.py - INFO - ✅ MySQL 执行成功，事务已提交
2026-06-01 17:47:04,053 - baseDB.py - INFO - 🔌 MySQL 连接已关闭
2026-06-01 17:47:04,062 - baseDB.py - INFO - ✅ MySQL 数据库连接成功
2026-06-01 17:47:04,077 - baseUtils.py - INFO - 配置文件读取成功：E:\develop\PythonProject\OrangeHRM\Config\配置文件.ini
2026-06-01 17:47:04,078 - baseUtils.py - INFO - 配置文件读取成功：E:\develop\PythonProject\OrangeHRM\Config\配置文件.ini
2026-06-01 17:47:04,079 - baseAutoHttp.py - INFO - 【03查询员工页面:select_query】接口调用开始
2026-06-01 17:47:04,081 - baseData.py - INFO - 动态参数替换成功：{'employeeId': '0004'}
2026-06-01 17:47:04,081 - baseAutoHttp.py - INFO - 请求方式: GET
2026-06-01 17:47:04,081 - baseAutoHttp.py - INFO - 请求地址: http://127.0.0.1:8080/web/index.php/api/v2/pim/employees
2026-06-01 17:47:04,081 - baseAutoHttp.py - INFO - 请求头: {'User-Agent': 'Mozilla/5.0 (Windows NT 10.0; Win64; x64) AppleWebKit/537.36 (KHTML, like Gecko) Chrome/148.0.0.0 Safari/537.36', 'Referer': 'http://127.0.0.1:8080/web/index.php/pim/viewEmployeeList'}
2026-06-01 17:47:04,081 - baseAutoHttp.py - INFO - 请求参数: params={'limit': '50', 'offset': '0', 'model': 'detailed', 'employeeId': '0004', 'includeEmployees': 'onlyCurrent', 'sortField': 'employee.firstName', 'sortOrder': 'ASC'} | data=None | json=None
2026-06-01 17:47:04,165 - baseAutoHttp.py - INFO - 响应状态码: 200
2026-06-01 17:47:04,165 - baseAutoHttp.py - INFO - 响应耗时: 0.08241s
2026-06-01 17:47:04,165 - baseAutoHttp.py - INFO - 响应JSON: {'data': [], 'meta': {'total': 0}, 'rels': []}
2026-06-01 17:47:04,165 - baseAutoHttp.py - INFO - 【03查询员工页面:select_query】接口调用结束

2026-06-01 17:47:04,188 - baseDB.py - INFO - ✅ MySQL 数据库连接成功
2026-06-01 17:47:04,205 - baseUtils.py - INFO - 配置文件读取成功：E:\develop\PythonProject\OrangeHRM\Config\配置文件.ini
2026-06-01 17:47:04,207 - baseUtils.py - INFO - 配置文件读取成功：E:\develop\PythonProject\OrangeHRM\Config\配置文件.ini
2026-06-01 17:47:04,207 - baseAutoHttp.py - INFO - 【03查询员工页面:select_query】接口调用开始
2026-06-01 17:47:04,209 - baseData.py - INFO - 动态参数替换成功：{'employeeId': '9999'}
2026-06-01 17:47:04,210 - baseAutoHttp.py - INFO - 请求方式: GET
2026-06-01 17:47:04,210 - baseAutoHttp.py - INFO - 请求地址: http://127.0.0.1:8080/web/index.php/api/v2/pim/employees
2026-06-01 17:47:04,210 - baseAutoHttp.py - INFO - 请求头: {'User-Agent': 'Mozilla/5.0 (Windows NT 10.0; Win64; x64) AppleWebKit/537.36 (KHTML, like Gecko) Chrome/148.0.0.0 Safari/537.36', 'Referer': 'http://127.0.0.1:8080/web/index.php/pim/viewEmployeeList'}
2026-06-01 17:47:04,210 - baseAutoHttp.py - INFO - 请求参数: params={'limit': '50', 'offset': '0', 'model': 'detailed', 'employeeId': '9999', 'includeEmployees': 'onlyCurrent', 'sortField': 'employee.firstName', 'sortOrder': 'ASC'} | data=None | json=None
2026-06-01 17:47:04,284 - baseAutoHttp.py - INFO - 响应状态码: 200
2026-06-01 17:47:04,284 - baseAutoHttp.py - INFO - 响应耗时: 0.072662s
2026-06-01 17:47:04,284 - baseAutoHttp.py - INFO - 响应JSON: {'data': [], 'meta': {'total': 0}, 'rels': []}
2026-06-01 17:47:04,284 - baseAutoHttp.py - INFO - 【03查询员工页面:select_query】接口调用结束

2026-06-01 17:47:04,293 - baseDB.py - INFO - ✅ MySQL 数据库连接成功
2026-06-01 17:47:04,297 - test_web_ohrm.py - INFO - ☑️【删除员工】用例执行成功
2026-06-01 17:47:04,305 - baseUtils.py - INFO - 配置文件读取成功：E:\develop\PythonProject\OrangeHRM\Config\配置文件.ini
2026-06-01 17:47:04,305 - baseAutoHttp.py - INFO - 【06未登录访问员工接口:employee】接口调用开始
2026-06-01 17:47:04,307 - baseAutoHttp.py - INFO - 请求方式: GET
2026-06-01 17:47:04,307 - baseAutoHttp.py - INFO - 请求地址: http://127.0.0.1:8080/web/index.php/pim/viewEmployeeList
2026-06-01 17:47:04,307 - baseAutoHttp.py - INFO - 请求头: {'User-Agent': 'Mozilla/5.0 (Windows NT 10.0; Win64; x64) AppleWebKit/537.36 (KHTML, like Gecko) Chrome/148.0.0.0 Safari/537.36'}
2026-06-01 17:47:04,307 - baseAutoHttp.py - INFO - 请求参数: params={'includeEmployees': 'onlyCurrent', 'limit': '50', 'model': 'detailed', 'offset': '0', 'sortField': 'employee.firstName', 'sortOrder': 'ASC'} | data=None | json=None
2026-06-01 17:47:04,358 - baseAutoHttp.py - INFO - 响应状态码: 302
2026-06-01 17:47:04,358 - baseAutoHttp.py - INFO - 响应耗时: 0.049278s
2026-06-01 17:47:04,358 - baseAutoHttp.py - INFO - 响应文本: <!DOCTYPE html>
<html>
    <head>
        <meta charset="UTF-8" />
        <meta http-equiv="refresh" content="0;url='http://127.0.0.1:8080/web/index.php/auth/login'" />

        <title>Redirecting to http://127.0.0.1:8080/web/index.php/auth/login</title>
    </head>
    <body>
        Redirecting to <a href="http://127.0.0.1:8080/web/index.php/auth/login">http://127.0.0.1:8080/web/index.php/auth/login</a>.
    </body>
</html>
2026-06-01 17:47:04,358 - baseAutoHttp.py - INFO - 【06未登录访问员工接口:employee】接口调用结束

2026-06-01 17:47:04,764 - baseUtils.py - INFO - 配置文件读取成功：E:\develop\PythonProject\OrangeHRM\Config\配置文件.ini
2026-06-01 17:47:04,765 - baseAutoHttp.py - INFO - 【07非管理员登录:employee_login】接口调用开始
2026-06-01 17:47:04,766 - baseData.py - INFO - 动态参数替换成功：{'firstName': 'cc', 'lastName': 'dd', 'employeeId': '1010'}
2026-06-01 17:47:04,766 - baseAutoHttp.py - INFO - 请求方式: POST
2026-06-01 17:47:04,766 - baseAutoHttp.py - INFO - 请求地址: http://127.0.0.1:8080/web/index.php/api/v2/pim/employees
2026-06-01 17:47:04,766 - baseAutoHttp.py - INFO - 请求头: {'User-Agent': 'Mozilla/5.0 (Windows NT 10.0; Win64; x64) AppleWebKit/537.36 (KHTML, like Gecko) Chrome/148.0.0.0 Safari/537.36', 'Content-Type': 'application/json', 'Origin': 'http://127.0.0.1:8080', 'Referer': 'http://127.0.0.1:8080/web/index.php/pim/addEmployee'}
2026-06-01 17:47:04,766 - baseAutoHttp.py - INFO - 请求参数: params=None | data=None | json={'employeeId': '1010', 'empPicture': None, 'firstName': 'cc', 'lastName': 'dd', 'middleName': None}
2026-06-01 17:47:04,835 - baseAutoHttp.py - INFO - 响应状态码: 403
2026-06-01 17:47:04,835 - baseAutoHttp.py - INFO - 响应耗时: 0.067638s
2026-06-01 17:47:04,835 - baseAutoHttp.py - INFO - 响应JSON: {'error': {'status': 403, 'message': 'Unauthorized'}}
2026-06-01 17:47:04,836 - baseAutoHttp.py - INFO - 【07非管理员登录:employee_login】接口调用结束

2026-06-01 17:47:04,836 - test_web_ohrm.py - INFO - ☑️【非管理员账号操作员工】用例执行成功
2026-06-01 17:47:07,538 - runClient.py - INFO - ✅ Allure报告生成完成：E:\develop\PythonProject\OrangeHRM\Reports\ALLURE\Report
2026-06-01 17:47:07,539 - runClient.py - INFO - ✅ 报告查看器已生成：E:\develop\PythonProject\OrangeHRM\Reports\ALLURE\Report\双击查看报告.bat
2026-06-01 17:47:07,662 - runClient.py - INFO - ✅ 报告压缩包已生成：E:\develop\PythonProject\OrangeHRM\Reports\ALLURE\allure_report.zip
2026-06-01 17:47:07,684 - baseUtils.py - INFO - 目录文件清空完成：E:\develop\PythonProject\OrangeHRM\Reports\ALLURE\Result
2026-06-01 17:47:07,685 - baseUtils.py - INFO - 配置文件读取成功：E:\develop\PythonProject\OrangeHRM\Config\配置文件.ini
2026-06-01 17:47:07,815 - baseUtils.py - INFO - 文件夹压缩成功：E:\develop\PythonProject\OrangeHRM\Reports\ALLURE\Report\allure.zip
2026-06-01 17:47:10,663 - baseEmail.py - INFO - ✅ 邮件发送成功！发件人：511227621@qq.com，收件人：['1790159671@qq.com']
2026-06-01 17:47:10,706 - runClient.py - INFO - 📧 测试报告邮件发送成功
2026-06-01 17:47:10,706 - runClient.py - INFO - 🎉 自动化测试执行完毕！
2026-06-01 17:50:03,010 - baseUtils.py - INFO - 配置文件读取成功：E:\develop\PythonProject\OrangeHRM\Config\配置文件.ini
2026-06-01 17:50:03,010 - globalManager.py - INFO - 全局变量管理器初始化成功
2026-06-01 17:50:03,798 - baseUtils.py - INFO - 配置文件读取成功：E:\develop\PythonProject\OrangeHRM\Config\配置文件.ini
2026-06-01 17:50:03,798 - globalManager.py - INFO - 全局变量管理器初始化成功
2026-06-01 17:50:03,813 - runClient.py - INFO - 🔍 正在收集测试用例，请稍候...
2026-06-01 17:50:04,625 - baseUtils.py - INFO - 配置文件读取成功：E:\develop\PythonProject\OrangeHRM\Config\配置文件.ini
2026-06-01 17:50:04,625 - globalManager.py - INFO - 全局变量管理器初始化成功
2026-06-01 17:50:04,881 - baseUtils.py - INFO - 配置文件读取成功：E:\develop\PythonProject\OrangeHRM\Config\配置文件.ini
2026-06-01 17:50:05,047 - baseUtils.py - INFO - 配置文件读取成功：E:\develop\PythonProject\OrangeHRM\Config\配置文件.ini
2026-06-01 17:50:05,048 - baseUtils.py - INFO - 配置文件读取成功：E:\develop\PythonProject\OrangeHRM\Config\配置文件.ini
2026-06-01 17:50:05,341 - baseUtils.py - INFO - 配置文件读取成功：E:\develop\PythonProject\OrangeHRM\Config\配置文件.ini
2026-06-01 17:50:05,343 - baseData.py - INFO - 数据驱动读取成功：01登录接口
2026-06-01 17:50:05,344 - baseUtils.py - INFO - 配置文件读取成功：E:\develop\PythonProject\OrangeHRM\Config\配置文件.ini
2026-06-01 17:50:05,345 - baseData.py - INFO - 数据驱动读取成功：02添加员工接口
2026-06-01 17:50:05,346 - baseUtils.py - INFO - 配置文件读取成功：E:\develop\PythonProject\OrangeHRM\Config\配置文件.ini
2026-06-01 17:50:05,347 - baseData.py - INFO - 数据驱动读取成功：03指定查询
2026-06-01 17:50:05,348 - baseUtils.py - INFO - 配置文件读取成功：E:\develop\PythonProject\OrangeHRM\Config\配置文件.ini
2026-06-01 17:50:05,349 - baseData.py - INFO - 数据驱动读取成功：04删除员工
2026-06-01 17:50:05,355 - baseYaml.py - INFO - YAML写入成功：E:\develop\PythonProject\OrangeHRM\Data\Temp\tempcases.yaml
2026-06-01 17:50:05,355 - conftest.py - INFO - ✅ 用例信息已导出：E:\develop\PythonProject\OrangeHRM\Data\Temp\tempcases.yaml
2026-06-01 17:50:05,779 - runClient.py - INFO - ✅ 用例收集完成，启动用例选择器
2026-06-01 17:50:06,559 - baseUtils.py - INFO - 配置文件读取成功：E:\develop\PythonProject\OrangeHRM\Config\配置文件.ini
2026-06-01 17:50:06,559 - globalManager.py - INFO - 全局变量管理器初始化成功
2026-06-01 17:50:09,590 - baseYaml.py - INFO - YAML写入成功：E:\develop\PythonProject\OrangeHRM\Data\Temp\testcases.yaml
2026-06-01 17:50:09,590 - caseSelector.py - INFO - 用例导出成功：E:\develop\PythonProject\OrangeHRM\Data\Temp\testcases.yaml
2026-06-01 17:50:12,229 - runClient.py - INFO - 🚀 开始执行选中用例，共 18 条
2026-06-01 17:50:12,519 - baseUtils.py - INFO - 配置文件读取成功：E:\develop\PythonProject\OrangeHRM\Config\配置文件.ini
2026-06-01 17:50:12,856 - baseUtils.py - INFO - 配置文件读取成功：E:\develop\PythonProject\OrangeHRM\Config\配置文件.ini
2026-06-01 17:50:12,860 - baseUtils.py - INFO - 配置文件读取成功：E:\develop\PythonProject\OrangeHRM\Config\配置文件.ini
2026-06-01 17:50:13,368 - baseUtils.py - INFO - 配置文件读取成功：E:\develop\PythonProject\OrangeHRM\Config\配置文件.ini
2026-06-01 17:50:13,371 - baseData.py - INFO - 数据驱动读取成功：01登录接口
2026-06-01 17:50:13,372 - baseUtils.py - INFO - 配置文件读取成功：E:\develop\PythonProject\OrangeHRM\Config\配置文件.ini
2026-06-01 17:50:13,374 - baseData.py - INFO - 数据驱动读取成功：02添加员工接口
2026-06-01 17:50:13,375 - baseUtils.py - INFO - 配置文件读取成功：E:\develop\PythonProject\OrangeHRM\Config\配置文件.ini
2026-06-01 17:50:13,376 - baseData.py - INFO - 数据驱动读取成功：03指定查询
2026-06-01 17:50:13,377 - baseUtils.py - INFO - 配置文件读取成功：E:\develop\PythonProject\OrangeHRM\Config\配置文件.ini
2026-06-01 17:50:13,378 - baseData.py - INFO - 数据驱动读取成功：04删除员工
2026-06-01 17:50:13,390 - baseUtils.py - INFO - 配置文件读取成功：E:\develop\PythonProject\OrangeHRM\Config\配置文件.ini
2026-06-01 17:50:13,513 - baseAutoHttp.py - INFO - 【01登录页面接口信息:login_api】接口调用开始
2026-06-01 17:50:13,515 - baseData.py - INFO - 动态参数替换成功：{'_token': 'ffff5a5c04a79a45654ba.9LXQWyBj4LvMe2NbhquxICwoMTE9O036k4gaUuQ-HeI.rs21aRAbkcyLFhIT5e3mFklBXVl5Qjez6s9jKrNKTKyw9v0VURuI_I8kWw', 'username': 'admin', 'password': 'Keepmoving624.'}
2026-06-01 17:50:13,515 - baseAutoHttp.py - INFO - 请求方式: POST
2026-06-01 17:50:13,515 - baseAutoHttp.py - INFO - 请求地址: http://127.0.0.1:8080/web/index.php/auth/validate
2026-06-01 17:50:13,516 - baseAutoHttp.py - INFO - 请求头: {'User-Agent': 'Mozilla/5.0 (Windows NT 10.0; Win64; x64) AppleWebKit/537.36 (KHTML, like Gecko) Chrome/148.0.0.0 Safari/537.36', 'Content-Type': 'application/x-www-form-urlencoded'}
2026-06-01 17:50:13,516 - baseAutoHttp.py - INFO - 请求参数: params=None | data={'_token': 'ffff5a5c04a79a45654ba.9LXQWyBj4LvMe2NbhquxICwoMTE9O036k4gaUuQ-HeI.rs21aRAbkcyLFhIT5e3mFklBXVl5Qjez6s9jKrNKTKyw9v0VURuI_I8kWw', 'username': 'admin', 'password': 'Keepmoving624.'} | json=None
2026-06-01 17:50:13,942 - baseAutoHttp.py - INFO - 响应状态码: 200
2026-06-01 17:50:13,942 - baseAutoHttp.py - INFO - 响应耗时: 0.10633s
2026-06-01 17:50:13,942 - baseAutoHttp.py - INFO - 响应文本: <!DOCTYPE html>
<html>
<head>
  <meta charset="UTF-8">
  <meta http-equiv="X-UA-Compatible" content="IE=edge">
  <meta name="viewport" content="width=device-width,initial-scale=1">
  <title>OrangeHRM</title>
    <link rel="icon" href="/web/dist/favicon.ico?v=1775433284510">
  <link href="/web/dist/css/chunk-vendors.css?v=1775433284510" rel="preload" as="style">
  <link href="/web/dist/css/app.css?v=1775433284510" rel="preload" as="style">
  <link href="/web/dist/js/chunk-vendors.js?v=1775433284510" rel="preload" as="script">
  <link href="/web/dist/js/app.js?v=1775433284510" rel="preload" as="script">
    <link href="/web/dist/css/chunk-vendors.css?v=1775433284510" rel="stylesheet"/>
  <link href="/web/dist/css/app.css?v=1775433284510" rel="stylesheet"/>
</head>
<body>
  <style>
    :root {
            --oxd-primary-one-color:#FF7B1D;
            --oxd-primary-font-color:#FFFFFF;
            --oxd-secondary-four-color:#76BC21;
            --oxd-secondary-font-color:#FFFFFF;
            --oxd-primary-gradient-start-color:#FF920B;
            --oxd-primary-gradient-end-color:#F35C17;
            --oxd-secondary-gradient-start-color:#FF920B;
            --oxd-secondary-gradient-end-color:#F35C17;
            --oxd-primary-one-lighten-5-color:#ff8a37;
            --oxd-primary-one-lighten-30-color:#ffd4b6;
            --oxd-primary-one-darken-5-color:#ff6c03;
            --oxd-primary-one-alpha-10-color:rgba(255, 123, 29, 0.1);
            --oxd-primary-one-alpha-15-color:rgba(255, 123, 29, 0.15);
            --oxd-primary-one-alpha-20-color:rgba(255, 123, 29, 0.2);
            --oxd-primary-one-alpha-50-color:rgba(255, 123, 29, 0.5);
            --oxd-secondary-four-lighten-5-color:#84d225;
            --oxd-secondary-four-darken-5-color:#68a61d;
            --oxd-secondary-four-alpha-10-color:rgba(118, 188, 33, 0.1);
            --oxd-secondary-four-alpha-15-color:rgba(118, 188, 33, 0.15);
            --oxd-secondary-four-alpha-20-color:rgba(118, 188, 33, 0.2);
            --oxd-secondary-four-alpha-50-color:rgba(118, 188, 33, 0.5);
        }
  </style>
  <noscript>
    <strong>
      We're sorry but orangehrm doesn't work properly without JavaScript enabled. Please enable it to continue.
    </strong>
  </noscript>

  <div id="app">
    <oxd-layout
        home-url="https://www.orangehrm.com/"
        :sidepanel-menu-items="[{&quot;id&quot;:1,&quot;name&quot;:&quot;\u7ba1\u7406\u5458&quot;,&quot;url&quot;:&quot;\/web\/index.php\/admin\/viewAdminModule&quot;,&quot;icon&quot;:&quot;admin&quot;},{&quot;id&quot;:30,&quot;name&quot;:&quot;\u4e2a\u4eba\u4fe1\u606f\u7ba1\u7406\u7cfb\u7edf&quot;,&quot;url&quot;:&quot;\/web\/index.php\/pim\/viewPimModule&quot;,&quot;icon&quot;:&quot;pim&quot;},{&quot;id&quot;:41,&quot;name&quot;:&quot;\u4f11\u5047&quot;,&quot;url&quot;:&quot;\/web\/index.php\/leave\/viewLeaveModule&quot;,&quot;icon&quot;:&quot;leave&quot;},{&quot;id&quot;:52,&quot;name&quot;:&quot;\u65f6\u95f4&quot;,&quot;url&quot;:&quot;\/web\/index.php\/time\/viewTimeModule&quot;,&quot;icon&quot;:&quot;time&quot;},{&quot;id&quot;:65,&quot;name&quot;:&quot;\u62db\u8058&quot;,&quot;url&quot;:&quot;\/web\/index.php\/recruitment\/viewRecruitmentModule&quot;,&quot;icon&quot;:&quot;recruitment&quot;},{&quot;id&quot;:40,&quot;name&quot;:&quot;\u6211\u7684\u4fe1\u606f&quot;,&quot;url&quot;:&quot;\/web\/index.php\/pim\/viewMyDetails&quot;,&quot;icon&quot;:&quot;myinfo&quot;},{&quot;id&quot;:83,&quot;name&quot;:&quot;\u7ee9\u6548&quot;,&quot;url&quot;:&quot;\/web\/index.php\/performance\/viewPerformanceModule&quot;,&quot;icon&quot;:&quot;performance&quot;},{&quot;id&quot;:82,&quot;name&quot;:&quot;\u4eea\u8868\u76d8&quot;,&quot;url&quot;:&quot;\/web\/index.php\/dashboard\/index&quot;,&quot;icon&quot;:&quot;dashboard&quot;,&quot;active&quot;:true},{&quot;id&quot;:93,&quot;name&quot;:&quot;Directory&quot;,&quot;url&quot;:&quot;\/web\/index.php\/directory\/viewDirectory&quot;,&quot;icon&quot;:&quot;directory&quot;},{&quot;id&quot;:96,&quot;name&quot;:&quot;Maintenance&quot;,&quot;url&quot;:&quot;\/web\/index.php\/maintenance\/viewMaintenanceModule&quot;,&quot;icon&quot;:&quot;maintenance&quot;},{&quot;id&quot;:105,&quot;name&quot;:&quot;Claim&quot;,&quot;url&quot;:&quot;\/web\/index.php\/claim\/viewClaimModule&quot;,&quot;icon&quot;:&quot;claim&quot;},{&quot;id&quot;:101,&quot;name&quot;:&quot;\u6fc0\u52a8&quot;,&quot;url&quot;:&quot;\/web\/index.php\/buzz\/viewBuzz&quot;,&quot;icon&quot;:&quot;buzz&quot;}]"
        :topbar-menu-items="[]"
        :user="{&quot;firstName&quot;:&quot;\u8c22&quot;,&quot;lastName&quot;:&quot;\u5b89&quot;,&quot;profImgSrc&quot;:&quot;\/web\/index.php\/pim\/viewPhoto\/empNumber\/1&quot;,&quot;hasPassword&quot;:true}"
        brand-logo-src="/web/images/orange.png?v=1775433284510"
        brand-banner-src="/web/images/orangehrm-logo.png?v=1775433284510"
        logout-url="/web/index.php/auth/logout"
        support-url="/web/index.php/help/support"
        :update-password-url="&quot;/web/index.php/pim/updatePassword&quot;"
        :permissions="{&quot;dashboard_buzz_widget&quot;:{&quot;canRead&quot;:true,&quot;canCreate&quot;:false,&quot;canUpdate&quot;:false,&quot;canDelete&quot;:false},&quot;dashboard_employees_on_leave_today_config&quot;:{&quot;canRead&quot;:true,&quot;canCreate&quot;:false,&quot;canUpdate&quot;:true,&quot;canDelete&quot;:false},&quot;dashboard_leave_widget&quot;:{&quot;canRead&quot;:true,&quot;canCreate&quot;:false,&quot;canUpdate&quot;:false,&quot;canDelete&quot;:false},&quot;dashboard_location_widget&quot;:{&quot;canRead&quot;:true,&quot;canCreate&quot;:false,&quot;canUpdate&quot;:false,&quot;canDelete&quot;:false},&quot;dashboard_subunit_widget&quot;:{&quot;canRead&quot;:true,&quot;canCreate&quot;:false,&quot;canUpdate&quot;:false,&quot;canDelete&quot;:false},&quot;dashboard_time_widget&quot;:{&quot;canRead&quot;:true,&quot;canCreate&quot;:false,&quot;canUpdate&quot;:false,&quot;canDelete&quot;:false}}"
        :breadcrumb="{&quot;moduleName&quot;:&quot;\u4eea\u8868\u76d8&quot;,&quot;level&quot;:null}"
        :date-format="{&quot;id&quot;:&quot;Y-m-d&quot;,&quot;label&quot;:&quot;yyyy-mm-dd&quot;}"
        help-url="/web/index.php/help/help?label=dashboard_index"
        :show-upgrade="1"
    >
      <view-dashboard
            >
    </view-dashboard>
    <template v-slot:footer><oxd-text tag="p" class="orangehrm-copyright">OrangeHRM OS 5.8.1</oxd-text>
<oxd-text tag="p" class="orangehrm-copyright">&copy; 2005 - 2026 <a href="http://www.orangehrm.com" target="_blank">OrangeHRM, Inc</a>. All rights reserved.</oxd-text>
<br></template>
    </oxd-layout>
  </div>
  <script type="text/javascript">
      window.appGlobal = {
        baseUrl: "/web/index.php",
        publicPath: "/web",
      };
  </script>
  <script src="/web/dist/js/chunk-vendors.js?v=1775433284510"></script>
  <script src="/web/dist/js/app.js?v=1775433284510"></script>
</body>
</html>

2026-06-01 17:50:13,942 - baseAutoHttp.py - INFO - 【01登录页面接口信息:login_api】接口调用结束

2026-06-01 17:50:13,942 - web_login_page.py - INFO - 【管理员正常登录】断言成功
2026-06-01 17:50:13,943 - baseAutoHttp.py - INFO - 接口会话已关闭
2026-06-01 17:50:13,943 - test_web_ohrm.py - INFO - 【管理员正常登录】用例执行成功
2026-06-01 17:50:13,950 - baseUtils.py - INFO - 配置文件读取成功：E:\develop\PythonProject\OrangeHRM\Config\配置文件.ini
2026-06-01 17:50:14,000 - baseAutoHttp.py - INFO - 【02登录页面未携带token:login_not_token_api】接口调用开始
2026-06-01 17:50:14,001 - baseData.py - INFO - 动态参数替换成功：{'username': 'admin', 'password': 'Keepmoving624.'}
2026-06-01 17:50:14,002 - baseAutoHttp.py - INFO - 请求方式: POST
2026-06-01 17:50:14,002 - baseAutoHttp.py - INFO - 请求地址: http://127.0.0.1:8080/web/index.php/auth/validate
2026-06-01 17:50:14,002 - baseAutoHttp.py - INFO - 请求头: {'User-Agent': 'Mozilla/5.0 (Windows NT 10.0; Win64; x64) AppleWebKit/537.36 (KHTML, like Gecko) Chrome/148.0.0.0 Safari/537.36', 'Content-Type': 'application/x-www-form-urlencoded'}
2026-06-01 17:50:14,002 - baseAutoHttp.py - INFO - 请求参数: params=None | data={'username': 'admin', 'password': 'Keepmoving624.'} | json=None
2026-06-01 17:50:14,115 - baseAutoHttp.py - INFO - 响应状态码: 200
2026-06-01 17:50:14,115 - baseAutoHttp.py - INFO - 响应耗时: 0.051776s
2026-06-01 17:50:14,115 - baseAutoHttp.py - INFO - 响应文本: <!DOCTYPE html>
<html>
<head>
  <meta charset="UTF-8">
  <meta http-equiv="X-UA-Compatible" content="IE=edge">
  <meta name="viewport" content="width=device-width,initial-scale=1">
  <title>OrangeHRM</title>
      <link rel="icon" href="/web/dist/favicon.ico?v=1775433284510">
    <link href="/web/dist/css/chunk-vendors.css?v=1775433284510" rel="preload" as="style">
    <link href="/web/dist/css/app.css?v=1775433284510" rel="preload" as="style">
    <link href="/web/dist/js/chunk-vendors.js?v=1775433284510" rel="preload" as="script">
    <link href="/web/dist/js/app.js?v=1775433284510" rel="preload" as="script">
      <link href="/web/dist/css/chunk-vendors.css?v=1775433284510" rel="stylesheet"/>
    <link href="/web/dist/css/app.css?v=1775433284510" rel="stylesheet"/>
</head>
<body>
  <style>
    :root {
            --oxd-primary-one-color:#FF7B1D;
            --oxd-primary-font-color:#FFFFFF;
            --oxd-secondary-four-color:#76BC21;
            --oxd-secondary-font-color:#FFFFFF;
            --oxd-primary-gradient-start-color:#FF920B;
            --oxd-primary-gradient-end-color:#F35C17;
            --oxd-secondary-gradient-start-color:#FF920B;
            --oxd-secondary-gradient-end-color:#F35C17;
            --oxd-primary-one-lighten-5-color:#ff8a37;
            --oxd-primary-one-lighten-30-color:#ffd4b6;
            --oxd-primary-one-darken-5-color:#ff6c03;
            --oxd-primary-one-alpha-10-color:rgba(255, 123, 29, 0.1);
            --oxd-primary-one-alpha-15-color:rgba(255, 123, 29, 0.15);
            --oxd-primary-one-alpha-20-color:rgba(255, 123, 29, 0.2);
            --oxd-primary-one-alpha-50-color:rgba(255, 123, 29, 0.5);
            --oxd-secondary-four-lighten-5-color:#84d225;
            --oxd-secondary-four-darken-5-color:#68a61d;
            --oxd-secondary-four-alpha-10-color:rgba(118, 188, 33, 0.1);
            --oxd-secondary-four-alpha-15-color:rgba(118, 188, 33, 0.15);
            --oxd-secondary-four-alpha-20-color:rgba(118, 188, 33, 0.2);
            --oxd-secondary-four-alpha-50-color:rgba(118, 188, 33, 0.5);
        }
  </style>
    <noscript>
        <strong>
            We're sorry but orangehrm doesn't work properly without JavaScript enabled. Please enable it to continue.
        </strong>
    </noscript>

    <div id="app">
    <auth-login
            :error="{&quot;error&quot;:&quot;invalid_csrf_token&quot;,&quot;message&quot;:&quot;CSRF token validation failed&quot;}"
            :token="&quot;e472b10178ebfe6797193d522ab.mhqjBaQDAE_4Ta_vhyHRzbFce1X4s_afd0g3rb46O4Q.yFnvUM4xOSfIdfiutBSErIAbCCyMw9v4GwFgxdpQcPzZcOFQ5jBufq98nw&quot;"
            :login-logo-src="&quot;\/web\/images\/ohrm_logo.png&quot;"
            :login-banner-src="&quot;\/web\/images\/ohrm_branding.png?v=1775433284510&quot;"
            :show-social-media="true"
            :is-demo-mode="false"
            :authenticators="[]"
        >
    <template v-slot:footer>
        <div class="orangehrm-copyright-wrapper">
            <oxd-text tag="p" class="orangehrm-copyright">OrangeHRM OS 5.8.1</oxd-text>
<oxd-text tag="p" class="orangehrm-copyright">&copy; 2005 - 2026 <a href="http://www.orangehrm.com" target="_blank">OrangeHRM, Inc</a>. All rights reserved.</oxd-text>
        </div>
    </template>
    </auth-login>
    </div>
    <script type="text/javascript">
        window.appGlobal = {
          baseUrl: "/web/index.php",
          publicPath: "/web",
        };
    </script>
    <script src="/web/dist/js/chunk-vendors.js?v=1775433284510"></script>
    <script src="/web/dist/js/app.js?v=1775433284510"></script>
</body>
</html>

2026-06-01 17:50:14,115 - baseAutoHttp.py - INFO - 【02登录页面未携带token:login_not_token_api】接口调用结束

2026-06-01 17:50:14,115 - web_login_page.py - INFO - 【未携带CSRF令牌】断言成功
2026-06-01 17:50:14,115 - baseAutoHttp.py - INFO - 接口会话已关闭
2026-06-01 17:50:14,115 - test_web_ohrm.py - INFO - 【未携带CSRF令牌】用例执行成功
2026-06-01 17:50:14,121 - baseUtils.py - INFO - 配置文件读取成功：E:\develop\PythonProject\OrangeHRM\Config\配置文件.ini
2026-06-01 17:50:14,228 - baseAutoHttp.py - INFO - 【01登录页面接口信息:login_api】接口调用开始
2026-06-01 17:50:14,230 - baseData.py - INFO - 动态参数替换成功：{'_token': 'ed38f1706fd.qrThjD9RBVxCt_imd5T9bReU30lThXSOc5AZJZ23e1k.wM6N4FYLYhNvhareKPOaD16n5383shnbK_F2UvP1MQ_90oz9eyFnEDCFiw', 'username': 'admin', 'password': 'Keepmoving624.'}
2026-06-01 17:50:14,230 - baseAutoHttp.py - INFO - 请求方式: POST
2026-06-01 17:50:14,230 - baseAutoHttp.py - INFO - 请求地址: http://127.0.0.1:8080/web/index.php/auth/validate
2026-06-01 17:50:14,230 - baseAutoHttp.py - INFO - 请求头: {'User-Agent': 'Mozilla/5.0 (Windows NT 10.0; Win64; x64) AppleWebKit/537.36 (KHTML, like Gecko) Chrome/148.0.0.0 Safari/537.36', 'Content-Type': 'application/x-www-form-urlencoded'}
2026-06-01 17:50:14,230 - baseAutoHttp.py - INFO - 请求参数: params=None | data={'_token': 'ed38f1706fd.qrThjD9RBVxCt_imd5T9bReU30lThXSOc5AZJZ23e1k.wM6N4FYLYhNvhareKPOaD16n5383shnbK_F2UvP1MQ_90oz9eyFnEDCFiw', 'username': 'admin', 'password': 'Keepmoving624.'} | json=None
2026-06-01 17:50:14,336 - baseAutoHttp.py - INFO - 响应状态码: 200
2026-06-01 17:50:14,336 - baseAutoHttp.py - INFO - 响应耗时: 0.066408s
2026-06-01 17:50:14,336 - baseAutoHttp.py - INFO - 响应文本: <!DOCTYPE html>
<html>
<head>
  <meta charset="UTF-8">
  <meta http-equiv="X-UA-Compatible" content="IE=edge">
  <meta name="viewport" content="width=device-width,initial-scale=1">
  <title>OrangeHRM</title>
      <link rel="icon" href="/web/dist/favicon.ico?v=1775433284510">
    <link href="/web/dist/css/chunk-vendors.css?v=1775433284510" rel="preload" as="style">
    <link href="/web/dist/css/app.css?v=1775433284510" rel="preload" as="style">
    <link href="/web/dist/js/chunk-vendors.js?v=1775433284510" rel="preload" as="script">
    <link href="/web/dist/js/app.js?v=1775433284510" rel="preload" as="script">
      <link href="/web/dist/css/chunk-vendors.css?v=1775433284510" rel="stylesheet"/>
    <link href="/web/dist/css/app.css?v=1775433284510" rel="stylesheet"/>
</head>
<body>
  <style>
    :root {
            --oxd-primary-one-color:#FF7B1D;
            --oxd-primary-font-color:#FFFFFF;
            --oxd-secondary-four-color:#76BC21;
            --oxd-secondary-font-color:#FFFFFF;
            --oxd-primary-gradient-start-color:#FF920B;
            --oxd-primary-gradient-end-color:#F35C17;
            --oxd-secondary-gradient-start-color:#FF920B;
            --oxd-secondary-gradient-end-color:#F35C17;
            --oxd-primary-one-lighten-5-color:#ff8a37;
            --oxd-primary-one-lighten-30-color:#ffd4b6;
            --oxd-primary-one-darken-5-color:#ff6c03;
            --oxd-primary-one-alpha-10-color:rgba(255, 123, 29, 0.1);
            --oxd-primary-one-alpha-15-color:rgba(255, 123, 29, 0.15);
            --oxd-primary-one-alpha-20-color:rgba(255, 123, 29, 0.2);
            --oxd-primary-one-alpha-50-color:rgba(255, 123, 29, 0.5);
            --oxd-secondary-four-lighten-5-color:#84d225;
            --oxd-secondary-four-darken-5-color:#68a61d;
            --oxd-secondary-four-alpha-10-color:rgba(118, 188, 33, 0.1);
            --oxd-secondary-four-alpha-15-color:rgba(118, 188, 33, 0.15);
            --oxd-secondary-four-alpha-20-color:rgba(118, 188, 33, 0.2);
            --oxd-secondary-four-alpha-50-color:rgba(118, 188, 33, 0.5);
        }
  </style>
    <noscript>
        <strong>
            We're sorry but orangehrm doesn't work properly without JavaScript enabled. Please enable it to continue.
        </strong>
    </noscript>

    <div id="app">
    <auth-login
            :error="{&quot;error&quot;:&quot;invalid_csrf_token&quot;,&quot;message&quot;:&quot;CSRF token validation failed&quot;}"
            :token="&quot;f270da83770d53.beIgE4gcBFmSNV85iJmwqLnejQQ6bD_keg6b4LHup_M.Ittof8olfGH8YjFW163c-u6dvXcKBUzUEVvNqdm_k4U3m1hY8mk0G6NnPA&quot;"
            :login-logo-src="&quot;\/web\/images\/ohrm_logo.png&quot;"
            :login-banner-src="&quot;\/web\/images\/ohrm_branding.png?v=1775433284510&quot;"
            :show-social-media="true"
            :is-demo-mode="false"
            :authenticators="[]"
        >
    <template v-slot:footer>
        <div class="orangehrm-copyright-wrapper">
            <oxd-text tag="p" class="orangehrm-copyright">OrangeHRM OS 5.8.1</oxd-text>
<oxd-text tag="p" class="orangehrm-copyright">&copy; 2005 - 2026 <a href="http://www.orangehrm.com" target="_blank">OrangeHRM, Inc</a>. All rights reserved.</oxd-text>
        </div>
    </template>
    </auth-login>
    </div>
    <script type="text/javascript">
        window.appGlobal = {
          baseUrl: "/web/index.php",
          publicPath: "/web",
        };
    </script>
    <script src="/web/dist/js/chunk-vendors.js?v=1775433284510"></script>
    <script src="/web/dist/js/app.js?v=1775433284510"></script>
</body>
</html>

2026-06-01 17:50:14,336 - baseAutoHttp.py - INFO - 【01登录页面接口信息:login_api】接口调用结束

2026-06-01 17:50:14,336 - web_login_page.py - INFO - 【跨会话使用Token】断言成功
2026-06-01 17:50:14,336 - baseAutoHttp.py - INFO - 接口会话已关闭
2026-06-01 17:50:14,337 - test_web_ohrm.py - INFO - 【携带过期CSRF令牌】用例执行成功
2026-06-01 17:50:14,346 - baseUtils.py - INFO - 配置文件读取成功：E:\develop\PythonProject\OrangeHRM\Config\配置文件.ini
2026-06-01 17:50:14,347 - baseAutoHttp.py - INFO - 【01登录页面接口信息:login_api】接口调用开始
2026-06-01 17:50:14,349 - baseData.py - INFO - 动态参数替换成功：{'_token': 'XYh%rsBr&AiXVQuSjNTL', 'username': 'admin', 'password': 'Keepmoving624.'}
2026-06-01 17:50:14,350 - baseAutoHttp.py - INFO - 请求方式: POST
2026-06-01 17:50:14,350 - baseAutoHttp.py - INFO - 请求地址: http://127.0.0.1:8080/web/index.php/auth/validate
2026-06-01 17:50:14,350 - baseAutoHttp.py - INFO - 请求头: {'User-Agent': 'Mozilla/5.0 (Windows NT 10.0; Win64; x64) AppleWebKit/537.36 (KHTML, like Gecko) Chrome/148.0.0.0 Safari/537.36', 'Content-Type': 'application/x-www-form-urlencoded'}
2026-06-01 17:50:14,350 - baseAutoHttp.py - INFO - 请求参数: params=None | data={'_token': 'XYh%rsBr&AiXVQuSjNTL', 'username': 'admin', 'password': 'Keepmoving624.'} | json=None
2026-06-01 17:50:14,480 - baseAutoHttp.py - INFO - 响应状态码: 200
2026-06-01 17:50:14,480 - baseAutoHttp.py - INFO - 响应耗时: 0.075189s
2026-06-01 17:50:14,480 - baseAutoHttp.py - INFO - 响应文本: <!DOCTYPE html>
<html>
<head>
  <meta charset="UTF-8">
  <meta http-equiv="X-UA-Compatible" content="IE=edge">
  <meta name="viewport" content="width=device-width,initial-scale=1">
  <title>OrangeHRM</title>
      <link rel="icon" href="/web/dist/favicon.ico?v=1775433284510">
    <link href="/web/dist/css/chunk-vendors.css?v=1775433284510" rel="preload" as="style">
    <link href="/web/dist/css/app.css?v=1775433284510" rel="preload" as="style">
    <link href="/web/dist/js/chunk-vendors.js?v=1775433284510" rel="preload" as="script">
    <link href="/web/dist/js/app.js?v=1775433284510" rel="preload" as="script">
      <link href="/web/dist/css/chunk-vendors.css?v=1775433284510" rel="stylesheet"/>
    <link href="/web/dist/css/app.css?v=1775433284510" rel="stylesheet"/>
</head>
<body>
  <style>
    :root {
            --oxd-primary-one-color:#FF7B1D;
            --oxd-primary-font-color:#FFFFFF;
            --oxd-secondary-four-color:#76BC21;
            --oxd-secondary-font-color:#FFFFFF;
            --oxd-primary-gradient-start-color:#FF920B;
            --oxd-primary-gradient-end-color:#F35C17;
            --oxd-secondary-gradient-start-color:#FF920B;
            --oxd-secondary-gradient-end-color:#F35C17;
            --oxd-primary-one-lighten-5-color:#ff8a37;
            --oxd-primary-one-lighten-30-color:#ffd4b6;
            --oxd-primary-one-darken-5-color:#ff6c03;
            --oxd-primary-one-alpha-10-color:rgba(255, 123, 29, 0.1);
            --oxd-primary-one-alpha-15-color:rgba(255, 123, 29, 0.15);
            --oxd-primary-one-alpha-20-color:rgba(255, 123, 29, 0.2);
            --oxd-primary-one-alpha-50-color:rgba(255, 123, 29, 0.5);
            --oxd-secondary-four-lighten-5-color:#84d225;
            --oxd-secondary-four-darken-5-color:#68a61d;
            --oxd-secondary-four-alpha-10-color:rgba(118, 188, 33, 0.1);
            --oxd-secondary-four-alpha-15-color:rgba(118, 188, 33, 0.15);
            --oxd-secondary-four-alpha-20-color:rgba(118, 188, 33, 0.2);
            --oxd-secondary-four-alpha-50-color:rgba(118, 188, 33, 0.5);
        }
  </style>
    <noscript>
        <strong>
            We're sorry but orangehrm doesn't work properly without JavaScript enabled. Please enable it to continue.
        </strong>
    </noscript>

    <div id="app">
    <auth-login
            :error="{&quot;error&quot;:&quot;invalid_csrf_token&quot;,&quot;message&quot;:&quot;CSRF token validation failed&quot;}"
            :token="&quot;0df37aa96c14a56.7n3HTCWbs4IhMoTQY1YfjdRaTA07c46QdPbOHEaEeiI.gASXNWrxwMkXXOaaD2JW_Yc8CDpvS-bxOY79RDfoEmGHTZ0BUezryGBczQ&quot;"
            :login-logo-src="&quot;\/web\/images\/ohrm_logo.png&quot;"
            :login-banner-src="&quot;\/web\/images\/ohrm_branding.png?v=1775433284510&quot;"
            :show-social-media="true"
            :is-demo-mode="false"
            :authenticators="[]"
        >
    <template v-slot:footer>
        <div class="orangehrm-copyright-wrapper">
            <oxd-text tag="p" class="orangehrm-copyright">OrangeHRM OS 5.8.1</oxd-text>
<oxd-text tag="p" class="orangehrm-copyright">&copy; 2005 - 2026 <a href="http://www.orangehrm.com" target="_blank">OrangeHRM, Inc</a>. All rights reserved.</oxd-text>
        </div>
    </template>
    </auth-login>
    </div>
    <script type="text/javascript">
        window.appGlobal = {
          baseUrl: "/web/index.php",
          publicPath: "/web",
        };
    </script>
    <script src="/web/dist/js/chunk-vendors.js?v=1775433284510"></script>
    <script src="/web/dist/js/app.js?v=1775433284510"></script>
</body>
</html>

2026-06-01 17:50:14,481 - baseAutoHttp.py - INFO - 【01登录页面接口信息:login_api】接口调用结束

2026-06-01 17:50:14,481 - web_login_page.py - INFO - 【携带错误格式Token】断言成功
2026-06-01 17:50:14,481 - baseAutoHttp.py - INFO - 接口会话已关闭
2026-06-01 17:50:14,481 - test_web_ohrm.py - INFO - 【携带错误格式Token】用例执行成功
2026-06-01 17:50:14,489 - baseUtils.py - INFO - 配置文件读取成功：E:\develop\PythonProject\OrangeHRM\Config\配置文件.ini
2026-06-01 17:50:14,540 - baseAutoHttp.py - INFO - 【01登录页面接口信息:login_api】接口调用开始
2026-06-01 17:50:14,541 - baseData.py - INFO - 动态参数替换成功：{'_token': 'a9821c7104e28.DCWgBkMuMBY9zcPPCGUotjo8GMGT8vv-OUrrJFGweeo.PFXaWS5_A2IN-YedcTNg5WJuKJHSmMmzdBmAexDoKoN4ctk1dB5vXUf-oA', 'username': 'wrong', 'password': 'wrong'}
2026-06-01 17:50:14,541 - baseAutoHttp.py - INFO - 请求方式: POST
2026-06-01 17:50:14,542 - baseAutoHttp.py - INFO - 请求地址: http://127.0.0.1:8080/web/index.php/auth/validate
2026-06-01 17:50:14,542 - baseAutoHttp.py - INFO - 请求头: {'User-Agent': 'Mozilla/5.0 (Windows NT 10.0; Win64; x64) AppleWebKit/537.36 (KHTML, like Gecko) Chrome/148.0.0.0 Safari/537.36', 'Content-Type': 'application/x-www-form-urlencoded'}
2026-06-01 17:50:14,542 - baseAutoHttp.py - INFO - 请求参数: params=None | data={'_token': 'a9821c7104e28.DCWgBkMuMBY9zcPPCGUotjo8GMGT8vv-OUrrJFGweeo.PFXaWS5_A2IN-YedcTNg5WJuKJHSmMmzdBmAexDoKoN4ctk1dB5vXUf-oA', 'username': 'wrong', 'password': 'wrong'} | json=None
2026-06-01 17:50:14,634 - baseAutoHttp.py - INFO - 响应状态码: 200
2026-06-01 17:50:14,634 - baseAutoHttp.py - INFO - 响应耗时: 0.048262s
2026-06-01 17:50:14,634 - baseAutoHttp.py - INFO - 响应文本: <!DOCTYPE html>
<html>
<head>
  <meta charset="UTF-8">
  <meta http-equiv="X-UA-Compatible" content="IE=edge">
  <meta name="viewport" content="width=device-width,initial-scale=1">
  <title>OrangeHRM</title>
      <link rel="icon" href="/web/dist/favicon.ico?v=1775433284510">
    <link href="/web/dist/css/chunk-vendors.css?v=1775433284510" rel="preload" as="style">
    <link href="/web/dist/css/app.css?v=1775433284510" rel="preload" as="style">
    <link href="/web/dist/js/chunk-vendors.js?v=1775433284510" rel="preload" as="script">
    <link href="/web/dist/js/app.js?v=1775433284510" rel="preload" as="script">
      <link href="/web/dist/css/chunk-vendors.css?v=1775433284510" rel="stylesheet"/>
    <link href="/web/dist/css/app.css?v=1775433284510" rel="stylesheet"/>
</head>
<body>
  <style>
    :root {
            --oxd-primary-one-color:#FF7B1D;
            --oxd-primary-font-color:#FFFFFF;
            --oxd-secondary-four-color:#76BC21;
            --oxd-secondary-font-color:#FFFFFF;
            --oxd-primary-gradient-start-color:#FF920B;
            --oxd-primary-gradient-end-color:#F35C17;
            --oxd-secondary-gradient-start-color:#FF920B;
            --oxd-secondary-gradient-end-color:#F35C17;
            --oxd-primary-one-lighten-5-color:#ff8a37;
            --oxd-primary-one-lighten-30-color:#ffd4b6;
            --oxd-primary-one-darken-5-color:#ff6c03;
            --oxd-primary-one-alpha-10-color:rgba(255, 123, 29, 0.1);
            --oxd-primary-one-alpha-15-color:rgba(255, 123, 29, 0.15);
            --oxd-primary-one-alpha-20-color:rgba(255, 123, 29, 0.2);
            --oxd-primary-one-alpha-50-color:rgba(255, 123, 29, 0.5);
            --oxd-secondary-four-lighten-5-color:#84d225;
            --oxd-secondary-four-darken-5-color:#68a61d;
            --oxd-secondary-four-alpha-10-color:rgba(118, 188, 33, 0.1);
            --oxd-secondary-four-alpha-15-color:rgba(118, 188, 33, 0.15);
            --oxd-secondary-four-alpha-20-color:rgba(118, 188, 33, 0.2);
            --oxd-secondary-four-alpha-50-color:rgba(118, 188, 33, 0.5);
        }
  </style>
    <noscript>
        <strong>
            We're sorry but orangehrm doesn't work properly without JavaScript enabled. Please enable it to continue.
        </strong>
    </noscript>

    <div id="app">
    <auth-login
            :error="{&quot;error&quot;:&quot;invalid_credentials&quot;,&quot;message&quot;:&quot;Invalid credentials&quot;}"
            :token="&quot;aa53d4a2b48899061dad1.tJ-GZNQNfKu9llo44sHYlYuvoVi08ZFNcU-HFYdAp44.hO_8O7lcT9-Noh5qm5eQxtP9kQj1m6MAPBzsSsYY9OfAyP9X4z0j4MelOQ&quot;"
            :login-logo-src="&quot;\/web\/images\/ohrm_logo.png&quot;"
            :login-banner-src="&quot;\/web\/images\/ohrm_branding.png?v=1775433284510&quot;"
            :show-social-media="true"
            :is-demo-mode="false"
            :authenticators="[]"
        >
    <template v-slot:footer>
        <div class="orangehrm-copyright-wrapper">
            <oxd-text tag="p" class="orangehrm-copyright">OrangeHRM OS 5.8.1</oxd-text>
<oxd-text tag="p" class="orangehrm-copyright">&copy; 2005 - 2026 <a href="http://www.orangehrm.com" target="_blank">OrangeHRM, Inc</a>. All rights reserved.</oxd-text>
        </div>
    </template>
    </auth-login>
    </div>
    <script type="text/javascript">
        window.appGlobal = {
          baseUrl: "/web/index.php",
          publicPath: "/web",
        };
    </script>
    <script src="/web/dist/js/chunk-vendors.js?v=1775433284510"></script>
    <script src="/web/dist/js/app.js?v=1775433284510"></script>
</body>
</html>

2026-06-01 17:50:14,634 - baseAutoHttp.py - INFO - 【01登录页面接口信息:login_api】接口调用结束

2026-06-01 17:50:14,634 - web_login_page.py - INFO - 【wrong/wrong】断言成功
2026-06-01 17:50:14,634 - baseAutoHttp.py - INFO - 接口会话已关闭
2026-06-01 17:50:14,634 - test_web_ohrm.py - INFO - 【错误用户名/密码】用例执行成功
2026-06-01 17:50:14,642 - baseUtils.py - INFO - 配置文件读取成功：E:\develop\PythonProject\OrangeHRM\Config\配置文件.ini
2026-06-01 17:50:14,692 - baseAutoHttp.py - INFO - 【01登录页面接口信息:login_api】接口调用开始
2026-06-01 17:50:14,693 - baseData.py - INFO - 动态参数替换成功：{'_token': '2f6.Agb67381FWjayMPa5ZFgV-DqOg2UcuG7s1eEoocC0Tw.UGy4iR4EV12ghPCvoelQGbihc2H6NJv9ijy8-8FlgF1zZK3YUgFCUayxig', 'username': '', 'password': 'Keepmoving624.'}
2026-06-01 17:50:14,693 - baseAutoHttp.py - INFO - 请求方式: POST
2026-06-01 17:50:14,693 - baseAutoHttp.py - INFO - 请求地址: http://127.0.0.1:8080/web/index.php/auth/validate
2026-06-01 17:50:14,693 - baseAutoHttp.py - INFO - 请求头: {'User-Agent': 'Mozilla/5.0 (Windows NT 10.0; Win64; x64) AppleWebKit/537.36 (KHTML, like Gecko) Chrome/148.0.0.0 Safari/537.36', 'Content-Type': 'application/x-www-form-urlencoded'}
2026-06-01 17:50:14,694 - baseAutoHttp.py - INFO - 请求参数: params=None | data={'_token': '2f6.Agb67381FWjayMPa5ZFgV-DqOg2UcuG7s1eEoocC0Tw.UGy4iR4EV12ghPCvoelQGbihc2H6NJv9ijy8-8FlgF1zZK3YUgFCUayxig', 'username': '', 'password': 'Keepmoving624.'} | json=None
2026-06-01 17:50:14,817 - baseAutoHttp.py - INFO - 响应状态码: 200
2026-06-01 17:50:14,817 - baseAutoHttp.py - INFO - 响应耗时: 0.06718s
2026-06-01 17:50:14,817 - baseAutoHttp.py - INFO - 响应文本: <!DOCTYPE html>
<html>
<head>
  <meta charset="UTF-8">
  <meta http-equiv="X-UA-Compatible" content="IE=edge">
  <meta name="viewport" content="width=device-width,initial-scale=1">
  <title>OrangeHRM</title>
      <link rel="icon" href="/web/dist/favicon.ico?v=1775433284510">
    <link href="/web/dist/css/chunk-vendors.css?v=1775433284510" rel="preload" as="style">
    <link href="/web/dist/css/app.css?v=1775433284510" rel="preload" as="style">
    <link href="/web/dist/js/chunk-vendors.js?v=1775433284510" rel="preload" as="script">
    <link href="/web/dist/js/app.js?v=1775433284510" rel="preload" as="script">
      <link href="/web/dist/css/chunk-vendors.css?v=1775433284510" rel="stylesheet"/>
    <link href="/web/dist/css/app.css?v=1775433284510" rel="stylesheet"/>
</head>
<body>
  <style>
    :root {
            --oxd-primary-one-color:#FF7B1D;
            --oxd-primary-font-color:#FFFFFF;
            --oxd-secondary-four-color:#76BC21;
            --oxd-secondary-font-color:#FFFFFF;
            --oxd-primary-gradient-start-color:#FF920B;
            --oxd-primary-gradient-end-color:#F35C17;
            --oxd-secondary-gradient-start-color:#FF920B;
            --oxd-secondary-gradient-end-color:#F35C17;
            --oxd-primary-one-lighten-5-color:#ff8a37;
            --oxd-primary-one-lighten-30-color:#ffd4b6;
            --oxd-primary-one-darken-5-color:#ff6c03;
            --oxd-primary-one-alpha-10-color:rgba(255, 123, 29, 0.1);
            --oxd-primary-one-alpha-15-color:rgba(255, 123, 29, 0.15);
            --oxd-primary-one-alpha-20-color:rgba(255, 123, 29, 0.2);
            --oxd-primary-one-alpha-50-color:rgba(255, 123, 29, 0.5);
            --oxd-secondary-four-lighten-5-color:#84d225;
            --oxd-secondary-four-darken-5-color:#68a61d;
            --oxd-secondary-four-alpha-10-color:rgba(118, 188, 33, 0.1);
            --oxd-secondary-four-alpha-15-color:rgba(118, 188, 33, 0.15);
            --oxd-secondary-four-alpha-20-color:rgba(118, 188, 33, 0.2);
            --oxd-secondary-four-alpha-50-color:rgba(118, 188, 33, 0.5);
        }
  </style>
    <noscript>
        <strong>
            We're sorry but orangehrm doesn't work properly without JavaScript enabled. Please enable it to continue.
        </strong>
    </noscript>

    <div id="app">
    <auth-login
            :error="{&quot;error&quot;:&quot;invalid_credentials&quot;,&quot;message&quot;:&quot;Invalid credentials&quot;}"
            :token="&quot;2b0.4rJpw7mg6ACXc6DYOBkCwifzjMxiIAIrz2_Ymau0xwU.sNgrpdiRqjXtP5OtfGEyjH-4xaAMZnht9gTgwO3TlmST0D70lJS_OeEK6Q&quot;"
            :login-logo-src="&quot;\/web\/images\/ohrm_logo.png&quot;"
            :login-banner-src="&quot;\/web\/images\/ohrm_branding.png?v=1775433284510&quot;"
            :show-social-media="true"
            :is-demo-mode="false"
            :authenticators="[]"
        >
    <template v-slot:footer>
        <div class="orangehrm-copyright-wrapper">
            <oxd-text tag="p" class="orangehrm-copyright">OrangeHRM OS 5.8.1</oxd-text>
<oxd-text tag="p" class="orangehrm-copyright">&copy; 2005 - 2026 <a href="http://www.orangehrm.com" target="_blank">OrangeHRM, Inc</a>. All rights reserved.</oxd-text>
        </div>
    </template>
    </auth-login>
    </div>
    <script type="text/javascript">
        window.appGlobal = {
          baseUrl: "/web/index.php",
          publicPath: "/web",
        };
    </script>
    <script src="/web/dist/js/chunk-vendors.js?v=1775433284510"></script>
    <script src="/web/dist/js/app.js?v=1775433284510"></script>
</body>
</html>

2026-06-01 17:50:14,818 - baseAutoHttp.py - INFO - 【01登录页面接口信息:login_api】接口调用结束

2026-06-01 17:50:14,818 - web_login_page.py - INFO - 【空用户名/Keepmoving624.】断言成功
2026-06-01 17:50:14,818 - baseAutoHttp.py - INFO - 接口会话已关闭
2026-06-01 17:50:14,818 - test_web_ohrm.py - INFO - 【用户名为空】用例执行成功
2026-06-01 17:50:14,825 - baseUtils.py - INFO - 配置文件读取成功：E:\develop\PythonProject\OrangeHRM\Config\配置文件.ini
2026-06-01 17:50:14,878 - baseAutoHttp.py - INFO - 【01登录页面接口信息:login_api】接口调用开始
2026-06-01 17:50:14,879 - baseData.py - INFO - 动态参数替换成功：{'_token': 'ef89bd07cce481d280bc22ca.t6JneqFsOtxFNXSzdhR6aBux0iHNJ8p04pTi1-Kv8dU.zvBTT5kZQJUxUzf-BnkKK1HhhXngfZkmlaPb4JHMnrPAyQ006j9PiC1_LQ', 'username': 'admin', 'password': ''}
2026-06-01 17:50:14,879 - baseAutoHttp.py - INFO - 请求方式: POST
2026-06-01 17:50:14,879 - baseAutoHttp.py - INFO - 请求地址: http://127.0.0.1:8080/web/index.php/auth/validate
2026-06-01 17:50:14,880 - baseAutoHttp.py - INFO - 请求头: {'User-Agent': 'Mozilla/5.0 (Windows NT 10.0; Win64; x64) AppleWebKit/537.36 (KHTML, like Gecko) Chrome/148.0.0.0 Safari/537.36', 'Content-Type': 'application/x-www-form-urlencoded'}
2026-06-01 17:50:14,880 - baseAutoHttp.py - INFO - 请求参数: params=None | data={'_token': 'ef89bd07cce481d280bc22ca.t6JneqFsOtxFNXSzdhR6aBux0iHNJ8p04pTi1-Kv8dU.zvBTT5kZQJUxUzf-BnkKK1HhhXngfZkmlaPb4JHMnrPAyQ006j9PiC1_LQ', 'username': 'admin', 'password': ''} | json=None
2026-06-01 17:50:15,168 - baseAutoHttp.py - INFO - 响应状态码: 200
2026-06-01 17:50:15,168 - baseAutoHttp.py - INFO - 响应耗时: 0.047501s
2026-06-01 17:50:15,169 - baseAutoHttp.py - INFO - 响应文本: <!DOCTYPE html>
<html>
<head>
  <meta charset="UTF-8">
  <meta http-equiv="X-UA-Compatible" content="IE=edge">
  <meta name="viewport" content="width=device-width,initial-scale=1">
  <title>OrangeHRM</title>
      <link rel="icon" href="/web/dist/favicon.ico?v=1775433284510">
    <link href="/web/dist/css/chunk-vendors.css?v=1775433284510" rel="preload" as="style">
    <link href="/web/dist/css/app.css?v=1775433284510" rel="preload" as="style">
    <link href="/web/dist/js/chunk-vendors.js?v=1775433284510" rel="preload" as="script">
    <link href="/web/dist/js/app.js?v=1775433284510" rel="preload" as="script">
      <link href="/web/dist/css/chunk-vendors.css?v=1775433284510" rel="stylesheet"/>
    <link href="/web/dist/css/app.css?v=1775433284510" rel="stylesheet"/>
</head>
<body>
  <style>
    :root {
            --oxd-primary-one-color:#FF7B1D;
            --oxd-primary-font-color:#FFFFFF;
            --oxd-secondary-four-color:#76BC21;
            --oxd-secondary-font-color:#FFFFFF;
            --oxd-primary-gradient-start-color:#FF920B;
            --oxd-primary-gradient-end-color:#F35C17;
            --oxd-secondary-gradient-start-color:#FF920B;
            --oxd-secondary-gradient-end-color:#F35C17;
            --oxd-primary-one-lighten-5-color:#ff8a37;
            --oxd-primary-one-lighten-30-color:#ffd4b6;
            --oxd-primary-one-darken-5-color:#ff6c03;
            --oxd-primary-one-alpha-10-color:rgba(255, 123, 29, 0.1);
            --oxd-primary-one-alpha-15-color:rgba(255, 123, 29, 0.15);
            --oxd-primary-one-alpha-20-color:rgba(255, 123, 29, 0.2);
            --oxd-primary-one-alpha-50-color:rgba(255, 123, 29, 0.5);
            --oxd-secondary-four-lighten-5-color:#84d225;
            --oxd-secondary-four-darken-5-color:#68a61d;
            --oxd-secondary-four-alpha-10-color:rgba(118, 188, 33, 0.1);
            --oxd-secondary-four-alpha-15-color:rgba(118, 188, 33, 0.15);
            --oxd-secondary-four-alpha-20-color:rgba(118, 188, 33, 0.2);
            --oxd-secondary-four-alpha-50-color:rgba(118, 188, 33, 0.5);
        }
  </style>
    <noscript>
        <strong>
            We're sorry but orangehrm doesn't work properly without JavaScript enabled. Please enable it to continue.
        </strong>
    </noscript>

    <div id="app">
    <auth-login
            :error="{&quot;error&quot;:&quot;invalid_credentials&quot;,&quot;message&quot;:&quot;Invalid credentials&quot;}"
            :token="&quot;35f8c403336583b9ec.0bClFFzoSVZgynoGkzlxhURKIvnCe1xDsRY8OtItdE8.qOKRIWSdMx8UrDlL41QBxg4adaHvIQ8RxiEFDaFOGymm289aF7s8AgiAIw&quot;"
            :login-logo-src="&quot;\/web\/images\/ohrm_logo.png&quot;"
            :login-banner-src="&quot;\/web\/images\/ohrm_branding.png?v=1775433284510&quot;"
            :show-social-media="true"
            :is-demo-mode="false"
            :authenticators="[]"
        >
    <template v-slot:footer>
        <div class="orangehrm-copyright-wrapper">
            <oxd-text tag="p" class="orangehrm-copyright">OrangeHRM OS 5.8.1</oxd-text>
<oxd-text tag="p" class="orangehrm-copyright">&copy; 2005 - 2026 <a href="http://www.orangehrm.com" target="_blank">OrangeHRM, Inc</a>. All rights reserved.</oxd-text>
        </div>
    </template>
    </auth-login>
    </div>
    <script type="text/javascript">
        window.appGlobal = {
          baseUrl: "/web/index.php",
          publicPath: "/web",
        };
    </script>
    <script src="/web/dist/js/chunk-vendors.js?v=1775433284510"></script>
    <script src="/web/dist/js/app.js?v=1775433284510"></script>
</body>
</html>

2026-06-01 17:50:15,169 - baseAutoHttp.py - INFO - 【01登录页面接口信息:login_api】接口调用结束

2026-06-01 17:50:15,169 - web_login_page.py - INFO - 【admin/空密码】断言成功
2026-06-01 17:50:15,169 - baseAutoHttp.py - INFO - 接口会话已关闭
2026-06-01 17:50:15,169 - test_web_ohrm.py - INFO - 【密码为空】用例执行成功
2026-06-01 17:50:15,610 - baseDB.py - INFO - ✅ MySQL 数据库连接成功
2026-06-01 17:50:15,610 - conftest - INFO - ✅ conftest: 获取数据库连接（MysqlHelp）
2026-06-01 17:50:15,612 - baseUtils.py - INFO - 配置文件读取成功：E:\develop\PythonProject\OrangeHRM\Config\配置文件.ini
2026-06-01 17:50:16,101 - baseUtils.py - INFO - 配置文件读取成功：E:\develop\PythonProject\OrangeHRM\Config\配置文件.ini
2026-06-01 17:50:16,161 - baseUtils.py - INFO - 配置文件读取成功：E:\develop\PythonProject\OrangeHRM\Config\配置文件.ini
2026-06-01 17:50:16,231 - baseUtils.py - INFO - 配置文件读取成功：E:\develop\PythonProject\OrangeHRM\Config\配置文件.ini
2026-06-01 17:50:16,315 - baseAutoHttp.py - INFO - 【03查询员工页面:select_employee】接口调用开始
2026-06-01 17:50:16,318 - baseAutoHttp.py - INFO - 请求方式: GET
2026-06-01 17:50:16,318 - baseAutoHttp.py - INFO - 请求地址: http://127.0.0.1:8080/web/index.php/api/v2/pim/employees
2026-06-01 17:50:16,318 - baseAutoHttp.py - INFO - 请求头: {'User-Agent': 'Mozilla/5.0 (Windows NT 10.0; Win64; x64) AppleWebKit/537.36 (KHTML, like Gecko) Chrome/148.0.0.0 Safari/537.36'}
2026-06-01 17:50:16,318 - baseAutoHttp.py - INFO - 请求参数: params={'limit': '50', 'offset': '0', 'model': 'detailed', 'includeEmployees': 'onlyCurrent', 'sortField': 'employee.firstName', 'sortOrder': 'ASC'} | data=None | json=None
2026-06-01 17:50:16,420 - baseAutoHttp.py - INFO - 响应状态码: 200
2026-06-01 17:50:16,420 - baseAutoHttp.py - INFO - 响应耗时: 0.100224s
2026-06-01 17:50:16,420 - baseAutoHttp.py - INFO - 响应JSON: {'data': [{'empNumber': 2, 'lastName': 'oo', 'firstName': 'hh', 'middleName': '', 'employeeId': '0002', 'terminationId': None, 'jobTitle': {'id': None, 'title': None, 'isDeleted': None}, 'subunit': {'id': None, 'name': None}, 'empStatus': {'id': None, 'name': None}, 'supervisors': []}, {'empNumber': 5, 'lastName': 'Doe', 'firstName': 'John', 'middleName': '', 'employeeId': '1001', 'terminationId': None, 'jobTitle': {'id': None, 'title': None, 'isDeleted': None}, 'subunit': {'id': None, 'name': None}, 'empStatus': {'id': None, 'name': None}, 'supervisors': []}, {'empNumber': 6, 'lastName': 'pp', 'firstName': 'kk', 'middleName': '', 'employeeId': '1002', 'terminationId': None, 'jobTitle': {'id': None, 'title': None, 'isDeleted': None}, 'subunit': {'id': None, 'name': None}, 'empStatus': {'id': None, 'name': None}, 'supervisors': []}, {'empNumber': 14, 'lastName': 'll', 'firstName': 'kk', 'middleName': '', 'employeeId': '0014', 'terminationId': None, 'jobTitle': {'id': None, 'title': None, 'isDeleted': None}, 'subunit': {'id': None, 'name': None}, 'empStatus': {'id': None, 'name': None}, 'supervisors': []}, {'empNumber': 16, 'lastName': 'pp', 'firstName': 'ww', 'middleName': '', 'employeeId': '0016', 'terminationId': None, 'jobTitle': {'id': None, 'title': None, 'isDeleted': None}, 'subunit': {'id': None, 'name': None}, 'empStatus': {'id': None, 'name': None}, 'supervisors': []}, {'empNumber': 17, 'lastName': 'ss', 'firstName': 'zz', 'middleName': '', 'employeeId': '1009', 'terminationId': None, 'jobTitle': {'id': None, 'title': None, 'isDeleted': None}, 'subunit': {'id': None, 'name': None}, 'empStatus': {'id': None, 'name': None}, 'supervisors': []}, {'empNumber': 1, 'lastName': '安', 'firstName': '谢', 'middleName': '', 'employeeId': '0001', 'terminationId': None, 'jobTitle': {'id': None, 'title': None, 'isDeleted': None}, 'subunit': {'id': None, 'name': None}, 'empStatus': {'id': None, 'name': None}, 'supervisors': []}], 'meta': {'total': 7}, 'rels': []}
2026-06-01 17:50:16,420 - baseAutoHttp.py - INFO - 【03查询员工页面:select_employee】接口调用结束

2026-06-01 17:50:16,420 - test_web_ohrm.py - INFO - ☑️ 查询员工列表成功，返回 7 条
2026-06-01 17:50:16,426 - baseUtils.py - INFO - 配置文件读取成功：E:\develop\PythonProject\OrangeHRM\Config\配置文件.ini
2026-06-01 17:50:16,426 - baseAutoHttp.py - INFO - 【03查询员工页面:select_query】接口调用开始
2026-06-01 17:50:16,429 - baseData.py - INFO - 动态参数替换成功：{'employeeId': '1001'}
2026-06-01 17:50:16,429 - baseAutoHttp.py - INFO - 请求方式: GET
2026-06-01 17:50:16,429 - baseAutoHttp.py - INFO - 请求地址: http://127.0.0.1:8080/web/index.php/api/v2/pim/employees
2026-06-01 17:50:16,429 - baseAutoHttp.py - INFO - 请求头: {'User-Agent': 'Mozilla/5.0 (Windows NT 10.0; Win64; x64) AppleWebKit/537.36 (KHTML, like Gecko) Chrome/148.0.0.0 Safari/537.36', 'Referer': 'http://127.0.0.1:8080/web/index.php/pim/viewEmployeeList'}
2026-06-01 17:50:16,429 - baseAutoHttp.py - INFO - 请求参数: params={'limit': '50', 'offset': '0', 'model': 'detailed', 'employeeId': '1001', 'includeEmployees': 'onlyCurrent', 'sortField': 'employee.firstName', 'sortOrder': 'ASC'} | data=None | json=None
2026-06-01 17:50:16,488 - baseAutoHttp.py - INFO - 响应状态码: 200
2026-06-01 17:50:16,488 - baseAutoHttp.py - INFO - 响应耗时: 0.057887s
2026-06-01 17:50:16,489 - baseAutoHttp.py - INFO - 响应JSON: {'data': [{'empNumber': 5, 'lastName': 'Doe', 'firstName': 'John', 'middleName': '', 'employeeId': '1001', 'terminationId': None, 'jobTitle': {'id': None, 'title': None, 'isDeleted': None}, 'subunit': {'id': None, 'name': None}, 'empStatus': {'id': None, 'name': None}, 'supervisors': []}], 'meta': {'total': 1}, 'rels': []}
2026-06-01 17:50:16,489 - baseAutoHttp.py - INFO - 【03查询员工页面:select_query】接口调用结束

2026-06-01 17:50:16,489 - test_web_ohrm.py - INFO - ☑️【指定查询用例】执行完毕
2026-06-01 17:50:16,496 - baseUtils.py - INFO - 配置文件读取成功：E:\develop\PythonProject\OrangeHRM\Config\配置文件.ini
2026-06-01 17:50:16,496 - baseAutoHttp.py - INFO - 【03查询员工页面:select_query】接口调用开始
2026-06-01 17:50:16,498 - baseData.py - INFO - 动态参数替换成功：{'employeeId': '9999'}
2026-06-01 17:50:16,499 - baseAutoHttp.py - INFO - 请求方式: GET
2026-06-01 17:50:16,499 - baseAutoHttp.py - INFO - 请求地址: http://127.0.0.1:8080/web/index.php/api/v2/pim/employees
2026-06-01 17:50:16,499 - baseAutoHttp.py - INFO - 请求头: {'User-Agent': 'Mozilla/5.0 (Windows NT 10.0; Win64; x64) AppleWebKit/537.36 (KHTML, like Gecko) Chrome/148.0.0.0 Safari/537.36', 'Referer': 'http://127.0.0.1:8080/web/index.php/pim/viewEmployeeList'}
2026-06-01 17:50:16,499 - baseAutoHttp.py - INFO - 请求参数: params={'limit': '50', 'offset': '0', 'model': 'detailed', 'employeeId': '9999', 'includeEmployees': 'onlyCurrent', 'sortField': 'employee.firstName', 'sortOrder': 'ASC'} | data=None | json=None
2026-06-01 17:50:16,556 - baseAutoHttp.py - INFO - 响应状态码: 200
2026-06-01 17:50:16,556 - baseAutoHttp.py - INFO - 响应耗时: 0.056087s
2026-06-01 17:50:16,556 - baseAutoHttp.py - INFO - 响应JSON: {'data': [], 'meta': {'total': 0}, 'rels': []}
2026-06-01 17:50:16,556 - baseAutoHttp.py - INFO - 【03查询员工页面:select_query】接口调用结束

2026-06-01 17:50:16,556 - test_web_ohrm.py - INFO - ☑️【指定查询用例】执行完毕
2026-06-01 17:50:16,565 - baseUtils.py - INFO - 配置文件读取成功：E:\develop\PythonProject\OrangeHRM\Config\配置文件.ini
2026-06-01 17:50:16,593 - baseDB.py - INFO - ✅ MySQL 数据库连接成功
2026-06-01 17:50:16,595 - baseAutoHttp.py - INFO - 【04更新员工:update_employee】接口调用开始
2026-06-01 17:50:16,598 - baseData.py - INFO - 动态参数替换成功：{'firstName': 'John', 'lastName': 'Doe', 'employeeId': '1001'}
2026-06-01 17:50:16,598 - baseAutoHttp.py - INFO - 请求方式: PUT
2026-06-01 17:50:16,598 - baseAutoHttp.py - INFO - 请求地址: http://127.0.0.1:8080/web/index.php/api/v2/pim/employees/5/personal-details
2026-06-01 17:50:16,598 - baseAutoHttp.py - INFO - 请求头: {'User-Agent': 'Mozilla/5.0 (Windows NT 10.0; Win64; x64) AppleWebKit/537.36 (KHTML, like Gecko) Chrome/148.0.0.0 Safari/537.36', 'Content-Type': 'application/json', 'Referer': 'http://127.0.0.1:8080/web/index.php/pim/viewPersonalDetails/empNumber/5', 'Origin': 'http://127.0.0.1:8080'}
2026-06-01 17:50:16,598 - baseAutoHttp.py - INFO - 请求参数: params=None | data=None | json={'birthday': None, 'drivingLicenseExpiredDate': None, 'drivingLicenseNo': None, 'employeeId': '1001', 'firstName': 'John', 'gender': None, 'lastName': 'Doe', 'middleName': None, 'otherId': None}
2026-06-01 17:50:16,676 - baseAutoHttp.py - INFO - 响应状态码: 500
2026-06-01 17:50:16,676 - baseAutoHttp.py - INFO - 响应耗时: 0.076412s
2026-06-01 17:50:16,676 - baseAutoHttp.py - INFO - 响应JSON: {'error': {'status': '500', 'message': 'Unexpected Error Occurred'}}
2026-06-01 17:50:16,676 - baseAutoHttp.py - INFO - 【04更新员工:update_employee】接口调用结束

2026-06-01 17:50:16,684 - baseDB.py - INFO - ✅ MySQL 数据库连接成功
2026-06-01 17:50:16,687 - baseDB.py - INFO - ✅ MySQL 执行成功，事务已提交
2026-06-01 17:50:16,688 - baseDB.py - INFO - 🔌 MySQL 连接已关闭
2026-06-01 17:50:16,718 - baseDB.py - INFO - ✅ MySQL 数据库连接成功
2026-06-01 17:50:16,733 - baseUtils.py - INFO - 配置文件读取成功：E:\develop\PythonProject\OrangeHRM\Config\配置文件.ini
2026-06-01 17:50:16,735 - baseUtils.py - INFO - 配置文件读取成功：E:\develop\PythonProject\OrangeHRM\Config\配置文件.ini
2026-06-01 17:50:16,735 - baseAutoHttp.py - INFO - 【03查询员工页面:select_query】接口调用开始
2026-06-01 17:50:16,737 - baseData.py - INFO - 动态参数替换成功：{'employeeId': '0004'}
2026-06-01 17:50:16,737 - baseAutoHttp.py - INFO - 请求方式: GET
2026-06-01 17:50:16,737 - baseAutoHttp.py - INFO - 请求地址: http://127.0.0.1:8080/web/index.php/api/v2/pim/employees
2026-06-01 17:50:16,737 - baseAutoHttp.py - INFO - 请求头: {'User-Agent': 'Mozilla/5.0 (Windows NT 10.0; Win64; x64) AppleWebKit/537.36 (KHTML, like Gecko) Chrome/148.0.0.0 Safari/537.36', 'Referer': 'http://127.0.0.1:8080/web/index.php/pim/viewEmployeeList'}
2026-06-01 17:50:16,737 - baseAutoHttp.py - INFO - 请求参数: params={'limit': '50', 'offset': '0', 'model': 'detailed', 'employeeId': '0004', 'includeEmployees': 'onlyCurrent', 'sortField': 'employee.firstName', 'sortOrder': 'ASC'} | data=None | json=None
2026-06-01 17:50:16,812 - baseAutoHttp.py - INFO - 响应状态码: 200
2026-06-01 17:50:16,812 - baseAutoHttp.py - INFO - 响应耗时: 0.073464s
2026-06-01 17:50:16,812 - baseAutoHttp.py - INFO - 响应JSON: {'data': [], 'meta': {'total': 0}, 'rels': []}
2026-06-01 17:50:16,812 - baseAutoHttp.py - INFO - 【03查询员工页面:select_query】接口调用结束

2026-06-01 17:50:16,819 - baseDB.py - INFO - ✅ MySQL 数据库连接成功
2026-06-01 17:50:16,835 - baseUtils.py - INFO - 配置文件读取成功：E:\develop\PythonProject\OrangeHRM\Config\配置文件.ini
2026-06-01 17:50:16,836 - baseUtils.py - INFO - 配置文件读取成功：E:\develop\PythonProject\OrangeHRM\Config\配置文件.ini
2026-06-01 17:50:16,836 - baseAutoHttp.py - INFO - 【03查询员工页面:select_query】接口调用开始
2026-06-01 17:50:16,838 - baseData.py - INFO - 动态参数替换成功：{'employeeId': '9999'}
2026-06-01 17:50:16,838 - baseAutoHttp.py - INFO - 请求方式: GET
2026-06-01 17:50:16,839 - baseAutoHttp.py - INFO - 请求地址: http://127.0.0.1:8080/web/index.php/api/v2/pim/employees
2026-06-01 17:50:16,839 - baseAutoHttp.py - INFO - 请求头: {'User-Agent': 'Mozilla/5.0 (Windows NT 10.0; Win64; x64) AppleWebKit/537.36 (KHTML, like Gecko) Chrome/148.0.0.0 Safari/537.36', 'Referer': 'http://127.0.0.1:8080/web/index.php/pim/viewEmployeeList'}
2026-06-01 17:50:16,839 - baseAutoHttp.py - INFO - 请求参数: params={'limit': '50', 'offset': '0', 'model': 'detailed', 'employeeId': '9999', 'includeEmployees': 'onlyCurrent', 'sortField': 'employee.firstName', 'sortOrder': 'ASC'} | data=None | json=None
2026-06-01 17:50:16,912 - baseAutoHttp.py - INFO - 响应状态码: 200
2026-06-01 17:50:16,912 - baseAutoHttp.py - INFO - 响应耗时: 0.071866s
2026-06-01 17:50:16,912 - baseAutoHttp.py - INFO - 响应JSON: {'data': [], 'meta': {'total': 0}, 'rels': []}
2026-06-01 17:50:16,912 - baseAutoHttp.py - INFO - 【03查询员工页面:select_query】接口调用结束

2026-06-01 17:50:16,920 - baseDB.py - INFO - ✅ MySQL 数据库连接成功
2026-06-01 17:50:16,922 - test_web_ohrm.py - INFO - ☑️【删除员工】用例执行成功
2026-06-01 17:50:16,929 - baseUtils.py - INFO - 配置文件读取成功：E:\develop\PythonProject\OrangeHRM\Config\配置文件.ini
2026-06-01 17:50:16,929 - baseAutoHttp.py - INFO - 【06未登录访问员工接口:employee】接口调用开始
2026-06-01 17:50:16,931 - baseAutoHttp.py - INFO - 请求方式: GET
2026-06-01 17:50:16,931 - baseAutoHttp.py - INFO - 请求地址: http://127.0.0.1:8080/web/index.php/pim/viewEmployeeList
2026-06-01 17:50:16,931 - baseAutoHttp.py - INFO - 请求头: {'User-Agent': 'Mozilla/5.0 (Windows NT 10.0; Win64; x64) AppleWebKit/537.36 (KHTML, like Gecko) Chrome/148.0.0.0 Safari/537.36'}
2026-06-01 17:50:16,931 - baseAutoHttp.py - INFO - 请求参数: params={'includeEmployees': 'onlyCurrent', 'limit': '50', 'model': 'detailed', 'offset': '0', 'sortField': 'employee.firstName', 'sortOrder': 'ASC'} | data=None | json=None
2026-06-01 17:50:16,985 - baseAutoHttp.py - INFO - 响应状态码: 302
2026-06-01 17:50:16,985 - baseAutoHttp.py - INFO - 响应耗时: 0.052244s
2026-06-01 17:50:16,985 - baseAutoHttp.py - INFO - 响应文本: <!DOCTYPE html>
<html>
    <head>
        <meta charset="UTF-8" />
        <meta http-equiv="refresh" content="0;url='http://127.0.0.1:8080/web/index.php/auth/login'" />

        <title>Redirecting to http://127.0.0.1:8080/web/index.php/auth/login</title>
    </head>
    <body>
        Redirecting to <a href="http://127.0.0.1:8080/web/index.php/auth/login">http://127.0.0.1:8080/web/index.php/auth/login</a>.
    </body>
</html>
2026-06-01 17:50:16,986 - baseAutoHttp.py - INFO - 【06未登录访问员工接口:employee】接口调用结束

2026-06-01 17:50:17,385 - baseUtils.py - INFO - 配置文件读取成功：E:\develop\PythonProject\OrangeHRM\Config\配置文件.ini
2026-06-01 17:50:17,386 - baseAutoHttp.py - INFO - 【07非管理员登录:employee_login】接口调用开始
2026-06-01 17:50:17,387 - baseData.py - INFO - 动态参数替换成功：{'firstName': 'cc', 'lastName': 'dd', 'employeeId': '1010'}
2026-06-01 17:50:17,387 - baseAutoHttp.py - INFO - 请求方式: POST
2026-06-01 17:50:17,387 - baseAutoHttp.py - INFO - 请求地址: http://127.0.0.1:8080/web/index.php/api/v2/pim/employees
2026-06-01 17:50:17,387 - baseAutoHttp.py - INFO - 请求头: {'User-Agent': 'Mozilla/5.0 (Windows NT 10.0; Win64; x64) AppleWebKit/537.36 (KHTML, like Gecko) Chrome/148.0.0.0 Safari/537.36', 'Content-Type': 'application/json', 'Origin': 'http://127.0.0.1:8080', 'Referer': 'http://127.0.0.1:8080/web/index.php/pim/addEmployee'}
2026-06-01 17:50:17,387 - baseAutoHttp.py - INFO - 请求参数: params=None | data=None | json={'employeeId': '1010', 'empPicture': None, 'firstName': 'cc', 'lastName': 'dd', 'middleName': None}
2026-06-01 17:50:17,456 - baseAutoHttp.py - INFO - 响应状态码: 403
2026-06-01 17:50:17,456 - baseAutoHttp.py - INFO - 响应耗时: 0.067491s
2026-06-01 17:50:17,457 - baseAutoHttp.py - INFO - 响应JSON: {'error': {'status': 403, 'message': 'Unauthorized'}}
2026-06-01 17:50:17,457 - baseAutoHttp.py - INFO - 【07非管理员登录:employee_login】接口调用结束

2026-06-01 17:50:17,457 - test_web_ohrm.py - INFO - ☑️【非管理员账号操作员工】用例执行成功
2026-06-01 17:50:20,011 - runClient.py - INFO - ✅ Allure报告生成完成：E:\develop\PythonProject\OrangeHRM\Reports\ALLURE\Report
2026-06-01 17:50:20,031 - baseUtils.py - INFO - 目录文件清空完成：E:\develop\PythonProject\OrangeHRM\Reports\ALLURE\Result
2026-06-01 17:50:20,033 - baseUtils.py - INFO - 配置文件读取成功：E:\develop\PythonProject\OrangeHRM\Config\配置文件.ini
2026-06-01 17:50:20,151 - baseUtils.py - INFO - 文件夹压缩成功：E:\develop\PythonProject\OrangeHRM\Reports\ALLURE\Report\allure.zip
2026-06-01 17:50:21,897 - baseEmail.py - INFO - ✅ 邮件发送成功！发件人：511227621@qq.com，收件人：['1790159671@qq.com']
2026-06-01 17:50:21,944 - runClient.py - INFO - 📧 测试报告邮件发送成功
2026-06-01 17:50:21,945 - runClient.py - INFO - 🎉 自动化测试执行完毕！
2026-06-01 17:59:58,242 - baseUtils.py - INFO - 配置文件读取成功：E:\develop\PythonProject\OrangeHRM\Config\配置文件.ini
2026-06-01 17:59:58,242 - globalManager.py - INFO - 全局变量管理器初始化成功
2026-06-01 17:59:59,039 - baseUtils.py - INFO - 配置文件读取成功：E:\develop\PythonProject\OrangeHRM\Config\配置文件.ini
2026-06-01 17:59:59,039 - globalManager.py - INFO - 全局变量管理器初始化成功
2026-06-01 17:59:59,055 - runClient.py - INFO - 🔍 正在收集测试用例，请稍候...
2026-06-01 17:59:59,827 - baseUtils.py - INFO - 配置文件读取成功：E:\develop\PythonProject\OrangeHRM\Config\配置文件.ini
2026-06-01 17:59:59,827 - globalManager.py - INFO - 全局变量管理器初始化成功
2026-06-01 18:00:00,074 - baseUtils.py - INFO - 配置文件读取成功：E:\develop\PythonProject\OrangeHRM\Config\配置文件.ini
2026-06-01 18:00:00,234 - baseUtils.py - INFO - 配置文件读取成功：E:\develop\PythonProject\OrangeHRM\Config\配置文件.ini
2026-06-01 18:00:00,235 - baseUtils.py - INFO - 配置文件读取成功：E:\develop\PythonProject\OrangeHRM\Config\配置文件.ini
2026-06-01 18:00:00,522 - baseUtils.py - INFO - 配置文件读取成功：E:\develop\PythonProject\OrangeHRM\Config\配置文件.ini
2026-06-01 18:00:00,523 - baseData.py - INFO - 数据驱动读取成功：01登录接口
2026-06-01 18:00:00,524 - baseUtils.py - INFO - 配置文件读取成功：E:\develop\PythonProject\OrangeHRM\Config\配置文件.ini
2026-06-01 18:00:00,525 - baseData.py - INFO - 数据驱动读取成功：02添加员工接口
2026-06-01 18:00:00,526 - baseUtils.py - INFO - 配置文件读取成功：E:\develop\PythonProject\OrangeHRM\Config\配置文件.ini
2026-06-01 18:00:00,527 - baseData.py - INFO - 数据驱动读取成功：03指定查询
2026-06-01 18:00:00,528 - baseUtils.py - INFO - 配置文件读取成功：E:\develop\PythonProject\OrangeHRM\Config\配置文件.ini
2026-06-01 18:00:00,530 - baseData.py - INFO - 数据驱动读取成功：04删除员工
2026-06-01 18:00:00,536 - baseYaml.py - INFO - YAML写入成功：E:\develop\PythonProject\OrangeHRM\Data\Temp\tempcases.yaml
2026-06-01 18:00:00,536 - conftest.py - INFO - ✅ 用例信息已导出：E:\develop\PythonProject\OrangeHRM\Data\Temp\tempcases.yaml
2026-06-01 18:00:00,956 - runClient.py - INFO - ✅ 用例收集完成，启动用例选择器
2026-06-01 18:00:06,388 - runClient.py - INFO - 🚀 开始执行选中用例，共 18 条
2026-06-01 18:00:06,716 - baseUtils.py - INFO - 配置文件读取成功：E:\develop\PythonProject\OrangeHRM\Config\配置文件.ini
2026-06-01 18:00:07,082 - baseUtils.py - INFO - 配置文件读取成功：E:\develop\PythonProject\OrangeHRM\Config\配置文件.ini
2026-06-01 18:00:07,086 - baseUtils.py - INFO - 配置文件读取成功：E:\develop\PythonProject\OrangeHRM\Config\配置文件.ini
2026-06-01 18:00:07,771 - baseUtils.py - INFO - 配置文件读取成功：E:\develop\PythonProject\OrangeHRM\Config\配置文件.ini
2026-06-01 18:00:07,776 - baseData.py - INFO - 数据驱动读取成功：01登录接口
2026-06-01 18:00:07,783 - baseUtils.py - INFO - 配置文件读取成功：E:\develop\PythonProject\OrangeHRM\Config\配置文件.ini
2026-06-01 18:00:07,785 - baseData.py - INFO - 数据驱动读取成功：02添加员工接口
2026-06-01 18:00:07,788 - baseUtils.py - INFO - 配置文件读取成功：E:\develop\PythonProject\OrangeHRM\Config\配置文件.ini
2026-06-01 18:00:07,790 - baseData.py - INFO - 数据驱动读取成功：03指定查询
2026-06-01 18:00:07,792 - baseUtils.py - INFO - 配置文件读取成功：E:\develop\PythonProject\OrangeHRM\Config\配置文件.ini
2026-06-01 18:00:07,793 - baseData.py - INFO - 数据驱动读取成功：04删除员工
2026-06-01 18:00:07,811 - baseUtils.py - INFO - 配置文件读取成功：E:\develop\PythonProject\OrangeHRM\Config\配置文件.ini
2026-06-01 18:00:07,924 - baseAutoHttp.py - INFO - 【01登录页面接口信息:login_api】接口调用开始
2026-06-01 18:00:07,926 - baseData.py - INFO - 动态参数替换成功：{'_token': '1e0a9a481904.6xKpV4bqt48-npdEKa_lziySJBeF7Z94qg1inuo0zWY.mkf4BdyrxcF6rN0qEPaP9ku_cny0mdYz51k126dxnTyAeJsV976H3nn20g', 'username': 'admin', 'password': 'Keepmoving624.'}
2026-06-01 18:00:07,926 - baseAutoHttp.py - INFO - 请求方式: POST
2026-06-01 18:00:07,926 - baseAutoHttp.py - INFO - 请求地址: http://127.0.0.1:8080/web/index.php/auth/validate
2026-06-01 18:00:07,926 - baseAutoHttp.py - INFO - 请求头: {'User-Agent': 'Mozilla/5.0 (Windows NT 10.0; Win64; x64) AppleWebKit/537.36 (KHTML, like Gecko) Chrome/148.0.0.0 Safari/537.36', 'Content-Type': 'application/x-www-form-urlencoded'}
2026-06-01 18:00:07,926 - baseAutoHttp.py - INFO - 请求参数: params=None | data={'_token': '1e0a9a481904.6xKpV4bqt48-npdEKa_lziySJBeF7Z94qg1inuo0zWY.mkf4BdyrxcF6rN0qEPaP9ku_cny0mdYz51k126dxnTyAeJsV976H3nn20g', 'username': 'admin', 'password': 'Keepmoving624.'} | json=None
2026-06-01 18:00:08,354 - baseAutoHttp.py - INFO - 响应状态码: 200
2026-06-01 18:00:08,354 - baseAutoHttp.py - INFO - 响应耗时: 0.111942s
2026-06-01 18:00:08,355 - baseAutoHttp.py - INFO - 响应文本: <!DOCTYPE html>
<html>
<head>
  <meta charset="UTF-8">
  <meta http-equiv="X-UA-Compatible" content="IE=edge">
  <meta name="viewport" content="width=device-width,initial-scale=1">
  <title>OrangeHRM</title>
    <link rel="icon" href="/web/dist/favicon.ico?v=1775433284510">
  <link href="/web/dist/css/chunk-vendors.css?v=1775433284510" rel="preload" as="style">
  <link href="/web/dist/css/app.css?v=1775433284510" rel="preload" as="style">
  <link href="/web/dist/js/chunk-vendors.js?v=1775433284510" rel="preload" as="script">
  <link href="/web/dist/js/app.js?v=1775433284510" rel="preload" as="script">
    <link href="/web/dist/css/chunk-vendors.css?v=1775433284510" rel="stylesheet"/>
  <link href="/web/dist/css/app.css?v=1775433284510" rel="stylesheet"/>
</head>
<body>
  <style>
    :root {
            --oxd-primary-one-color:#FF7B1D;
            --oxd-primary-font-color:#FFFFFF;
            --oxd-secondary-four-color:#76BC21;
            --oxd-secondary-font-color:#FFFFFF;
            --oxd-primary-gradient-start-color:#FF920B;
            --oxd-primary-gradient-end-color:#F35C17;
            --oxd-secondary-gradient-start-color:#FF920B;
            --oxd-secondary-gradient-end-color:#F35C17;
            --oxd-primary-one-lighten-5-color:#ff8a37;
            --oxd-primary-one-lighten-30-color:#ffd4b6;
            --oxd-primary-one-darken-5-color:#ff6c03;
            --oxd-primary-one-alpha-10-color:rgba(255, 123, 29, 0.1);
            --oxd-primary-one-alpha-15-color:rgba(255, 123, 29, 0.15);
            --oxd-primary-one-alpha-20-color:rgba(255, 123, 29, 0.2);
            --oxd-primary-one-alpha-50-color:rgba(255, 123, 29, 0.5);
            --oxd-secondary-four-lighten-5-color:#84d225;
            --oxd-secondary-four-darken-5-color:#68a61d;
            --oxd-secondary-four-alpha-10-color:rgba(118, 188, 33, 0.1);
            --oxd-secondary-four-alpha-15-color:rgba(118, 188, 33, 0.15);
            --oxd-secondary-four-alpha-20-color:rgba(118, 188, 33, 0.2);
            --oxd-secondary-four-alpha-50-color:rgba(118, 188, 33, 0.5);
        }
  </style>
  <noscript>
    <strong>
      We're sorry but orangehrm doesn't work properly without JavaScript enabled. Please enable it to continue.
    </strong>
  </noscript>

  <div id="app">
    <oxd-layout
        home-url="https://www.orangehrm.com/"
        :sidepanel-menu-items="[{&quot;id&quot;:1,&quot;name&quot;:&quot;\u7ba1\u7406\u5458&quot;,&quot;url&quot;:&quot;\/web\/index.php\/admin\/viewAdminModule&quot;,&quot;icon&quot;:&quot;admin&quot;},{&quot;id&quot;:30,&quot;name&quot;:&quot;\u4e2a\u4eba\u4fe1\u606f\u7ba1\u7406\u7cfb\u7edf&quot;,&quot;url&quot;:&quot;\/web\/index.php\/pim\/viewPimModule&quot;,&quot;icon&quot;:&quot;pim&quot;},{&quot;id&quot;:41,&quot;name&quot;:&quot;\u4f11\u5047&quot;,&quot;url&quot;:&quot;\/web\/index.php\/leave\/viewLeaveModule&quot;,&quot;icon&quot;:&quot;leave&quot;},{&quot;id&quot;:52,&quot;name&quot;:&quot;\u65f6\u95f4&quot;,&quot;url&quot;:&quot;\/web\/index.php\/time\/viewTimeModule&quot;,&quot;icon&quot;:&quot;time&quot;},{&quot;id&quot;:65,&quot;name&quot;:&quot;\u62db\u8058&quot;,&quot;url&quot;:&quot;\/web\/index.php\/recruitment\/viewRecruitmentModule&quot;,&quot;icon&quot;:&quot;recruitment&quot;},{&quot;id&quot;:40,&quot;name&quot;:&quot;\u6211\u7684\u4fe1\u606f&quot;,&quot;url&quot;:&quot;\/web\/index.php\/pim\/viewMyDetails&quot;,&quot;icon&quot;:&quot;myinfo&quot;},{&quot;id&quot;:83,&quot;name&quot;:&quot;\u7ee9\u6548&quot;,&quot;url&quot;:&quot;\/web\/index.php\/performance\/viewPerformanceModule&quot;,&quot;icon&quot;:&quot;performance&quot;},{&quot;id&quot;:82,&quot;name&quot;:&quot;\u4eea\u8868\u76d8&quot;,&quot;url&quot;:&quot;\/web\/index.php\/dashboard\/index&quot;,&quot;icon&quot;:&quot;dashboard&quot;,&quot;active&quot;:true},{&quot;id&quot;:93,&quot;name&quot;:&quot;Directory&quot;,&quot;url&quot;:&quot;\/web\/index.php\/directory\/viewDirectory&quot;,&quot;icon&quot;:&quot;directory&quot;},{&quot;id&quot;:96,&quot;name&quot;:&quot;Maintenance&quot;,&quot;url&quot;:&quot;\/web\/index.php\/maintenance\/viewMaintenanceModule&quot;,&quot;icon&quot;:&quot;maintenance&quot;},{&quot;id&quot;:105,&quot;name&quot;:&quot;Claim&quot;,&quot;url&quot;:&quot;\/web\/index.php\/claim\/viewClaimModule&quot;,&quot;icon&quot;:&quot;claim&quot;},{&quot;id&quot;:101,&quot;name&quot;:&quot;\u6fc0\u52a8&quot;,&quot;url&quot;:&quot;\/web\/index.php\/buzz\/viewBuzz&quot;,&quot;icon&quot;:&quot;buzz&quot;}]"
        :topbar-menu-items="[]"
        :user="{&quot;firstName&quot;:&quot;\u8c22&quot;,&quot;lastName&quot;:&quot;\u5b89&quot;,&quot;profImgSrc&quot;:&quot;\/web\/index.php\/pim\/viewPhoto\/empNumber\/1&quot;,&quot;hasPassword&quot;:true}"
        brand-logo-src="/web/images/orange.png?v=1775433284510"
        brand-banner-src="/web/images/orangehrm-logo.png?v=1775433284510"
        logout-url="/web/index.php/auth/logout"
        support-url="/web/index.php/help/support"
        :update-password-url="&quot;/web/index.php/pim/updatePassword&quot;"
        :permissions="{&quot;dashboard_buzz_widget&quot;:{&quot;canRead&quot;:true,&quot;canCreate&quot;:false,&quot;canUpdate&quot;:false,&quot;canDelete&quot;:false},&quot;dashboard_employees_on_leave_today_config&quot;:{&quot;canRead&quot;:true,&quot;canCreate&quot;:false,&quot;canUpdate&quot;:true,&quot;canDelete&quot;:false},&quot;dashboard_leave_widget&quot;:{&quot;canRead&quot;:true,&quot;canCreate&quot;:false,&quot;canUpdate&quot;:false,&quot;canDelete&quot;:false},&quot;dashboard_location_widget&quot;:{&quot;canRead&quot;:true,&quot;canCreate&quot;:false,&quot;canUpdate&quot;:false,&quot;canDelete&quot;:false},&quot;dashboard_subunit_widget&quot;:{&quot;canRead&quot;:true,&quot;canCreate&quot;:false,&quot;canUpdate&quot;:false,&quot;canDelete&quot;:false},&quot;dashboard_time_widget&quot;:{&quot;canRead&quot;:true,&quot;canCreate&quot;:false,&quot;canUpdate&quot;:false,&quot;canDelete&quot;:false}}"
        :breadcrumb="{&quot;moduleName&quot;:&quot;\u4eea\u8868\u76d8&quot;,&quot;level&quot;:null}"
        :date-format="{&quot;id&quot;:&quot;Y-m-d&quot;,&quot;label&quot;:&quot;yyyy-mm-dd&quot;}"
        help-url="/web/index.php/help/help?label=dashboard_index"
        :show-upgrade="1"
    >
      <view-dashboard
            >
    </view-dashboard>
    <template v-slot:footer><oxd-text tag="p" class="orangehrm-copyright">OrangeHRM OS 5.8.1</oxd-text>
<oxd-text tag="p" class="orangehrm-copyright">&copy; 2005 - 2026 <a href="http://www.orangehrm.com" target="_blank">OrangeHRM, Inc</a>. All rights reserved.</oxd-text>
<br></template>
    </oxd-layout>
  </div>
  <script type="text/javascript">
      window.appGlobal = {
        baseUrl: "/web/index.php",
        publicPath: "/web",
      };
  </script>
  <script src="/web/dist/js/chunk-vendors.js?v=1775433284510"></script>
  <script src="/web/dist/js/app.js?v=1775433284510"></script>
</body>
</html>

2026-06-01 18:00:08,355 - baseAutoHttp.py - INFO - 【01登录页面接口信息:login_api】接口调用结束

2026-06-01 18:00:08,355 - web_login_page.py - INFO - 【管理员正常登录】断言成功
2026-06-01 18:00:08,356 - baseAutoHttp.py - INFO - 接口会话已关闭
2026-06-01 18:00:08,356 - test_web_ohrm.py - INFO - 【管理员正常登录】用例执行成功
2026-06-01 18:00:08,363 - baseUtils.py - INFO - 配置文件读取成功：E:\develop\PythonProject\OrangeHRM\Config\配置文件.ini
2026-06-01 18:00:08,416 - baseAutoHttp.py - INFO - 【02登录页面未携带token:login_not_token_api】接口调用开始
2026-06-01 18:00:08,418 - baseData.py - INFO - 动态参数替换成功：{'username': 'admin', 'password': 'Keepmoving624.'}
2026-06-01 18:00:08,418 - baseAutoHttp.py - INFO - 请求方式: POST
2026-06-01 18:00:08,418 - baseAutoHttp.py - INFO - 请求地址: http://127.0.0.1:8080/web/index.php/auth/validate
2026-06-01 18:00:08,418 - baseAutoHttp.py - INFO - 请求头: {'User-Agent': 'Mozilla/5.0 (Windows NT 10.0; Win64; x64) AppleWebKit/537.36 (KHTML, like Gecko) Chrome/148.0.0.0 Safari/537.36', 'Content-Type': 'application/x-www-form-urlencoded'}
2026-06-01 18:00:08,418 - baseAutoHttp.py - INFO - 请求参数: params=None | data={'username': 'admin', 'password': 'Keepmoving624.'} | json=None
2026-06-01 18:00:08,543 - baseAutoHttp.py - INFO - 响应状态码: 200
2026-06-01 18:00:08,543 - baseAutoHttp.py - INFO - 响应耗时: 0.071497s
2026-06-01 18:00:08,544 - baseAutoHttp.py - INFO - 响应文本: <!DOCTYPE html>
<html>
<head>
  <meta charset="UTF-8">
  <meta http-equiv="X-UA-Compatible" content="IE=edge">
  <meta name="viewport" content="width=device-width,initial-scale=1">
  <title>OrangeHRM</title>
      <link rel="icon" href="/web/dist/favicon.ico?v=1775433284510">
    <link href="/web/dist/css/chunk-vendors.css?v=1775433284510" rel="preload" as="style">
    <link href="/web/dist/css/app.css?v=1775433284510" rel="preload" as="style">
    <link href="/web/dist/js/chunk-vendors.js?v=1775433284510" rel="preload" as="script">
    <link href="/web/dist/js/app.js?v=1775433284510" rel="preload" as="script">
      <link href="/web/dist/css/chunk-vendors.css?v=1775433284510" rel="stylesheet"/>
    <link href="/web/dist/css/app.css?v=1775433284510" rel="stylesheet"/>
</head>
<body>
  <style>
    :root {
            --oxd-primary-one-color:#FF7B1D;
            --oxd-primary-font-color:#FFFFFF;
            --oxd-secondary-four-color:#76BC21;
            --oxd-secondary-font-color:#FFFFFF;
            --oxd-primary-gradient-start-color:#FF920B;
            --oxd-primary-gradient-end-color:#F35C17;
            --oxd-secondary-gradient-start-color:#FF920B;
            --oxd-secondary-gradient-end-color:#F35C17;
            --oxd-primary-one-lighten-5-color:#ff8a37;
            --oxd-primary-one-lighten-30-color:#ffd4b6;
            --oxd-primary-one-darken-5-color:#ff6c03;
            --oxd-primary-one-alpha-10-color:rgba(255, 123, 29, 0.1);
            --oxd-primary-one-alpha-15-color:rgba(255, 123, 29, 0.15);
            --oxd-primary-one-alpha-20-color:rgba(255, 123, 29, 0.2);
            --oxd-primary-one-alpha-50-color:rgba(255, 123, 29, 0.5);
            --oxd-secondary-four-lighten-5-color:#84d225;
            --oxd-secondary-four-darken-5-color:#68a61d;
            --oxd-secondary-four-alpha-10-color:rgba(118, 188, 33, 0.1);
            --oxd-secondary-four-alpha-15-color:rgba(118, 188, 33, 0.15);
            --oxd-secondary-four-alpha-20-color:rgba(118, 188, 33, 0.2);
            --oxd-secondary-four-alpha-50-color:rgba(118, 188, 33, 0.5);
        }
  </style>
    <noscript>
        <strong>
            We're sorry but orangehrm doesn't work properly without JavaScript enabled. Please enable it to continue.
        </strong>
    </noscript>

    <div id="app">
    <auth-login
            :error="{&quot;error&quot;:&quot;invalid_csrf_token&quot;,&quot;message&quot;:&quot;CSRF token validation failed&quot;}"
            :token="&quot;a5f9bc.BaxT6WnfQkuKG5pQ-6IM_lKa6cDyKQV28yxAVlttuJ4.dJk83Fq2LQL-Qf0bqNp7lgOvkfGnZlBEtmp3Ny4C_vRj2mSRUZJwAMR06Q&quot;"
            :login-logo-src="&quot;\/web\/images\/ohrm_logo.png&quot;"
            :login-banner-src="&quot;\/web\/images\/ohrm_branding.png?v=1775433284510&quot;"
            :show-social-media="true"
            :is-demo-mode="false"
            :authenticators="[]"
        >
    <template v-slot:footer>
        <div class="orangehrm-copyright-wrapper">
            <oxd-text tag="p" class="orangehrm-copyright">OrangeHRM OS 5.8.1</oxd-text>
<oxd-text tag="p" class="orangehrm-copyright">&copy; 2005 - 2026 <a href="http://www.orangehrm.com" target="_blank">OrangeHRM, Inc</a>. All rights reserved.</oxd-text>
        </div>
    </template>
    </auth-login>
    </div>
    <script type="text/javascript">
        window.appGlobal = {
          baseUrl: "/web/index.php",
          publicPath: "/web",
        };
    </script>
    <script src="/web/dist/js/chunk-vendors.js?v=1775433284510"></script>
    <script src="/web/dist/js/app.js?v=1775433284510"></script>
</body>
</html>

2026-06-01 18:00:08,544 - baseAutoHttp.py - INFO - 【02登录页面未携带token:login_not_token_api】接口调用结束

2026-06-01 18:00:08,544 - web_login_page.py - INFO - 【未携带CSRF令牌】断言成功
2026-06-01 18:00:08,544 - baseAutoHttp.py - INFO - 接口会话已关闭
2026-06-01 18:00:08,544 - test_web_ohrm.py - INFO - 【未携带CSRF令牌】用例执行成功
2026-06-01 18:00:08,550 - baseUtils.py - INFO - 配置文件读取成功：E:\develop\PythonProject\OrangeHRM\Config\配置文件.ini
2026-06-01 18:00:08,649 - baseAutoHttp.py - INFO - 【01登录页面接口信息:login_api】接口调用开始
2026-06-01 18:00:08,651 - baseData.py - INFO - 动态参数替换成功：{'_token': '7adb9984e9deff7a.D6R88nZCikj-3OYrLB85NhbBUbmCGMm-WucMiRdQ-W8.RPxPmBch-C-65aNpR2pXR3yVIID7ULvNaYFB-GcRmwdt9wSGFADYEYy00g', 'username': 'admin', 'password': 'Keepmoving624.'}
2026-06-01 18:00:08,651 - baseAutoHttp.py - INFO - 请求方式: POST
2026-06-01 18:00:08,651 - baseAutoHttp.py - INFO - 请求地址: http://127.0.0.1:8080/web/index.php/auth/validate
2026-06-01 18:00:08,652 - baseAutoHttp.py - INFO - 请求头: {'User-Agent': 'Mozilla/5.0 (Windows NT 10.0; Win64; x64) AppleWebKit/537.36 (KHTML, like Gecko) Chrome/148.0.0.0 Safari/537.36', 'Content-Type': 'application/x-www-form-urlencoded'}
2026-06-01 18:00:08,652 - baseAutoHttp.py - INFO - 请求参数: params=None | data={'_token': '7adb9984e9deff7a.D6R88nZCikj-3OYrLB85NhbBUbmCGMm-WucMiRdQ-W8.RPxPmBch-C-65aNpR2pXR3yVIID7ULvNaYFB-GcRmwdt9wSGFADYEYy00g', 'username': 'admin', 'password': 'Keepmoving624.'} | json=None
2026-06-01 18:00:08,772 - baseAutoHttp.py - INFO - 响应状态码: 200
2026-06-01 18:00:08,772 - baseAutoHttp.py - INFO - 响应耗时: 0.067937s
2026-06-01 18:00:08,772 - baseAutoHttp.py - INFO - 响应文本: <!DOCTYPE html>
<html>
<head>
  <meta charset="UTF-8">
  <meta http-equiv="X-UA-Compatible" content="IE=edge">
  <meta name="viewport" content="width=device-width,initial-scale=1">
  <title>OrangeHRM</title>
      <link rel="icon" href="/web/dist/favicon.ico?v=1775433284510">
    <link href="/web/dist/css/chunk-vendors.css?v=1775433284510" rel="preload" as="style">
    <link href="/web/dist/css/app.css?v=1775433284510" rel="preload" as="style">
    <link href="/web/dist/js/chunk-vendors.js?v=1775433284510" rel="preload" as="script">
    <link href="/web/dist/js/app.js?v=1775433284510" rel="preload" as="script">
      <link href="/web/dist/css/chunk-vendors.css?v=1775433284510" rel="stylesheet"/>
    <link href="/web/dist/css/app.css?v=1775433284510" rel="stylesheet"/>
</head>
<body>
  <style>
    :root {
            --oxd-primary-one-color:#FF7B1D;
            --oxd-primary-font-color:#FFFFFF;
            --oxd-secondary-four-color:#76BC21;
            --oxd-secondary-font-color:#FFFFFF;
            --oxd-primary-gradient-start-color:#FF920B;
            --oxd-primary-gradient-end-color:#F35C17;
            --oxd-secondary-gradient-start-color:#FF920B;
            --oxd-secondary-gradient-end-color:#F35C17;
            --oxd-primary-one-lighten-5-color:#ff8a37;
            --oxd-primary-one-lighten-30-color:#ffd4b6;
            --oxd-primary-one-darken-5-color:#ff6c03;
            --oxd-primary-one-alpha-10-color:rgba(255, 123, 29, 0.1);
            --oxd-primary-one-alpha-15-color:rgba(255, 123, 29, 0.15);
            --oxd-primary-one-alpha-20-color:rgba(255, 123, 29, 0.2);
            --oxd-primary-one-alpha-50-color:rgba(255, 123, 29, 0.5);
            --oxd-secondary-four-lighten-5-color:#84d225;
            --oxd-secondary-four-darken-5-color:#68a61d;
            --oxd-secondary-four-alpha-10-color:rgba(118, 188, 33, 0.1);
            --oxd-secondary-four-alpha-15-color:rgba(118, 188, 33, 0.15);
            --oxd-secondary-four-alpha-20-color:rgba(118, 188, 33, 0.2);
            --oxd-secondary-four-alpha-50-color:rgba(118, 188, 33, 0.5);
        }
  </style>
    <noscript>
        <strong>
            We're sorry but orangehrm doesn't work properly without JavaScript enabled. Please enable it to continue.
        </strong>
    </noscript>

    <div id="app">
    <auth-login
            :error="{&quot;error&quot;:&quot;invalid_csrf_token&quot;,&quot;message&quot;:&quot;CSRF token validation failed&quot;}"
            :token="&quot;ef.IY4LOsraV-TfiEjE-V7E4XssSzcWxCecBv52h__UidI.U-loUqGFNNS86SCmlDyRsR0YeGNUkBD2b5c60LWhsKtN5lF9-ZQVkKb6BQ&quot;"
            :login-logo-src="&quot;\/web\/images\/ohrm_logo.png&quot;"
            :login-banner-src="&quot;\/web\/images\/ohrm_branding.png?v=1775433284510&quot;"
            :show-social-media="true"
            :is-demo-mode="false"
            :authenticators="[]"
        >
    <template v-slot:footer>
        <div class="orangehrm-copyright-wrapper">
            <oxd-text tag="p" class="orangehrm-copyright">OrangeHRM OS 5.8.1</oxd-text>
<oxd-text tag="p" class="orangehrm-copyright">&copy; 2005 - 2026 <a href="http://www.orangehrm.com" target="_blank">OrangeHRM, Inc</a>. All rights reserved.</oxd-text>
        </div>
    </template>
    </auth-login>
    </div>
    <script type="text/javascript">
        window.appGlobal = {
          baseUrl: "/web/index.php",
          publicPath: "/web",
        };
    </script>
    <script src="/web/dist/js/chunk-vendors.js?v=1775433284510"></script>
    <script src="/web/dist/js/app.js?v=1775433284510"></script>
</body>
</html>

2026-06-01 18:00:08,772 - baseAutoHttp.py - INFO - 【01登录页面接口信息:login_api】接口调用结束

2026-06-01 18:00:08,772 - web_login_page.py - INFO - 【跨会话使用Token】断言成功
2026-06-01 18:00:08,773 - baseAutoHttp.py - INFO - 接口会话已关闭
2026-06-01 18:00:08,773 - test_web_ohrm.py - INFO - 【携带过期CSRF令牌】用例执行成功
2026-06-01 18:00:08,779 - baseUtils.py - INFO - 配置文件读取成功：E:\develop\PythonProject\OrangeHRM\Config\配置文件.ini
2026-06-01 18:00:08,780 - baseAutoHttp.py - INFO - 【01登录页面接口信息:login_api】接口调用开始
2026-06-01 18:00:08,781 - baseData.py - INFO - 动态参数替换成功：{'_token': '7Gai!aJeh1pM1s2LXnMh', 'username': 'admin', 'password': 'Keepmoving624.'}
2026-06-01 18:00:08,781 - baseAutoHttp.py - INFO - 请求方式: POST
2026-06-01 18:00:08,781 - baseAutoHttp.py - INFO - 请求地址: http://127.0.0.1:8080/web/index.php/auth/validate
2026-06-01 18:00:08,781 - baseAutoHttp.py - INFO - 请求头: {'User-Agent': 'Mozilla/5.0 (Windows NT 10.0; Win64; x64) AppleWebKit/537.36 (KHTML, like Gecko) Chrome/148.0.0.0 Safari/537.36', 'Content-Type': 'application/x-www-form-urlencoded'}
2026-06-01 18:00:08,781 - baseAutoHttp.py - INFO - 请求参数: params=None | data={'_token': '7Gai!aJeh1pM1s2LXnMh', 'username': 'admin', 'password': 'Keepmoving624.'} | json=None
2026-06-01 18:00:08,912 - baseAutoHttp.py - INFO - 响应状态码: 200
2026-06-01 18:00:08,912 - baseAutoHttp.py - INFO - 响应耗时: 0.068982s
2026-06-01 18:00:08,912 - baseAutoHttp.py - INFO - 响应文本: <!DOCTYPE html>
<html>
<head>
  <meta charset="UTF-8">
  <meta http-equiv="X-UA-Compatible" content="IE=edge">
  <meta name="viewport" content="width=device-width,initial-scale=1">
  <title>OrangeHRM</title>
      <link rel="icon" href="/web/dist/favicon.ico?v=1775433284510">
    <link href="/web/dist/css/chunk-vendors.css?v=1775433284510" rel="preload" as="style">
    <link href="/web/dist/css/app.css?v=1775433284510" rel="preload" as="style">
    <link href="/web/dist/js/chunk-vendors.js?v=1775433284510" rel="preload" as="script">
    <link href="/web/dist/js/app.js?v=1775433284510" rel="preload" as="script">
      <link href="/web/dist/css/chunk-vendors.css?v=1775433284510" rel="stylesheet"/>
    <link href="/web/dist/css/app.css?v=1775433284510" rel="stylesheet"/>
</head>
<body>
  <style>
    :root {
            --oxd-primary-one-color:#FF7B1D;
            --oxd-primary-font-color:#FFFFFF;
            --oxd-secondary-four-color:#76BC21;
            --oxd-secondary-font-color:#FFFFFF;
            --oxd-primary-gradient-start-color:#FF920B;
            --oxd-primary-gradient-end-color:#F35C17;
            --oxd-secondary-gradient-start-color:#FF920B;
            --oxd-secondary-gradient-end-color:#F35C17;
            --oxd-primary-one-lighten-5-color:#ff8a37;
            --oxd-primary-one-lighten-30-color:#ffd4b6;
            --oxd-primary-one-darken-5-color:#ff6c03;
            --oxd-primary-one-alpha-10-color:rgba(255, 123, 29, 0.1);
            --oxd-primary-one-alpha-15-color:rgba(255, 123, 29, 0.15);
            --oxd-primary-one-alpha-20-color:rgba(255, 123, 29, 0.2);
            --oxd-primary-one-alpha-50-color:rgba(255, 123, 29, 0.5);
            --oxd-secondary-four-lighten-5-color:#84d225;
            --oxd-secondary-four-darken-5-color:#68a61d;
            --oxd-secondary-four-alpha-10-color:rgba(118, 188, 33, 0.1);
            --oxd-secondary-four-alpha-15-color:rgba(118, 188, 33, 0.15);
            --oxd-secondary-four-alpha-20-color:rgba(118, 188, 33, 0.2);
            --oxd-secondary-four-alpha-50-color:rgba(118, 188, 33, 0.5);
        }
  </style>
    <noscript>
        <strong>
            We're sorry but orangehrm doesn't work properly without JavaScript enabled. Please enable it to continue.
        </strong>
    </noscript>

    <div id="app">
    <auth-login
            :error="{&quot;error&quot;:&quot;invalid_csrf_token&quot;,&quot;message&quot;:&quot;CSRF token validation failed&quot;}"
            :token="&quot;7df21c7cec75.qy8FVk8QgtRtyHPmT8J1qqbcG8ZIjqhaJTsFWYFqVW8.21lWBgph0bE_hxC0C5UgwMGSaY54z9oZTE09aMYtEh-fbkYCflfk4Dv5Og&quot;"
            :login-logo-src="&quot;\/web\/images\/ohrm_logo.png&quot;"
            :login-banner-src="&quot;\/web\/images\/ohrm_branding.png?v=1775433284510&quot;"
            :show-social-media="true"
            :is-demo-mode="false"
            :authenticators="[]"
        >
    <template v-slot:footer>
        <div class="orangehrm-copyright-wrapper">
            <oxd-text tag="p" class="orangehrm-copyright">OrangeHRM OS 5.8.1</oxd-text>
<oxd-text tag="p" class="orangehrm-copyright">&copy; 2005 - 2026 <a href="http://www.orangehrm.com" target="_blank">OrangeHRM, Inc</a>. All rights reserved.</oxd-text>
        </div>
    </template>
    </auth-login>
    </div>
    <script type="text/javascript">
        window.appGlobal = {
          baseUrl: "/web/index.php",
          publicPath: "/web",
        };
    </script>
    <script src="/web/dist/js/chunk-vendors.js?v=1775433284510"></script>
    <script src="/web/dist/js/app.js?v=1775433284510"></script>
</body>
</html>

2026-06-01 18:00:08,912 - baseAutoHttp.py - INFO - 【01登录页面接口信息:login_api】接口调用结束

2026-06-01 18:00:08,913 - web_login_page.py - INFO - 【携带错误格式Token】断言成功
2026-06-01 18:00:08,913 - baseAutoHttp.py - INFO - 接口会话已关闭
2026-06-01 18:00:08,913 - test_web_ohrm.py - INFO - 【携带错误格式Token】用例执行成功
2026-06-01 18:00:08,920 - baseUtils.py - INFO - 配置文件读取成功：E:\develop\PythonProject\OrangeHRM\Config\配置文件.ini
2026-06-01 18:00:08,969 - baseAutoHttp.py - INFO - 【01登录页面接口信息:login_api】接口调用开始
2026-06-01 18:00:08,971 - baseData.py - INFO - 动态参数替换成功：{'_token': '36ba4d25f60bac54a4a788ad0fc.WtW31P7g4KvCY9laLL_zKbqbO8xkG4bMn3wIjRUkV-w.L-f4rrWWmeiAU7Yjbs2yduDSaf1cdMS5sixn2lFxNoERo9aOtI6_8ogsqg', 'username': 'wrong', 'password': 'wrong'}
2026-06-01 18:00:08,971 - baseAutoHttp.py - INFO - 请求方式: POST
2026-06-01 18:00:08,971 - baseAutoHttp.py - INFO - 请求地址: http://127.0.0.1:8080/web/index.php/auth/validate
2026-06-01 18:00:08,971 - baseAutoHttp.py - INFO - 请求头: {'User-Agent': 'Mozilla/5.0 (Windows NT 10.0; Win64; x64) AppleWebKit/537.36 (KHTML, like Gecko) Chrome/148.0.0.0 Safari/537.36', 'Content-Type': 'application/x-www-form-urlencoded'}
2026-06-01 18:00:08,971 - baseAutoHttp.py - INFO - 请求参数: params=None | data={'_token': '36ba4d25f60bac54a4a788ad0fc.WtW31P7g4KvCY9laLL_zKbqbO8xkG4bMn3wIjRUkV-w.L-f4rrWWmeiAU7Yjbs2yduDSaf1cdMS5sixn2lFxNoERo9aOtI6_8ogsqg', 'username': 'wrong', 'password': 'wrong'} | json=None
2026-06-01 18:00:09,099 - baseAutoHttp.py - INFO - 响应状态码: 200
2026-06-01 18:00:09,099 - baseAutoHttp.py - INFO - 响应耗时: 0.071315s
2026-06-01 18:00:09,099 - baseAutoHttp.py - INFO - 响应文本: <!DOCTYPE html>
<html>
<head>
  <meta charset="UTF-8">
  <meta http-equiv="X-UA-Compatible" content="IE=edge">
  <meta name="viewport" content="width=device-width,initial-scale=1">
  <title>OrangeHRM</title>
      <link rel="icon" href="/web/dist/favicon.ico?v=1775433284510">
    <link href="/web/dist/css/chunk-vendors.css?v=1775433284510" rel="preload" as="style">
    <link href="/web/dist/css/app.css?v=1775433284510" rel="preload" as="style">
    <link href="/web/dist/js/chunk-vendors.js?v=1775433284510" rel="preload" as="script">
    <link href="/web/dist/js/app.js?v=1775433284510" rel="preload" as="script">
      <link href="/web/dist/css/chunk-vendors.css?v=1775433284510" rel="stylesheet"/>
    <link href="/web/dist/css/app.css?v=1775433284510" rel="stylesheet"/>
</head>
<body>
  <style>
    :root {
            --oxd-primary-one-color:#FF7B1D;
            --oxd-primary-font-color:#FFFFFF;
            --oxd-secondary-four-color:#76BC21;
            --oxd-secondary-font-color:#FFFFFF;
            --oxd-primary-gradient-start-color:#FF920B;
            --oxd-primary-gradient-end-color:#F35C17;
            --oxd-secondary-gradient-start-color:#FF920B;
            --oxd-secondary-gradient-end-color:#F35C17;
            --oxd-primary-one-lighten-5-color:#ff8a37;
            --oxd-primary-one-lighten-30-color:#ffd4b6;
            --oxd-primary-one-darken-5-color:#ff6c03;
            --oxd-primary-one-alpha-10-color:rgba(255, 123, 29, 0.1);
            --oxd-primary-one-alpha-15-color:rgba(255, 123, 29, 0.15);
            --oxd-primary-one-alpha-20-color:rgba(255, 123, 29, 0.2);
            --oxd-primary-one-alpha-50-color:rgba(255, 123, 29, 0.5);
            --oxd-secondary-four-lighten-5-color:#84d225;
            --oxd-secondary-four-darken-5-color:#68a61d;
            --oxd-secondary-four-alpha-10-color:rgba(118, 188, 33, 0.1);
            --oxd-secondary-four-alpha-15-color:rgba(118, 188, 33, 0.15);
            --oxd-secondary-four-alpha-20-color:rgba(118, 188, 33, 0.2);
            --oxd-secondary-four-alpha-50-color:rgba(118, 188, 33, 0.5);
        }
  </style>
    <noscript>
        <strong>
            We're sorry but orangehrm doesn't work properly without JavaScript enabled. Please enable it to continue.
        </strong>
    </noscript>

    <div id="app">
    <auth-login
            :error="{&quot;error&quot;:&quot;invalid_credentials&quot;,&quot;message&quot;:&quot;Invalid credentials&quot;}"
            :token="&quot;145f72075d2d4f5745563f5657157.3E1PehT8XMJzZk3jdDgfQF6mMnrsGdMtwmemCSrcgpg.qX8AAF-KJYExViKaNkpeHwTvYEvUdpFY7zfJXm6J4_WXOy4gXpIDmzkpPg&quot;"
            :login-logo-src="&quot;\/web\/images\/ohrm_logo.png&quot;"
            :login-banner-src="&quot;\/web\/images\/ohrm_branding.png?v=1775433284510&quot;"
            :show-social-media="true"
            :is-demo-mode="false"
            :authenticators="[]"
        >
    <template v-slot:footer>
        <div class="orangehrm-copyright-wrapper">
            <oxd-text tag="p" class="orangehrm-copyright">OrangeHRM OS 5.8.1</oxd-text>
<oxd-text tag="p" class="orangehrm-copyright">&copy; 2005 - 2026 <a href="http://www.orangehrm.com" target="_blank">OrangeHRM, Inc</a>. All rights reserved.</oxd-text>
        </div>
    </template>
    </auth-login>
    </div>
    <script type="text/javascript">
        window.appGlobal = {
          baseUrl: "/web/index.php",
          publicPath: "/web",
        };
    </script>
    <script src="/web/dist/js/chunk-vendors.js?v=1775433284510"></script>
    <script src="/web/dist/js/app.js?v=1775433284510"></script>
</body>
</html>

2026-06-01 18:00:09,100 - baseAutoHttp.py - INFO - 【01登录页面接口信息:login_api】接口调用结束

2026-06-01 18:00:09,100 - web_login_page.py - INFO - 【wrong/wrong】断言成功
2026-06-01 18:00:09,100 - baseAutoHttp.py - INFO - 接口会话已关闭
2026-06-01 18:00:09,100 - test_web_ohrm.py - INFO - 【错误用户名/密码】用例执行成功
2026-06-01 18:00:09,107 - baseUtils.py - INFO - 配置文件读取成功：E:\develop\PythonProject\OrangeHRM\Config\配置文件.ini
2026-06-01 18:00:09,154 - baseAutoHttp.py - INFO - 【01登录页面接口信息:login_api】接口调用开始
2026-06-01 18:00:09,156 - baseData.py - INFO - 动态参数替换成功：{'_token': 'b225f8e.Jrj-H4OF3T0YyQtfgAFIdATqdplM3-DiDBXb_R8fZhA.do62cPvpq3pdmjIx4W8kBWqPKcM9iNCYan2XumZ7FVFH8bBxzNTkZ0msOw', 'username': '', 'password': 'Keepmoving624.'}
2026-06-01 18:00:09,156 - baseAutoHttp.py - INFO - 请求方式: POST
2026-06-01 18:00:09,156 - baseAutoHttp.py - INFO - 请求地址: http://127.0.0.1:8080/web/index.php/auth/validate
2026-06-01 18:00:09,156 - baseAutoHttp.py - INFO - 请求头: {'User-Agent': 'Mozilla/5.0 (Windows NT 10.0; Win64; x64) AppleWebKit/537.36 (KHTML, like Gecko) Chrome/148.0.0.0 Safari/537.36', 'Content-Type': 'application/x-www-form-urlencoded'}
2026-06-01 18:00:09,156 - baseAutoHttp.py - INFO - 请求参数: params=None | data={'_token': 'b225f8e.Jrj-H4OF3T0YyQtfgAFIdATqdplM3-DiDBXb_R8fZhA.do62cPvpq3pdmjIx4W8kBWqPKcM9iNCYan2XumZ7FVFH8bBxzNTkZ0msOw', 'username': '', 'password': 'Keepmoving624.'} | json=None
2026-06-01 18:00:09,245 - baseAutoHttp.py - INFO - 响应状态码: 200
2026-06-01 18:00:09,245 - baseAutoHttp.py - INFO - 响应耗时: 0.049277s
2026-06-01 18:00:09,245 - baseAutoHttp.py - INFO - 响应文本: <!DOCTYPE html>
<html>
<head>
  <meta charset="UTF-8">
  <meta http-equiv="X-UA-Compatible" content="IE=edge">
  <meta name="viewport" content="width=device-width,initial-scale=1">
  <title>OrangeHRM</title>
      <link rel="icon" href="/web/dist/favicon.ico?v=1775433284510">
    <link href="/web/dist/css/chunk-vendors.css?v=1775433284510" rel="preload" as="style">
    <link href="/web/dist/css/app.css?v=1775433284510" rel="preload" as="style">
    <link href="/web/dist/js/chunk-vendors.js?v=1775433284510" rel="preload" as="script">
    <link href="/web/dist/js/app.js?v=1775433284510" rel="preload" as="script">
      <link href="/web/dist/css/chunk-vendors.css?v=1775433284510" rel="stylesheet"/>
    <link href="/web/dist/css/app.css?v=1775433284510" rel="stylesheet"/>
</head>
<body>
  <style>
    :root {
            --oxd-primary-one-color:#FF7B1D;
            --oxd-primary-font-color:#FFFFFF;
            --oxd-secondary-four-color:#76BC21;
            --oxd-secondary-font-color:#FFFFFF;
            --oxd-primary-gradient-start-color:#FF920B;
            --oxd-primary-gradient-end-color:#F35C17;
            --oxd-secondary-gradient-start-color:#FF920B;
            --oxd-secondary-gradient-end-color:#F35C17;
            --oxd-primary-one-lighten-5-color:#ff8a37;
            --oxd-primary-one-lighten-30-color:#ffd4b6;
            --oxd-primary-one-darken-5-color:#ff6c03;
            --oxd-primary-one-alpha-10-color:rgba(255, 123, 29, 0.1);
            --oxd-primary-one-alpha-15-color:rgba(255, 123, 29, 0.15);
            --oxd-primary-one-alpha-20-color:rgba(255, 123, 29, 0.2);
            --oxd-primary-one-alpha-50-color:rgba(255, 123, 29, 0.5);
            --oxd-secondary-four-lighten-5-color:#84d225;
            --oxd-secondary-four-darken-5-color:#68a61d;
            --oxd-secondary-four-alpha-10-color:rgba(118, 188, 33, 0.1);
            --oxd-secondary-four-alpha-15-color:rgba(118, 188, 33, 0.15);
            --oxd-secondary-four-alpha-20-color:rgba(118, 188, 33, 0.2);
            --oxd-secondary-four-alpha-50-color:rgba(118, 188, 33, 0.5);
        }
  </style>
    <noscript>
        <strong>
            We're sorry but orangehrm doesn't work properly without JavaScript enabled. Please enable it to continue.
        </strong>
    </noscript>

    <div id="app">
    <auth-login
            :error="{&quot;error&quot;:&quot;invalid_credentials&quot;,&quot;message&quot;:&quot;Invalid credentials&quot;}"
            :token="&quot;ae8413fe3df0941e73591401a165.m_UyGN_Cr_aN5yfm_SmTvAMf7gzCHD61FtbMPPnQymM.y8N6d6eu2bHItB6InEf_zW16sVazSw7PcL6Ae4C0uSL6vHx2kJOWrNyCFw&quot;"
            :login-logo-src="&quot;\/web\/images\/ohrm_logo.png&quot;"
            :login-banner-src="&quot;\/web\/images\/ohrm_branding.png?v=1775433284510&quot;"
            :show-social-media="true"
            :is-demo-mode="false"
            :authenticators="[]"
        >
    <template v-slot:footer>
        <div class="orangehrm-copyright-wrapper">
            <oxd-text tag="p" class="orangehrm-copyright">OrangeHRM OS 5.8.1</oxd-text>
<oxd-text tag="p" class="orangehrm-copyright">&copy; 2005 - 2026 <a href="http://www.orangehrm.com" target="_blank">OrangeHRM, Inc</a>. All rights reserved.</oxd-text>
        </div>
    </template>
    </auth-login>
    </div>
    <script type="text/javascript">
        window.appGlobal = {
          baseUrl: "/web/index.php",
          publicPath: "/web",
        };
    </script>
    <script src="/web/dist/js/chunk-vendors.js?v=1775433284510"></script>
    <script src="/web/dist/js/app.js?v=1775433284510"></script>
</body>
</html>

2026-06-01 18:00:09,246 - baseAutoHttp.py - INFO - 【01登录页面接口信息:login_api】接口调用结束

2026-06-01 18:00:09,246 - web_login_page.py - INFO - 【空用户名/Keepmoving624.】断言成功
2026-06-01 18:00:09,246 - baseAutoHttp.py - INFO - 接口会话已关闭
2026-06-01 18:00:09,246 - test_web_ohrm.py - INFO - 【用户名为空】用例执行成功
2026-06-01 18:00:09,253 - baseUtils.py - INFO - 配置文件读取成功：E:\develop\PythonProject\OrangeHRM\Config\配置文件.ini
2026-06-01 18:00:09,302 - baseAutoHttp.py - INFO - 【01登录页面接口信息:login_api】接口调用开始
2026-06-01 18:00:09,304 - baseData.py - INFO - 动态参数替换成功：{'_token': 'e689.Iw1UHzKmNoOZo5OrT4_knHdXEk5t6Mo85B0uDxj-mRw.dExjTkvgfMbcx_zMPeSwxQIlYncc26UErVpgSE26yVRnVWcoQe4B5dLT1g', 'username': 'admin', 'password': ''}
2026-06-01 18:00:09,304 - baseAutoHttp.py - INFO - 请求方式: POST
2026-06-01 18:00:09,304 - baseAutoHttp.py - INFO - 请求地址: http://127.0.0.1:8080/web/index.php/auth/validate
2026-06-01 18:00:09,304 - baseAutoHttp.py - INFO - 请求头: {'User-Agent': 'Mozilla/5.0 (Windows NT 10.0; Win64; x64) AppleWebKit/537.36 (KHTML, like Gecko) Chrome/148.0.0.0 Safari/537.36', 'Content-Type': 'application/x-www-form-urlencoded'}
2026-06-01 18:00:09,304 - baseAutoHttp.py - INFO - 请求参数: params=None | data={'_token': 'e689.Iw1UHzKmNoOZo5OrT4_knHdXEk5t6Mo85B0uDxj-mRw.dExjTkvgfMbcx_zMPeSwxQIlYncc26UErVpgSE26yVRnVWcoQe4B5dLT1g', 'username': 'admin', 'password': ''} | json=None
2026-06-01 18:00:09,587 - baseAutoHttp.py - INFO - 响应状态码: 200
2026-06-01 18:00:09,587 - baseAutoHttp.py - INFO - 响应耗时: 0.046891s
2026-06-01 18:00:09,587 - baseAutoHttp.py - INFO - 响应文本: <!DOCTYPE html>
<html>
<head>
  <meta charset="UTF-8">
  <meta http-equiv="X-UA-Compatible" content="IE=edge">
  <meta name="viewport" content="width=device-width,initial-scale=1">
  <title>OrangeHRM</title>
      <link rel="icon" href="/web/dist/favicon.ico?v=1775433284510">
    <link href="/web/dist/css/chunk-vendors.css?v=1775433284510" rel="preload" as="style">
    <link href="/web/dist/css/app.css?v=1775433284510" rel="preload" as="style">
    <link href="/web/dist/js/chunk-vendors.js?v=1775433284510" rel="preload" as="script">
    <link href="/web/dist/js/app.js?v=1775433284510" rel="preload" as="script">
      <link href="/web/dist/css/chunk-vendors.css?v=1775433284510" rel="stylesheet"/>
    <link href="/web/dist/css/app.css?v=1775433284510" rel="stylesheet"/>
</head>
<body>
  <style>
    :root {
            --oxd-primary-one-color:#FF7B1D;
            --oxd-primary-font-color:#FFFFFF;
            --oxd-secondary-four-color:#76BC21;
            --oxd-secondary-font-color:#FFFFFF;
            --oxd-primary-gradient-start-color:#FF920B;
            --oxd-primary-gradient-end-color:#F35C17;
            --oxd-secondary-gradient-start-color:#FF920B;
            --oxd-secondary-gradient-end-color:#F35C17;
            --oxd-primary-one-lighten-5-color:#ff8a37;
            --oxd-primary-one-lighten-30-color:#ffd4b6;
            --oxd-primary-one-darken-5-color:#ff6c03;
            --oxd-primary-one-alpha-10-color:rgba(255, 123, 29, 0.1);
            --oxd-primary-one-alpha-15-color:rgba(255, 123, 29, 0.15);
            --oxd-primary-one-alpha-20-color:rgba(255, 123, 29, 0.2);
            --oxd-primary-one-alpha-50-color:rgba(255, 123, 29, 0.5);
            --oxd-secondary-four-lighten-5-color:#84d225;
            --oxd-secondary-four-darken-5-color:#68a61d;
            --oxd-secondary-four-alpha-10-color:rgba(118, 188, 33, 0.1);
            --oxd-secondary-four-alpha-15-color:rgba(118, 188, 33, 0.15);
            --oxd-secondary-four-alpha-20-color:rgba(118, 188, 33, 0.2);
            --oxd-secondary-four-alpha-50-color:rgba(118, 188, 33, 0.5);
        }
  </style>
    <noscript>
        <strong>
            We're sorry but orangehrm doesn't work properly without JavaScript enabled. Please enable it to continue.
        </strong>
    </noscript>

    <div id="app">
    <auth-login
            :error="{&quot;error&quot;:&quot;invalid_credentials&quot;,&quot;message&quot;:&quot;Invalid credentials&quot;}"
            :token="&quot;56211f1bd3c0d82874a730b8c.-Cx2Ma8WHeiLIWQNuFkMjw-VtKt3S9S6SY_FO84vabk.r21BYNZQV63ORQtqyjJY1nrnxJIGeLuCAMiLfJtrOfG8dEUG3F4qjsBRIQ&quot;"
            :login-logo-src="&quot;\/web\/images\/ohrm_logo.png&quot;"
            :login-banner-src="&quot;\/web\/images\/ohrm_branding.png?v=1775433284510&quot;"
            :show-social-media="true"
            :is-demo-mode="false"
            :authenticators="[]"
        >
    <template v-slot:footer>
        <div class="orangehrm-copyright-wrapper">
            <oxd-text tag="p" class="orangehrm-copyright">OrangeHRM OS 5.8.1</oxd-text>
<oxd-text tag="p" class="orangehrm-copyright">&copy; 2005 - 2026 <a href="http://www.orangehrm.com" target="_blank">OrangeHRM, Inc</a>. All rights reserved.</oxd-text>
        </div>
    </template>
    </auth-login>
    </div>
    <script type="text/javascript">
        window.appGlobal = {
          baseUrl: "/web/index.php",
          publicPath: "/web",
        };
    </script>
    <script src="/web/dist/js/chunk-vendors.js?v=1775433284510"></script>
    <script src="/web/dist/js/app.js?v=1775433284510"></script>
</body>
</html>

2026-06-01 18:00:09,587 - baseAutoHttp.py - INFO - 【01登录页面接口信息:login_api】接口调用结束

2026-06-01 18:00:09,588 - web_login_page.py - INFO - 【admin/空密码】断言成功
2026-06-01 18:00:09,588 - baseAutoHttp.py - INFO - 接口会话已关闭
2026-06-01 18:00:09,588 - test_web_ohrm.py - INFO - 【密码为空】用例执行成功
2026-06-01 18:00:10,011 - baseDB.py - INFO - ✅ MySQL 数据库连接成功
2026-06-01 18:00:10,012 - conftest - INFO - ✅ conftest: 获取数据库连接（MysqlHelp）
2026-06-01 18:00:10,013 - baseUtils.py - INFO - 配置文件读取成功：E:\develop\PythonProject\OrangeHRM\Config\配置文件.ini
2026-06-01 18:00:10,491 - baseUtils.py - INFO - 配置文件读取成功：E:\develop\PythonProject\OrangeHRM\Config\配置文件.ini
2026-06-01 18:00:10,555 - baseUtils.py - INFO - 配置文件读取成功：E:\develop\PythonProject\OrangeHRM\Config\配置文件.ini
2026-06-01 18:00:10,628 - baseUtils.py - INFO - 配置文件读取成功：E:\develop\PythonProject\OrangeHRM\Config\配置文件.ini
2026-06-01 18:00:10,716 - baseAutoHttp.py - INFO - 【03查询员工页面:select_employee】接口调用开始
2026-06-01 18:00:10,719 - baseAutoHttp.py - INFO - 请求方式: GET
2026-06-01 18:00:10,719 - baseAutoHttp.py - INFO - 请求地址: http://127.0.0.1:8080/web/index.php/api/v2/pim/employees
2026-06-01 18:00:10,719 - baseAutoHttp.py - INFO - 请求头: {'User-Agent': 'Mozilla/5.0 (Windows NT 10.0; Win64; x64) AppleWebKit/537.36 (KHTML, like Gecko) Chrome/148.0.0.0 Safari/537.36'}
2026-06-01 18:00:10,719 - baseAutoHttp.py - INFO - 请求参数: params={'limit': '50', 'offset': '0', 'model': 'detailed', 'includeEmployees': 'onlyCurrent', 'sortField': 'employee.firstName', 'sortOrder': 'ASC'} | data=None | json=None
2026-06-01 18:00:10,808 - baseAutoHttp.py - INFO - 响应状态码: 200
2026-06-01 18:00:10,808 - baseAutoHttp.py - INFO - 响应耗时: 0.087309s
2026-06-01 18:00:10,808 - baseAutoHttp.py - INFO - 响应JSON: {'data': [{'empNumber': 2, 'lastName': 'oo', 'firstName': 'hh', 'middleName': '', 'employeeId': '0002', 'terminationId': None, 'jobTitle': {'id': None, 'title': None, 'isDeleted': None}, 'subunit': {'id': None, 'name': None}, 'empStatus': {'id': None, 'name': None}, 'supervisors': []}, {'empNumber': 5, 'lastName': 'Doe', 'firstName': 'John', 'middleName': '', 'employeeId': '1001', 'terminationId': None, 'jobTitle': {'id': None, 'title': None, 'isDeleted': None}, 'subunit': {'id': None, 'name': None}, 'empStatus': {'id': None, 'name': None}, 'supervisors': []}, {'empNumber': 6, 'lastName': 'pp', 'firstName': 'kk', 'middleName': '', 'employeeId': '1002', 'terminationId': None, 'jobTitle': {'id': None, 'title': None, 'isDeleted': None}, 'subunit': {'id': None, 'name': None}, 'empStatus': {'id': None, 'name': None}, 'supervisors': []}, {'empNumber': 14, 'lastName': 'll', 'firstName': 'kk', 'middleName': '', 'employeeId': '0014', 'terminationId': None, 'jobTitle': {'id': None, 'title': None, 'isDeleted': None}, 'subunit': {'id': None, 'name': None}, 'empStatus': {'id': None, 'name': None}, 'supervisors': []}, {'empNumber': 16, 'lastName': 'pp', 'firstName': 'ww', 'middleName': '', 'employeeId': '0016', 'terminationId': None, 'jobTitle': {'id': None, 'title': None, 'isDeleted': None}, 'subunit': {'id': None, 'name': None}, 'empStatus': {'id': None, 'name': None}, 'supervisors': []}, {'empNumber': 17, 'lastName': 'ss', 'firstName': 'zz', 'middleName': '', 'employeeId': '1009', 'terminationId': None, 'jobTitle': {'id': None, 'title': None, 'isDeleted': None}, 'subunit': {'id': None, 'name': None}, 'empStatus': {'id': None, 'name': None}, 'supervisors': []}, {'empNumber': 1, 'lastName': '安', 'firstName': '谢', 'middleName': '', 'employeeId': '0001', 'terminationId': None, 'jobTitle': {'id': None, 'title': None, 'isDeleted': None}, 'subunit': {'id': None, 'name': None}, 'empStatus': {'id': None, 'name': None}, 'supervisors': []}], 'meta': {'total': 7}, 'rels': []}
2026-06-01 18:00:10,808 - baseAutoHttp.py - INFO - 【03查询员工页面:select_employee】接口调用结束

2026-06-01 18:00:10,808 - test_web_ohrm.py - INFO - ☑️ 查询员工列表成功，返回 7 条
2026-06-01 18:00:10,815 - baseUtils.py - INFO - 配置文件读取成功：E:\develop\PythonProject\OrangeHRM\Config\配置文件.ini
2026-06-01 18:00:10,815 - baseAutoHttp.py - INFO - 【03查询员工页面:select_query】接口调用开始
2026-06-01 18:00:10,817 - baseData.py - INFO - 动态参数替换成功：{'employeeId': '1001'}
2026-06-01 18:00:10,817 - baseAutoHttp.py - INFO - 请求方式: GET
2026-06-01 18:00:10,817 - baseAutoHttp.py - INFO - 请求地址: http://127.0.0.1:8080/web/index.php/api/v2/pim/employees
2026-06-01 18:00:10,818 - baseAutoHttp.py - INFO - 请求头: {'User-Agent': 'Mozilla/5.0 (Windows NT 10.0; Win64; x64) AppleWebKit/537.36 (KHTML, like Gecko) Chrome/148.0.0.0 Safari/537.36', 'Referer': 'http://127.0.0.1:8080/web/index.php/pim/viewEmployeeList'}
2026-06-01 18:00:10,818 - baseAutoHttp.py - INFO - 请求参数: params={'limit': '50', 'offset': '0', 'model': 'detailed', 'employeeId': '1001', 'includeEmployees': 'onlyCurrent', 'sortField': 'employee.firstName', 'sortOrder': 'ASC'} | data=None | json=None
2026-06-01 18:00:10,901 - baseAutoHttp.py - INFO - 响应状态码: 200
2026-06-01 18:00:10,901 - baseAutoHttp.py - INFO - 响应耗时: 0.081256s
2026-06-01 18:00:10,901 - baseAutoHttp.py - INFO - 响应JSON: {'data': [{'empNumber': 5, 'lastName': 'Doe', 'firstName': 'John', 'middleName': '', 'employeeId': '1001', 'terminationId': None, 'jobTitle': {'id': None, 'title': None, 'isDeleted': None}, 'subunit': {'id': None, 'name': None}, 'empStatus': {'id': None, 'name': None}, 'supervisors': []}], 'meta': {'total': 1}, 'rels': []}
2026-06-01 18:00:10,901 - baseAutoHttp.py - INFO - 【03查询员工页面:select_query】接口调用结束

2026-06-01 18:00:10,902 - test_web_ohrm.py - INFO - ☑️【指定查询用例】执行完毕
2026-06-01 18:00:10,909 - baseUtils.py - INFO - 配置文件读取成功：E:\develop\PythonProject\OrangeHRM\Config\配置文件.ini
2026-06-01 18:00:10,909 - baseAutoHttp.py - INFO - 【03查询员工页面:select_query】接口调用开始
2026-06-01 18:00:10,911 - baseData.py - INFO - 动态参数替换成功：{'employeeId': '9999'}
2026-06-01 18:00:10,912 - baseAutoHttp.py - INFO - 请求方式: GET
2026-06-01 18:00:10,912 - baseAutoHttp.py - INFO - 请求地址: http://127.0.0.1:8080/web/index.php/api/v2/pim/employees
2026-06-01 18:00:10,912 - baseAutoHttp.py - INFO - 请求头: {'User-Agent': 'Mozilla/5.0 (Windows NT 10.0; Win64; x64) AppleWebKit/537.36 (KHTML, like Gecko) Chrome/148.0.0.0 Safari/537.36', 'Referer': 'http://127.0.0.1:8080/web/index.php/pim/viewEmployeeList'}
2026-06-01 18:00:10,912 - baseAutoHttp.py - INFO - 请求参数: params={'limit': '50', 'offset': '0', 'model': 'detailed', 'employeeId': '9999', 'includeEmployees': 'onlyCurrent', 'sortField': 'employee.firstName', 'sortOrder': 'ASC'} | data=None | json=None
2026-06-01 18:00:10,990 - baseAutoHttp.py - INFO - 响应状态码: 200
2026-06-01 18:00:10,991 - baseAutoHttp.py - INFO - 响应耗时: 0.07757s
2026-06-01 18:00:10,991 - baseAutoHttp.py - INFO - 响应JSON: {'data': [], 'meta': {'total': 0}, 'rels': []}
2026-06-01 18:00:10,991 - baseAutoHttp.py - INFO - 【03查询员工页面:select_query】接口调用结束

2026-06-01 18:00:10,991 - test_web_ohrm.py - INFO - ☑️【指定查询用例】执行完毕
2026-06-01 18:00:10,997 - baseUtils.py - INFO - 配置文件读取成功：E:\develop\PythonProject\OrangeHRM\Config\配置文件.ini
2026-06-01 18:00:11,020 - baseDB.py - INFO - ✅ MySQL 数据库连接成功
2026-06-01 18:00:11,022 - baseAutoHttp.py - INFO - 【04更新员工:update_employee】接口调用开始
2026-06-01 18:00:11,024 - baseData.py - INFO - 动态参数替换成功：{'firstName': 'John', 'lastName': 'Doe', 'employeeId': '1001'}
2026-06-01 18:00:11,024 - baseAutoHttp.py - INFO - 请求方式: PUT
2026-06-01 18:00:11,025 - baseAutoHttp.py - INFO - 请求地址: http://127.0.0.1:8080/web/index.php/api/v2/pim/employees/5/personal-details
2026-06-01 18:00:11,025 - baseAutoHttp.py - INFO - 请求头: {'User-Agent': 'Mozilla/5.0 (Windows NT 10.0; Win64; x64) AppleWebKit/537.36 (KHTML, like Gecko) Chrome/148.0.0.0 Safari/537.36', 'Content-Type': 'application/json', 'Referer': 'http://127.0.0.1:8080/web/index.php/pim/viewPersonalDetails/empNumber/5', 'Origin': 'http://127.0.0.1:8080'}
2026-06-01 18:00:11,025 - baseAutoHttp.py - INFO - 请求参数: params=None | data=None | json={'birthday': None, 'drivingLicenseExpiredDate': None, 'drivingLicenseNo': None, 'employeeId': '1001', 'firstName': 'John', 'gender': None, 'lastName': 'Doe', 'middleName': None, 'otherId': None}
2026-06-01 18:00:11,084 - baseAutoHttp.py - INFO - 响应状态码: 500
2026-06-01 18:00:11,084 - baseAutoHttp.py - INFO - 响应耗时: 0.057958s
2026-06-01 18:00:11,084 - baseAutoHttp.py - INFO - 响应JSON: {'error': {'status': '500', 'message': 'Unexpected Error Occurred'}}
2026-06-01 18:00:11,084 - baseAutoHttp.py - INFO - 【04更新员工:update_employee】接口调用结束

2026-06-01 18:00:11,092 - baseDB.py - INFO - ✅ MySQL 数据库连接成功
2026-06-01 18:00:11,095 - baseDB.py - INFO - ✅ MySQL 执行成功，事务已提交
2026-06-01 18:00:11,096 - baseDB.py - INFO - 🔌 MySQL 连接已关闭
2026-06-01 18:00:11,104 - baseDB.py - INFO - ✅ MySQL 数据库连接成功
2026-06-01 18:00:11,120 - baseUtils.py - INFO - 配置文件读取成功：E:\develop\PythonProject\OrangeHRM\Config\配置文件.ini
2026-06-01 18:00:11,121 - baseUtils.py - INFO - 配置文件读取成功：E:\develop\PythonProject\OrangeHRM\Config\配置文件.ini
2026-06-01 18:00:11,122 - baseAutoHttp.py - INFO - 【03查询员工页面:select_query】接口调用开始
2026-06-01 18:00:11,124 - baseData.py - INFO - 动态参数替换成功：{'employeeId': '0004'}
2026-06-01 18:00:11,124 - baseAutoHttp.py - INFO - 请求方式: GET
2026-06-01 18:00:11,124 - baseAutoHttp.py - INFO - 请求地址: http://127.0.0.1:8080/web/index.php/api/v2/pim/employees
2026-06-01 18:00:11,124 - baseAutoHttp.py - INFO - 请求头: {'User-Agent': 'Mozilla/5.0 (Windows NT 10.0; Win64; x64) AppleWebKit/537.36 (KHTML, like Gecko) Chrome/148.0.0.0 Safari/537.36', 'Referer': 'http://127.0.0.1:8080/web/index.php/pim/viewEmployeeList'}
2026-06-01 18:00:11,124 - baseAutoHttp.py - INFO - 请求参数: params={'limit': '50', 'offset': '0', 'model': 'detailed', 'employeeId': '0004', 'includeEmployees': 'onlyCurrent', 'sortField': 'employee.firstName', 'sortOrder': 'ASC'} | data=None | json=None
2026-06-01 18:00:11,189 - baseAutoHttp.py - INFO - 响应状态码: 200
2026-06-01 18:00:11,189 - baseAutoHttp.py - INFO - 响应耗时: 0.063415s
2026-06-01 18:00:11,189 - baseAutoHttp.py - INFO - 响应JSON: {'data': [], 'meta': {'total': 0}, 'rels': []}
2026-06-01 18:00:11,189 - baseAutoHttp.py - INFO - 【03查询员工页面:select_query】接口调用结束

2026-06-01 18:00:11,196 - baseDB.py - INFO - ✅ MySQL 数据库连接成功
2026-06-01 18:00:11,212 - baseUtils.py - INFO - 配置文件读取成功：E:\develop\PythonProject\OrangeHRM\Config\配置文件.ini
2026-06-01 18:00:11,213 - baseUtils.py - INFO - 配置文件读取成功：E:\develop\PythonProject\OrangeHRM\Config\配置文件.ini
2026-06-01 18:00:11,214 - baseAutoHttp.py - INFO - 【03查询员工页面:select_query】接口调用开始
2026-06-01 18:00:11,216 - baseData.py - INFO - 动态参数替换成功：{'employeeId': '9999'}
2026-06-01 18:00:11,216 - baseAutoHttp.py - INFO - 请求方式: GET
2026-06-01 18:00:11,216 - baseAutoHttp.py - INFO - 请求地址: http://127.0.0.1:8080/web/index.php/api/v2/pim/employees
2026-06-01 18:00:11,216 - baseAutoHttp.py - INFO - 请求头: {'User-Agent': 'Mozilla/5.0 (Windows NT 10.0; Win64; x64) AppleWebKit/537.36 (KHTML, like Gecko) Chrome/148.0.0.0 Safari/537.36', 'Referer': 'http://127.0.0.1:8080/web/index.php/pim/viewEmployeeList'}
2026-06-01 18:00:11,216 - baseAutoHttp.py - INFO - 请求参数: params={'limit': '50', 'offset': '0', 'model': 'detailed', 'employeeId': '9999', 'includeEmployees': 'onlyCurrent', 'sortField': 'employee.firstName', 'sortOrder': 'ASC'} | data=None | json=None
2026-06-01 18:00:11,273 - baseAutoHttp.py - INFO - 响应状态码: 200
2026-06-01 18:00:11,274 - baseAutoHttp.py - INFO - 响应耗时: 0.055903s
2026-06-01 18:00:11,274 - baseAutoHttp.py - INFO - 响应JSON: {'data': [], 'meta': {'total': 0}, 'rels': []}
2026-06-01 18:00:11,274 - baseAutoHttp.py - INFO - 【03查询员工页面:select_query】接口调用结束

2026-06-01 18:00:11,282 - baseDB.py - INFO - ✅ MySQL 数据库连接成功
2026-06-01 18:00:11,284 - test_web_ohrm.py - INFO - ☑️【删除员工】用例执行成功
2026-06-01 18:00:11,291 - baseUtils.py - INFO - 配置文件读取成功：E:\develop\PythonProject\OrangeHRM\Config\配置文件.ini
2026-06-01 18:00:11,292 - baseAutoHttp.py - INFO - 【06未登录访问员工接口:employee】接口调用开始
2026-06-01 18:00:11,293 - baseAutoHttp.py - INFO - 请求方式: GET
2026-06-01 18:00:11,293 - baseAutoHttp.py - INFO - 请求地址: http://127.0.0.1:8080/web/index.php/pim/viewEmployeeList
2026-06-01 18:00:11,293 - baseAutoHttp.py - INFO - 请求头: {'User-Agent': 'Mozilla/5.0 (Windows NT 10.0; Win64; x64) AppleWebKit/537.36 (KHTML, like Gecko) Chrome/148.0.0.0 Safari/537.36'}
2026-06-01 18:00:11,294 - baseAutoHttp.py - INFO - 请求参数: params={'includeEmployees': 'onlyCurrent', 'limit': '50', 'model': 'detailed', 'offset': '0', 'sortField': 'employee.firstName', 'sortOrder': 'ASC'} | data=None | json=None
2026-06-01 18:00:11,349 - baseAutoHttp.py - INFO - 响应状态码: 302
2026-06-01 18:00:11,349 - baseAutoHttp.py - INFO - 响应耗时: 0.053362s
2026-06-01 18:00:11,349 - baseAutoHttp.py - INFO - 响应文本: <!DOCTYPE html>
<html>
    <head>
        <meta charset="UTF-8" />
        <meta http-equiv="refresh" content="0;url='http://127.0.0.1:8080/web/index.php/auth/login'" />

        <title>Redirecting to http://127.0.0.1:8080/web/index.php/auth/login</title>
    </head>
    <body>
        Redirecting to <a href="http://127.0.0.1:8080/web/index.php/auth/login">http://127.0.0.1:8080/web/index.php/auth/login</a>.
    </body>
</html>
2026-06-01 18:00:11,349 - baseAutoHttp.py - INFO - 【06未登录访问员工接口:employee】接口调用结束

2026-06-01 18:00:11,757 - baseUtils.py - INFO - 配置文件读取成功：E:\develop\PythonProject\OrangeHRM\Config\配置文件.ini
2026-06-01 18:00:11,758 - baseAutoHttp.py - INFO - 【07非管理员登录:employee_login】接口调用开始
2026-06-01 18:00:11,759 - baseData.py - INFO - 动态参数替换成功：{'firstName': 'cc', 'lastName': 'dd', 'employeeId': '1010'}
2026-06-01 18:00:11,760 - baseAutoHttp.py - INFO - 请求方式: POST
2026-06-01 18:00:11,760 - baseAutoHttp.py - INFO - 请求地址: http://127.0.0.1:8080/web/index.php/api/v2/pim/employees
2026-06-01 18:00:11,760 - baseAutoHttp.py - INFO - 请求头: {'User-Agent': 'Mozilla/5.0 (Windows NT 10.0; Win64; x64) AppleWebKit/537.36 (KHTML, like Gecko) Chrome/148.0.0.0 Safari/537.36', 'Content-Type': 'application/json', 'Origin': 'http://127.0.0.1:8080', 'Referer': 'http://127.0.0.1:8080/web/index.php/pim/addEmployee'}
2026-06-01 18:00:11,760 - baseAutoHttp.py - INFO - 请求参数: params=None | data=None | json={'employeeId': '1010', 'empPicture': None, 'firstName': 'cc', 'lastName': 'dd', 'middleName': None}
2026-06-01 18:00:11,825 - baseAutoHttp.py - INFO - 响应状态码: 403
2026-06-01 18:00:11,825 - baseAutoHttp.py - INFO - 响应耗时: 0.064187s
2026-06-01 18:00:11,825 - baseAutoHttp.py - INFO - 响应JSON: {'error': {'status': 403, 'message': 'Unauthorized'}}
2026-06-01 18:00:11,825 - baseAutoHttp.py - INFO - 【07非管理员登录:employee_login】接口调用结束

2026-06-01 18:00:11,825 - test_web_ohrm.py - INFO - ☑️【非管理员账号操作员工】用例执行成功
2026-06-01 18:00:12,043 - runClient.py - ERROR - ❌ Allure 命令行工具不存在：D:\allure-2.42.0\bin\allure.bat
